solid OpenSCAD_Model
  facet normal -0.852628 -0.522518 0
    outer loop
      vertex 2.87746 3.43054 2.4
      vertex 2.67248 3.76502 4.4
      vertex 2.67248 3.76502 2.4
    endloop
  endfacet
  facet normal -0.852628 -0.522518 0
    outer loop
      vertex 2.67248 3.76502 4.4
      vertex 2.87746 3.43054 2.4
      vertex 2.87746 3.43054 4.4
    endloop
  endfacet
  facet normal -0.972369 -0.23345 0
    outer loop
      vertex 2.52236 4.12746 2.4
      vertex 2.43078 4.50891 4.4
      vertex 2.43078 4.50891 2.4
    endloop
  endfacet
  facet normal -0.972369 -0.23345 0
    outer loop
      vertex 2.43078 4.50891 4.4
      vertex 2.52236 4.12746 2.4
      vertex 2.52236 4.12746 4.4
    endloop
  endfacet
  facet normal -0.996917 -0.0784605 0
    outer loop
      vertex 2.43078 4.50891 2.4
      vertex 2.4 4.9 4.4
      vertex 2.4 4.9 2.4
    endloop
  endfacet
  facet normal -0.996917 -0.0784605 0
    outer loop
      vertex 2.4 4.9 4.4
      vertex 2.43078 4.50891 2.4
      vertex 2.43078 4.50891 4.4
    endloop
  endfacet
  facet normal 0.233527 0.97235 -0
    outer loop
      vertex 87.4725 69.0776 2.4
      vertex 87.0911 69.1692 4.4
      vertex 87.4725 69.0776 4.4
    endloop
  endfacet
  facet normal 0.233527 0.97235 0
    outer loop
      vertex 87.0911 69.1692 4.4
      vertex 87.4725 69.0776 2.4
      vertex 87.0911 69.1692 2.4
    endloop
  endfacet
  facet normal 0.233479 -0.972362 0
    outer loop
      vertex 87.0911 2.43078 2.4
      vertex 87.4725 2.52236 4.4
      vertex 87.0911 2.43078 4.4
    endloop
  endfacet
  facet normal 0.233479 -0.972362 0
    outer loop
      vertex 87.4725 2.52236 4.4
      vertex 87.0911 2.43078 2.4
      vertex 87.4725 2.52236 2.4
    endloop
  endfacet
  facet normal -0.972362 0.233479 0
    outer loop
      vertex 2.43078 67.0911 2.4
      vertex 2.52236 67.4725 4.4
      vertex 2.52236 67.4725 2.4
    endloop
  endfacet
  facet normal -0.972362 0.233479 0
    outer loop
      vertex 2.52236 67.4725 4.4
      vertex 2.43078 67.0911 2.4
      vertex 2.43078 67.0911 4.4
    endloop
  endfacet
  facet normal -0.923909 0.382613 0
    outer loop
      vertex 2.52236 67.4725 2.4
      vertex 2.67248 67.835 4.4
      vertex 2.67248 67.835 2.4
    endloop
  endfacet
  facet normal -0.923909 0.382613 0
    outer loop
      vertex 2.67248 67.835 4.4
      vertex 2.52236 67.4725 2.4
      vertex 2.52236 67.4725 4.4
    endloop
  endfacet
  facet normal 1 -0 0
    outer loop
      vertex 89.2 4.9 4.4
      vertex 89.2 66.7 2.4
      vertex 89.2 66.7 4.4
    endloop
  endfacet
  facet normal 1 0 0
    outer loop
      vertex 89.2 66.7 2.4
      vertex 89.2 4.9 4.4
      vertex 89.2 4.9 2.4
    endloop
  endfacet
  facet normal 0 1 -0
    outer loop
      vertex 86.7 69.2 2.4
      vertex 4.9 69.2 4.4
      vertex 86.7 69.2 4.4
    endloop
  endfacet
  facet normal 0 1 0
    outer loop
      vertex 4.9 69.2 4.4
      vertex 86.7 69.2 2.4
      vertex 4.9 69.2 2.4
    endloop
  endfacet
  facet normal 0.0785092 0.996913 -0
    outer loop
      vertex 87.0911 69.1692 2.4
      vertex 86.7 69.2 4.4
      vertex 87.0911 69.1692 4.4
    endloop
  endfacet
  facet normal 0.0785092 0.996913 0
    outer loop
      vertex 86.7 69.2 4.4
      vertex 87.0911 69.1692 2.4
      vertex 86.7 69.2 2.4
    endloop
  endfacet
  facet normal 0.649445 -0.760409 0
    outer loop
      vertex 88.1695 2.87746 2.4
      vertex 88.4678 3.13223 4.4
      vertex 88.1695 2.87746 4.4
    endloop
  endfacet
  facet normal 0.649445 -0.760409 0
    outer loop
      vertex 88.4678 3.13223 4.4
      vertex 88.1695 2.87746 2.4
      vertex 88.4678 3.13223 2.4
    endloop
  endfacet
  facet normal -0.760409 0.649445 0
    outer loop
      vertex 2.87746 68.1695 2.4
      vertex 3.13223 68.4678 4.4
      vertex 3.13223 68.4678 2.4
    endloop
  endfacet
  facet normal -0.760409 0.649445 0
    outer loop
      vertex 3.13223 68.4678 4.4
      vertex 2.87746 68.1695 2.4
      vertex 2.87746 68.1695 4.4
    endloop
  endfacet
  facet normal -0.649329 0.760508 0
    outer loop
      vertex 3.43054 68.7225 2.4
      vertex 3.13223 68.4678 4.4
      vertex 3.43054 68.7225 4.4
    endloop
  endfacet
  facet normal -0.649329 0.760508 0
    outer loop
      vertex 3.13223 68.4678 4.4
      vertex 3.43054 68.7225 2.4
      vertex 3.13223 68.4678 2.4
    endloop
  endfacet
  facet normal -0.382667 -0.923886 0
    outer loop
      vertex 3.76502 2.67248 2.4
      vertex 4.12746 2.52236 4.4
      vertex 3.76502 2.67248 4.4
    endloop
  endfacet
  facet normal -0.382667 -0.923886 -0
    outer loop
      vertex 4.12746 2.52236 4.4
      vertex 3.76502 2.67248 2.4
      vertex 4.12746 2.52236 2.4
    endloop
  endfacet
  facet normal -0.522518 -0.852628 0
    outer loop
      vertex 3.43054 2.87746 2.4
      vertex 3.76502 2.67248 4.4
      vertex 3.43054 2.87746 4.4
    endloop
  endfacet
  facet normal -0.522518 -0.852628 -0
    outer loop
      vertex 3.76502 2.67248 4.4
      vertex 3.43054 2.87746 2.4
      vertex 3.76502 2.67248 2.4
    endloop
  endfacet
  facet normal 0.923904 -0.382623 0
    outer loop
      vertex 88.9275 3.76502 4.4
      vertex 89.0776 4.12746 2.4
      vertex 89.0776 4.12746 4.4
    endloop
  endfacet
  facet normal 0.923904 -0.382623 0
    outer loop
      vertex 89.0776 4.12746 2.4
      vertex 88.9275 3.76502 4.4
      vertex 88.9275 3.76502 2.4
    endloop
  endfacet
  facet normal -1 0 0
    outer loop
      vertex 2.4 4.9 2.4
      vertex 2.4 66.7 4.4
      vertex 2.4 66.7 2.4
    endloop
  endfacet
  facet normal -1 -0 0
    outer loop
      vertex 2.4 66.7 4.4
      vertex 2.4 4.9 2.4
      vertex 2.4 4.9 4.4
    endloop
  endfacet
  facet normal -0.649432 -0.76042 0
    outer loop
      vertex 3.13223 3.13223 2.4
      vertex 3.43054 2.87746 4.4
      vertex 3.13223 3.13223 4.4
    endloop
  endfacet
  facet normal -0.649432 -0.76042 -0
    outer loop
      vertex 3.43054 2.87746 4.4
      vertex 3.13223 3.13223 2.4
      vertex 3.43054 2.87746 2.4
    endloop
  endfacet
  facet normal 0 -1 0
    outer loop
      vertex 4.9 2.4 2.4
      vertex 86.7 2.4 4.4
      vertex 4.9 2.4 4.4
    endloop
  endfacet
  facet normal 0 -1 -0
    outer loop
      vertex 86.7 2.4 4.4
      vertex 4.9 2.4 2.4
      vertex 86.7 2.4 2.4
    endloop
  endfacet
  facet normal -0.522555 0.852606 0
    outer loop
      vertex 3.76502 68.9275 2.4
      vertex 3.43054 68.7225 4.4
      vertex 3.76502 68.9275 4.4
    endloop
  endfacet
  facet normal -0.522555 0.852606 0
    outer loop
      vertex 3.43054 68.7225 4.4
      vertex 3.76502 68.9275 2.4
      vertex 3.43054 68.7225 2.4
    endloop
  endfacet
  facet normal 0.760497 0.649342 0
    outer loop
      vertex 88.7225 68.1695 4.4
      vertex 88.4678 68.4678 2.4
      vertex 88.4678 68.4678 4.4
    endloop
  endfacet
  facet normal 0.760497 0.649342 0
    outer loop
      vertex 88.4678 68.4678 2.4
      vertex 88.7225 68.1695 4.4
      vertex 88.7225 68.1695 2.4
    endloop
  endfacet
  facet normal -0.996917 0.0784585 0
    outer loop
      vertex 2.4 66.7 2.4
      vertex 2.43078 67.0911 4.4
      vertex 2.43078 67.0911 2.4
    endloop
  endfacet
  facet normal -0.996917 0.0784585 0
    outer loop
      vertex 2.43078 67.0911 4.4
      vertex 2.4 66.7 2.4
      vertex 2.4 66.7 4.4
    endloop
  endfacet
  facet normal 0.0784585 -0.996917 0
    outer loop
      vertex 86.7 2.4 2.4
      vertex 87.0911 2.43078 4.4
      vertex 86.7 2.4 4.4
    endloop
  endfacet
  facet normal 0.0784585 -0.996917 0
    outer loop
      vertex 87.0911 2.43078 4.4
      vertex 86.7 2.4 2.4
      vertex 87.0911 2.43078 2.4
    endloop
  endfacet
  facet normal 0.85262 0.522532 0
    outer loop
      vertex 88.9275 67.835 4.4
      vertex 88.7225 68.1695 2.4
      vertex 88.7225 68.1695 4.4
    endloop
  endfacet
  facet normal 0.85262 0.522532 0
    outer loop
      vertex 88.7225 68.1695 2.4
      vertex 88.9275 67.835 4.4
      vertex 88.9275 67.835 2.4
    endloop
  endfacet
  facet normal 0.996913 0.0785092 0
    outer loop
      vertex 89.2 66.7 4.4
      vertex 89.1692 67.0911 2.4
      vertex 89.1692 67.0911 4.4
    endloop
  endfacet
  facet normal 0.996913 0.0785092 0
    outer loop
      vertex 89.1692 67.0911 2.4
      vertex 89.2 66.7 4.4
      vertex 89.2 66.7 2.4
    endloop
  endfacet
  facet normal 0.97235 0.233527 0
    outer loop
      vertex 89.1692 67.0911 4.4
      vertex 89.0776 67.4725 2.4
      vertex 89.0776 67.4725 4.4
    endloop
  endfacet
  facet normal 0.97235 0.233527 0
    outer loop
      vertex 89.0776 67.4725 2.4
      vertex 89.1692 67.0911 4.4
      vertex 89.1692 67.0911 2.4
    endloop
  endfacet
  facet normal -0.0785112 0.996913 0
    outer loop
      vertex 4.9 69.2 2.4
      vertex 4.50891 69.1692 4.4
      vertex 4.9 69.2 4.4
    endloop
  endfacet
  facet normal -0.0785112 0.996913 0
    outer loop
      vertex 4.50891 69.1692 4.4
      vertex 4.9 69.2 2.4
      vertex 4.50891 69.1692 2.4
    endloop
  endfacet
  facet normal 0.382569 0.923927 -0
    outer loop
      vertex 87.835 68.9275 2.4
      vertex 87.4725 69.0776 4.4
      vertex 87.835 68.9275 4.4
    endloop
  endfacet
  facet normal 0.382569 0.923927 0
    outer loop
      vertex 87.4725 69.0776 4.4
      vertex 87.835 68.9275 2.4
      vertex 87.4725 69.0776 2.4
    endloop
  endfacet
  facet normal 0.522495 -0.852642 0
    outer loop
      vertex 87.835 2.67248 2.4
      vertex 88.1695 2.87746 4.4
      vertex 87.835 2.67248 4.4
    endloop
  endfacet
  facet normal 0.522495 -0.852642 0
    outer loop
      vertex 88.1695 2.87746 4.4
      vertex 87.835 2.67248 2.4
      vertex 88.1695 2.87746 2.4
    endloop
  endfacet
  facet normal 0.649342 0.760497 -0
    outer loop
      vertex 88.4678 68.4678 2.4
      vertex 88.1695 68.7225 4.4
      vertex 88.4678 68.4678 4.4
    endloop
  endfacet
  facet normal 0.649342 0.760497 0
    outer loop
      vertex 88.1695 68.7225 4.4
      vertex 88.4678 68.4678 2.4
      vertex 88.1695 68.7225 2.4
    endloop
  endfacet
  facet normal 0.522532 0.85262 -0
    outer loop
      vertex 88.1695 68.7225 2.4
      vertex 87.835 68.9275 4.4
      vertex 88.1695 68.7225 4.4
    endloop
  endfacet
  facet normal 0.522532 0.85262 0
    outer loop
      vertex 87.835 68.9275 4.4
      vertex 88.1695 68.7225 2.4
      vertex 87.835 68.9275 2.4
    endloop
  endfacet
  facet normal 0.972357 -0.233498 0
    outer loop
      vertex 89.0776 4.12746 4.4
      vertex 89.1692 4.50891 2.4
      vertex 89.1692 4.50891 4.4
    endloop
  endfacet
  facet normal 0.972357 -0.233498 0
    outer loop
      vertex 89.1692 4.50891 2.4
      vertex 89.0776 4.12746 4.4
      vertex 89.0776 4.12746 2.4
    endloop
  endfacet
  facet normal -0.852642 0.522495 0
    outer loop
      vertex 2.67248 67.835 2.4
      vertex 2.87746 68.1695 4.4
      vertex 2.87746 68.1695 2.4
    endloop
  endfacet
  facet normal -0.852642 0.522495 0
    outer loop
      vertex 2.87746 68.1695 4.4
      vertex 2.67248 67.835 2.4
      vertex 2.67248 67.835 4.4
    endloop
  endfacet
  facet normal 0.852606 -0.522555 0
    outer loop
      vertex 88.7225 3.43054 4.4
      vertex 88.9275 3.76502 2.4
      vertex 88.9275 3.76502 4.4
    endloop
  endfacet
  facet normal 0.852606 -0.522555 0
    outer loop
      vertex 88.9275 3.76502 2.4
      vertex 88.7225 3.43054 4.4
      vertex 88.7225 3.43054 2.4
    endloop
  endfacet
  facet normal 0.382613 -0.923909 0
    outer loop
      vertex 87.4725 2.52236 2.4
      vertex 87.835 2.67248 4.4
      vertex 87.4725 2.52236 4.4
    endloop
  endfacet
  facet normal 0.382613 -0.923909 0
    outer loop
      vertex 87.835 2.67248 4.4
      vertex 87.4725 2.52236 2.4
      vertex 87.835 2.67248 2.4
    endloop
  endfacet
  facet normal 0.923927 0.382569 0
    outer loop
      vertex 89.0776 67.4725 4.4
      vertex 88.9275 67.835 2.4
      vertex 88.9275 67.835 4.4
    endloop
  endfacet
  facet normal 0.923927 0.382569 0
    outer loop
      vertex 88.9275 67.835 2.4
      vertex 89.0776 67.4725 4.4
      vertex 89.0776 67.4725 2.4
    endloop
  endfacet
  facet normal 0.760508 -0.649329 0
    outer loop
      vertex 88.4678 3.13223 4.4
      vertex 88.7225 3.43054 2.4
      vertex 88.7225 3.43054 4.4
    endloop
  endfacet
  facet normal 0.760508 -0.649329 0
    outer loop
      vertex 88.7225 3.43054 2.4
      vertex 88.4678 3.13223 4.4
      vertex 88.4678 3.13223 2.4
    endloop
  endfacet
  facet normal -0.76042 -0.649432 0
    outer loop
      vertex 3.13223 3.13223 2.4
      vertex 2.87746 3.43054 4.4
      vertex 2.87746 3.43054 2.4
    endloop
  endfacet
  facet normal -0.76042 -0.649432 0
    outer loop
      vertex 2.87746 3.43054 4.4
      vertex 3.13223 3.13223 2.4
      vertex 3.13223 3.13223 4.4
    endloop
  endfacet
  facet normal -0.23345 -0.972369 0
    outer loop
      vertex 4.12746 2.52236 2.4
      vertex 4.50891 2.43078 4.4
      vertex 4.12746 2.52236 4.4
    endloop
  endfacet
  facet normal -0.23345 -0.972369 -0
    outer loop
      vertex 4.50891 2.43078 4.4
      vertex 4.12746 2.52236 2.4
      vertex 4.50891 2.43078 2.4
    endloop
  endfacet
  facet normal 0.996913 -0.0785112 0
    outer loop
      vertex 89.1692 4.50891 4.4
      vertex 89.2 4.9 2.4
      vertex 89.2 4.9 4.4
    endloop
  endfacet
  facet normal 0.996913 -0.0785112 0
    outer loop
      vertex 89.2 4.9 2.4
      vertex 89.1692 4.50891 4.4
      vertex 89.1692 4.50891 2.4
    endloop
  endfacet
  facet normal -0.233498 0.972357 0
    outer loop
      vertex 4.50891 69.1692 2.4
      vertex 4.12746 69.0776 4.4
      vertex 4.50891 69.1692 4.4
    endloop
  endfacet
  facet normal -0.233498 0.972357 0
    outer loop
      vertex 4.12746 69.0776 4.4
      vertex 4.50891 69.1692 2.4
      vertex 4.12746 69.0776 2.4
    endloop
  endfacet
  facet normal -0.382623 0.923904 0
    outer loop
      vertex 4.12746 69.0776 2.4
      vertex 3.76502 68.9275 4.4
      vertex 4.12746 69.0776 4.4
    endloop
  endfacet
  facet normal -0.382623 0.923904 0
    outer loop
      vertex 3.76502 68.9275 4.4
      vertex 4.12746 69.0776 2.4
      vertex 3.76502 68.9275 2.4
    endloop
  endfacet
  facet normal 0 0 -1
    outer loop
      vertex 87.9021 4.98197 2.4
      vertex 89.2 4.9 2.4
      vertex 89.1692 4.50891 2.4
    endloop
  endfacet
  facet normal 0 0 -1
    outer loop
      vertex 89.2 4.9 2.4
      vertex 88 5.6 2.4
      vertex 89.2 66.7 2.4
    endloop
  endfacet
  facet normal 0 0 -1
    outer loop
      vertex 87.782 4.69202 2.4
      vertex 89.1692 4.50891 2.4
      vertex 89.0776 4.12746 2.4
    endloop
  endfacet
  facet normal 0 0 -1
    outer loop
      vertex 88 66 2.4
      vertex 89.2 66.7 2.4
      vertex 88 5.6 2.4
    endloop
  endfacet
  facet normal 0 0 -1
    outer loop
      vertex 87.782 4.69202 2.4
      vertex 89.0776 4.12746 2.4
      vertex 88.9275 3.76502 2.4
    endloop
  endfacet
  facet normal 0 0 -1
    outer loop
      vertex 87.9754 66.3129 2.4
      vertex 89.2 66.7 2.4
      vertex 88 66 2.4
    endloop
  endfacet
  facet normal 0 0 -1
    outer loop
      vertex 87.618 4.42443 2.4
      vertex 88.9275 3.76502 2.4
      vertex 88.7225 3.43054 2.4
    endloop
  endfacet
  facet normal 0 0 -1
    outer loop
      vertex 87.9021 66.618 2.4
      vertex 89.2 66.7 2.4
      vertex 87.9754 66.3129 2.4
    endloop
  endfacet
  facet normal 0 0 -1
    outer loop
      vertex 87.4142 4.18579 2.4
      vertex 88.7225 3.43054 2.4
      vertex 88.4678 3.13223 2.4
    endloop
  endfacet
  facet normal -0 0 -1
    outer loop
      vertex 89.2 66.7 2.4
      vertex 87.9021 66.618 2.4
      vertex 89.1692 67.0911 2.4
    endloop
  endfacet
  facet normal 0 0 -1
    outer loop
      vertex 87.4142 4.18579 2.4
      vertex 88.4678 3.13223 2.4
      vertex 88.1695 2.87746 2.4
    endloop
  endfacet
  facet normal 0 0 -1
    outer loop
      vertex 87.782 66.908 2.4
      vertex 89.1692 67.0911 2.4
      vertex 87.9021 66.618 2.4
    endloop
  endfacet
  facet normal -0 0 -1
    outer loop
      vertex 89.1692 67.0911 2.4
      vertex 87.782 66.908 2.4
      vertex 89.0776 67.4725 2.4
    endloop
  endfacet
  facet normal 0 0 -1
    outer loop
      vertex 89.2 4.9 2.4
      vertex 87.9754 5.28713 2.4
      vertex 88 5.6 2.4
    endloop
  endfacet
  facet normal 0 0 -1
    outer loop
      vertex 89.2 4.9 2.4
      vertex 87.9021 4.98197 2.4
      vertex 87.9754 5.28713 2.4
    endloop
  endfacet
  facet normal 0 0 -1
    outer loop
      vertex 87.1756 3.98197 2.4
      vertex 88.1695 2.87746 2.4
      vertex 87.835 2.67248 2.4
    endloop
  endfacet
  facet normal 0 0 -1
    outer loop
      vertex 89.1692 4.50891 2.4
      vertex 87.782 4.69202 2.4
      vertex 87.9021 4.98197 2.4
    endloop
  endfacet
  facet normal 0 0 -1
    outer loop
      vertex 88.9275 3.76502 2.4
      vertex 87.618 4.42443 2.4
      vertex 87.782 4.69202 2.4
    endloop
  endfacet
  facet normal 0 0 -1
    outer loop
      vertex 86.908 3.81799 2.4
      vertex 87.835 2.67248 2.4
      vertex 87.4725 2.52236 2.4
    endloop
  endfacet
  facet normal 0 0 -1
    outer loop
      vertex 88.7225 3.43054 2.4
      vertex 87.4142 4.18579 2.4
      vertex 87.618 4.42443 2.4
    endloop
  endfacet
  facet normal 0 0 -1
    outer loop
      vertex 88.1695 2.87746 2.4
      vertex 87.1756 3.98197 2.4
      vertex 87.4142 4.18579 2.4
    endloop
  endfacet
  facet normal 0 0 -1
    outer loop
      vertex 86.908 3.81799 2.4
      vertex 87.4725 2.52236 2.4
      vertex 87.0911 2.43078 2.4
    endloop
  endfacet
  facet normal 0 0 -1
    outer loop
      vertex 87.835 2.67248 2.4
      vertex 86.908 3.81799 2.4
      vertex 87.1756 3.98197 2.4
    endloop
  endfacet
  facet normal 0 0 -1
    outer loop
      vertex 86.618 3.69789 2.4
      vertex 87.0911 2.43078 2.4
      vertex 86.7 2.4 2.4
    endloop
  endfacet
  facet normal 0 0 -1
    outer loop
      vertex 87.0911 2.43078 2.4
      vertex 86.618 3.69789 2.4
      vertex 86.908 3.81799 2.4
    endloop
  endfacet
  facet normal 0 0 -1
    outer loop
      vertex 86.7 2.4 2.4
      vertex 86.3129 3.62462 2.4
      vertex 86.618 3.69789 2.4
    endloop
  endfacet
  facet normal 0 0 -1
    outer loop
      vertex 86.7 2.4 2.4
      vertex 86 3.6 2.4
      vertex 86.3129 3.62462 2.4
    endloop
  endfacet
  facet normal 0 0 -1
    outer loop
      vertex 86.7 2.4 2.4
      vertex 5.6 3.6 2.4
      vertex 86 3.6 2.4
    endloop
  endfacet
  facet normal 0 0 -1
    outer loop
      vertex 4.9 2.4 2.4
      vertex 5.6 3.6 2.4
      vertex 86.7 2.4 2.4
    endloop
  endfacet
  facet normal 0 0 -1
    outer loop
      vertex 4.9 2.4 2.4
      vertex 5.28713 3.62462 2.4
      vertex 5.6 3.6 2.4
    endloop
  endfacet
  facet normal 0 0 -1
    outer loop
      vertex 4.9 2.4 2.4
      vertex 4.98197 3.69789 2.4
      vertex 5.28713 3.62462 2.4
    endloop
  endfacet
  facet normal 0 0 -1
    outer loop
      vertex 4.50891 2.43078 2.4
      vertex 4.98197 3.69789 2.4
      vertex 4.9 2.4 2.4
    endloop
  endfacet
  facet normal -0 0 -1
    outer loop
      vertex 4.98197 3.69789 2.4
      vertex 4.50891 2.43078 2.4
      vertex 4.69202 3.81799 2.4
    endloop
  endfacet
  facet normal 0 0 -1
    outer loop
      vertex 4.12746 2.52236 2.4
      vertex 4.69202 3.81799 2.4
      vertex 4.50891 2.43078 2.4
    endloop
  endfacet
  facet normal 0 0 -1
    outer loop
      vertex 3.76502 2.67248 2.4
      vertex 4.69202 3.81799 2.4
      vertex 4.12746 2.52236 2.4
    endloop
  endfacet
  facet normal -0 0 -1
    outer loop
      vertex 4.69202 3.81799 2.4
      vertex 3.76502 2.67248 2.4
      vertex 4.42443 3.98197 2.4
    endloop
  endfacet
  facet normal 0 0 -1
    outer loop
      vertex 3.43054 2.87746 2.4
      vertex 4.42443 3.98197 2.4
      vertex 3.76502 2.67248 2.4
    endloop
  endfacet
  facet normal -0 0 -1
    outer loop
      vertex 4.42443 3.98197 2.4
      vertex 3.43054 2.87746 2.4
      vertex 4.18579 4.18579 2.4
    endloop
  endfacet
  facet normal 0 0 -1
    outer loop
      vertex 3.13223 3.13223 2.4
      vertex 4.18579 4.18579 2.4
      vertex 3.43054 2.87746 2.4
    endloop
  endfacet
  facet normal 0 0 -1
    outer loop
      vertex 2.87746 3.43054 2.4
      vertex 4.18579 4.18579 2.4
      vertex 3.13223 3.13223 2.4
    endloop
  endfacet
  facet normal -0 0 -1
    outer loop
      vertex 4.18579 4.18579 2.4
      vertex 2.87746 3.43054 2.4
      vertex 3.98197 4.42443 2.4
    endloop
  endfacet
  facet normal 0 0 -1
    outer loop
      vertex 2.67248 3.76502 2.4
      vertex 3.98197 4.42443 2.4
      vertex 2.87746 3.43054 2.4
    endloop
  endfacet
  facet normal 0 0 -1
    outer loop
      vertex 2.52236 4.12746 2.4
      vertex 3.81799 4.69202 2.4
      vertex 2.67248 3.76502 2.4
    endloop
  endfacet
  facet normal -0 0 -1
    outer loop
      vertex 3.98197 4.42443 2.4
      vertex 2.67248 3.76502 2.4
      vertex 3.81799 4.69202 2.4
    endloop
  endfacet
  facet normal -0 0 -1
    outer loop
      vertex 89.0776 67.4725 2.4
      vertex 87.782 66.908 2.4
      vertex 88.9275 67.835 2.4
    endloop
  endfacet
  facet normal 0 0 -1
    outer loop
      vertex 87.618 67.1756 2.4
      vertex 88.9275 67.835 2.4
      vertex 87.782 66.908 2.4
    endloop
  endfacet
  facet normal -0 0 -1
    outer loop
      vertex 88.9275 67.835 2.4
      vertex 87.618 67.1756 2.4
      vertex 88.7225 68.1695 2.4
    endloop
  endfacet
  facet normal 0 0 -1
    outer loop
      vertex 87.4142 67.4142 2.4
      vertex 88.7225 68.1695 2.4
      vertex 87.618 67.1756 2.4
    endloop
  endfacet
  facet normal -0 0 -1
    outer loop
      vertex 88.7225 68.1695 2.4
      vertex 87.4142 67.4142 2.4
      vertex 88.4678 68.4678 2.4
    endloop
  endfacet
  facet normal -0 0 -1
    outer loop
      vertex 88.4678 68.4678 2.4
      vertex 87.4142 67.4142 2.4
      vertex 88.1695 68.7225 2.4
    endloop
  endfacet
  facet normal 0 0 -1
    outer loop
      vertex 87.1756 67.618 2.4
      vertex 88.1695 68.7225 2.4
      vertex 87.4142 67.4142 2.4
    endloop
  endfacet
  facet normal -0 0 -1
    outer loop
      vertex 88.1695 68.7225 2.4
      vertex 87.1756 67.618 2.4
      vertex 87.835 68.9275 2.4
    endloop
  endfacet
  facet normal 0 0 -1
    outer loop
      vertex 86.908 67.782 2.4
      vertex 87.835 68.9275 2.4
      vertex 87.1756 67.618 2.4
    endloop
  endfacet
  facet normal -0 0 -1
    outer loop
      vertex 87.835 68.9275 2.4
      vertex 86.908 67.782 2.4
      vertex 87.4725 69.0776 2.4
    endloop
  endfacet
  facet normal -0 0 -1
    outer loop
      vertex 87.4725 69.0776 2.4
      vertex 86.908 67.782 2.4
      vertex 87.0911 69.1692 2.4
    endloop
  endfacet
  facet normal 0 0 -1
    outer loop
      vertex 86.618 67.9021 2.4
      vertex 87.0911 69.1692 2.4
      vertex 86.908 67.782 2.4
    endloop
  endfacet
  facet normal -0 0 -1
    outer loop
      vertex 87.0911 69.1692 2.4
      vertex 86.618 67.9021 2.4
      vertex 86.7 69.2 2.4
    endloop
  endfacet
  facet normal 0 0 -1
    outer loop
      vertex 86.3129 67.9754 2.4
      vertex 86.7 69.2 2.4
      vertex 86.618 67.9021 2.4
    endloop
  endfacet
  facet normal 0 0 -1
    outer loop
      vertex 86 68 2.4
      vertex 86.7 69.2 2.4
      vertex 86.3129 67.9754 2.4
    endloop
  endfacet
  facet normal 0 0 -1
    outer loop
      vertex 5.6 68 2.4
      vertex 86.7 69.2 2.4
      vertex 86 68 2.4
    endloop
  endfacet
  facet normal 0 0 -1
    outer loop
      vertex 5.6 68 2.4
      vertex 4.9 69.2 2.4
      vertex 86.7 69.2 2.4
    endloop
  endfacet
  facet normal 0 0 -1
    outer loop
      vertex 5.28713 67.9754 2.4
      vertex 4.9 69.2 2.4
      vertex 5.6 68 2.4
    endloop
  endfacet
  facet normal 0 0 -1
    outer loop
      vertex 4.98197 67.9021 2.4
      vertex 4.9 69.2 2.4
      vertex 5.28713 67.9754 2.4
    endloop
  endfacet
  facet normal 0 0 -1
    outer loop
      vertex 4.50891 69.1692 2.4
      vertex 4.98197 67.9021 2.4
      vertex 4.69202 67.782 2.4
    endloop
  endfacet
  facet normal 0 0 -1
    outer loop
      vertex 4.98197 67.9021 2.4
      vertex 4.50891 69.1692 2.4
      vertex 4.9 69.2 2.4
    endloop
  endfacet
  facet normal 0 0 -1
    outer loop
      vertex 3.76502 68.9275 2.4
      vertex 4.69202 67.782 2.4
      vertex 4.42443 67.618 2.4
    endloop
  endfacet
  facet normal 0 0 -1
    outer loop
      vertex 3.43054 68.7225 2.4
      vertex 4.42443 67.618 2.4
      vertex 4.18579 67.4142 2.4
    endloop
  endfacet
  facet normal 0 0 -1
    outer loop
      vertex 4.69202 67.782 2.4
      vertex 4.12746 69.0776 2.4
      vertex 4.50891 69.1692 2.4
    endloop
  endfacet
  facet normal 0 0 -1
    outer loop
      vertex 2.87746 68.1695 2.4
      vertex 4.18579 67.4142 2.4
      vertex 3.98197 67.1756 2.4
    endloop
  endfacet
  facet normal 0 0 -1
    outer loop
      vertex 2.67248 67.835 2.4
      vertex 3.98197 67.1756 2.4
      vertex 3.81799 66.908 2.4
    endloop
  endfacet
  facet normal 0 0 -1
    outer loop
      vertex 4.69202 67.782 2.4
      vertex 3.76502 68.9275 2.4
      vertex 4.12746 69.0776 2.4
    endloop
  endfacet
  facet normal 0 0 -1
    outer loop
      vertex 2.43078 67.0911 2.4
      vertex 3.81799 66.908 2.4
      vertex 3.69789 66.618 2.4
    endloop
  endfacet
  facet normal 0 0 -1
    outer loop
      vertex 2.4 66.7 2.4
      vertex 3.69789 66.618 2.4
      vertex 3.62462 66.3129 2.4
    endloop
  endfacet
  facet normal 0 0 -1
    outer loop
      vertex 2.4 66.7 2.4
      vertex 3.62462 66.3129 2.4
      vertex 3.6 66 2.4
    endloop
  endfacet
  facet normal 0 0 -1
    outer loop
      vertex 4.42443 67.618 2.4
      vertex 3.43054 68.7225 2.4
      vertex 3.76502 68.9275 2.4
    endloop
  endfacet
  facet normal -0 0 -1
    outer loop
      vertex 3.6 5.6 2.4
      vertex 2.4 4.9 2.4
      vertex 3.6 66 2.4
    endloop
  endfacet
  facet normal 0 0 -1
    outer loop
      vertex 2.43078 4.50891 2.4
      vertex 3.81799 4.69202 2.4
      vertex 2.52236 4.12746 2.4
    endloop
  endfacet
  facet normal 0 0 -1
    outer loop
      vertex 2.4 66.7 2.4
      vertex 3.6 66 2.4
      vertex 2.4 4.9 2.4
    endloop
  endfacet
  facet normal -0 0 -1
    outer loop
      vertex 3.81799 4.69202 2.4
      vertex 2.43078 4.50891 2.4
      vertex 3.69789 4.98197 2.4
    endloop
  endfacet
  facet normal 0 0 -1
    outer loop
      vertex 3.69789 66.618 2.4
      vertex 2.4 66.7 2.4
      vertex 2.43078 67.0911 2.4
    endloop
  endfacet
  facet normal 0 0 -1
    outer loop
      vertex 2.4 4.9 2.4
      vertex 3.69789 4.98197 2.4
      vertex 2.43078 4.50891 2.4
    endloop
  endfacet
  facet normal 0 0 -1
    outer loop
      vertex 4.18579 67.4142 2.4
      vertex 3.13223 68.4678 2.4
      vertex 3.43054 68.7225 2.4
    endloop
  endfacet
  facet normal -0 0 -1
    outer loop
      vertex 3.69789 4.98197 2.4
      vertex 2.4 4.9 2.4
      vertex 3.62462 5.28713 2.4
    endloop
  endfacet
  facet normal 0 0 -1
    outer loop
      vertex 4.18579 67.4142 2.4
      vertex 2.87746 68.1695 2.4
      vertex 3.13223 68.4678 2.4
    endloop
  endfacet
  facet normal -0 0 -1
    outer loop
      vertex 3.62462 5.28713 2.4
      vertex 2.4 4.9 2.4
      vertex 3.6 5.6 2.4
    endloop
  endfacet
  facet normal 0 0 -1
    outer loop
      vertex 3.98197 67.1756 2.4
      vertex 2.67248 67.835 2.4
      vertex 2.87746 68.1695 2.4
    endloop
  endfacet
  facet normal 0 0 -1
    outer loop
      vertex 3.81799 66.908 2.4
      vertex 2.52236 67.4725 2.4
      vertex 2.67248 67.835 2.4
    endloop
  endfacet
  facet normal 0 0 -1
    outer loop
      vertex 3.81799 66.908 2.4
      vertex 2.43078 67.0911 2.4
      vertex 2.52236 67.4725 2.4
    endloop
  endfacet
  facet normal -0.0784605 -0.996917 0
    outer loop
      vertex 4.50891 2.43078 2.4
      vertex 4.9 2.4 4.4
      vertex 4.50891 2.43078 4.4
    endloop
  endfacet
  facet normal -0.0784605 -0.996917 -0
    outer loop
      vertex 4.9 2.4 4.4
      vertex 4.50891 2.43078 2.4
      vertex 4.9 2.4 2.4
    endloop
  endfacet
  facet normal 0 0 1
    outer loop
      vertex 87.9021 66.618 4.4
      vertex 89.2 66.7 4.4
      vertex 89.1692 67.0911 4.4
    endloop
  endfacet
  facet normal 0 0 1
    outer loop
      vertex 89.2 66.7 4.4
      vertex 88 66 4.4
      vertex 89.2 4.9 4.4
    endloop
  endfacet
  facet normal 0 0 1
    outer loop
      vertex 87.782 66.908 4.4
      vertex 89.1692 67.0911 4.4
      vertex 89.0776 67.4725 4.4
    endloop
  endfacet
  facet normal -0 0 1
    outer loop
      vertex 88 5.6 4.4
      vertex 89.2 4.9 4.4
      vertex 88 66 4.4
    endloop
  endfacet
  facet normal 0 0 1
    outer loop
      vertex 87.782 66.908 4.4
      vertex 89.0776 67.4725 4.4
      vertex 88.9275 67.835 4.4
    endloop
  endfacet
  facet normal -0 0 1
    outer loop
      vertex 87.9754 5.28713 4.4
      vertex 89.2 4.9 4.4
      vertex 88 5.6 4.4
    endloop
  endfacet
  facet normal 0 0 1
    outer loop
      vertex 87.618 67.1756 4.4
      vertex 88.9275 67.835 4.4
      vertex 88.7225 68.1695 4.4
    endloop
  endfacet
  facet normal -0 0 1
    outer loop
      vertex 87.9021 4.98197 4.4
      vertex 89.2 4.9 4.4
      vertex 87.9754 5.28713 4.4
    endloop
  endfacet
  facet normal 0 0 1
    outer loop
      vertex 87.4142 67.4142 4.4
      vertex 88.7225 68.1695 4.4
      vertex 88.4678 68.4678 4.4
    endloop
  endfacet
  facet normal 0 0 1
    outer loop
      vertex 89.2 4.9 4.4
      vertex 87.9021 4.98197 4.4
      vertex 89.1692 4.50891 4.4
    endloop
  endfacet
  facet normal 0 0 1
    outer loop
      vertex 87.4142 67.4142 4.4
      vertex 88.4678 68.4678 4.4
      vertex 88.1695 68.7225 4.4
    endloop
  endfacet
  facet normal -0 0 1
    outer loop
      vertex 87.782 4.69202 4.4
      vertex 89.1692 4.50891 4.4
      vertex 87.9021 4.98197 4.4
    endloop
  endfacet
  facet normal 0 0 1
    outer loop
      vertex 89.1692 4.50891 4.4
      vertex 87.782 4.69202 4.4
      vertex 89.0776 4.12746 4.4
    endloop
  endfacet
  facet normal 0 0 1
    outer loop
      vertex 89.2 66.7 4.4
      vertex 87.9754 66.3129 4.4
      vertex 88 66 4.4
    endloop
  endfacet
  facet normal 0 0 1
    outer loop
      vertex 89.2 66.7 4.4
      vertex 87.9021 66.618 4.4
      vertex 87.9754 66.3129 4.4
    endloop
  endfacet
  facet normal 0 0 1
    outer loop
      vertex 87.1756 67.618 4.4
      vertex 88.1695 68.7225 4.4
      vertex 87.835 68.9275 4.4
    endloop
  endfacet
  facet normal 0 0 1
    outer loop
      vertex 89.1692 67.0911 4.4
      vertex 87.782 66.908 4.4
      vertex 87.9021 66.618 4.4
    endloop
  endfacet
  facet normal 0 0 1
    outer loop
      vertex 88.9275 67.835 4.4
      vertex 87.618 67.1756 4.4
      vertex 87.782 66.908 4.4
    endloop
  endfacet
  facet normal 0 0 1
    outer loop
      vertex 86.908 67.782 4.4
      vertex 87.835 68.9275 4.4
      vertex 87.4725 69.0776 4.4
    endloop
  endfacet
  facet normal 0 0 1
    outer loop
      vertex 88.7225 68.1695 4.4
      vertex 87.4142 67.4142 4.4
      vertex 87.618 67.1756 4.4
    endloop
  endfacet
  facet normal 0 0 1
    outer loop
      vertex 88.1695 68.7225 4.4
      vertex 87.1756 67.618 4.4
      vertex 87.4142 67.4142 4.4
    endloop
  endfacet
  facet normal 0 0 1
    outer loop
      vertex 86.908 67.782 4.4
      vertex 87.4725 69.0776 4.4
      vertex 87.0911 69.1692 4.4
    endloop
  endfacet
  facet normal 0 0 1
    outer loop
      vertex 87.835 68.9275 4.4
      vertex 86.908 67.782 4.4
      vertex 87.1756 67.618 4.4
    endloop
  endfacet
  facet normal 0 0 1
    outer loop
      vertex 86.618 67.9021 4.4
      vertex 87.0911 69.1692 4.4
      vertex 86.7 69.2 4.4
    endloop
  endfacet
  facet normal 0 0 1
    outer loop
      vertex 87.0911 69.1692 4.4
      vertex 86.618 67.9021 4.4
      vertex 86.908 67.782 4.4
    endloop
  endfacet
  facet normal 0 0 1
    outer loop
      vertex 86.7 69.2 4.4
      vertex 86.3129 67.9754 4.4
      vertex 86.618 67.9021 4.4
    endloop
  endfacet
  facet normal 0 0 1
    outer loop
      vertex 86.7 69.2 4.4
      vertex 86 68 4.4
      vertex 86.3129 67.9754 4.4
    endloop
  endfacet
  facet normal 0 0 1
    outer loop
      vertex 86.7 69.2 4.4
      vertex 5.6 68 4.4
      vertex 86 68 4.4
    endloop
  endfacet
  facet normal -0 0 1
    outer loop
      vertex 4.9 69.2 4.4
      vertex 5.6 68 4.4
      vertex 86.7 69.2 4.4
    endloop
  endfacet
  facet normal 0 0 1
    outer loop
      vertex 4.9 69.2 4.4
      vertex 5.28713 67.9754 4.4
      vertex 5.6 68 4.4
    endloop
  endfacet
  facet normal 0 0 1
    outer loop
      vertex 4.9 69.2 4.4
      vertex 4.98197 67.9021 4.4
      vertex 5.28713 67.9754 4.4
    endloop
  endfacet
  facet normal -0 0 1
    outer loop
      vertex 4.50891 69.1692 4.4
      vertex 4.98197 67.9021 4.4
      vertex 4.9 69.2 4.4
    endloop
  endfacet
  facet normal 0 0 1
    outer loop
      vertex 4.98197 67.9021 4.4
      vertex 4.50891 69.1692 4.4
      vertex 4.69202 67.782 4.4
    endloop
  endfacet
  facet normal -0 0 1
    outer loop
      vertex 4.12746 69.0776 4.4
      vertex 4.69202 67.782 4.4
      vertex 4.50891 69.1692 4.4
    endloop
  endfacet
  facet normal -0 0 1
    outer loop
      vertex 3.76502 68.9275 4.4
      vertex 4.69202 67.782 4.4
      vertex 4.12746 69.0776 4.4
    endloop
  endfacet
  facet normal 0 0 1
    outer loop
      vertex 4.69202 67.782 4.4
      vertex 3.76502 68.9275 4.4
      vertex 4.42443 67.618 4.4
    endloop
  endfacet
  facet normal -0 0 1
    outer loop
      vertex 3.43054 68.7225 4.4
      vertex 4.42443 67.618 4.4
      vertex 3.76502 68.9275 4.4
    endloop
  endfacet
  facet normal 0 0 1
    outer loop
      vertex 4.42443 67.618 4.4
      vertex 3.43054 68.7225 4.4
      vertex 4.18579 67.4142 4.4
    endloop
  endfacet
  facet normal -0 0 1
    outer loop
      vertex 3.13223 68.4678 4.4
      vertex 4.18579 67.4142 4.4
      vertex 3.43054 68.7225 4.4
    endloop
  endfacet
  facet normal -0 0 1
    outer loop
      vertex 2.87746 68.1695 4.4
      vertex 4.18579 67.4142 4.4
      vertex 3.13223 68.4678 4.4
    endloop
  endfacet
  facet normal 0 0 1
    outer loop
      vertex 4.18579 67.4142 4.4
      vertex 2.87746 68.1695 4.4
      vertex 3.98197 67.1756 4.4
    endloop
  endfacet
  facet normal -0 0 1
    outer loop
      vertex 2.67248 67.835 4.4
      vertex 3.98197 67.1756 4.4
      vertex 2.87746 68.1695 4.4
    endloop
  endfacet
  facet normal -0 0 1
    outer loop
      vertex 2.52236 67.4725 4.4
      vertex 3.81799 66.908 4.4
      vertex 2.67248 67.835 4.4
    endloop
  endfacet
  facet normal 0 0 1
    outer loop
      vertex 3.98197 67.1756 4.4
      vertex 2.67248 67.835 4.4
      vertex 3.81799 66.908 4.4
    endloop
  endfacet
  facet normal 0 0 1
    outer loop
      vertex 89.0776 4.12746 4.4
      vertex 87.782 4.69202 4.4
      vertex 88.9275 3.76502 4.4
    endloop
  endfacet
  facet normal -0 0 1
    outer loop
      vertex 87.618 4.42443 4.4
      vertex 88.9275 3.76502 4.4
      vertex 87.782 4.69202 4.4
    endloop
  endfacet
  facet normal 0 0 1
    outer loop
      vertex 88.9275 3.76502 4.4
      vertex 87.618 4.42443 4.4
      vertex 88.7225 3.43054 4.4
    endloop
  endfacet
  facet normal -0 0 1
    outer loop
      vertex 87.4142 4.18579 4.4
      vertex 88.7225 3.43054 4.4
      vertex 87.618 4.42443 4.4
    endloop
  endfacet
  facet normal 0 0 1
    outer loop
      vertex 88.7225 3.43054 4.4
      vertex 87.4142 4.18579 4.4
      vertex 88.4678 3.13223 4.4
    endloop
  endfacet
  facet normal 0 0 1
    outer loop
      vertex 88.4678 3.13223 4.4
      vertex 87.4142 4.18579 4.4
      vertex 88.1695 2.87746 4.4
    endloop
  endfacet
  facet normal -0 0 1
    outer loop
      vertex 87.1756 3.98197 4.4
      vertex 88.1695 2.87746 4.4
      vertex 87.4142 4.18579 4.4
    endloop
  endfacet
  facet normal 0 0 1
    outer loop
      vertex 88.1695 2.87746 4.4
      vertex 87.1756 3.98197 4.4
      vertex 87.835 2.67248 4.4
    endloop
  endfacet
  facet normal -0 0 1
    outer loop
      vertex 86.908 3.81799 4.4
      vertex 87.835 2.67248 4.4
      vertex 87.1756 3.98197 4.4
    endloop
  endfacet
  facet normal 0 0 1
    outer loop
      vertex 87.835 2.67248 4.4
      vertex 86.908 3.81799 4.4
      vertex 87.4725 2.52236 4.4
    endloop
  endfacet
  facet normal 0 0 1
    outer loop
      vertex 87.4725 2.52236 4.4
      vertex 86.908 3.81799 4.4
      vertex 87.0911 2.43078 4.4
    endloop
  endfacet
  facet normal -0 0 1
    outer loop
      vertex 86.618 3.69789 4.4
      vertex 87.0911 2.43078 4.4
      vertex 86.908 3.81799 4.4
    endloop
  endfacet
  facet normal 0 0 1
    outer loop
      vertex 87.0911 2.43078 4.4
      vertex 86.618 3.69789 4.4
      vertex 86.7 2.4 4.4
    endloop
  endfacet
  facet normal -0 0 1
    outer loop
      vertex 86.3129 3.62462 4.4
      vertex 86.7 2.4 4.4
      vertex 86.618 3.69789 4.4
    endloop
  endfacet
  facet normal -0 0 1
    outer loop
      vertex 86 3.6 4.4
      vertex 86.7 2.4 4.4
      vertex 86.3129 3.62462 4.4
    endloop
  endfacet
  facet normal -0 0 1
    outer loop
      vertex 5.6 3.6 4.4
      vertex 86.7 2.4 4.4
      vertex 86 3.6 4.4
    endloop
  endfacet
  facet normal 0 0 1
    outer loop
      vertex 5.6 3.6 4.4
      vertex 4.9 2.4 4.4
      vertex 86.7 2.4 4.4
    endloop
  endfacet
  facet normal 0 0 1
    outer loop
      vertex 5.28713 3.62462 4.4
      vertex 4.9 2.4 4.4
      vertex 5.6 3.6 4.4
    endloop
  endfacet
  facet normal 0 0 1
    outer loop
      vertex 4.98197 3.69789 4.4
      vertex 4.9 2.4 4.4
      vertex 5.28713 3.62462 4.4
    endloop
  endfacet
  facet normal 0 0 1
    outer loop
      vertex 4.50891 2.43078 4.4
      vertex 4.98197 3.69789 4.4
      vertex 4.69202 3.81799 4.4
    endloop
  endfacet
  facet normal 0 0 1
    outer loop
      vertex 4.98197 3.69789 4.4
      vertex 4.50891 2.43078 4.4
      vertex 4.9 2.4 4.4
    endloop
  endfacet
  facet normal 0 0 1
    outer loop
      vertex 3.76502 2.67248 4.4
      vertex 4.69202 3.81799 4.4
      vertex 4.42443 3.98197 4.4
    endloop
  endfacet
  facet normal 0 0 1
    outer loop
      vertex 3.43054 2.87746 4.4
      vertex 4.42443 3.98197 4.4
      vertex 4.18579 4.18579 4.4
    endloop
  endfacet
  facet normal 0 0 1
    outer loop
      vertex 4.69202 3.81799 4.4
      vertex 4.12746 2.52236 4.4
      vertex 4.50891 2.43078 4.4
    endloop
  endfacet
  facet normal 0 0 1
    outer loop
      vertex 2.87746 3.43054 4.4
      vertex 4.18579 4.18579 4.4
      vertex 3.98197 4.42443 4.4
    endloop
  endfacet
  facet normal 0 0 1
    outer loop
      vertex 2.67248 3.76502 4.4
      vertex 3.98197 4.42443 4.4
      vertex 3.81799 4.69202 4.4
    endloop
  endfacet
  facet normal 0 0 1
    outer loop
      vertex 4.69202 3.81799 4.4
      vertex 3.76502 2.67248 4.4
      vertex 4.12746 2.52236 4.4
    endloop
  endfacet
  facet normal 0 0 1
    outer loop
      vertex 2.43078 4.50891 4.4
      vertex 3.81799 4.69202 4.4
      vertex 3.69789 4.98197 4.4
    endloop
  endfacet
  facet normal 0 0 1
    outer loop
      vertex 2.4 4.9 4.4
      vertex 3.69789 4.98197 4.4
      vertex 3.62462 5.28713 4.4
    endloop
  endfacet
  facet normal 0 0 1
    outer loop
      vertex 2.4 4.9 4.4
      vertex 3.62462 5.28713 4.4
      vertex 3.6 5.6 4.4
    endloop
  endfacet
  facet normal 0 0 1
    outer loop
      vertex 4.42443 3.98197 4.4
      vertex 3.43054 2.87746 4.4
      vertex 3.76502 2.67248 4.4
    endloop
  endfacet
  facet normal 0 0 1
    outer loop
      vertex 3.6 66 4.4
      vertex 2.4 66.7 4.4
      vertex 3.6 5.6 4.4
    endloop
  endfacet
  facet normal -0 0 1
    outer loop
      vertex 2.43078 67.0911 4.4
      vertex 3.81799 66.908 4.4
      vertex 2.52236 67.4725 4.4
    endloop
  endfacet
  facet normal 0 0 1
    outer loop
      vertex 2.4 4.9 4.4
      vertex 3.6 5.6 4.4
      vertex 2.4 66.7 4.4
    endloop
  endfacet
  facet normal 0 0 1
    outer loop
      vertex 3.81799 66.908 4.4
      vertex 2.43078 67.0911 4.4
      vertex 3.69789 66.618 4.4
    endloop
  endfacet
  facet normal 0 0 1
    outer loop
      vertex 3.69789 4.98197 4.4
      vertex 2.4 4.9 4.4
      vertex 2.43078 4.50891 4.4
    endloop
  endfacet
  facet normal -0 0 1
    outer loop
      vertex 2.4 66.7 4.4
      vertex 3.69789 66.618 4.4
      vertex 2.43078 67.0911 4.4
    endloop
  endfacet
  facet normal 0 0 1
    outer loop
      vertex 4.18579 4.18579 4.4
      vertex 3.13223 3.13223 4.4
      vertex 3.43054 2.87746 4.4
    endloop
  endfacet
  facet normal 0 0 1
    outer loop
      vertex 3.69789 66.618 4.4
      vertex 2.4 66.7 4.4
      vertex 3.62462 66.3129 4.4
    endloop
  endfacet
  facet normal 0 0 1
    outer loop
      vertex 4.18579 4.18579 4.4
      vertex 2.87746 3.43054 4.4
      vertex 3.13223 3.13223 4.4
    endloop
  endfacet
  facet normal 0 0 1
    outer loop
      vertex 3.62462 66.3129 4.4
      vertex 2.4 66.7 4.4
      vertex 3.6 66 4.4
    endloop
  endfacet
  facet normal 0 0 1
    outer loop
      vertex 3.98197 4.42443 4.4
      vertex 2.67248 3.76502 4.4
      vertex 2.87746 3.43054 4.4
    endloop
  endfacet
  facet normal 0 0 1
    outer loop
      vertex 3.81799 4.69202 4.4
      vertex 2.52236 4.12746 4.4
      vertex 2.67248 3.76502 4.4
    endloop
  endfacet
  facet normal 0 0 1
    outer loop
      vertex 3.81799 4.69202 4.4
      vertex 2.43078 4.50891 4.4
      vertex 2.52236 4.12746 4.4
    endloop
  endfacet
  facet normal -0.923886 -0.382667 0
    outer loop
      vertex 2.67248 3.76502 2.4
      vertex 2.52236 4.12746 4.4
      vertex 2.52236 4.12746 2.4
    endloop
  endfacet
  facet normal -0.923886 -0.382667 0
    outer loop
      vertex 2.52236 4.12746 4.4
      vertex 2.67248 3.76502 2.4
      vertex 2.67248 3.76502 4.4
    endloop
  endfacet
  facet normal 0.972364 0.233468 0
    outer loop
      vertex 3.69789 4.98197 4.4
      vertex 3.62462 5.28713 2.4
      vertex 3.62462 5.28713 4.4
    endloop
  endfacet
  facet normal 0.972364 0.233468 0
    outer loop
      vertex 3.62462 5.28713 2.4
      vertex 3.69789 4.98197 4.4
      vertex 3.69789 4.98197 2.4
    endloop
  endfacet
  facet normal 0.996918 0.0784483 0
    outer loop
      vertex 3.62462 5.28713 4.4
      vertex 3.6 5.6 2.4
      vertex 3.6 5.6 4.4
    endloop
  endfacet
  facet normal 0.996918 0.0784483 0
    outer loop
      vertex 3.6 5.6 2.4
      vertex 3.62462 5.28713 4.4
      vertex 3.62462 5.28713 2.4
    endloop
  endfacet
  facet normal -0.522486 0.852648 0
    outer loop
      vertex 87.1756 3.98197 2.4
      vertex 86.908 3.81799 4.4
      vertex 87.1756 3.98197 4.4
    endloop
  endfacet
  facet normal -0.522486 0.852648 0
    outer loop
      vertex 86.908 3.81799 4.4
      vertex 87.1756 3.98197 2.4
      vertex 86.908 3.81799 2.4
    endloop
  endfacet
  facet normal -0.233602 -0.972332 0
    outer loop
      vertex 86.3129 67.9754 2.4
      vertex 86.618 67.9021 4.4
      vertex 86.3129 67.9754 4.4
    endloop
  endfacet
  facet normal -0.233602 -0.972332 -0
    outer loop
      vertex 86.618 67.9021 4.4
      vertex 86.3129 67.9754 2.4
      vertex 86.618 67.9021 2.4
    endloop
  endfacet
  facet normal -0.382624 -0.923904 0
    outer loop
      vertex 86.618 67.9021 2.4
      vertex 86.908 67.782 4.4
      vertex 86.618 67.9021 4.4
    endloop
  endfacet
  facet normal -0.382624 -0.923904 -0
    outer loop
      vertex 86.908 67.782 4.4
      vertex 86.618 67.9021 2.4
      vertex 86.908 67.782 2.4
    endloop
  endfacet
  facet normal 0.972354 -0.233512 0
    outer loop
      vertex 3.62462 66.3129 4.4
      vertex 3.69789 66.618 2.4
      vertex 3.69789 66.618 4.4
    endloop
  endfacet
  facet normal 0.972354 -0.233512 0
    outer loop
      vertex 3.69789 66.618 2.4
      vertex 3.62462 66.3129 4.4
      vertex 3.62462 66.3129 2.4
    endloop
  endfacet
  facet normal -0.996923 0.078385 0
    outer loop
      vertex 87.9754 5.28713 2.4
      vertex 88 5.6 4.4
      vertex 88 5.6 2.4
    endloop
  endfacet
  facet normal -0.996923 0.078385 0
    outer loop
      vertex 88 5.6 4.4
      vertex 87.9754 5.28713 2.4
      vertex 87.9754 5.28713 4.4
    endloop
  endfacet
  facet normal 0.923904 -0.382624 0
    outer loop
      vertex 3.69789 66.618 4.4
      vertex 3.81799 66.908 2.4
      vertex 3.81799 66.908 4.4
    endloop
  endfacet
  facet normal 0.923904 -0.382624 0
    outer loop
      vertex 3.81799 66.908 2.4
      vertex 3.69789 66.618 4.4
      vertex 3.69789 66.618 2.4
    endloop
  endfacet
  facet normal -1 0 0
    outer loop
      vertex 88 5.6 2.4
      vertex 88 66 4.4
      vertex 88 66 2.4
    endloop
  endfacet
  facet normal -1 -0 0
    outer loop
      vertex 88 66 4.4
      vertex 88 5.6 2.4
      vertex 88 5.6 4.4
    endloop
  endfacet
  facet normal 0 -1 0
    outer loop
      vertex 5.6 68 2.4
      vertex 86 68 4.4
      vertex 5.6 68 4.4
    endloop
  endfacet
  facet normal 0 -1 -0
    outer loop
      vertex 86 68 4.4
      vertex 5.6 68 2.4
      vertex 86 68 2.4
    endloop
  endfacet
  facet normal -0.0783775 -0.996924 0
    outer loop
      vertex 86 68 2.4
      vertex 86.3129 67.9754 4.4
      vertex 86 68 4.4
    endloop
  endfacet
  facet normal -0.0783775 -0.996924 -0
    outer loop
      vertex 86.3129 67.9754 4.4
      vertex 86 68 2.4
      vertex 86.3129 67.9754 2.4
    endloop
  endfacet
  facet normal 0.760349 -0.649515 0
    outer loop
      vertex 3.98197 67.1756 4.4
      vertex 4.18579 67.4142 2.4
      vertex 4.18579 67.4142 4.4
    endloop
  endfacet
  facet normal 0.760349 -0.649515 0
    outer loop
      vertex 4.18579 67.4142 2.4
      vertex 3.98197 67.1756 4.4
      vertex 3.98197 67.1756 2.4
    endloop
  endfacet
  facet normal 0.649415 -0.760434 0
    outer loop
      vertex 4.18579 67.4142 2.4
      vertex 4.42443 67.618 4.4
      vertex 4.18579 67.4142 4.4
    endloop
  endfacet
  facet normal 0.649415 -0.760434 0
    outer loop
      vertex 4.42443 67.618 4.4
      vertex 4.18579 67.4142 2.4
      vertex 4.42443 67.618 2.4
    endloop
  endfacet
  facet normal 1 -0 0
    outer loop
      vertex 3.6 5.6 4.4
      vertex 3.6 66 2.4
      vertex 3.6 66 4.4
    endloop
  endfacet
  facet normal 1 0 0
    outer loop
      vertex 3.6 66 2.4
      vertex 3.6 5.6 4.4
      vertex 3.6 5.6 2.4
    endloop
  endfacet
  facet normal 0 1 -0
    outer loop
      vertex 86 3.6 2.4
      vertex 5.6 3.6 4.4
      vertex 86 3.6 4.4
    endloop
  endfacet
  facet normal 0 1 0
    outer loop
      vertex 5.6 3.6 4.4
      vertex 86 3.6 2.4
      vertex 5.6 3.6 2.4
    endloop
  endfacet
  facet normal 0.522546 -0.852611 0
    outer loop
      vertex 4.42443 67.618 2.4
      vertex 4.69202 67.782 4.4
      vertex 4.42443 67.618 4.4
    endloop
  endfacet
  facet normal 0.522546 -0.852611 0
    outer loop
      vertex 4.69202 67.782 4.4
      vertex 4.42443 67.618 2.4
      vertex 4.69202 67.782 2.4
    endloop
  endfacet
  facet normal 0.649452 0.760403 -0
    outer loop
      vertex 4.42443 3.98197 2.4
      vertex 4.18579 4.18579 4.4
      vertex 4.42443 3.98197 4.4
    endloop
  endfacet
  facet normal 0.649452 0.760403 0
    outer loop
      vertex 4.18579 4.18579 4.4
      vertex 4.42443 3.98197 2.4
      vertex 4.18579 4.18579 2.4
    endloop
  endfacet
  facet normal -0.85262 -0.522532 0
    outer loop
      vertex 87.782 66.908 2.4
      vertex 87.618 67.1756 4.4
      vertex 87.618 67.1756 2.4
    endloop
  endfacet
  facet normal -0.85262 -0.522532 0
    outer loop
      vertex 87.618 67.1756 4.4
      vertex 87.782 66.908 2.4
      vertex 87.782 66.908 4.4
    endloop
  endfacet
  facet normal -0.923904 -0.382624 0
    outer loop
      vertex 87.9021 66.618 2.4
      vertex 87.782 66.908 4.4
      vertex 87.782 66.908 2.4
    endloop
  endfacet
  facet normal -0.923904 -0.382624 0
    outer loop
      vertex 87.782 66.908 4.4
      vertex 87.9021 66.618 2.4
      vertex 87.9021 66.618 4.4
    endloop
  endfacet
  facet normal 0.996919 -0.0784408 0
    outer loop
      vertex 3.6 66 4.4
      vertex 3.62462 66.3129 2.4
      vertex 3.62462 66.3129 4.4
    endloop
  endfacet
  facet normal 0.996919 -0.0784408 0
    outer loop
      vertex 3.62462 66.3129 2.4
      vertex 3.6 66 4.4
      vertex 3.6 66 2.4
    endloop
  endfacet
  facet normal -0.649515 0.760349 0
    outer loop
      vertex 87.4142 4.18579 2.4
      vertex 87.1756 3.98197 4.4
      vertex 87.4142 4.18579 4.4
    endloop
  endfacet
  facet normal -0.649515 0.760349 0
    outer loop
      vertex 87.1756 3.98197 4.4
      vertex 87.4142 4.18579 2.4
      vertex 87.1756 3.98197 2.4
    endloop
  endfacet
  facet normal -0.0784408 0.996919 0
    outer loop
      vertex 86.3129 3.62462 2.4
      vertex 86 3.6 4.4
      vertex 86.3129 3.62462 4.4
    endloop
  endfacet
  facet normal -0.0784408 0.996919 0
    outer loop
      vertex 86 3.6 4.4
      vertex 86.3129 3.62462 2.4
      vertex 86 3.6 2.4
    endloop
  endfacet
  facet normal -0.996924 -0.0783775 0
    outer loop
      vertex 88 66 2.4
      vertex 87.9754 66.3129 4.4
      vertex 87.9754 66.3129 2.4
    endloop
  endfacet
  facet normal -0.996924 -0.0783775 0
    outer loop
      vertex 87.9754 66.3129 4.4
      vertex 88 66 2.4
      vertex 88 66 4.4
    endloop
  endfacet
  facet normal -0.972332 -0.233602 0
    outer loop
      vertex 87.9754 66.3129 2.4
      vertex 87.9021 66.618 4.4
      vertex 87.9021 66.618 2.4
    endloop
  endfacet
  facet normal -0.972332 -0.233602 0
    outer loop
      vertex 87.9021 66.618 4.4
      vertex 87.9754 66.3129 2.4
      vertex 87.9754 66.3129 4.4
    endloop
  endfacet
  facet normal 0.078385 -0.996923 0
    outer loop
      vertex 5.28713 67.9754 2.4
      vertex 5.6 68 4.4
      vertex 5.28713 67.9754 4.4
    endloop
  endfacet
  facet normal 0.078385 -0.996923 0
    outer loop
      vertex 5.6 68 4.4
      vertex 5.28713 67.9754 2.4
      vertex 5.6 68 2.4
    endloop
  endfacet
  facet normal 0.233468 0.972364 -0
    outer loop
      vertex 5.28713 3.62462 2.4
      vertex 4.98197 3.69789 4.4
      vertex 5.28713 3.62462 4.4
    endloop
  endfacet
  facet normal 0.233468 0.972364 0
    outer loop
      vertex 4.98197 3.69789 4.4
      vertex 5.28713 3.62462 2.4
      vertex 4.98197 3.69789 2.4
    endloop
  endfacet
  facet normal -0.233512 0.972354 0
    outer loop
      vertex 86.618 3.69789 2.4
      vertex 86.3129 3.62462 4.4
      vertex 86.618 3.69789 4.4
    endloop
  endfacet
  facet normal -0.233512 0.972354 0
    outer loop
      vertex 86.3129 3.62462 4.4
      vertex 86.618 3.69789 2.4
      vertex 86.3129 3.62462 2.4
    endloop
  endfacet
  facet normal -0.76038 -0.649478 0
    outer loop
      vertex 87.618 67.1756 2.4
      vertex 87.4142 67.4142 4.4
      vertex 87.4142 67.4142 2.4
    endloop
  endfacet
  facet normal -0.76038 -0.649478 0
    outer loop
      vertex 87.4142 67.4142 4.4
      vertex 87.618 67.1756 2.4
      vertex 87.618 67.1756 4.4
    endloop
  endfacet
  facet normal -0.923881 0.38268 0
    outer loop
      vertex 87.782 4.69202 2.4
      vertex 87.9021 4.98197 4.4
      vertex 87.9021 4.98197 2.4
    endloop
  endfacet
  facet normal -0.923881 0.38268 0
    outer loop
      vertex 87.9021 4.98197 4.4
      vertex 87.782 4.69202 2.4
      vertex 87.782 4.69202 4.4
    endloop
  endfacet
  facet normal 0.5225 0.852639 -0
    outer loop
      vertex 4.69202 3.81799 2.4
      vertex 4.42443 3.98197 4.4
      vertex 4.69202 3.81799 4.4
    endloop
  endfacet
  facet normal 0.5225 0.852639 0
    outer loop
      vertex 4.42443 3.98197 4.4
      vertex 4.69202 3.81799 2.4
      vertex 4.42443 3.98197 2.4
    endloop
  endfacet
  facet normal 0.233559 -0.972343 0
    outer loop
      vertex 4.98197 67.9021 2.4
      vertex 5.28713 67.9754 4.4
      vertex 4.98197 67.9021 4.4
    endloop
  endfacet
  facet normal 0.233559 -0.972343 0
    outer loop
      vertex 5.28713 67.9754 4.4
      vertex 4.98197 67.9021 2.4
      vertex 5.28713 67.9754 2.4
    endloop
  endfacet
  facet normal -0.649478 -0.76038 0
    outer loop
      vertex 87.1756 67.618 2.4
      vertex 87.4142 67.4142 4.4
      vertex 87.1756 67.618 4.4
    endloop
  endfacet
  facet normal -0.649478 -0.76038 -0
    outer loop
      vertex 87.4142 67.4142 4.4
      vertex 87.1756 67.618 2.4
      vertex 87.4142 67.4142 2.4
    endloop
  endfacet
  facet normal -0.760434 0.649415 0
    outer loop
      vertex 87.4142 4.18579 2.4
      vertex 87.618 4.42443 4.4
      vertex 87.618 4.42443 2.4
    endloop
  endfacet
  facet normal -0.760434 0.649415 0
    outer loop
      vertex 87.618 4.42443 4.4
      vertex 87.4142 4.18579 2.4
      vertex 87.4142 4.18579 4.4
    endloop
  endfacet
  facet normal 0.852648 -0.522486 0
    outer loop
      vertex 3.81799 66.908 4.4
      vertex 3.98197 67.1756 2.4
      vertex 3.98197 67.1756 4.4
    endloop
  endfacet
  facet normal 0.852648 -0.522486 0
    outer loop
      vertex 3.98197 67.1756 2.4
      vertex 3.81799 66.908 4.4
      vertex 3.81799 66.908 2.4
    endloop
  endfacet
  facet normal -0.972343 0.233559 0
    outer loop
      vertex 87.9021 4.98197 2.4
      vertex 87.9754 5.28713 4.4
      vertex 87.9754 5.28713 2.4
    endloop
  endfacet
  facet normal -0.972343 0.233559 0
    outer loop
      vertex 87.9754 5.28713 4.4
      vertex 87.9021 4.98197 2.4
      vertex 87.9021 4.98197 4.4
    endloop
  endfacet
  facet normal -0.852611 0.522546 0
    outer loop
      vertex 87.618 4.42443 2.4
      vertex 87.782 4.69202 4.4
      vertex 87.782 4.69202 2.4
    endloop
  endfacet
  facet normal -0.852611 0.522546 0
    outer loop
      vertex 87.782 4.69202 4.4
      vertex 87.618 4.42443 2.4
      vertex 87.618 4.42443 4.4
    endloop
  endfacet
  facet normal -0.382624 0.923904 0
    outer loop
      vertex 86.908 3.81799 2.4
      vertex 86.618 3.69789 4.4
      vertex 86.908 3.81799 4.4
    endloop
  endfacet
  facet normal -0.382624 0.923904 0
    outer loop
      vertex 86.618 3.69789 4.4
      vertex 86.908 3.81799 2.4
      vertex 86.618 3.69789 2.4
    endloop
  endfacet
  facet normal -0.522532 -0.85262 0
    outer loop
      vertex 86.908 67.782 2.4
      vertex 87.1756 67.618 4.4
      vertex 86.908 67.782 4.4
    endloop
  endfacet
  facet normal -0.522532 -0.85262 -0
    outer loop
      vertex 87.1756 67.618 4.4
      vertex 86.908 67.782 2.4
      vertex 87.1756 67.618 2.4
    endloop
  endfacet
  facet normal 0.852639 0.5225 0
    outer loop
      vertex 3.98197 4.42443 4.4
      vertex 3.81799 4.69202 2.4
      vertex 3.81799 4.69202 4.4
    endloop
  endfacet
  facet normal 0.852639 0.5225 0
    outer loop
      vertex 3.81799 4.69202 2.4
      vertex 3.98197 4.42443 4.4
      vertex 3.98197 4.42443 2.4
    endloop
  endfacet
  facet normal 0.760403 0.649452 0
    outer loop
      vertex 4.18579 4.18579 4.4
      vertex 3.98197 4.42443 2.4
      vertex 3.98197 4.42443 4.4
    endloop
  endfacet
  facet normal 0.760403 0.649452 0
    outer loop
      vertex 3.98197 4.42443 2.4
      vertex 4.18579 4.18579 4.4
      vertex 4.18579 4.18579 2.4
    endloop
  endfacet
  facet normal 0.38268 0.923881 -0
    outer loop
      vertex 4.98197 3.69789 2.4
      vertex 4.69202 3.81799 4.4
      vertex 4.98197 3.69789 4.4
    endloop
  endfacet
  facet normal 0.38268 0.923881 0
    outer loop
      vertex 4.69202 3.81799 4.4
      vertex 4.98197 3.69789 2.4
      vertex 4.69202 3.81799 2.4
    endloop
  endfacet
  facet normal 0.38268 -0.923881 0
    outer loop
      vertex 4.69202 67.782 2.4
      vertex 4.98197 67.9021 4.4
      vertex 4.69202 67.782 4.4
    endloop
  endfacet
  facet normal 0.38268 -0.923881 0
    outer loop
      vertex 4.98197 67.9021 4.4
      vertex 4.69202 67.782 2.4
      vertex 4.98197 67.9021 2.4
    endloop
  endfacet
  facet normal 0.0784483 0.996918 -0
    outer loop
      vertex 5.6 3.6 2.4
      vertex 5.28713 3.62462 4.4
      vertex 5.6 3.6 4.4
    endloop
  endfacet
  facet normal 0.0784483 0.996918 0
    outer loop
      vertex 5.28713 3.62462 4.4
      vertex 5.6 3.6 2.4
      vertex 5.28713 3.62462 2.4
    endloop
  endfacet
  facet normal 0.923881 0.38268 0
    outer loop
      vertex 3.81799 4.69202 4.4
      vertex 3.69789 4.98197 2.4
      vertex 3.69789 4.98197 4.4
    endloop
  endfacet
  facet normal 0.923881 0.38268 0
    outer loop
      vertex 3.69789 4.98197 2.4
      vertex 3.81799 4.69202 4.4
      vertex 3.81799 4.69202 2.4
    endloop
  endfacet
  facet normal 1 -0 0
    outer loop
      vertex 36.9 46 6.4
      vertex 36.9 67.6 2.4
      vertex 36.9 67.6 6.4
    endloop
  endfacet
  facet normal 1 0 0
    outer loop
      vertex 36.9 67.6 2.4
      vertex 36.9 46 6.4
      vertex 36.9 46 2.4
    endloop
  endfacet
  facet normal 0 0 1
    outer loop
      vertex 36.9 67.6 6.4
      vertex 35.7 67.6 6.4
      vertex 36.9 46 6.4
    endloop
  endfacet
  facet normal 0 0 1
    outer loop
      vertex 55.1 46 6.4
      vertex 56.3 67.6 6.4
      vertex 55.1 67.6 6.4
    endloop
  endfacet
  facet normal 0 0 1
    outer loop
      vertex 56.3 67.6 6.4
      vertex 55.1 46 6.4
      vertex 56.3 44.8 6.4
    endloop
  endfacet
  facet normal -0 0 1
    outer loop
      vertex 36.9 46 6.4
      vertex 56.3 44.8 6.4
      vertex 55.1 46 6.4
    endloop
  endfacet
  facet normal 0 0 1
    outer loop
      vertex 36.9 46 6.4
      vertex 35.7 44.8 6.4
      vertex 56.3 44.8 6.4
    endloop
  endfacet
  facet normal 0 0 1
    outer loop
      vertex 35.7 44.8 6.4
      vertex 36.9 46 6.4
      vertex 35.7 67.6 6.4
    endloop
  endfacet
  facet normal 0 0 -1
    outer loop
      vertex 56.3 44.8 2.4
      vertex 55.1 46 2.4
      vertex 56.3 67.6 2.4
    endloop
  endfacet
  facet normal 0 0 -1
    outer loop
      vertex 56.3 44.8 2.4
      vertex 36.9 46 2.4
      vertex 55.1 46 2.4
    endloop
  endfacet
  facet normal 0 0 -1
    outer loop
      vertex 35.7 44.8 2.4
      vertex 36.9 46 2.4
      vertex 56.3 44.8 2.4
    endloop
  endfacet
  facet normal 0 0 -1
    outer loop
      vertex 35.7 67.6 2.4
      vertex 36.9 46 2.4
      vertex 35.7 44.8 2.4
    endloop
  endfacet
  facet normal 0 0 -1
    outer loop
      vertex 36.9 46 2.4
      vertex 35.7 67.6 2.4
      vertex 36.9 67.6 2.4
    endloop
  endfacet
  facet normal -0 0 -1
    outer loop
      vertex 56.3 67.6 2.4
      vertex 55.1 46 2.4
      vertex 55.1 67.6 2.4
    endloop
  endfacet
  facet normal -1 0 0
    outer loop
      vertex 35.7 44.8 2.4
      vertex 35.7 67.6 6.4
      vertex 35.7 67.6 2.4
    endloop
  endfacet
  facet normal -1 -0 0
    outer loop
      vertex 35.7 67.6 6.4
      vertex 35.7 44.8 2.4
      vertex 35.7 44.8 6.4
    endloop
  endfacet
  facet normal 0 1 -0
    outer loop
      vertex 36.9 67.6 2.4
      vertex 35.7 67.6 6.4
      vertex 36.9 67.6 6.4
    endloop
  endfacet
  facet normal 0 1 0
    outer loop
      vertex 35.7 67.6 6.4
      vertex 36.9 67.6 2.4
      vertex 35.7 67.6 2.4
    endloop
  endfacet
  facet normal 0 -1 0
    outer loop
      vertex 35.7 44.8 2.4
      vertex 56.3 44.8 6.4
      vertex 35.7 44.8 6.4
    endloop
  endfacet
  facet normal 0 -1 -0
    outer loop
      vertex 56.3 44.8 6.4
      vertex 35.7 44.8 2.4
      vertex 56.3 44.8 2.4
    endloop
  endfacet
  facet normal 1 -0 0
    outer loop
      vertex 56.3 44.8 6.4
      vertex 56.3 67.6 2.4
      vertex 56.3 67.6 6.4
    endloop
  endfacet
  facet normal 1 0 0
    outer loop
      vertex 56.3 67.6 2.4
      vertex 56.3 44.8 6.4
      vertex 56.3 44.8 2.4
    endloop
  endfacet
  facet normal -1 0 0
    outer loop
      vertex 55.1 46 2.4
      vertex 55.1 67.6 6.4
      vertex 55.1 67.6 2.4
    endloop
  endfacet
  facet normal -1 -0 0
    outer loop
      vertex 55.1 67.6 6.4
      vertex 55.1 46 2.4
      vertex 55.1 46 6.4
    endloop
  endfacet
  facet normal 0 1 -0
    outer loop
      vertex 56.3 67.6 2.4
      vertex 55.1 67.6 6.4
      vertex 56.3 67.6 6.4
    endloop
  endfacet
  facet normal 0 1 0
    outer loop
      vertex 55.1 67.6 6.4
      vertex 56.3 67.6 2.4
      vertex 55.1 67.6 2.4
    endloop
  endfacet
  facet normal 0 1 -0
    outer loop
      vertex 55.1 46 2.4
      vertex 36.9 46 6.4
      vertex 55.1 46 6.4
    endloop
  endfacet
  facet normal 0 1 0
    outer loop
      vertex 36.9 46 6.4
      vertex 55.1 46 2.4
      vertex 36.9 46 2.4
    endloop
  endfacet
  facet normal 0.52244 0.852676 -0
    outer loop
      vertex 90.0336 70.8743 0
      vertex 89.5252 71.1858 2.4
      vertex 90.0336 70.8743 2.4
    endloop
  endfacet
  facet normal 0.52244 0.852676 0
    outer loop
      vertex 89.5252 71.1858 2.4
      vertex 90.0336 70.8743 0
      vertex 89.5252 71.1858 0
    endloop
  endfacet
  facet normal -0.972369 -0.233448 0
    outer loop
      vertex 0.185985 2.62574 0
      vertex 0.0467834 3.20555 2.4
      vertex 0.0467834 3.20555 0
    endloop
  endfacet
  facet normal -0.972369 -0.233448 0
    outer loop
      vertex 0.0467834 3.20555 2.4
      vertex 0.185985 2.62574 0
      vertex 0.185985 2.62574 2.4
    endloop
  endfacet
  facet normal -0.996917 -0.0784577 0
    outer loop
      vertex 0.0467834 3.20555 0
      vertex 0 3.8 2.4
      vertex 0 3.8 0
    endloop
  endfacet
  facet normal -0.996917 -0.0784577 0
    outer loop
      vertex 0 3.8 2.4
      vertex 0.0467834 3.20555 0
      vertex 0.0467834 3.20555 2.4
    endloop
  endfacet
  facet normal -0.649481 0.760378 0
    outer loop
      vertex 1.56642 70.8743 0
      vertex 1.11299 70.487 2.4
      vertex 1.56642 70.8743 2.4
    endloop
  endfacet
  facet normal -0.649481 0.760378 0
    outer loop
      vertex 1.11299 70.487 2.4
      vertex 1.56642 70.8743 0
      vertex 1.11299 70.487 0
    endloop
  endfacet
  facet normal -0.972378 0.233414 0
    outer loop
      vertex 0.0467834 68.3944 0
      vertex 0.185985 68.9743 2.4
      vertex 0.185985 68.9743 0
    endloop
  endfacet
  facet normal -0.972378 0.233414 0
    outer loop
      vertex 0.185985 68.9743 2.4
      vertex 0.0467834 68.3944 0
      vertex 0.0467834 68.3944 2.4
    endloop
  endfacet
  facet normal 1 -0 0
    outer loop
      vertex 91.6 3.8 2.4
      vertex 91.6 67.8 0
      vertex 91.6 67.8 2.4
    endloop
  endfacet
  facet normal 1 0 0
    outer loop
      vertex 91.6 67.8 0
      vertex 91.6 3.8 2.4
      vertex 91.6 3.8 0
    endloop
  endfacet
  facet normal 0 1 -0
    outer loop
      vertex 87.8 71.6 0
      vertex 3.8 71.6 2.4
      vertex 87.8 71.6 2.4
    endloop
  endfacet
  facet normal 0 1 0
    outer loop
      vertex 3.8 71.6 2.4
      vertex 87.8 71.6 0
      vertex 3.8 71.6 0
    endloop
  endfacet
  facet normal -1 0 0
    outer loop
      vertex 0 3.8 0
      vertex 0 67.8 2.4
      vertex 0 67.8 0
    endloop
  endfacet
  facet normal -1 -0 0
    outer loop
      vertex 0 67.8 2.4
      vertex 0 3.8 0
      vertex 0 3.8 2.4
    endloop
  endfacet
  facet normal -0.233445 0.97237 0
    outer loop
      vertex 3.20555 71.5532 0
      vertex 2.62574 71.414 2.4
      vertex 3.20555 71.5532 2.4
    endloop
  endfacet
  facet normal -0.233445 0.97237 0
    outer loop
      vertex 2.62574 71.414 2.4
      vertex 3.20555 71.5532 0
      vertex 2.62574 71.414 0
    endloop
  endfacet
  facet normal 0 -1 0
    outer loop
      vertex 3.8 0 0
      vertex 87.8 0 2.4
      vertex 3.8 0 2.4
    endloop
  endfacet
  facet normal 0 -1 -0
    outer loop
      vertex 87.8 0 2.4
      vertex 3.8 0 0
      vertex 87.8 0 0
    endloop
  endfacet
  facet normal 0.852685 -0.522425 0
    outer loop
      vertex 90.8743 1.56642 2.4
      vertex 91.1858 2.07484 0
      vertex 91.1858 2.07484 2.4
    endloop
  endfacet
  facet normal 0.852685 -0.522425 0
    outer loop
      vertex 91.1858 2.07484 0
      vertex 90.8743 1.56642 2.4
      vertex 90.8743 1.56642 0
    endloop
  endfacet
  facet normal -0.852631 0.522513 0
    outer loop
      vertex 0.414175 69.5252 0
      vertex 0.725735 70.0336 2.4
      vertex 0.725735 70.0336 0
    endloop
  endfacet
  facet normal -0.852631 0.522513 0
    outer loop
      vertex 0.725735 70.0336 2.4
      vertex 0.414175 69.5252 0
      vertex 0.414175 69.5252 2.4
    endloop
  endfacet
  facet normal 0.760356 0.649506 0
    outer loop
      vertex 90.8743 70.0336 2.4
      vertex 90.487 70.487 0
      vertex 90.487 70.487 2.4
    endloop
  endfacet
  facet normal 0.760356 0.649506 0
    outer loop
      vertex 90.487 70.487 0
      vertex 90.8743 70.0336 2.4
      vertex 90.8743 70.0336 0
    endloop
  endfacet
  facet normal 0.923874 0.382697 0
    outer loop
      vertex 91.414 68.9743 2.4
      vertex 91.1858 69.5252 0
      vertex 91.1858 69.5252 2.4
    endloop
  endfacet
  facet normal 0.923874 0.382697 0
    outer loop
      vertex 91.1858 69.5252 0
      vertex 91.414 68.9743 2.4
      vertex 91.414 68.9743 0
    endloop
  endfacet
  facet normal -0.85264 -0.522498 0
    outer loop
      vertex 0.725735 1.56642 0
      vertex 0.414175 2.07484 2.4
      vertex 0.414175 2.07484 0
    endloop
  endfacet
  facet normal -0.85264 -0.522498 0
    outer loop
      vertex 0.414175 2.07484 2.4
      vertex 0.725735 1.56642 0
      vertex 0.725735 1.56642 2.4
    endloop
  endfacet
  facet normal 0.0784643 -0.996917 0
    outer loop
      vertex 87.8 0 0
      vertex 88.3944 0.0467834 2.4
      vertex 87.8 0 2.4
    endloop
  endfacet
  facet normal 0.0784643 -0.996917 0
    outer loop
      vertex 88.3944 0.0467834 2.4
      vertex 87.8 0 0
      vertex 88.3944 0.0467834 0
    endloop
  endfacet
  facet normal -0.0784854 0.996915 0
    outer loop
      vertex 3.8 71.6 0
      vertex 3.20555 71.5532 2.4
      vertex 3.8 71.6 2.4
    endloop
  endfacet
  facet normal -0.0784854 0.996915 0
    outer loop
      vertex 3.20555 71.5532 2.4
      vertex 3.8 71.6 0
      vertex 3.20555 71.5532 0
    endloop
  endfacet
  facet normal 0.996915 0.0784919 0
    outer loop
      vertex 91.6 67.8 2.4
      vertex 91.5532 68.3944 0
      vertex 91.5532 68.3944 2.4
    endloop
  endfacet
  facet normal 0.996915 0.0784919 0
    outer loop
      vertex 91.5532 68.3944 0
      vertex 91.6 67.8 2.4
      vertex 91.6 67.8 0
    endloop
  endfacet
  facet normal -0.760394 0.649462 0
    outer loop
      vertex 0.725735 70.0336 0
      vertex 1.11299 70.487 2.4
      vertex 1.11299 70.487 0
    endloop
  endfacet
  facet normal -0.760394 0.649462 0
    outer loop
      vertex 1.11299 70.487 2.4
      vertex 0.725735 70.0336 0
      vertex 0.725735 70.0336 2.4
    endloop
  endfacet
  facet normal 0.972378 0.233411 0
    outer loop
      vertex 91.5532 68.3944 2.4
      vertex 91.414 68.9743 0
      vertex 91.414 68.9743 2.4
    endloop
  endfacet
  facet normal 0.972378 0.233411 0
    outer loop
      vertex 91.414 68.9743 0
      vertex 91.5532 68.3944 2.4
      vertex 91.5532 68.3944 0
    endloop
  endfacet
  facet normal 0.0784919 0.996915 -0
    outer loop
      vertex 88.3944 71.5532 0
      vertex 87.8 71.6 2.4
      vertex 88.3944 71.5532 2.4
    endloop
  endfacet
  facet normal 0.0784919 0.996915 0
    outer loop
      vertex 87.8 71.6 2.4
      vertex 88.3944 71.5532 0
      vertex 87.8 71.6 0
    endloop
  endfacet
  facet normal -0.996917 0.0784643 0
    outer loop
      vertex 0 67.8 0
      vertex 0.0467834 68.3944 2.4
      vertex 0.0467834 68.3944 0
    endloop
  endfacet
  facet normal -0.996917 0.0784643 0
    outer loop
      vertex 0.0467834 68.3944 2.4
      vertex 0 67.8 0
      vertex 0 67.8 2.4
    endloop
  endfacet
  facet normal 0.522513 -0.852631 0
    outer loop
      vertex 89.5252 0.414175 0
      vertex 90.0336 0.725735 2.4
      vertex 89.5252 0.414175 2.4
    endloop
  endfacet
  facet normal 0.522513 -0.852631 0
    outer loop
      vertex 90.0336 0.725735 2.4
      vertex 89.5252 0.414175 0
      vertex 90.0336 0.725735 0
    endloop
  endfacet
  facet normal 0.852676 0.52244 0
    outer loop
      vertex 91.1858 69.5252 2.4
      vertex 90.8743 70.0336 0
      vertex 90.8743 70.0336 2.4
    endloop
  endfacet
  facet normal 0.852676 0.52244 0
    outer loop
      vertex 90.8743 70.0336 0
      vertex 91.1858 69.5252 2.4
      vertex 91.1858 69.5252 0
    endloop
  endfacet
  facet normal 0.233414 -0.972378 0
    outer loop
      vertex 88.3944 0.0467834 0
      vertex 88.9743 0.185985 2.4
      vertex 88.3944 0.0467834 2.4
    endloop
  endfacet
  facet normal 0.233414 -0.972378 0
    outer loop
      vertex 88.9743 0.185985 2.4
      vertex 88.3944 0.0467834 0
      vertex 88.9743 0.185985 0
    endloop
  endfacet
  facet normal -0.522498 -0.85264 0
    outer loop
      vertex 1.56642 0.725735 0
      vertex 2.07484 0.414175 2.4
      vertex 1.56642 0.725735 2.4
    endloop
  endfacet
  facet normal -0.522498 -0.85264 -0
    outer loop
      vertex 2.07484 0.414175 2.4
      vertex 1.56642 0.725735 0
      vertex 2.07484 0.414175 0
    endloop
  endfacet
  facet normal 0.97237 -0.233445 0
    outer loop
      vertex 91.414 2.62574 2.4
      vertex 91.5532 3.20555 0
      vertex 91.5532 3.20555 2.4
    endloop
  endfacet
  facet normal 0.97237 -0.233445 0
    outer loop
      vertex 91.5532 3.20555 0
      vertex 91.414 2.62574 2.4
      vertex 91.414 2.62574 0
    endloop
  endfacet
  facet normal 0.649506 0.760356 -0
    outer loop
      vertex 90.487 70.487 0
      vertex 90.0336 70.8743 2.4
      vertex 90.487 70.487 2.4
    endloop
  endfacet
  facet normal 0.649506 0.760356 0
    outer loop
      vertex 90.0336 70.8743 2.4
      vertex 90.487 70.487 0
      vertex 90.0336 70.8743 0
    endloop
  endfacet
  facet normal 0.382697 0.923874 -0
    outer loop
      vertex 89.5252 71.1858 0
      vertex 88.9743 71.414 2.4
      vertex 89.5252 71.1858 2.4
    endloop
  endfacet
  facet normal 0.382697 0.923874 0
    outer loop
      vertex 88.9743 71.414 2.4
      vertex 89.5252 71.1858 0
      vertex 88.9743 71.414 0
    endloop
  endfacet
  facet normal -0.92388 0.382683 0
    outer loop
      vertex 0.185985 68.9743 0
      vertex 0.414175 69.5252 2.4
      vertex 0.414175 69.5252 0
    endloop
  endfacet
  facet normal -0.92388 0.382683 0
    outer loop
      vertex 0.414175 69.5252 2.4
      vertex 0.185985 68.9743 0
      vertex 0.185985 68.9743 2.4
    endloop
  endfacet
  facet normal 0.382683 -0.92388 0
    outer loop
      vertex 88.9743 0.185985 0
      vertex 89.5252 0.414175 2.4
      vertex 88.9743 0.185985 2.4
    endloop
  endfacet
  facet normal 0.382683 -0.92388 0
    outer loop
      vertex 89.5252 0.414175 2.4
      vertex 88.9743 0.185985 0
      vertex 89.5252 0.414175 0
    endloop
  endfacet
  facet normal 0.649462 -0.760394 0
    outer loop
      vertex 90.0336 0.725735 0
      vertex 90.487 1.11299 2.4
      vertex 90.0336 0.725735 2.4
    endloop
  endfacet
  facet normal 0.649462 -0.760394 0
    outer loop
      vertex 90.487 1.11299 2.4
      vertex 90.0336 0.725735 0
      vertex 90.487 1.11299 0
    endloop
  endfacet
  facet normal 0.760378 -0.649481 0
    outer loop
      vertex 90.487 1.11299 2.4
      vertex 90.8743 1.56642 0
      vertex 90.8743 1.56642 2.4
    endloop
  endfacet
  facet normal 0.760378 -0.649481 0
    outer loop
      vertex 90.8743 1.56642 0
      vertex 90.487 1.11299 2.4
      vertex 90.487 1.11299 0
    endloop
  endfacet
  facet normal -0.760415 -0.649438 0
    outer loop
      vertex 1.11299 1.11299 0
      vertex 0.725735 1.56642 2.4
      vertex 0.725735 1.56642 0
    endloop
  endfacet
  facet normal -0.760415 -0.649438 0
    outer loop
      vertex 0.725735 1.56642 2.4
      vertex 1.11299 1.11299 0
      vertex 1.11299 1.11299 2.4
    endloop
  endfacet
  facet normal -0.382683 -0.92388 0
    outer loop
      vertex 2.07484 0.414175 0
      vertex 2.62574 0.185985 2.4
      vertex 2.07484 0.414175 2.4
    endloop
  endfacet
  facet normal -0.382683 -0.92388 -0
    outer loop
      vertex 2.62574 0.185985 2.4
      vertex 2.07484 0.414175 0
      vertex 2.62574 0.185985 0
    endloop
  endfacet
  facet normal -0.649438 -0.760415 0
    outer loop
      vertex 1.11299 1.11299 0
      vertex 1.56642 0.725735 2.4
      vertex 1.11299 1.11299 2.4
    endloop
  endfacet
  facet normal -0.649438 -0.760415 -0
    outer loop
      vertex 1.56642 0.725735 2.4
      vertex 1.11299 1.11299 0
      vertex 1.56642 0.725735 0
    endloop
  endfacet
  facet normal 0.996915 -0.0784854 0
    outer loop
      vertex 91.5532 3.20555 2.4
      vertex 91.6 3.8 0
      vertex 91.6 3.8 2.4
    endloop
  endfacet
  facet normal 0.996915 -0.0784854 0
    outer loop
      vertex 91.6 3.8 0
      vertex 91.5532 3.20555 2.4
      vertex 91.5532 3.20555 0
    endloop
  endfacet
  facet normal -0.382697 0.923874 0
    outer loop
      vertex 2.62574 71.414 0
      vertex 2.07484 71.1858 2.4
      vertex 2.62574 71.414 2.4
    endloop
  endfacet
  facet normal -0.382697 0.923874 0
    outer loop
      vertex 2.07484 71.1858 2.4
      vertex 2.62574 71.414 0
      vertex 2.07484 71.1858 0
    endloop
  endfacet
  facet normal -0.522425 0.852685 0
    outer loop
      vertex 2.07484 71.1858 0
      vertex 1.56642 70.8743 2.4
      vertex 2.07484 71.1858 2.4
    endloop
  endfacet
  facet normal -0.522425 0.852685 0
    outer loop
      vertex 1.56642 70.8743 2.4
      vertex 2.07484 71.1858 0
      vertex 1.56642 70.8743 0
    endloop
  endfacet
  facet normal 0.923874 -0.382697 0
    outer loop
      vertex 91.1858 2.07484 2.4
      vertex 91.414 2.62574 0
      vertex 91.414 2.62574 2.4
    endloop
  endfacet
  facet normal 0.923874 -0.382697 0
    outer loop
      vertex 91.414 2.62574 0
      vertex 91.1858 2.07484 2.4
      vertex 91.1858 2.07484 0
    endloop
  endfacet
  facet normal -0.233448 -0.972369 0
    outer loop
      vertex 2.62574 0.185985 0
      vertex 3.20555 0.0467834 2.4
      vertex 2.62574 0.185985 2.4
    endloop
  endfacet
  facet normal -0.233448 -0.972369 -0
    outer loop
      vertex 3.20555 0.0467834 2.4
      vertex 2.62574 0.185985 0
      vertex 3.20555 0.0467834 0
    endloop
  endfacet
  facet normal 0.233411 0.972378 -0
    outer loop
      vertex 88.9743 71.414 0
      vertex 88.3944 71.5532 2.4
      vertex 88.9743 71.414 2.4
    endloop
  endfacet
  facet normal 0.233411 0.972378 0
    outer loop
      vertex 88.3944 71.5532 2.4
      vertex 88.9743 71.414 0
      vertex 88.3944 71.5532 0
    endloop
  endfacet
  facet normal 0 0 -1
    outer loop
      vertex 8.57302 7.26197 0
      vertex 16 20 0
      vertex 8.75317 6.82705 0
    endloop
  endfacet
  facet normal 0 0 -1
    outer loop
      vertex 16 22.5 0
      vertex 8.86306 65.6307 0
      vertex 8.9 66.1 0
    endloop
  endfacet
  facet normal 0 0 -1
    outer loop
      vertex 8.32705 7.66336 0
      vertex 16 20 0
      vertex 8.57302 7.26197 0
    endloop
  endfacet
  facet normal 0 0 -1
    outer loop
      vertex 16 22.5 0
      vertex 8.75317 65.173 0
      vertex 8.86306 65.6307 0
    endloop
  endfacet
  facet normal 0 0 -1
    outer loop
      vertex 8.02132 8.02132 0
      vertex 16 20 0
      vertex 8.32705 7.66336 0
    endloop
  endfacet
  facet normal 0 0 -1
    outer loop
      vertex 16 22.5 0
      vertex 8.57302 64.738 0
      vertex 8.75317 65.173 0
    endloop
  endfacet
  facet normal 0 0 -1
    outer loop
      vertex 7.66336 8.32705 0
      vertex 16 20 0
      vertex 8.02132 8.02132 0
    endloop
  endfacet
  facet normal 0 0 -1
    outer loop
      vertex 16 22.5 0
      vertex 8.32705 64.3366 0
      vertex 8.57302 64.738 0
    endloop
  endfacet
  facet normal 0 0 -1
    outer loop
      vertex 7.26197 8.57302 0
      vertex 16 20 0
      vertex 7.66336 8.32705 0
    endloop
  endfacet
  facet normal 0 0 -1
    outer loop
      vertex 16 22.5 0
      vertex 8.02132 63.9787 0
      vertex 8.32705 64.3366 0
    endloop
  endfacet
  facet normal 0 0 -1
    outer loop
      vertex 6.82705 8.75317 0
      vertex 16 20 0
      vertex 7.26197 8.57302 0
    endloop
  endfacet
  facet normal 0 0 -1
    outer loop
      vertex 16 22.5 0
      vertex 7.66336 63.673 0
      vertex 8.02132 63.9787 0
    endloop
  endfacet
  facet normal 0 0 -1
    outer loop
      vertex 6.3693 8.86306 0
      vertex 16 20 0
      vertex 6.82705 8.75317 0
    endloop
  endfacet
  facet normal 0 0 -1
    outer loop
      vertex 16 22.5 0
      vertex 7.26197 63.427 0
      vertex 7.66336 63.673 0
    endloop
  endfacet
  facet normal 0 0 -1
    outer loop
      vertex 5.9 8.9 0
      vertex 16 20 0
      vertex 6.3693 8.86306 0
    endloop
  endfacet
  facet normal 0 0 -1
    outer loop
      vertex 16 22.5 0
      vertex 6.82705 63.2468 0
      vertex 7.26197 63.427 0
    endloop
  endfacet
  facet normal 0 0 -1
    outer loop
      vertex 5.4307 8.86306 0
      vertex 16 20 0
      vertex 5.9 8.9 0
    endloop
  endfacet
  facet normal 0 0 -1
    outer loop
      vertex 16 22.5 0
      vertex 6.3693 63.1369 0
      vertex 6.82705 63.2468 0
    endloop
  endfacet
  facet normal -0 0 -1
    outer loop
      vertex 16 20 0
      vertex 5.4307 8.86306 0
      vertex 16 22.5 0
    endloop
  endfacet
  facet normal 0 0 -1
    outer loop
      vertex 16 22.5 0
      vertex 5.9 63.1 0
      vertex 6.3693 63.1369 0
    endloop
  endfacet
  facet normal 0 0 -1
    outer loop
      vertex 4.97295 8.75317 0
      vertex 16 22.5 0
      vertex 5.4307 8.86306 0
    endloop
  endfacet
  facet normal 0 0 -1
    outer loop
      vertex 16 22.5 0
      vertex 5.4307 63.1369 0
      vertex 5.9 63.1 0
    endloop
  endfacet
  facet normal 0 0 -1
    outer loop
      vertex 4.53803 8.57302 0
      vertex 16 22.5 0
      vertex 4.97295 8.75317 0
    endloop
  endfacet
  facet normal 0 0 -1
    outer loop
      vertex 16 22.5 0
      vertex 4.97295 63.2468 0
      vertex 5.4307 63.1369 0
    endloop
  endfacet
  facet normal 0 0 -1
    outer loop
      vertex 4.13664 8.32705 0
      vertex 16 22.5 0
      vertex 4.53803 8.57302 0
    endloop
  endfacet
  facet normal 0 0 -1
    outer loop
      vertex 16 22.5 0
      vertex 4.53803 63.427 0
      vertex 4.97295 63.2468 0
    endloop
  endfacet
  facet normal 0 0 -1
    outer loop
      vertex 4.13664 63.673 0
      vertex 16 22.5 0
      vertex 4.13664 8.32705 0
    endloop
  endfacet
  facet normal 0 0 -1
    outer loop
      vertex 16 22.5 0
      vertex 4.13664 63.673 0
      vertex 4.53803 63.427 0
    endloop
  endfacet
  facet normal 0 0 -1
    outer loop
      vertex 3.77868 8.02132 0
      vertex 4.13664 63.673 0
      vertex 4.13664 8.32705 0
    endloop
  endfacet
  facet normal 0 0 -1
    outer loop
      vertex 3.77868 8.02132 0
      vertex 3.77868 63.9787 0
      vertex 4.13664 63.673 0
    endloop
  endfacet
  facet normal 0 0 -1
    outer loop
      vertex 0 67.8 0
      vertex 3.77868 8.02132 0
      vertex 3.47295 7.66336 0
    endloop
  endfacet
  facet normal 0 0 -1
    outer loop
      vertex 3.77868 8.02132 0
      vertex 0 67.8 0
      vertex 3.77868 63.9787 0
    endloop
  endfacet
  facet normal 0 0 -1
    outer loop
      vertex 0 3.8 0
      vertex 3.47295 7.66336 0
      vertex 3.22698 7.26197 0
    endloop
  endfacet
  facet normal 0 0 -1
    outer loop
      vertex 3.77868 63.9787 0
      vertex 0 67.8 0
      vertex 3.47295 64.3366 0
    endloop
  endfacet
  facet normal 0 0 -1
    outer loop
      vertex 0 3.8 0
      vertex 3.22698 7.26197 0
      vertex 3.04683 6.82705 0
    endloop
  endfacet
  facet normal 0 0 -1
    outer loop
      vertex 3.47295 64.3366 0
      vertex 0 67.8 0
      vertex 3.22698 64.738 0
    endloop
  endfacet
  facet normal 0 0 -1
    outer loop
      vertex 0 3.8 0
      vertex 3.04683 6.82705 0
      vertex 2.93694 6.3693 0
    endloop
  endfacet
  facet normal 0 0 -1
    outer loop
      vertex 3.22698 64.738 0
      vertex 0 67.8 0
      vertex 3.04683 65.173 0
    endloop
  endfacet
  facet normal 0 0 -1
    outer loop
      vertex 0 3.8 0
      vertex 2.93694 6.3693 0
      vertex 2.9 5.9 0
    endloop
  endfacet
  facet normal 0 0 -1
    outer loop
      vertex 3.04683 65.173 0
      vertex 0 67.8 0
      vertex 2.93694 65.6307 0
    endloop
  endfacet
  facet normal 0 0 -1
    outer loop
      vertex 88.773 7.26197 0
      vertex 91.6 3.8 0
      vertex 88.9532 6.82705 0
    endloop
  endfacet
  facet normal 0 0 -1
    outer loop
      vertex 91.6 67.8 0
      vertex 89.0631 65.6307 0
      vertex 89.1 66.1 0
    endloop
  endfacet
  facet normal 0 0 -1
    outer loop
      vertex 88.5271 7.66336 0
      vertex 91.6 3.8 0
      vertex 88.773 7.26197 0
    endloop
  endfacet
  facet normal 0 0 -1
    outer loop
      vertex 91.6 67.8 0
      vertex 88.9532 65.173 0
      vertex 89.0631 65.6307 0
    endloop
  endfacet
  facet normal 0 0 -1
    outer loop
      vertex 91.6 3.8 0
      vertex 88.5271 7.66336 0
      vertex 91.6 67.8 0
    endloop
  endfacet
  facet normal 0 0 -1
    outer loop
      vertex 91.6 67.8 0
      vertex 88.773 64.738 0
      vertex 88.9532 65.173 0
    endloop
  endfacet
  facet normal 0 0 -1
    outer loop
      vertex 88.5271 64.3366 0
      vertex 91.6 67.8 0
      vertex 88.5271 7.66336 0
    endloop
  endfacet
  facet normal 0 0 -1
    outer loop
      vertex 91.6 67.8 0
      vertex 88.5271 64.3366 0
      vertex 88.773 64.738 0
    endloop
  endfacet
  facet normal 0 0 -1
    outer loop
      vertex 88.2213 8.02132 0
      vertex 88.5271 64.3366 0
      vertex 88.5271 7.66336 0
    endloop
  endfacet
  facet normal 0 0 -1
    outer loop
      vertex 88.2213 8.02132 0
      vertex 88.2213 63.9787 0
      vertex 88.5271 64.3366 0
    endloop
  endfacet
  facet normal 0 0 -1
    outer loop
      vertex 87.8634 8.32705 0
      vertex 88.2213 63.9787 0
      vertex 88.2213 8.02132 0
    endloop
  endfacet
  facet normal 0 0 -1
    outer loop
      vertex 87.8634 8.32705 0
      vertex 87.8634 63.673 0
      vertex 88.2213 63.9787 0
    endloop
  endfacet
  facet normal 0 0 -1
    outer loop
      vertex 76 22.5 0
      vertex 87.8634 8.32705 0
      vertex 87.462 8.57302 0
    endloop
  endfacet
  facet normal 0 0 -1
    outer loop
      vertex 87.8634 8.32705 0
      vertex 76 22.5 0
      vertex 87.8634 63.673 0
    endloop
  endfacet
  facet normal 0 0 -1
    outer loop
      vertex 76 22.5 0
      vertex 87.462 8.57302 0
      vertex 87.0271 8.75317 0
    endloop
  endfacet
  facet normal 0 0 -1
    outer loop
      vertex 87.8634 63.673 0
      vertex 76 22.5 0
      vertex 87.462 63.427 0
    endloop
  endfacet
  facet normal 0 0 -1
    outer loop
      vertex 76 22.5 0
      vertex 87.0271 8.75317 0
      vertex 86.5693 8.86306 0
    endloop
  endfacet
  facet normal 0 0 -1
    outer loop
      vertex 87.462 63.427 0
      vertex 76 22.5 0
      vertex 87.0271 63.2468 0
    endloop
  endfacet
  facet normal 0 0 -1
    outer loop
      vertex 76 20 0
      vertex 86.5693 8.86306 0
      vertex 86.1 8.9 0
    endloop
  endfacet
  facet normal 0 0 -1
    outer loop
      vertex 87.0271 63.2468 0
      vertex 76 22.5 0
      vertex 86.5693 63.1369 0
    endloop
  endfacet
  facet normal 0 0 -1
    outer loop
      vertex 76 20 0
      vertex 86.1 8.9 0
      vertex 85.6307 8.86306 0
    endloop
  endfacet
  facet normal 0 0 -1
    outer loop
      vertex 86.5693 63.1369 0
      vertex 76 22.5 0
      vertex 86.1 63.1 0
    endloop
  endfacet
  facet normal 0 0 -1
    outer loop
      vertex 76 20 0
      vertex 85.6307 8.86306 0
      vertex 85.173 8.75317 0
    endloop
  endfacet
  facet normal -0 0 -1
    outer loop
      vertex 86.1 63.1 0
      vertex 76 22.5 0
      vertex 85.6307 63.1369 0
    endloop
  endfacet
  facet normal 0 0 -1
    outer loop
      vertex 76 20 0
      vertex 85.173 8.75317 0
      vertex 84.738 8.57302 0
    endloop
  endfacet
  facet normal -0 0 -1
    outer loop
      vertex 85.6307 63.1369 0
      vertex 76 22.5 0
      vertex 85.173 63.2468 0
    endloop
  endfacet
  facet normal 0 0 -1
    outer loop
      vertex 76 20 0
      vertex 84.738 8.57302 0
      vertex 84.3366 8.32705 0
    endloop
  endfacet
  facet normal -0 0 -1
    outer loop
      vertex 85.173 63.2468 0
      vertex 76 22.5 0
      vertex 84.738 63.427 0
    endloop
  endfacet
  facet normal 0 0 -1
    outer loop
      vertex 76 20 0
      vertex 84.3366 8.32705 0
      vertex 83.9787 8.02132 0
    endloop
  endfacet
  facet normal -0 0 -1
    outer loop
      vertex 84.738 63.427 0
      vertex 76 22.5 0
      vertex 84.3366 63.673 0
    endloop
  endfacet
  facet normal 0 0 -1
    outer loop
      vertex 76 20 0
      vertex 83.9787 8.02132 0
      vertex 83.673 7.66336 0
    endloop
  endfacet
  facet normal -0 0 -1
    outer loop
      vertex 84.3366 63.673 0
      vertex 76 22.5 0
      vertex 83.9787 63.9787 0
    endloop
  endfacet
  facet normal 0 0 -1
    outer loop
      vertex 76 20 0
      vertex 83.673 7.66336 0
      vertex 83.427 7.26197 0
    endloop
  endfacet
  facet normal 0 0 -1
    outer loop
      vertex 56 22.5 0
      vertex 83.9787 63.9787 0
      vertex 76 22.5 0
    endloop
  endfacet
  facet normal 0 0 -1
    outer loop
      vertex 76 20 0
      vertex 83.427 7.26197 0
      vertex 83.2468 6.82705 0
    endloop
  endfacet
  facet normal -0 0 -1
    outer loop
      vertex 83.9787 63.9787 0
      vertex 56 22.5 0
      vertex 83.673 64.3366 0
    endloop
  endfacet
  facet normal 0 0 -1
    outer loop
      vertex 76 20 0
      vertex 83.2468 6.82705 0
      vertex 83.1369 6.3693 0
    endloop
  endfacet
  facet normal -0 0 -1
    outer loop
      vertex 83.673 64.3366 0
      vertex 56 22.5 0
      vertex 83.427 64.738 0
    endloop
  endfacet
  facet normal 0 0 -1
    outer loop
      vertex 76 20 0
      vertex 83.1369 6.3693 0
      vertex 83.1 5.9 0
    endloop
  endfacet
  facet normal -0 0 -1
    outer loop
      vertex 83.427 64.738 0
      vertex 56 22.5 0
      vertex 83.2468 65.173 0
    endloop
  endfacet
  facet normal 0 0 -1
    outer loop
      vertex 88.773 4.53803 0
      vertex 91.6 3.8 0
      vertex 91.5532 3.20555 0
    endloop
  endfacet
  facet normal 0 0 -1
    outer loop
      vertex 89.0631 6.3693 0
      vertex 91.6 3.8 0
      vertex 89.1 5.9 0
    endloop
  endfacet
  facet normal 0 0 -1
    outer loop
      vertex 88.5271 4.13664 0
      vertex 91.5532 3.20555 0
      vertex 91.414 2.62574 0
    endloop
  endfacet
  facet normal 0 0 -1
    outer loop
      vertex 88.9532 6.82705 0
      vertex 91.6 3.8 0
      vertex 89.0631 6.3693 0
    endloop
  endfacet
  facet normal 0 0 -1
    outer loop
      vertex 88.5271 4.13664 0
      vertex 91.414 2.62574 0
      vertex 91.1858 2.07484 0
    endloop
  endfacet
  facet normal 0 0 -1
    outer loop
      vertex 89.0631 66.5693 0
      vertex 91.6 67.8 0
      vertex 89.1 66.1 0
    endloop
  endfacet
  facet normal 0 0 -1
    outer loop
      vertex 88.2213 3.77868 0
      vertex 91.1858 2.07484 0
      vertex 90.8743 1.56642 0
    endloop
  endfacet
  facet normal 0 0 -1
    outer loop
      vertex 88.9532 67.0271 0
      vertex 91.6 67.8 0
      vertex 89.0631 66.5693 0
    endloop
  endfacet
  facet normal 0 0 -1
    outer loop
      vertex 88.2213 3.77868 0
      vertex 90.8743 1.56642 0
      vertex 90.487 1.11299 0
    endloop
  endfacet
  facet normal 0 0 -1
    outer loop
      vertex 88.773 67.462 0
      vertex 91.6 67.8 0
      vertex 88.9532 67.0271 0
    endloop
  endfacet
  facet normal 0 0 -1
    outer loop
      vertex 87.8634 3.47295 0
      vertex 90.487 1.11299 0
      vertex 90.0336 0.725735 0
    endloop
  endfacet
  facet normal -0 0 -1
    outer loop
      vertex 91.6 67.8 0
      vertex 88.773 67.462 0
      vertex 91.5532 68.3944 0
    endloop
  endfacet
  facet normal 0 0 -1
    outer loop
      vertex 87.8634 3.47295 0
      vertex 90.0336 0.725735 0
      vertex 89.5252 0.414175 0
    endloop
  endfacet
  facet normal -0 0 -1
    outer loop
      vertex 91.5532 68.3944 0
      vertex 88.773 67.462 0
      vertex 91.414 68.9743 0
    endloop
  endfacet
  facet normal 0 0 -1
    outer loop
      vertex 88.5271 67.8634 0
      vertex 91.414 68.9743 0
      vertex 88.773 67.462 0
    endloop
  endfacet
  facet normal 0 0 -1
    outer loop
      vertex 91.6 3.8 0
      vertex 89.0631 5.4307 0
      vertex 89.1 5.9 0
    endloop
  endfacet
  facet normal 0 0 -1
    outer loop
      vertex 87.8634 3.47295 0
      vertex 89.5252 0.414175 0
      vertex 88.9743 0.185985 0
    endloop
  endfacet
  facet normal 0 0 -1
    outer loop
      vertex 91.6 3.8 0
      vertex 88.9532 4.97295 0
      vertex 89.0631 5.4307 0
    endloop
  endfacet
  facet normal 0 0 -1
    outer loop
      vertex 91.6 3.8 0
      vertex 88.773 4.53803 0
      vertex 88.9532 4.97295 0
    endloop
  endfacet
  facet normal 0 0 -1
    outer loop
      vertex 91.5532 3.20555 0
      vertex 88.5271 4.13664 0
      vertex 88.773 4.53803 0
    endloop
  endfacet
  facet normal 0 0 -1
    outer loop
      vertex 87.462 3.22698 0
      vertex 88.9743 0.185985 0
      vertex 88.3944 0.0467834 0
    endloop
  endfacet
  facet normal 0 0 -1
    outer loop
      vertex 91.1858 2.07484 0
      vertex 88.2213 3.77868 0
      vertex 88.5271 4.13664 0
    endloop
  endfacet
  facet normal 0 0 -1
    outer loop
      vertex 90.487 1.11299 0
      vertex 87.8634 3.47295 0
      vertex 88.2213 3.77868 0
    endloop
  endfacet
  facet normal 0 0 -1
    outer loop
      vertex 87.462 3.22698 0
      vertex 88.3944 0.0467834 0
      vertex 87.8 0 0
    endloop
  endfacet
  facet normal 0 0 -1
    outer loop
      vertex 88.9743 0.185985 0
      vertex 87.462 3.22698 0
      vertex 87.8634 3.47295 0
    endloop
  endfacet
  facet normal 0 0 -1
    outer loop
      vertex 87.8 0 0
      vertex 87.0271 3.04683 0
      vertex 87.462 3.22698 0
    endloop
  endfacet
  facet normal 0 0 -1
    outer loop
      vertex 87.8 0 0
      vertex 86.5693 2.93694 0
      vertex 87.0271 3.04683 0
    endloop
  endfacet
  facet normal 0 0 -1
    outer loop
      vertex 87.8 0 0
      vertex 86.1 2.9 0
      vertex 86.5693 2.93694 0
    endloop
  endfacet
  facet normal 0 0 -1
    outer loop
      vertex 87.8 0 0
      vertex 85.6307 2.93694 0
      vertex 86.1 2.9 0
    endloop
  endfacet
  facet normal 0 0 -1
    outer loop
      vertex 87.8 0 0
      vertex 85.173 3.04683 0
      vertex 85.6307 2.93694 0
    endloop
  endfacet
  facet normal 0 0 -1
    outer loop
      vertex 87.8 0 0
      vertex 84.738 3.22698 0
      vertex 85.173 3.04683 0
    endloop
  endfacet
  facet normal 0 0 -1
    outer loop
      vertex 87.8 0 0
      vertex 84.3366 3.47295 0
      vertex 84.738 3.22698 0
    endloop
  endfacet
  facet normal 0 0 -1
    outer loop
      vertex 87.8 0 0
      vertex 83.9787 3.77868 0
      vertex 84.3366 3.47295 0
    endloop
  endfacet
  facet normal 0 0 -1
    outer loop
      vertex 86.5693 8.86306 0
      vertex 76 20 0
      vertex 76 22.5 0
    endloop
  endfacet
  facet normal 0 0 -1
    outer loop
      vertex 56 20 0
      vertex 83.1 5.9 0
      vertex 83.1369 5.4307 0
    endloop
  endfacet
  facet normal 0 0 -1
    outer loop
      vertex 56 20 0
      vertex 83.1369 5.4307 0
      vertex 83.2468 4.97295 0
    endloop
  endfacet
  facet normal 0 0 -1
    outer loop
      vertex 56 20 0
      vertex 83.2468 4.97295 0
      vertex 83.427 4.53803 0
    endloop
  endfacet
  facet normal 0 0 -1
    outer loop
      vertex 83.1 5.9 0
      vertex 56 20 0
      vertex 76 20 0
    endloop
  endfacet
  facet normal 0 0 -1
    outer loop
      vertex 83.673 4.13664 0
      vertex 56 20 0
      vertex 83.427 4.53803 0
    endloop
  endfacet
  facet normal 0 0 -1
    outer loop
      vertex 83.9787 3.77868 0
      vertex 56 20 0
      vertex 83.673 4.13664 0
    endloop
  endfacet
  facet normal 0 0 -1
    outer loop
      vertex 8.02132 3.77868 0
      vertex 83.9787 3.77868 0
      vertex 87.8 0 0
    endloop
  endfacet
  facet normal 0 0 -1
    outer loop
      vertex 56 20 0
      vertex 36 20 0
      vertex 56 22.5 0
    endloop
  endfacet
  facet normal 0 0 -1
    outer loop
      vertex 83.9787 3.77868 0
      vertex 8.02132 3.77868 0
      vertex 56 20 0
    endloop
  endfacet
  facet normal -0 0 -1
    outer loop
      vertex 56 20 0
      vertex 8.02132 3.77868 0
      vertex 36 20 0
    endloop
  endfacet
  facet normal 0 0 -1
    outer loop
      vertex 8.86306 6.3693 0
      vertex 16 20 0
      vertex 8.9 5.9 0
    endloop
  endfacet
  facet normal 0 -0 -1
    outer loop
      vertex 8.86306 5.4307 0
      vertex 36 20 0
      vertex 8.75317 4.97295 0
    endloop
  endfacet
  facet normal -0 0 -1
    outer loop
      vertex 36 20 0
      vertex 8.9 5.9 0
      vertex 16 20 0
    endloop
  endfacet
  facet normal 0 -0 -1
    outer loop
      vertex 8.9 5.9 0
      vertex 36 20 0
      vertex 8.86306 5.4307 0
    endloop
  endfacet
  facet normal 0 0 -1
    outer loop
      vertex 36 20 0
      vertex 8.57302 4.53803 0
      vertex 8.75317 4.97295 0
    endloop
  endfacet
  facet normal 0 0 -1
    outer loop
      vertex 36 20 0
      vertex 8.32705 4.13664 0
      vertex 8.57302 4.53803 0
    endloop
  endfacet
  facet normal 0 0 -1
    outer loop
      vertex 36 20 0
      vertex 8.02132 3.77868 0
      vertex 8.32705 4.13664 0
    endloop
  endfacet
  facet normal 0 0 -1
    outer loop
      vertex 87.8 0 0
      vertex 7.66336 3.47295 0
      vertex 8.02132 3.77868 0
    endloop
  endfacet
  facet normal 0 0 -1
    outer loop
      vertex 3.8 0 0
      vertex 7.66336 3.47295 0
      vertex 87.8 0 0
    endloop
  endfacet
  facet normal 0 0 -1
    outer loop
      vertex 7.66336 3.47295 0
      vertex 3.8 0 0
      vertex 7.26197 3.22698 0
    endloop
  endfacet
  facet normal 0 0 -1
    outer loop
      vertex 7.26197 3.22698 0
      vertex 3.8 0 0
      vertex 6.82705 3.04683 0
    endloop
  endfacet
  facet normal 0 0 -1
    outer loop
      vertex 6.82705 3.04683 0
      vertex 3.8 0 0
      vertex 6.3693 2.93694 0
    endloop
  endfacet
  facet normal 0 0 -1
    outer loop
      vertex 6.3693 2.93694 0
      vertex 3.8 0 0
      vertex 5.9 2.9 0
    endloop
  endfacet
  facet normal 0 0 -1
    outer loop
      vertex 3.8 0 0
      vertex 5.4307 2.93694 0
      vertex 5.9 2.9 0
    endloop
  endfacet
  facet normal 0 0 -1
    outer loop
      vertex 3.8 0 0
      vertex 4.97295 3.04683 0
      vertex 5.4307 2.93694 0
    endloop
  endfacet
  facet normal 0 0 -1
    outer loop
      vertex 3.8 0 0
      vertex 4.53803 3.22698 0
      vertex 4.97295 3.04683 0
    endloop
  endfacet
  facet normal 0 0 -1
    outer loop
      vertex 3.20555 0.0467834 0
      vertex 4.53803 3.22698 0
      vertex 3.8 0 0
    endloop
  endfacet
  facet normal -0 0 -1
    outer loop
      vertex 4.53803 3.22698 0
      vertex 3.20555 0.0467834 0
      vertex 4.13664 3.47295 0
    endloop
  endfacet
  facet normal 0 0 -1
    outer loop
      vertex 2.62574 0.185985 0
      vertex 4.13664 3.47295 0
      vertex 3.20555 0.0467834 0
    endloop
  endfacet
  facet normal 0 0 -1
    outer loop
      vertex 2.07484 0.414175 0
      vertex 4.13664 3.47295 0
      vertex 2.62574 0.185985 0
    endloop
  endfacet
  facet normal 0 0 -1
    outer loop
      vertex 1.56642 0.725735 0
      vertex 4.13664 3.47295 0
      vertex 2.07484 0.414175 0
    endloop
  endfacet
  facet normal -0 0 -1
    outer loop
      vertex 4.13664 3.47295 0
      vertex 1.56642 0.725735 0
      vertex 3.77868 3.77868 0
    endloop
  endfacet
  facet normal 0 0 -1
    outer loop
      vertex 1.11299 1.11299 0
      vertex 3.77868 3.77868 0
      vertex 1.56642 0.725735 0
    endloop
  endfacet
  facet normal 0 0 -1
    outer loop
      vertex 0.725735 1.56642 0
      vertex 3.77868 3.77868 0
      vertex 1.11299 1.11299 0
    endloop
  endfacet
  facet normal 0 0 -1
    outer loop
      vertex 0.414175 2.07484 0
      vertex 3.47295 4.13664 0
      vertex 0.725735 1.56642 0
    endloop
  endfacet
  facet normal -0 0 -1
    outer loop
      vertex 3.77868 3.77868 0
      vertex 0.725735 1.56642 0
      vertex 3.47295 4.13664 0
    endloop
  endfacet
  facet normal -0 0 -1
    outer loop
      vertex 91.414 68.9743 0
      vertex 88.5271 67.8634 0
      vertex 91.1858 69.5252 0
    endloop
  endfacet
  facet normal -0 0 -1
    outer loop
      vertex 91.1858 69.5252 0
      vertex 88.5271 67.8634 0
      vertex 90.8743 70.0336 0
    endloop
  endfacet
  facet normal 0 0 -1
    outer loop
      vertex 88.2213 68.2213 0
      vertex 90.8743 70.0336 0
      vertex 88.5271 67.8634 0
    endloop
  endfacet
  facet normal -0 0 -1
    outer loop
      vertex 90.8743 70.0336 0
      vertex 88.2213 68.2213 0
      vertex 90.487 70.487 0
    endloop
  endfacet
  facet normal -0 0 -1
    outer loop
      vertex 90.487 70.487 0
      vertex 88.2213 68.2213 0
      vertex 90.0336 70.8743 0
    endloop
  endfacet
  facet normal 0 0 -1
    outer loop
      vertex 87.8634 68.5271 0
      vertex 90.0336 70.8743 0
      vertex 88.2213 68.2213 0
    endloop
  endfacet
  facet normal -0 0 -1
    outer loop
      vertex 90.0336 70.8743 0
      vertex 87.8634 68.5271 0
      vertex 89.5252 71.1858 0
    endloop
  endfacet
  facet normal -0 0 -1
    outer loop
      vertex 89.5252 71.1858 0
      vertex 87.8634 68.5271 0
      vertex 88.9743 71.414 0
    endloop
  endfacet
  facet normal 0 0 -1
    outer loop
      vertex 87.462 68.773 0
      vertex 88.9743 71.414 0
      vertex 87.8634 68.5271 0
    endloop
  endfacet
  facet normal -0 0 -1
    outer loop
      vertex 88.9743 71.414 0
      vertex 87.462 68.773 0
      vertex 88.3944 71.5532 0
    endloop
  endfacet
  facet normal -0 0 -1
    outer loop
      vertex 88.3944 71.5532 0
      vertex 87.462 68.773 0
      vertex 87.8 71.6 0
    endloop
  endfacet
  facet normal 0 0 -1
    outer loop
      vertex 87.0271 68.9532 0
      vertex 87.8 71.6 0
      vertex 87.462 68.773 0
    endloop
  endfacet
  facet normal 0 0 -1
    outer loop
      vertex 86.5693 69.0631 0
      vertex 87.8 71.6 0
      vertex 87.0271 68.9532 0
    endloop
  endfacet
  facet normal 0 0 -1
    outer loop
      vertex 86.1 69.1 0
      vertex 87.8 71.6 0
      vertex 86.5693 69.0631 0
    endloop
  endfacet
  facet normal 0 0 -1
    outer loop
      vertex 85.6307 69.0631 0
      vertex 87.8 71.6 0
      vertex 86.1 69.1 0
    endloop
  endfacet
  facet normal 0 0 -1
    outer loop
      vertex 85.173 68.9532 0
      vertex 87.8 71.6 0
      vertex 85.6307 69.0631 0
    endloop
  endfacet
  facet normal 0 0 -1
    outer loop
      vertex 84.738 68.773 0
      vertex 87.8 71.6 0
      vertex 85.173 68.9532 0
    endloop
  endfacet
  facet normal 0 0 -1
    outer loop
      vertex 84.3366 68.5271 0
      vertex 87.8 71.6 0
      vertex 84.738 68.773 0
    endloop
  endfacet
  facet normal 0 0 -1
    outer loop
      vertex 7.66336 68.5271 0
      vertex 84.3366 68.5271 0
      vertex 83.9787 68.2213 0
    endloop
  endfacet
  facet normal -0 0 -1
    outer loop
      vertex 83.2468 65.173 0
      vertex 56 22.5 0
      vertex 83.1369 65.6307 0
    endloop
  endfacet
  facet normal 0 0 -1
    outer loop
      vertex 36 22.5 0
      vertex 83.1369 65.6307 0
      vertex 56 22.5 0
    endloop
  endfacet
  facet normal 0 0 -1
    outer loop
      vertex 8.9 66.1 0
      vertex 83.1369 65.6307 0
      vertex 36 22.5 0
    endloop
  endfacet
  facet normal 0 0 -1
    outer loop
      vertex 83.1369 65.6307 0
      vertex 8.9 66.1 0
      vertex 83.1 66.1 0
    endloop
  endfacet
  facet normal 0 0 -1
    outer loop
      vertex 83.1 66.1 0
      vertex 8.9 66.1 0
      vertex 83.1369 66.5693 0
    endloop
  endfacet
  facet normal 0 0 -1
    outer loop
      vertex 36 22.5 0
      vertex 56 22.5 0
      vertex 36 20 0
    endloop
  endfacet
  facet normal 0 0 -1
    outer loop
      vertex 8.86306 66.5693 0
      vertex 83.1369 66.5693 0
      vertex 8.9 66.1 0
    endloop
  endfacet
  facet normal 0 0 -1
    outer loop
      vertex 83.1369 66.5693 0
      vertex 8.86306 66.5693 0
      vertex 83.2468 67.0271 0
    endloop
  endfacet
  facet normal 0 0 -1
    outer loop
      vertex 8.75317 67.0271 0
      vertex 83.2468 67.0271 0
      vertex 8.86306 66.5693 0
    endloop
  endfacet
  facet normal 0 0 -1
    outer loop
      vertex 8.9 66.1 0
      vertex 36 22.5 0
      vertex 16 22.5 0
    endloop
  endfacet
  facet normal 0 0 -1
    outer loop
      vertex 83.2468 67.0271 0
      vertex 8.75317 67.0271 0
      vertex 83.427 67.462 0
    endloop
  endfacet
  facet normal 0 0 -1
    outer loop
      vertex 8.75317 6.82705 0
      vertex 16 20 0
      vertex 8.86306 6.3693 0
    endloop
  endfacet
  facet normal 0 0 -1
    outer loop
      vertex 8.57302 67.462 0
      vertex 83.427 67.462 0
      vertex 8.75317 67.0271 0
    endloop
  endfacet
  facet normal 0 0 -1
    outer loop
      vertex 83.427 67.462 0
      vertex 8.57302 67.462 0
      vertex 83.673 67.8634 0
    endloop
  endfacet
  facet normal 0 0 -1
    outer loop
      vertex 8.32705 67.8634 0
      vertex 83.673 67.8634 0
      vertex 8.57302 67.462 0
    endloop
  endfacet
  facet normal 0 0 -1
    outer loop
      vertex 83.673 67.8634 0
      vertex 8.32705 67.8634 0
      vertex 83.9787 68.2213 0
    endloop
  endfacet
  facet normal 0 0 -1
    outer loop
      vertex 8.02132 68.2213 0
      vertex 83.9787 68.2213 0
      vertex 8.32705 67.8634 0
    endloop
  endfacet
  facet normal 0 0 -1
    outer loop
      vertex 7.66336 68.5271 0
      vertex 83.9787 68.2213 0
      vertex 8.02132 68.2213 0
    endloop
  endfacet
  facet normal 0 0 -1
    outer loop
      vertex 84.3366 68.5271 0
      vertex 7.66336 68.5271 0
      vertex 87.8 71.6 0
    endloop
  endfacet
  facet normal 0 0 -1
    outer loop
      vertex 3.8 71.6 0
      vertex 7.66336 68.5271 0
      vertex 7.26197 68.773 0
    endloop
  endfacet
  facet normal 0 0 -1
    outer loop
      vertex 3.8 71.6 0
      vertex 7.26197 68.773 0
      vertex 6.82705 68.9532 0
    endloop
  endfacet
  facet normal 0 0 -1
    outer loop
      vertex 3.8 71.6 0
      vertex 6.82705 68.9532 0
      vertex 6.3693 69.0631 0
    endloop
  endfacet
  facet normal 0 0 -1
    outer loop
      vertex 3.8 71.6 0
      vertex 6.3693 69.0631 0
      vertex 5.9 69.1 0
    endloop
  endfacet
  facet normal 0 0 -1
    outer loop
      vertex 7.66336 68.5271 0
      vertex 3.8 71.6 0
      vertex 87.8 71.6 0
    endloop
  endfacet
  facet normal 0 0 -1
    outer loop
      vertex 5.4307 69.0631 0
      vertex 3.8 71.6 0
      vertex 5.9 69.1 0
    endloop
  endfacet
  facet normal 0 0 -1
    outer loop
      vertex 4.97295 68.9532 0
      vertex 3.8 71.6 0
      vertex 5.4307 69.0631 0
    endloop
  endfacet
  facet normal 0 0 -1
    outer loop
      vertex 4.53803 68.773 0
      vertex 3.8 71.6 0
      vertex 4.97295 68.9532 0
    endloop
  endfacet
  facet normal 0 0 -1
    outer loop
      vertex 3.20555 71.5532 0
      vertex 4.53803 68.773 0
      vertex 4.13664 68.5271 0
    endloop
  endfacet
  facet normal 0 0 -1
    outer loop
      vertex 2.07484 71.1858 0
      vertex 4.13664 68.5271 0
      vertex 3.77868 68.2213 0
    endloop
  endfacet
  facet normal 0 0 -1
    outer loop
      vertex 1.11299 70.487 0
      vertex 3.77868 68.2213 0
      vertex 3.47295 67.8634 0
    endloop
  endfacet
  facet normal 0 0 -1
    outer loop
      vertex 0.185985 68.9743 0
      vertex 3.47295 67.8634 0
      vertex 3.22698 67.462 0
    endloop
  endfacet
  facet normal 0 0 -1
    outer loop
      vertex 4.53803 68.773 0
      vertex 3.20555 71.5532 0
      vertex 3.8 71.6 0
    endloop
  endfacet
  facet normal 0 0 -1
    outer loop
      vertex 0 67.8 0
      vertex 3.22698 67.462 0
      vertex 3.04683 67.0271 0
    endloop
  endfacet
  facet normal 0 0 -1
    outer loop
      vertex 0 67.8 0
      vertex 3.04683 67.0271 0
      vertex 2.93694 66.5693 0
    endloop
  endfacet
  facet normal 0 0 -1
    outer loop
      vertex 0 67.8 0
      vertex 2.93694 66.5693 0
      vertex 2.9 66.1 0
    endloop
  endfacet
  facet normal 0 0 -1
    outer loop
      vertex 4.13664 68.5271 0
      vertex 2.62574 71.414 0
      vertex 3.20555 71.5532 0
    endloop
  endfacet
  facet normal -0 0 -1
    outer loop
      vertex 3.47295 7.66336 0
      vertex 0 3.8 0
      vertex 0 67.8 0
    endloop
  endfacet
  facet normal 0 0 -1
    outer loop
      vertex 0.185985 2.62574 0
      vertex 3.47295 4.13664 0
      vertex 0.414175 2.07484 0
    endloop
  endfacet
  facet normal 0 0 -1
    outer loop
      vertex 2.93694 65.6307 0
      vertex 0 67.8 0
      vertex 2.9 66.1 0
    endloop
  endfacet
  facet normal 0 0 -1
    outer loop
      vertex 0.0467834 3.20555 0
      vertex 3.47295 4.13664 0
      vertex 0.185985 2.62574 0
    endloop
  endfacet
  facet normal 0 0 -1
    outer loop
      vertex 3.22698 67.462 0
      vertex 0 67.8 0
      vertex 0.0467834 68.3944 0
    endloop
  endfacet
  facet normal -0 0 -1
    outer loop
      vertex 3.47295 4.13664 0
      vertex 0.0467834 3.20555 0
      vertex 3.22698 4.53803 0
    endloop
  endfacet
  facet normal 0 0 -1
    outer loop
      vertex 4.13664 68.5271 0
      vertex 2.07484 71.1858 0
      vertex 2.62574 71.414 0
    endloop
  endfacet
  facet normal 0 0 -1
    outer loop
      vertex 0 3.8 0
      vertex 3.22698 4.53803 0
      vertex 0.0467834 3.20555 0
    endloop
  endfacet
  facet normal 0 0 -1
    outer loop
      vertex 3.77868 68.2213 0
      vertex 1.56642 70.8743 0
      vertex 2.07484 71.1858 0
    endloop
  endfacet
  facet normal -0 0 -1
    outer loop
      vertex 3.22698 4.53803 0
      vertex 0 3.8 0
      vertex 3.04683 4.97295 0
    endloop
  endfacet
  facet normal 0 0 -1
    outer loop
      vertex 3.77868 68.2213 0
      vertex 1.11299 70.487 0
      vertex 1.56642 70.8743 0
    endloop
  endfacet
  facet normal -0 0 -1
    outer loop
      vertex 3.04683 4.97295 0
      vertex 0 3.8 0
      vertex 2.93694 5.4307 0
    endloop
  endfacet
  facet normal 0 0 -1
    outer loop
      vertex 3.47295 67.8634 0
      vertex 0.725735 70.0336 0
      vertex 1.11299 70.487 0
    endloop
  endfacet
  facet normal -0 0 -1
    outer loop
      vertex 2.93694 5.4307 0
      vertex 0 3.8 0
      vertex 2.9 5.9 0
    endloop
  endfacet
  facet normal 0 0 -1
    outer loop
      vertex 3.47295 67.8634 0
      vertex 0.414175 69.5252 0
      vertex 0.725735 70.0336 0
    endloop
  endfacet
  facet normal 0 0 -1
    outer loop
      vertex 3.47295 67.8634 0
      vertex 0.185985 68.9743 0
      vertex 0.414175 69.5252 0
    endloop
  endfacet
  facet normal 0 0 -1
    outer loop
      vertex 3.22698 67.462 0
      vertex 0.0467834 68.3944 0
      vertex 0.185985 68.9743 0
    endloop
  endfacet
  facet normal -0.0784577 -0.996917 0
    outer loop
      vertex 3.20555 0.0467834 0
      vertex 3.8 0 2.4
      vertex 3.20555 0.0467834 2.4
    endloop
  endfacet
  facet normal -0.0784577 -0.996917 -0
    outer loop
      vertex 3.8 0 2.4
      vertex 3.20555 0.0467834 0
      vertex 3.8 0 0
    endloop
  endfacet
  facet normal -0 0 1
    outer loop
      vertex 7.41471 65.3282 2.4
      vertex 36 22.5 2.4
      vertex 7.5168 65.5747 2.4
    endloop
  endfacet
  facet normal 0 0 1
    outer loop
      vertex 16 22.5 2.4
      vertex 7.57907 6.16594 2.4
      vertex 7.6 5.9 2.4
    endloop
  endfacet
  facet normal -0 0 1
    outer loop
      vertex 7.27533 65.1008 2.4
      vertex 36 22.5 2.4
      vertex 7.41471 65.3282 2.4
    endloop
  endfacet
  facet normal 0 0 1
    outer loop
      vertex 16 22.5 2.4
      vertex 7.5168 6.42533 2.4
      vertex 7.57907 6.16594 2.4
    endloop
  endfacet
  facet normal -0 0 1
    outer loop
      vertex 7.10208 64.8979 2.4
      vertex 36 22.5 2.4
      vertex 7.27533 65.1008 2.4
    endloop
  endfacet
  facet normal 0 0 1
    outer loop
      vertex 16 22.5 2.4
      vertex 7.41471 6.67178 2.4
      vertex 7.5168 6.42533 2.4
    endloop
  endfacet
  facet normal 0 0 1
    outer loop
      vertex 36 22.5 2.4
      vertex 7.10208 64.8979 2.4
      vertex 16 22.5 2.4
    endloop
  endfacet
  facet normal 0 0 1
    outer loop
      vertex 16 22.5 2.4
      vertex 7.27533 6.89923 2.4
      vertex 7.41471 6.67178 2.4
    endloop
  endfacet
  facet normal -0 0 1
    outer loop
      vertex 6.89923 64.7247 2.4
      vertex 16 22.5 2.4
      vertex 7.10208 64.8979 2.4
    endloop
  endfacet
  facet normal 0 0 1
    outer loop
      vertex 16 22.5 2.4
      vertex 7.10208 7.10208 2.4
      vertex 7.27533 6.89923 2.4
    endloop
  endfacet
  facet normal -0 0 1
    outer loop
      vertex 6.67178 64.5853 2.4
      vertex 16 22.5 2.4
      vertex 6.89923 64.7247 2.4
    endloop
  endfacet
  facet normal 0 0 1
    outer loop
      vertex 16 22.5 2.4
      vertex 6.89923 7.27533 2.4
      vertex 7.10208 7.10208 2.4
    endloop
  endfacet
  facet normal -0 0 1
    outer loop
      vertex 6.42533 64.4832 2.4
      vertex 16 22.5 2.4
      vertex 6.67178 64.5853 2.4
    endloop
  endfacet
  facet normal 0 0 1
    outer loop
      vertex 16 22.5 2.4
      vertex 6.67178 7.41471 2.4
      vertex 6.89923 7.27533 2.4
    endloop
  endfacet
  facet normal -0 0 1
    outer loop
      vertex 6.16594 64.4209 2.4
      vertex 16 22.5 2.4
      vertex 6.42533 64.4832 2.4
    endloop
  endfacet
  facet normal 0 0 1
    outer loop
      vertex 16 22.5 2.4
      vertex 6.42533 7.5168 2.4
      vertex 6.67178 7.41471 2.4
    endloop
  endfacet
  facet normal -0 0 1
    outer loop
      vertex 5.9 64.4 2.4
      vertex 16 22.5 2.4
      vertex 6.16594 64.4209 2.4
    endloop
  endfacet
  facet normal 0 0 1
    outer loop
      vertex 16 22.5 2.4
      vertex 6.16594 7.57907 2.4
      vertex 6.42533 7.5168 2.4
    endloop
  endfacet
  facet normal 0 0 1
    outer loop
      vertex 5.63406 64.4209 2.4
      vertex 16 22.5 2.4
      vertex 5.9 64.4 2.4
    endloop
  endfacet
  facet normal 0 0 1
    outer loop
      vertex 16 22.5 2.4
      vertex 5.9 7.6 2.4
      vertex 6.16594 7.57907 2.4
    endloop
  endfacet
  facet normal 0 0 1
    outer loop
      vertex 5.37467 64.4832 2.4
      vertex 16 22.5 2.4
      vertex 5.63406 64.4209 2.4
    endloop
  endfacet
  facet normal 0 0 1
    outer loop
      vertex 16 22.5 2.4
      vertex 5.63406 7.57907 2.4
      vertex 5.9 7.6 2.4
    endloop
  endfacet
  facet normal 0 0 1
    outer loop
      vertex 5.12822 64.5853 2.4
      vertex 16 22.5 2.4
      vertex 5.37467 64.4832 2.4
    endloop
  endfacet
  facet normal 0 0 1
    outer loop
      vertex 16 22.5 2.4
      vertex 5.37467 7.5168 2.4
      vertex 5.63406 7.57907 2.4
    endloop
  endfacet
  facet normal 0 0 1
    outer loop
      vertex 4.90077 64.7247 2.4
      vertex 16 22.5 2.4
      vertex 5.12822 64.5853 2.4
    endloop
  endfacet
  facet normal 0 0 1
    outer loop
      vertex 16 22.5 2.4
      vertex 5.12822 7.41471 2.4
      vertex 5.37467 7.5168 2.4
    endloop
  endfacet
  facet normal 0 0 1
    outer loop
      vertex 0 67.8 2.4
      vertex 16 22.5 2.4
      vertex 4.90077 64.7247 2.4
    endloop
  endfacet
  facet normal 0 0 1
    outer loop
      vertex 16 22.5 2.4
      vertex 4.90077 7.27533 2.4
      vertex 5.12822 7.41471 2.4
    endloop
  endfacet
  facet normal 0 0 1
    outer loop
      vertex 0 67.8 2.4
      vertex 4.90077 64.7247 2.4
      vertex 4.69792 64.8979 2.4
    endloop
  endfacet
  facet normal 0 0 1
    outer loop
      vertex 16 22.5 2.4
      vertex 0 67.8 2.4
      vertex 4.90077 7.27533 2.4
    endloop
  endfacet
  facet normal 0 0 1
    outer loop
      vertex 0 67.8 2.4
      vertex 4.69792 64.8979 2.4
      vertex 4.52467 65.1008 2.4
    endloop
  endfacet
  facet normal 0 0 1
    outer loop
      vertex 0 3.8 2.4
      vertex 4.90077 7.27533 2.4
      vertex 0 67.8 2.4
    endloop
  endfacet
  facet normal 0 0 1
    outer loop
      vertex 0 67.8 2.4
      vertex 4.52467 65.1008 2.4
      vertex 4.38529 65.3282 2.4
    endloop
  endfacet
  facet normal 0 0 1
    outer loop
      vertex 4.90077 7.27533 2.4
      vertex 0 3.8 2.4
      vertex 4.69792 7.10208 2.4
    endloop
  endfacet
  facet normal 0 0 1
    outer loop
      vertex 0 67.8 2.4
      vertex 4.38529 65.3282 2.4
      vertex 4.2832 65.5747 2.4
    endloop
  endfacet
  facet normal 0 0 1
    outer loop
      vertex 4.69792 7.10208 2.4
      vertex 0 3.8 2.4
      vertex 4.52467 6.89923 2.4
    endloop
  endfacet
  facet normal 0 0 1
    outer loop
      vertex 0 67.8 2.4
      vertex 4.2832 65.5747 2.4
      vertex 4.22093 65.8341 2.4
    endloop
  endfacet
  facet normal 0 0 1
    outer loop
      vertex 4.52467 6.89923 2.4
      vertex 0 3.8 2.4
      vertex 4.38529 6.67178 2.4
    endloop
  endfacet
  facet normal 0 0 1
    outer loop
      vertex 0 67.8 2.4
      vertex 4.22093 65.8341 2.4
      vertex 4.2 66.1 2.4
    endloop
  endfacet
  facet normal 0 0 1
    outer loop
      vertex 4.38529 6.67178 2.4
      vertex 0 3.8 2.4
      vertex 4.2832 6.42533 2.4
    endloop
  endfacet
  facet normal 0 0 1
    outer loop
      vertex 87.7168 65.5747 2.4
      vertex 91.6 67.8 2.4
      vertex 87.7791 65.8341 2.4
    endloop
  endfacet
  facet normal 0 0 1
    outer loop
      vertex 91.6 67.8 2.4
      vertex 87.7791 6.16594 2.4
      vertex 87.8 5.9 2.4
    endloop
  endfacet
  facet normal 0 0 1
    outer loop
      vertex 87.6147 65.3282 2.4
      vertex 91.6 67.8 2.4
      vertex 87.7168 65.5747 2.4
    endloop
  endfacet
  facet normal 0 0 1
    outer loop
      vertex 91.6 67.8 2.4
      vertex 87.7168 6.42533 2.4
      vertex 87.7791 6.16594 2.4
    endloop
  endfacet
  facet normal 0 0 1
    outer loop
      vertex 87.4753 65.1008 2.4
      vertex 91.6 67.8 2.4
      vertex 87.6147 65.3282 2.4
    endloop
  endfacet
  facet normal 0 0 1
    outer loop
      vertex 91.6 67.8 2.4
      vertex 87.6147 6.67178 2.4
      vertex 87.7168 6.42533 2.4
    endloop
  endfacet
  facet normal 0 0 1
    outer loop
      vertex 87.3021 64.8979 2.4
      vertex 91.6 67.8 2.4
      vertex 87.4753 65.1008 2.4
    endloop
  endfacet
  facet normal 0 0 1
    outer loop
      vertex 91.6 67.8 2.4
      vertex 87.4753 6.89923 2.4
      vertex 87.6147 6.67178 2.4
    endloop
  endfacet
  facet normal 0 0 1
    outer loop
      vertex 87.0992 64.7247 2.4
      vertex 91.6 67.8 2.4
      vertex 87.3021 64.8979 2.4
    endloop
  endfacet
  facet normal 0 0 1
    outer loop
      vertex 91.6 67.8 2.4
      vertex 87.3021 7.10208 2.4
      vertex 87.4753 6.89923 2.4
    endloop
  endfacet
  facet normal 0 0 1
    outer loop
      vertex 76 22.5 2.4
      vertex 91.6 67.8 2.4
      vertex 87.0992 64.7247 2.4
    endloop
  endfacet
  facet normal 0 0 1
    outer loop
      vertex 91.6 67.8 2.4
      vertex 87.0992 7.27533 2.4
      vertex 87.3021 7.10208 2.4
    endloop
  endfacet
  facet normal 0 0 1
    outer loop
      vertex 76 22.5 2.4
      vertex 87.0992 64.7247 2.4
      vertex 86.8718 64.5853 2.4
    endloop
  endfacet
  facet normal 0 0 1
    outer loop
      vertex 91.6 67.8 2.4
      vertex 76 22.5 2.4
      vertex 87.0992 7.27533 2.4
    endloop
  endfacet
  facet normal 0 0 1
    outer loop
      vertex 76 22.5 2.4
      vertex 86.8718 64.5853 2.4
      vertex 86.6253 64.4832 2.4
    endloop
  endfacet
  facet normal 0 0 1
    outer loop
      vertex 87.0992 7.27533 2.4
      vertex 76 22.5 2.4
      vertex 86.8718 7.41471 2.4
    endloop
  endfacet
  facet normal 0 0 1
    outer loop
      vertex 76 22.5 2.4
      vertex 86.6253 64.4832 2.4
      vertex 86.3659 64.4209 2.4
    endloop
  endfacet
  facet normal 0 0 1
    outer loop
      vertex 86.8718 7.41471 2.4
      vertex 76 22.5 2.4
      vertex 86.6253 7.5168 2.4
    endloop
  endfacet
  facet normal 0 0 1
    outer loop
      vertex 76 22.5 2.4
      vertex 86.3659 64.4209 2.4
      vertex 86.1 64.4 2.4
    endloop
  endfacet
  facet normal -0 0 1
    outer loop
      vertex 76 20 2.4
      vertex 86.6253 7.5168 2.4
      vertex 76 22.5 2.4
    endloop
  endfacet
  facet normal 0 0 1
    outer loop
      vertex 76 22.5 2.4
      vertex 86.1 64.4 2.4
      vertex 85.8341 64.4209 2.4
    endloop
  endfacet
  facet normal 0 0 1
    outer loop
      vertex 86.6253 7.5168 2.4
      vertex 76 20 2.4
      vertex 86.3659 7.57907 2.4
    endloop
  endfacet
  facet normal 0 0 1
    outer loop
      vertex 76 22.5 2.4
      vertex 85.8341 64.4209 2.4
      vertex 85.5747 64.4832 2.4
    endloop
  endfacet
  facet normal 0 0 1
    outer loop
      vertex 86.3659 7.57907 2.4
      vertex 76 20 2.4
      vertex 86.1 7.6 2.4
    endloop
  endfacet
  facet normal 0 0 1
    outer loop
      vertex 76 22.5 2.4
      vertex 85.5747 64.4832 2.4
      vertex 85.3282 64.5853 2.4
    endloop
  endfacet
  facet normal 0 0 1
    outer loop
      vertex 86.1 7.6 2.4
      vertex 76 20 2.4
      vertex 85.8341 7.57907 2.4
    endloop
  endfacet
  facet normal 0 0 1
    outer loop
      vertex 76 22.5 2.4
      vertex 85.3282 64.5853 2.4
      vertex 85.1008 64.7247 2.4
    endloop
  endfacet
  facet normal 0 0 1
    outer loop
      vertex 85.8341 7.57907 2.4
      vertex 76 20 2.4
      vertex 85.5747 7.5168 2.4
    endloop
  endfacet
  facet normal 0 0 1
    outer loop
      vertex 76 22.5 2.4
      vertex 85.1008 64.7247 2.4
      vertex 84.8979 64.8979 2.4
    endloop
  endfacet
  facet normal 0 0 1
    outer loop
      vertex 85.5747 7.5168 2.4
      vertex 76 20 2.4
      vertex 85.3282 7.41471 2.4
    endloop
  endfacet
  facet normal 0 0 1
    outer loop
      vertex 56 22.5 2.4
      vertex 84.8979 64.8979 2.4
      vertex 84.7247 65.1008 2.4
    endloop
  endfacet
  facet normal 0 0 1
    outer loop
      vertex 85.3282 7.41471 2.4
      vertex 76 20 2.4
      vertex 85.1008 7.27533 2.4
    endloop
  endfacet
  facet normal 0 0 1
    outer loop
      vertex 56 22.5 2.4
      vertex 84.7247 65.1008 2.4
      vertex 84.5853 65.3282 2.4
    endloop
  endfacet
  facet normal 0 0 1
    outer loop
      vertex 85.1008 7.27533 2.4
      vertex 76 20 2.4
      vertex 84.8979 7.10208 2.4
    endloop
  endfacet
  facet normal 0 0 1
    outer loop
      vertex 56 22.5 2.4
      vertex 84.5853 65.3282 2.4
      vertex 84.4832 65.5747 2.4
    endloop
  endfacet
  facet normal 0 0 1
    outer loop
      vertex 84.8979 7.10208 2.4
      vertex 76 20 2.4
      vertex 84.7247 6.89923 2.4
    endloop
  endfacet
  facet normal 0 0 1
    outer loop
      vertex 56 22.5 2.4
      vertex 84.4832 65.5747 2.4
      vertex 84.4209 65.8341 2.4
    endloop
  endfacet
  facet normal 0 0 1
    outer loop
      vertex 84.7247 6.89923 2.4
      vertex 76 20 2.4
      vertex 84.5853 6.67178 2.4
    endloop
  endfacet
  facet normal -0 0 1
    outer loop
      vertex 7.6 66.1 2.4
      vertex 84.4209 65.8341 2.4
      vertex 84.4 66.1 2.4
    endloop
  endfacet
  facet normal 0 0 1
    outer loop
      vertex 84.5853 6.67178 2.4
      vertex 76 20 2.4
      vertex 84.4832 6.42533 2.4
    endloop
  endfacet
  facet normal 0 0 1
    outer loop
      vertex 91.6 67.8 2.4
      vertex 87.7791 66.3659 2.4
      vertex 87.8 66.1 2.4
    endloop
  endfacet
  facet normal 0 0 1
    outer loop
      vertex 88.3944 71.5532 2.4
      vertex 87.7168 66.6253 2.4
      vertex 87.7791 66.3659 2.4
    endloop
  endfacet
  facet normal 0 0 1
    outer loop
      vertex 88.3944 71.5532 2.4
      vertex 87.6147 66.8718 2.4
      vertex 87.7168 66.6253 2.4
    endloop
  endfacet
  facet normal 0 0 1
    outer loop
      vertex 88.3944 71.5532 2.4
      vertex 87.4753 67.0992 2.4
      vertex 87.6147 66.8718 2.4
    endloop
  endfacet
  facet normal 0 0 1
    outer loop
      vertex 88.3944 71.5532 2.4
      vertex 87.3021 67.3021 2.4
      vertex 87.4753 67.0992 2.4
    endloop
  endfacet
  facet normal 0 0 1
    outer loop
      vertex 88.3944 71.5532 2.4
      vertex 87.0992 67.4753 2.4
      vertex 87.3021 67.3021 2.4
    endloop
  endfacet
  facet normal 0 0 1
    outer loop
      vertex 88.3944 71.5532 2.4
      vertex 86.8718 67.6147 2.4
      vertex 87.0992 67.4753 2.4
    endloop
  endfacet
  facet normal 0 0 1
    outer loop
      vertex 87.8 71.6 2.4
      vertex 86.6253 67.7168 2.4
      vertex 86.8718 67.6147 2.4
    endloop
  endfacet
  facet normal 0 0 1
    outer loop
      vertex 87.8 71.6 2.4
      vertex 86.3659 67.7791 2.4
      vertex 86.6253 67.7168 2.4
    endloop
  endfacet
  facet normal 0 0 1
    outer loop
      vertex 87.8 71.6 2.4
      vertex 86.1 67.8 2.4
      vertex 86.3659 67.7791 2.4
    endloop
  endfacet
  facet normal 0 0 1
    outer loop
      vertex 87.8 71.6 2.4
      vertex 85.8341 67.7791 2.4
      vertex 86.1 67.8 2.4
    endloop
  endfacet
  facet normal 0 0 1
    outer loop
      vertex 87.8 71.6 2.4
      vertex 85.5747 67.7168 2.4
      vertex 85.8341 67.7791 2.4
    endloop
  endfacet
  facet normal 0 0 1
    outer loop
      vertex 87.8 71.6 2.4
      vertex 85.3282 67.6147 2.4
      vertex 85.5747 67.7168 2.4
    endloop
  endfacet
  facet normal 0 0 1
    outer loop
      vertex 87.8 71.6 2.4
      vertex 85.1008 67.4753 2.4
      vertex 85.3282 67.6147 2.4
    endloop
  endfacet
  facet normal 0 0 1
    outer loop
      vertex 87.8 71.6 2.4
      vertex 84.8979 67.3021 2.4
      vertex 85.1008 67.4753 2.4
    endloop
  endfacet
  facet normal 0 0 1
    outer loop
      vertex 87.8 71.6 2.4
      vertex 84.7247 67.0992 2.4
      vertex 84.8979 67.3021 2.4
    endloop
  endfacet
  facet normal 0 0 1
    outer loop
      vertex 84.4832 6.42533 2.4
      vertex 76 20 2.4
      vertex 84.4209 6.16594 2.4
    endloop
  endfacet
  facet normal 0 0 1
    outer loop
      vertex 7.6 66.1 2.4
      vertex 84.4 66.1 2.4
      vertex 84.4209 66.3659 2.4
    endloop
  endfacet
  facet normal 0 0 1
    outer loop
      vertex 84.8979 64.8979 2.4
      vertex 56 22.5 2.4
      vertex 76 22.5 2.4
    endloop
  endfacet
  facet normal 0 0 1
    outer loop
      vertex 7.57907 66.3659 2.4
      vertex 84.4209 66.3659 2.4
      vertex 84.4832 66.6253 2.4
    endloop
  endfacet
  facet normal 0 0 1
    outer loop
      vertex 7.5168 66.6253 2.4
      vertex 84.4832 66.6253 2.4
      vertex 84.5853 66.8718 2.4
    endloop
  endfacet
  facet normal 0 0 1
    outer loop
      vertex 7.41471 66.8718 2.4
      vertex 84.5853 66.8718 2.4
      vertex 84.7247 67.0992 2.4
    endloop
  endfacet
  facet normal 0 0 1
    outer loop
      vertex 56 22.5 2.4
      vertex 36 22.5 2.4
      vertex 56 20 2.4
    endloop
  endfacet
  facet normal 0 0 1
    outer loop
      vertex 84.4209 65.8341 2.4
      vertex 36 22.5 2.4
      vertex 56 22.5 2.4
    endloop
  endfacet
  facet normal 0 0 1
    outer loop
      vertex 7.27533 67.0992 2.4
      vertex 84.7247 67.0992 2.4
      vertex 87.8 71.6 2.4
    endloop
  endfacet
  facet normal 0 0 1
    outer loop
      vertex 7.57907 65.8341 2.4
      vertex 84.4209 65.8341 2.4
      vertex 7.6 66.1 2.4
    endloop
  endfacet
  facet normal -0 0 1
    outer loop
      vertex 7.5168 65.5747 2.4
      vertex 36 22.5 2.4
      vertex 7.57907 65.8341 2.4
    endloop
  endfacet
  facet normal 0 0 1
    outer loop
      vertex 84.4209 65.8341 2.4
      vertex 7.57907 65.8341 2.4
      vertex 36 22.5 2.4
    endloop
  endfacet
  facet normal 0 0 1
    outer loop
      vertex 84.4209 66.3659 2.4
      vertex 7.57907 66.3659 2.4
      vertex 7.6 66.1 2.4
    endloop
  endfacet
  facet normal 0 0 1
    outer loop
      vertex 84.4832 66.6253 2.4
      vertex 7.5168 66.6253 2.4
      vertex 7.57907 66.3659 2.4
    endloop
  endfacet
  facet normal 0 0 1
    outer loop
      vertex 84.5853 66.8718 2.4
      vertex 7.41471 66.8718 2.4
      vertex 7.5168 66.6253 2.4
    endloop
  endfacet
  facet normal 0 0 1
    outer loop
      vertex 84.7247 67.0992 2.4
      vertex 7.27533 67.0992 2.4
      vertex 7.41471 66.8718 2.4
    endloop
  endfacet
  facet normal 0 0 1
    outer loop
      vertex 87.8 71.6 2.4
      vertex 7.10208 67.3021 2.4
      vertex 7.27533 67.0992 2.4
    endloop
  endfacet
  facet normal -0 0 1
    outer loop
      vertex 3.8 71.6 2.4
      vertex 7.10208 67.3021 2.4
      vertex 87.8 71.6 2.4
    endloop
  endfacet
  facet normal 0 0 1
    outer loop
      vertex 7.10208 67.3021 2.4
      vertex 3.8 71.6 2.4
      vertex 6.89923 67.4753 2.4
    endloop
  endfacet
  facet normal 0 0 1
    outer loop
      vertex 6.89923 67.4753 2.4
      vertex 3.8 71.6 2.4
      vertex 6.67178 67.6147 2.4
    endloop
  endfacet
  facet normal 0 0 1
    outer loop
      vertex 6.67178 67.6147 2.4
      vertex 3.8 71.6 2.4
      vertex 6.42533 67.7168 2.4
    endloop
  endfacet
  facet normal 0 0 1
    outer loop
      vertex 6.42533 67.7168 2.4
      vertex 3.8 71.6 2.4
      vertex 6.16594 67.7791 2.4
    endloop
  endfacet
  facet normal 0 0 1
    outer loop
      vertex 4.69792 67.3021 2.4
      vertex 1.11299 70.487 2.4
      vertex 4.52467 67.0992 2.4
    endloop
  endfacet
  facet normal -0 0 1
    outer loop
      vertex 1.11299 70.487 2.4
      vertex 4.69792 67.3021 2.4
      vertex 1.56642 70.8743 2.4
    endloop
  endfacet
  facet normal -0 0 1
    outer loop
      vertex 1.56642 70.8743 2.4
      vertex 4.69792 67.3021 2.4
      vertex 2.07484 71.1858 2.4
    endloop
  endfacet
  facet normal -0 0 1
    outer loop
      vertex 2.07484 71.1858 2.4
      vertex 4.69792 67.3021 2.4
      vertex 2.62574 71.414 2.4
    endloop
  endfacet
  facet normal 0 0 1
    outer loop
      vertex 4.90077 67.4753 2.4
      vertex 2.62574 71.414 2.4
      vertex 4.69792 67.3021 2.4
    endloop
  endfacet
  facet normal -0 0 1
    outer loop
      vertex 2.62574 71.414 2.4
      vertex 4.90077 67.4753 2.4
      vertex 3.20555 71.5532 2.4
    endloop
  endfacet
  facet normal -0 0 1
    outer loop
      vertex 3.20555 71.5532 2.4
      vertex 4.90077 67.4753 2.4
      vertex 3.8 71.6 2.4
    endloop
  endfacet
  facet normal 0 0 1
    outer loop
      vertex 5.12822 67.6147 2.4
      vertex 3.8 71.6 2.4
      vertex 4.90077 67.4753 2.4
    endloop
  endfacet
  facet normal 0 0 1
    outer loop
      vertex 5.37467 67.7168 2.4
      vertex 3.8 71.6 2.4
      vertex 5.12822 67.6147 2.4
    endloop
  endfacet
  facet normal 0 0 1
    outer loop
      vertex 5.63406 67.7791 2.4
      vertex 3.8 71.6 2.4
      vertex 5.37467 67.7168 2.4
    endloop
  endfacet
  facet normal 0 0 1
    outer loop
      vertex 5.9 67.8 2.4
      vertex 3.8 71.6 2.4
      vertex 5.63406 67.7791 2.4
    endloop
  endfacet
  facet normal 0 0 1
    outer loop
      vertex 6.16594 67.7791 2.4
      vertex 3.8 71.6 2.4
      vertex 5.9 67.8 2.4
    endloop
  endfacet
  facet normal 0 0 1
    outer loop
      vertex 87.7791 66.3659 2.4
      vertex 91.6 67.8 2.4
      vertex 91.5532 68.3944 2.4
    endloop
  endfacet
  facet normal 0 0 1
    outer loop
      vertex 87.7791 65.8341 2.4
      vertex 91.6 67.8 2.4
      vertex 87.8 66.1 2.4
    endloop
  endfacet
  facet normal 0 0 1
    outer loop
      vertex 87.7791 66.3659 2.4
      vertex 91.5532 68.3944 2.4
      vertex 91.414 68.9743 2.4
    endloop
  endfacet
  facet normal 0 0 1
    outer loop
      vertex 91.6 67.8 2.4
      vertex 87.8 5.9 2.4
      vertex 91.6 3.8 2.4
    endloop
  endfacet
  facet normal 0 0 1
    outer loop
      vertex 87.7791 66.3659 2.4
      vertex 91.414 68.9743 2.4
      vertex 91.1858 69.5252 2.4
    endloop
  endfacet
  facet normal -0 0 1
    outer loop
      vertex 87.7791 5.63406 2.4
      vertex 91.6 3.8 2.4
      vertex 87.8 5.9 2.4
    endloop
  endfacet
  facet normal 0 0 1
    outer loop
      vertex 87.7791 66.3659 2.4
      vertex 91.1858 69.5252 2.4
      vertex 90.8743 70.0336 2.4
    endloop
  endfacet
  facet normal -0 0 1
    outer loop
      vertex 87.7168 5.37467 2.4
      vertex 91.6 3.8 2.4
      vertex 87.7791 5.63406 2.4
    endloop
  endfacet
  facet normal 0 0 1
    outer loop
      vertex 87.7791 66.3659 2.4
      vertex 90.8743 70.0336 2.4
      vertex 90.487 70.487 2.4
    endloop
  endfacet
  facet normal -0 0 1
    outer loop
      vertex 87.6147 5.12822 2.4
      vertex 91.6 3.8 2.4
      vertex 87.7168 5.37467 2.4
    endloop
  endfacet
  facet normal 0 0 1
    outer loop
      vertex 87.7791 66.3659 2.4
      vertex 90.487 70.487 2.4
      vertex 90.0336 70.8743 2.4
    endloop
  endfacet
  facet normal -0 0 1
    outer loop
      vertex 87.4753 4.90077 2.4
      vertex 91.6 3.8 2.4
      vertex 87.6147 5.12822 2.4
    endloop
  endfacet
  facet normal 0 0 1
    outer loop
      vertex 87.7791 66.3659 2.4
      vertex 90.0336 70.8743 2.4
      vertex 89.5252 71.1858 2.4
    endloop
  endfacet
  facet normal 0 0 1
    outer loop
      vertex 91.6 3.8 2.4
      vertex 87.4753 4.90077 2.4
      vertex 91.5532 3.20555 2.4
    endloop
  endfacet
  facet normal 0 0 1
    outer loop
      vertex 87.7791 66.3659 2.4
      vertex 89.5252 71.1858 2.4
      vertex 88.9743 71.414 2.4
    endloop
  endfacet
  facet normal 0 0 1
    outer loop
      vertex 91.5532 3.20555 2.4
      vertex 87.4753 4.90077 2.4
      vertex 91.414 2.62574 2.4
    endloop
  endfacet
  facet normal 0 0 1
    outer loop
      vertex 87.7791 66.3659 2.4
      vertex 88.9743 71.414 2.4
      vertex 88.3944 71.5532 2.4
    endloop
  endfacet
  facet normal -0 0 1
    outer loop
      vertex 87.3021 4.69792 2.4
      vertex 91.414 2.62574 2.4
      vertex 87.4753 4.90077 2.4
    endloop
  endfacet
  facet normal 0 0 1
    outer loop
      vertex 86.8718 67.6147 2.4
      vertex 88.3944 71.5532 2.4
      vertex 87.8 71.6 2.4
    endloop
  endfacet
  facet normal 0 0 1
    outer loop
      vertex 91.414 2.62574 2.4
      vertex 87.3021 4.69792 2.4
      vertex 91.1858 2.07484 2.4
    endloop
  endfacet
  facet normal 0 0 1
    outer loop
      vertex 91.1858 2.07484 2.4
      vertex 87.3021 4.69792 2.4
      vertex 90.8743 1.56642 2.4
    endloop
  endfacet
  facet normal 0 0 1
    outer loop
      vertex 90.8743 1.56642 2.4
      vertex 87.3021 4.69792 2.4
      vertex 90.487 1.11299 2.4
    endloop
  endfacet
  facet normal -0 0 1
    outer loop
      vertex 87.0992 4.52467 2.4
      vertex 90.487 1.11299 2.4
      vertex 87.3021 4.69792 2.4
    endloop
  endfacet
  facet normal 0 0 1
    outer loop
      vertex 90.487 1.11299 2.4
      vertex 87.0992 4.52467 2.4
      vertex 90.0336 0.725735 2.4
    endloop
  endfacet
  facet normal 0 0 1
    outer loop
      vertex 90.0336 0.725735 2.4
      vertex 87.0992 4.52467 2.4
      vertex 89.5252 0.414175 2.4
    endloop
  endfacet
  facet normal 0 0 1
    outer loop
      vertex 89.5252 0.414175 2.4
      vertex 87.0992 4.52467 2.4
      vertex 88.9743 0.185985 2.4
    endloop
  endfacet
  facet normal -0 0 1
    outer loop
      vertex 86.8718 4.38529 2.4
      vertex 88.9743 0.185985 2.4
      vertex 87.0992 4.52467 2.4
    endloop
  endfacet
  facet normal 0 0 1
    outer loop
      vertex 88.9743 0.185985 2.4
      vertex 86.8718 4.38529 2.4
      vertex 88.3944 0.0467834 2.4
    endloop
  endfacet
  facet normal 0 0 1
    outer loop
      vertex 88.3944 0.0467834 2.4
      vertex 86.8718 4.38529 2.4
      vertex 87.8 0 2.4
    endloop
  endfacet
  facet normal -0 0 1
    outer loop
      vertex 86.6253 4.2832 2.4
      vertex 87.8 0 2.4
      vertex 86.8718 4.38529 2.4
    endloop
  endfacet
  facet normal -0 0 1
    outer loop
      vertex 86.3659 4.22093 2.4
      vertex 87.8 0 2.4
      vertex 86.6253 4.2832 2.4
    endloop
  endfacet
  facet normal -0 0 1
    outer loop
      vertex 86.1 4.2 2.4
      vertex 87.8 0 2.4
      vertex 86.3659 4.22093 2.4
    endloop
  endfacet
  facet normal 0 0 1
    outer loop
      vertex 85.8341 4.22093 2.4
      vertex 87.8 0 2.4
      vertex 86.1 4.2 2.4
    endloop
  endfacet
  facet normal 0 0 1
    outer loop
      vertex 85.5747 4.2832 2.4
      vertex 87.8 0 2.4
      vertex 85.8341 4.22093 2.4
    endloop
  endfacet
  facet normal 0 0 1
    outer loop
      vertex 85.3282 4.38529 2.4
      vertex 87.8 0 2.4
      vertex 85.5747 4.2832 2.4
    endloop
  endfacet
  facet normal 0 0 1
    outer loop
      vertex 85.1008 4.52467 2.4
      vertex 87.8 0 2.4
      vertex 85.3282 4.38529 2.4
    endloop
  endfacet
  facet normal 0 0 1
    outer loop
      vertex 84.8979 4.69792 2.4
      vertex 87.8 0 2.4
      vertex 85.1008 4.52467 2.4
    endloop
  endfacet
  facet normal 0 0 1
    outer loop
      vertex 84.7247 4.90077 2.4
      vertex 87.8 0 2.4
      vertex 84.8979 4.69792 2.4
    endloop
  endfacet
  facet normal 0 0 1
    outer loop
      vertex 84.4209 6.16594 2.4
      vertex 76 20 2.4
      vertex 84.4 5.9 2.4
    endloop
  endfacet
  facet normal 0 0 1
    outer loop
      vertex 84.4 5.9 2.4
      vertex 76 20 2.4
      vertex 84.4209 5.63406 2.4
    endloop
  endfacet
  facet normal -0 0 1
    outer loop
      vertex 56 20 2.4
      vertex 84.4209 5.63406 2.4
      vertex 76 20 2.4
    endloop
  endfacet
  facet normal 0 0 1
    outer loop
      vertex 84.4209 5.63406 2.4
      vertex 56 20 2.4
      vertex 84.4832 5.37467 2.4
    endloop
  endfacet
  facet normal 0 0 1
    outer loop
      vertex 84.4832 5.37467 2.4
      vertex 56 20 2.4
      vertex 84.5853 5.12822 2.4
    endloop
  endfacet
  facet normal 0 0 1
    outer loop
      vertex 56 20 2.4
      vertex 84.7247 4.90077 2.4
      vertex 84.5853 5.12822 2.4
    endloop
  endfacet
  facet normal 0 0 1
    outer loop
      vertex 56 20 2.4
      vertex 87.8 0 2.4
      vertex 84.7247 4.90077 2.4
    endloop
  endfacet
  facet normal 0 0 1
    outer loop
      vertex 36 20 2.4
      vertex 56 20 2.4
      vertex 36 22.5 2.4
    endloop
  endfacet
  facet normal 0 0 1
    outer loop
      vertex 56 20 2.4
      vertex 36 20 2.4
      vertex 87.8 0 2.4
    endloop
  endfacet
  facet normal 0 0 1
    outer loop
      vertex 7.57907 5.63406 2.4
      vertex 36 20 2.4
      vertex 16 20 2.4
    endloop
  endfacet
  facet normal 0 0 1
    outer loop
      vertex 16 22.5 2.4
      vertex 7.6 5.9 2.4
      vertex 16 20 2.4
    endloop
  endfacet
  facet normal 0 0 1
    outer loop
      vertex 7.57907 5.63406 2.4
      vertex 16 20 2.4
      vertex 7.6 5.9 2.4
    endloop
  endfacet
  facet normal 0 0 1
    outer loop
      vertex 36 20 2.4
      vertex 7.57907 5.63406 2.4
      vertex 7.5168 5.37467 2.4
    endloop
  endfacet
  facet normal 0 0 1
    outer loop
      vertex 7.41471 5.12822 2.4
      vertex 36 20 2.4
      vertex 7.5168 5.37467 2.4
    endloop
  endfacet
  facet normal 0 0 1
    outer loop
      vertex 7.27533 4.90077 2.4
      vertex 36 20 2.4
      vertex 7.41471 5.12822 2.4
    endloop
  endfacet
  facet normal 0 0 1
    outer loop
      vertex 3.8 0 2.4
      vertex 36 20 2.4
      vertex 7.27533 4.90077 2.4
    endloop
  endfacet
  facet normal 0 0 1
    outer loop
      vertex 3.8 0 2.4
      vertex 7.27533 4.90077 2.4
      vertex 7.10208 4.69792 2.4
    endloop
  endfacet
  facet normal 0 0 1
    outer loop
      vertex 3.8 0 2.4
      vertex 7.10208 4.69792 2.4
      vertex 6.89923 4.52467 2.4
    endloop
  endfacet
  facet normal 0 0 1
    outer loop
      vertex 3.8 0 2.4
      vertex 6.89923 4.52467 2.4
      vertex 6.67178 4.38529 2.4
    endloop
  endfacet
  facet normal 0 0 1
    outer loop
      vertex 3.8 0 2.4
      vertex 6.67178 4.38529 2.4
      vertex 6.42533 4.2832 2.4
    endloop
  endfacet
  facet normal 0 0 1
    outer loop
      vertex 3.8 0 2.4
      vertex 6.42533 4.2832 2.4
      vertex 6.16594 4.22093 2.4
    endloop
  endfacet
  facet normal 0 0 1
    outer loop
      vertex 3.8 0 2.4
      vertex 6.16594 4.22093 2.4
      vertex 5.9 4.2 2.4
    endloop
  endfacet
  facet normal 0 0 1
    outer loop
      vertex 36 20 2.4
      vertex 3.8 0 2.4
      vertex 87.8 0 2.4
    endloop
  endfacet
  facet normal 0 0 1
    outer loop
      vertex 5.63406 4.22093 2.4
      vertex 3.8 0 2.4
      vertex 5.9 4.2 2.4
    endloop
  endfacet
  facet normal 0 0 1
    outer loop
      vertex 5.37467 4.2832 2.4
      vertex 3.8 0 2.4
      vertex 5.63406 4.22093 2.4
    endloop
  endfacet
  facet normal 0 0 1
    outer loop
      vertex 5.12822 4.38529 2.4
      vertex 3.8 0 2.4
      vertex 5.37467 4.2832 2.4
    endloop
  endfacet
  facet normal 0 0 1
    outer loop
      vertex 4.90077 4.52467 2.4
      vertex 3.8 0 2.4
      vertex 5.12822 4.38529 2.4
    endloop
  endfacet
  facet normal 0 0 1
    outer loop
      vertex 2.07484 0.414175 2.4
      vertex 4.90077 4.52467 2.4
      vertex 4.69792 4.69792 2.4
    endloop
  endfacet
  facet normal 0 0 1
    outer loop
      vertex 0.414175 2.07484 2.4
      vertex 4.69792 4.69792 2.4
      vertex 4.52467 4.90077 2.4
    endloop
  endfacet
  facet normal 0 0 1
    outer loop
      vertex 0 3.8 2.4
      vertex 4.52467 4.90077 2.4
      vertex 4.38529 5.12822 2.4
    endloop
  endfacet
  facet normal 0 0 1
    outer loop
      vertex 0 3.8 2.4
      vertex 4.38529 5.12822 2.4
      vertex 4.2832 5.37467 2.4
    endloop
  endfacet
  facet normal 0 0 1
    outer loop
      vertex 0 3.8 2.4
      vertex 4.2832 5.37467 2.4
      vertex 4.22093 5.63406 2.4
    endloop
  endfacet
  facet normal 0 0 1
    outer loop
      vertex 0 3.8 2.4
      vertex 4.22093 5.63406 2.4
      vertex 4.2 5.9 2.4
    endloop
  endfacet
  facet normal 0 0 1
    outer loop
      vertex 4.2832 6.42533 2.4
      vertex 0 3.8 2.4
      vertex 4.22093 6.16594 2.4
    endloop
  endfacet
  facet normal -0 0 1
    outer loop
      vertex 0.725735 70.0336 2.4
      vertex 4.52467 67.0992 2.4
      vertex 1.11299 70.487 2.4
    endloop
  endfacet
  facet normal 0 0 1
    outer loop
      vertex 4.22093 6.16594 2.4
      vertex 0 3.8 2.4
      vertex 4.2 5.9 2.4
    endloop
  endfacet
  facet normal -0 0 1
    outer loop
      vertex 0.414175 69.5252 2.4
      vertex 4.52467 67.0992 2.4
      vertex 0.725735 70.0336 2.4
    endloop
  endfacet
  facet normal 0 0 1
    outer loop
      vertex 4.52467 4.90077 2.4
      vertex 0 3.8 2.4
      vertex 0.0467834 3.20555 2.4
    endloop
  endfacet
  facet normal -0 0 1
    outer loop
      vertex 0.185985 68.9743 2.4
      vertex 4.52467 67.0992 2.4
      vertex 0.414175 69.5252 2.4
    endloop
  endfacet
  facet normal 0 0 1
    outer loop
      vertex 4.90077 4.52467 2.4
      vertex 3.20555 0.0467834 2.4
      vertex 3.8 0 2.4
    endloop
  endfacet
  facet normal 0 0 1
    outer loop
      vertex 4.52467 67.0992 2.4
      vertex 0.185985 68.9743 2.4
      vertex 4.38529 66.8718 2.4
    endloop
  endfacet
  facet normal 0 0 1
    outer loop
      vertex 4.90077 4.52467 2.4
      vertex 2.62574 0.185985 2.4
      vertex 3.20555 0.0467834 2.4
    endloop
  endfacet
  facet normal -0 0 1
    outer loop
      vertex 0.0467834 68.3944 2.4
      vertex 4.38529 66.8718 2.4
      vertex 0.185985 68.9743 2.4
    endloop
  endfacet
  facet normal 0 0 1
    outer loop
      vertex 4.90077 4.52467 2.4
      vertex 2.07484 0.414175 2.4
      vertex 2.62574 0.185985 2.4
    endloop
  endfacet
  facet normal -0 0 1
    outer loop
      vertex 0 67.8 2.4
      vertex 4.38529 66.8718 2.4
      vertex 0.0467834 68.3944 2.4
    endloop
  endfacet
  facet normal 0 0 1
    outer loop
      vertex 4.69792 4.69792 2.4
      vertex 1.56642 0.725735 2.4
      vertex 2.07484 0.414175 2.4
    endloop
  endfacet
  facet normal 0 0 1
    outer loop
      vertex 4.38529 66.8718 2.4
      vertex 0 67.8 2.4
      vertex 4.2832 66.6253 2.4
    endloop
  endfacet
  facet normal 0 0 1
    outer loop
      vertex 4.69792 4.69792 2.4
      vertex 1.11299 1.11299 2.4
      vertex 1.56642 0.725735 2.4
    endloop
  endfacet
  facet normal 0 0 1
    outer loop
      vertex 4.2832 66.6253 2.4
      vertex 0 67.8 2.4
      vertex 4.22093 66.3659 2.4
    endloop
  endfacet
  facet normal 0 0 1
    outer loop
      vertex 4.69792 4.69792 2.4
      vertex 0.725735 1.56642 2.4
      vertex 1.11299 1.11299 2.4
    endloop
  endfacet
  facet normal 0 0 1
    outer loop
      vertex 4.22093 66.3659 2.4
      vertex 0 67.8 2.4
      vertex 4.2 66.1 2.4
    endloop
  endfacet
  facet normal 0 0 1
    outer loop
      vertex 4.69792 4.69792 2.4
      vertex 0.414175 2.07484 2.4
      vertex 0.725735 1.56642 2.4
    endloop
  endfacet
  facet normal 0 0 1
    outer loop
      vertex 4.52467 4.90077 2.4
      vertex 0.185985 2.62574 2.4
      vertex 0.414175 2.07484 2.4
    endloop
  endfacet
  facet normal 0 0 1
    outer loop
      vertex 4.52467 4.90077 2.4
      vertex 0.0467834 3.20555 2.4
      vertex 0.185985 2.62574 2.4
    endloop
  endfacet
  facet normal -0.92388 -0.382683 0
    outer loop
      vertex 0.414175 2.07484 0
      vertex 0.185985 2.62574 2.4
      vertex 0.185985 2.62574 0
    endloop
  endfacet
  facet normal -0.92388 -0.382683 0
    outer loop
      vertex 0.185985 2.62574 2.4
      vertex 0.414175 2.07484 0
      vertex 0.414175 2.07484 2.4
    endloop
  endfacet
  facet normal -0.972373 -0.233431 0
    outer loop
      vertex 7.57907 6.16594 0.5
      vertex 7.5168 6.42533 2.4
      vertex 7.5168 6.42533 0.5
    endloop
  endfacet
  facet normal -0.972373 -0.233431 0
    outer loop
      vertex 7.5168 6.42533 2.4
      vertex 7.57907 6.16594 0.5
      vertex 7.57907 6.16594 2.4
    endloop
  endfacet
  facet normal -0.996917 -0.0784593 0
    outer loop
      vertex 7.6 5.9 0.5
      vertex 7.57907 6.16594 2.4
      vertex 7.57907 6.16594 0.5
    endloop
  endfacet
  facet normal -0.996917 -0.0784593 0
    outer loop
      vertex 7.57907 6.16594 2.4
      vertex 7.6 5.9 0.5
      vertex 7.6 5.9 2.4
    endloop
  endfacet
  facet normal -0.92387 -0.382706 0
    outer loop
      vertex 7.5168 6.42533 0.5
      vertex 7.41471 6.67178 2.4
      vertex 7.41471 6.67178 0.5
    endloop
  endfacet
  facet normal -0.92387 -0.382706 0
    outer loop
      vertex 7.41471 6.67178 2.4
      vertex 7.5168 6.42533 0.5
      vertex 7.5168 6.42533 2.4
    endloop
  endfacet
  facet normal -0.522494 0.852643 0
    outer loop
      vertex 6.89923 4.52467 0.5
      vertex 6.67178 4.38529 2.4
      vertex 6.89923 4.52467 2.4
    endloop
  endfacet
  facet normal -0.522494 0.852643 0
    outer loop
      vertex 6.67178 4.38529 2.4
      vertex 6.89923 4.52467 0.5
      vertex 6.67178 4.38529 0.5
    endloop
  endfacet
  facet normal 0.92387 -0.382706 0
    outer loop
      vertex 4.2832 6.42533 2.4
      vertex 4.38529 6.67178 0.5
      vertex 4.38529 6.67178 2.4
    endloop
  endfacet
  facet normal 0.92387 -0.382706 0
    outer loop
      vertex 4.38529 6.67178 0.5
      vertex 4.2832 6.42533 2.4
      vertex 4.2832 6.42533 0.5
    endloop
  endfacet
  facet normal 0.522494 0.852643 -0
    outer loop
      vertex 5.12822 4.38529 0.5
      vertex 4.90077 4.52467 2.4
      vertex 5.12822 4.38529 2.4
    endloop
  endfacet
  facet normal 0.522494 0.852643 0
    outer loop
      vertex 4.90077 4.52467 2.4
      vertex 5.12822 4.38529 0.5
      vertex 4.90077 4.52467 0.5
    endloop
  endfacet
  facet normal -0.972373 0.233431 0
    outer loop
      vertex 7.5168 5.37467 0.5
      vertex 7.57907 5.63406 2.4
      vertex 7.57907 5.63406 0.5
    endloop
  endfacet
  facet normal -0.972373 0.233431 0
    outer loop
      vertex 7.57907 5.63406 2.4
      vertex 7.5168 5.37467 0.5
      vertex 7.5168 5.37467 2.4
    endloop
  endfacet
  facet normal -0.382706 0.92387 0
    outer loop
      vertex 6.67178 4.38529 0.5
      vertex 6.42533 4.2832 2.4
      vertex 6.67178 4.38529 2.4
    endloop
  endfacet
  facet normal -0.382706 0.92387 0
    outer loop
      vertex 6.42533 4.2832 2.4
      vertex 6.67178 4.38529 0.5
      vertex 6.42533 4.2832 0.5
    endloop
  endfacet
  facet normal 0.382706 -0.92387 0
    outer loop
      vertex 5.12822 7.41471 0.5
      vertex 5.37467 7.5168 2.4
      vertex 5.12822 7.41471 2.4
    endloop
  endfacet
  facet normal 0.382706 -0.92387 0
    outer loop
      vertex 5.37467 7.5168 2.4
      vertex 5.12822 7.41471 0.5
      vertex 5.37467 7.5168 0.5
    endloop
  endfacet
  facet normal 0.522494 -0.852643 0
    outer loop
      vertex 4.90077 7.27533 0.5
      vertex 5.12822 7.41471 2.4
      vertex 4.90077 7.27533 2.4
    endloop
  endfacet
  facet normal 0.522494 -0.852643 0
    outer loop
      vertex 5.12822 7.41471 2.4
      vertex 4.90077 7.27533 0.5
      vertex 5.12822 7.41471 0.5
    endloop
  endfacet
  facet normal 0.233431 -0.972373 0
    outer loop
      vertex 5.37467 7.5168 0.5
      vertex 5.63406 7.57907 2.4
      vertex 5.37467 7.5168 2.4
    endloop
  endfacet
  facet normal 0.233431 -0.972373 0
    outer loop
      vertex 5.63406 7.57907 2.4
      vertex 5.37467 7.5168 0.5
      vertex 5.63406 7.57907 0.5
    endloop
  endfacet
  facet normal -0.649447 0.760406 0
    outer loop
      vertex 7.10208 4.69792 0.5
      vertex 6.89923 4.52467 2.4
      vertex 7.10208 4.69792 2.4
    endloop
  endfacet
  facet normal -0.649447 0.760406 0
    outer loop
      vertex 6.89923 4.52467 2.4
      vertex 7.10208 4.69792 0.5
      vertex 6.89923 4.52467 0.5
    endloop
  endfacet
  facet normal 0.0784593 -0.996917 0
    outer loop
      vertex 5.63406 7.57907 0.5
      vertex 5.9 7.6 2.4
      vertex 5.63406 7.57907 2.4
    endloop
  endfacet
  facet normal 0.0784593 -0.996917 0
    outer loop
      vertex 5.9 7.6 2.4
      vertex 5.63406 7.57907 0.5
      vertex 5.9 7.6 0.5
    endloop
  endfacet
  facet normal 0.92387 0.382706 0
    outer loop
      vertex 4.38529 5.12822 2.4
      vertex 4.2832 5.37467 0.5
      vertex 4.2832 5.37467 2.4
    endloop
  endfacet
  facet normal 0.92387 0.382706 0
    outer loop
      vertex 4.2832 5.37467 0.5
      vertex 4.38529 5.12822 2.4
      vertex 4.38529 5.12822 0.5
    endloop
  endfacet
  facet normal 0.760406 -0.649447 0
    outer loop
      vertex 4.52467 6.89923 2.4
      vertex 4.69792 7.10208 0.5
      vertex 4.69792 7.10208 2.4
    endloop
  endfacet
  facet normal 0.760406 -0.649447 0
    outer loop
      vertex 4.69792 7.10208 0.5
      vertex 4.52467 6.89923 2.4
      vertex 4.52467 6.89923 0.5
    endloop
  endfacet
  facet normal 0.233431 0.972373 -0
    outer loop
      vertex 5.63406 4.22093 0.5
      vertex 5.37467 4.2832 2.4
      vertex 5.63406 4.22093 2.4
    endloop
  endfacet
  facet normal 0.233431 0.972373 0
    outer loop
      vertex 5.37467 4.2832 2.4
      vertex 5.63406 4.22093 0.5
      vertex 5.37467 4.2832 0.5
    endloop
  endfacet
  facet normal -0.92387 0.382706 0
    outer loop
      vertex 7.41471 5.12822 0.5
      vertex 7.5168 5.37467 2.4
      vertex 7.5168 5.37467 0.5
    endloop
  endfacet
  facet normal -0.92387 0.382706 0
    outer loop
      vertex 7.5168 5.37467 2.4
      vertex 7.41471 5.12822 0.5
      vertex 7.41471 5.12822 2.4
    endloop
  endfacet
  facet normal 0.760406 0.649447 0
    outer loop
      vertex 4.69792 4.69792 2.4
      vertex 4.52467 4.90077 0.5
      vertex 4.52467 4.90077 2.4
    endloop
  endfacet
  facet normal 0.760406 0.649447 0
    outer loop
      vertex 4.52467 4.90077 0.5
      vertex 4.69792 4.69792 2.4
      vertex 4.69792 4.69792 0.5
    endloop
  endfacet
  facet normal 0.649447 -0.760406 0
    outer loop
      vertex 4.69792 7.10208 0.5
      vertex 4.90077 7.27533 2.4
      vertex 4.69792 7.10208 2.4
    endloop
  endfacet
  facet normal 0.649447 -0.760406 0
    outer loop
      vertex 4.90077 7.27533 2.4
      vertex 4.69792 7.10208 0.5
      vertex 4.90077 7.27533 0.5
    endloop
  endfacet
  facet normal -0.0784593 0.996917 0
    outer loop
      vertex 6.16594 4.22093 0.5
      vertex 5.9 4.2 2.4
      vertex 6.16594 4.22093 2.4
    endloop
  endfacet
  facet normal -0.0784593 0.996917 0
    outer loop
      vertex 5.9 4.2 2.4
      vertex 6.16594 4.22093 0.5
      vertex 5.9 4.2 0.5
    endloop
  endfacet
  facet normal -0.852643 0.522494 0
    outer loop
      vertex 7.27533 4.90077 0.5
      vertex 7.41471 5.12822 2.4
      vertex 7.41471 5.12822 0.5
    endloop
  endfacet
  facet normal -0.852643 0.522494 0
    outer loop
      vertex 7.41471 5.12822 2.4
      vertex 7.27533 4.90077 0.5
      vertex 7.27533 4.90077 2.4
    endloop
  endfacet
  facet normal -0.852643 -0.522494 0
    outer loop
      vertex 7.41471 6.67178 0.5
      vertex 7.27533 6.89923 2.4
      vertex 7.27533 6.89923 0.5
    endloop
  endfacet
  facet normal -0.852643 -0.522494 0
    outer loop
      vertex 7.27533 6.89923 2.4
      vertex 7.41471 6.67178 0.5
      vertex 7.41471 6.67178 2.4
    endloop
  endfacet
  facet normal -0.996917 0.0784593 0
    outer loop
      vertex 7.57907 5.63406 0.5
      vertex 7.6 5.9 2.4
      vertex 7.6 5.9 0.5
    endloop
  endfacet
  facet normal -0.996917 0.0784593 0
    outer loop
      vertex 7.6 5.9 2.4
      vertex 7.57907 5.63406 0.5
      vertex 7.57907 5.63406 2.4
    endloop
  endfacet
  facet normal 0.972373 0.233431 0
    outer loop
      vertex 4.2832 5.37467 2.4
      vertex 4.22093 5.63406 0.5
      vertex 4.22093 5.63406 2.4
    endloop
  endfacet
  facet normal 0.972373 0.233431 0
    outer loop
      vertex 4.22093 5.63406 0.5
      vertex 4.2832 5.37467 2.4
      vertex 4.2832 5.37467 0.5
    endloop
  endfacet
  facet normal -0.522494 -0.852643 0
    outer loop
      vertex 6.67178 7.41471 0.5
      vertex 6.89923 7.27533 2.4
      vertex 6.67178 7.41471 2.4
    endloop
  endfacet
  facet normal -0.522494 -0.852643 -0
    outer loop
      vertex 6.89923 7.27533 2.4
      vertex 6.67178 7.41471 0.5
      vertex 6.89923 7.27533 0.5
    endloop
  endfacet
  facet normal -0.760406 -0.649447 0
    outer loop
      vertex 7.27533 6.89923 0.5
      vertex 7.10208 7.10208 2.4
      vertex 7.10208 7.10208 0.5
    endloop
  endfacet
  facet normal -0.760406 -0.649447 0
    outer loop
      vertex 7.10208 7.10208 2.4
      vertex 7.27533 6.89923 0.5
      vertex 7.27533 6.89923 2.4
    endloop
  endfacet
  facet normal 0.996917 -0.0784593 0
    outer loop
      vertex 4.2 5.9 2.4
      vertex 4.22093 6.16594 0.5
      vertex 4.22093 6.16594 2.4
    endloop
  endfacet
  facet normal 0.996917 -0.0784593 0
    outer loop
      vertex 4.22093 6.16594 0.5
      vertex 4.2 5.9 2.4
      vertex 4.2 5.9 0.5
    endloop
  endfacet
  facet normal -0.649447 -0.760406 0
    outer loop
      vertex 6.89923 7.27533 0.5
      vertex 7.10208 7.10208 2.4
      vertex 6.89923 7.27533 2.4
    endloop
  endfacet
  facet normal -0.649447 -0.760406 -0
    outer loop
      vertex 7.10208 7.10208 2.4
      vertex 6.89923 7.27533 0.5
      vertex 7.10208 7.10208 0.5
    endloop
  endfacet
  facet normal -0.233431 0.972373 0
    outer loop
      vertex 6.42533 4.2832 0.5
      vertex 6.16594 4.22093 2.4
      vertex 6.42533 4.2832 2.4
    endloop
  endfacet
  facet normal -0.233431 0.972373 0
    outer loop
      vertex 6.16594 4.22093 2.4
      vertex 6.42533 4.2832 0.5
      vertex 6.16594 4.22093 0.5
    endloop
  endfacet
  facet normal 0.852643 0.522494 0
    outer loop
      vertex 4.52467 4.90077 2.4
      vertex 4.38529 5.12822 0.5
      vertex 4.38529 5.12822 2.4
    endloop
  endfacet
  facet normal 0.852643 0.522494 0
    outer loop
      vertex 4.38529 5.12822 0.5
      vertex 4.52467 4.90077 2.4
      vertex 4.52467 4.90077 0.5
    endloop
  endfacet
  facet normal 0.649447 0.760406 -0
    outer loop
      vertex 4.90077 4.52467 0.5
      vertex 4.69792 4.69792 2.4
      vertex 4.90077 4.52467 2.4
    endloop
  endfacet
  facet normal 0.649447 0.760406 0
    outer loop
      vertex 4.69792 4.69792 2.4
      vertex 4.90077 4.52467 0.5
      vertex 4.69792 4.69792 0.5
    endloop
  endfacet
  facet normal -0.760406 0.649447 0
    outer loop
      vertex 7.10208 4.69792 0.5
      vertex 7.27533 4.90077 2.4
      vertex 7.27533 4.90077 0.5
    endloop
  endfacet
  facet normal -0.760406 0.649447 0
    outer loop
      vertex 7.27533 4.90077 2.4
      vertex 7.10208 4.69792 0.5
      vertex 7.10208 4.69792 2.4
    endloop
  endfacet
  facet normal 0.852643 -0.522494 0
    outer loop
      vertex 4.38529 6.67178 2.4
      vertex 4.52467 6.89923 0.5
      vertex 4.52467 6.89923 2.4
    endloop
  endfacet
  facet normal 0.852643 -0.522494 0
    outer loop
      vertex 4.52467 6.89923 0.5
      vertex 4.38529 6.67178 2.4
      vertex 4.38529 6.67178 0.5
    endloop
  endfacet
  facet normal 0.996917 0.0784593 0
    outer loop
      vertex 4.22093 5.63406 2.4
      vertex 4.2 5.9 0.5
      vertex 4.2 5.9 2.4
    endloop
  endfacet
  facet normal 0.996917 0.0784593 0
    outer loop
      vertex 4.2 5.9 0.5
      vertex 4.22093 5.63406 2.4
      vertex 4.22093 5.63406 0.5
    endloop
  endfacet
  facet normal 0.382706 0.92387 -0
    outer loop
      vertex 5.37467 4.2832 0.5
      vertex 5.12822 4.38529 2.4
      vertex 5.37467 4.2832 2.4
    endloop
  endfacet
  facet normal 0.382706 0.92387 0
    outer loop
      vertex 5.12822 4.38529 2.4
      vertex 5.37467 4.2832 0.5
      vertex 5.12822 4.38529 0.5
    endloop
  endfacet
  facet normal -0.382706 -0.92387 0
    outer loop
      vertex 6.42533 7.5168 0.5
      vertex 6.67178 7.41471 2.4
      vertex 6.42533 7.5168 2.4
    endloop
  endfacet
  facet normal -0.382706 -0.92387 -0
    outer loop
      vertex 6.67178 7.41471 2.4
      vertex 6.42533 7.5168 0.5
      vertex 6.67178 7.41471 0.5
    endloop
  endfacet
  facet normal -0.233431 -0.972373 0
    outer loop
      vertex 6.16594 7.57907 0.5
      vertex 6.42533 7.5168 2.4
      vertex 6.16594 7.57907 2.4
    endloop
  endfacet
  facet normal -0.233431 -0.972373 -0
    outer loop
      vertex 6.42533 7.5168 2.4
      vertex 6.16594 7.57907 0.5
      vertex 6.42533 7.5168 0.5
    endloop
  endfacet
  facet normal -0.0784593 -0.996917 0
    outer loop
      vertex 5.9 7.6 0.5
      vertex 6.16594 7.57907 2.4
      vertex 5.9 7.6 2.4
    endloop
  endfacet
  facet normal -0.0784593 -0.996917 -0
    outer loop
      vertex 6.16594 7.57907 2.4
      vertex 5.9 7.6 0.5
      vertex 6.16594 7.57907 0.5
    endloop
  endfacet
  facet normal 0.972373 -0.233431 0
    outer loop
      vertex 4.22093 6.16594 2.4
      vertex 4.2832 6.42533 0.5
      vertex 4.2832 6.42533 2.4
    endloop
  endfacet
  facet normal 0.972373 -0.233431 0
    outer loop
      vertex 4.2832 6.42533 0.5
      vertex 4.22093 6.16594 2.4
      vertex 4.22093 6.16594 0.5
    endloop
  endfacet
  facet normal 0.0784593 0.996917 -0
    outer loop
      vertex 5.9 4.2 0.5
      vertex 5.63406 4.22093 2.4
      vertex 5.9 4.2 2.4
    endloop
  endfacet
  facet normal 0.0784593 0.996917 0
    outer loop
      vertex 5.63406 4.22093 2.4
      vertex 5.9 4.2 0.5
      vertex 5.63406 4.22093 0.5
    endloop
  endfacet
  facet normal 0.923879 -0.382684 0
    outer loop
      vertex 3.04683 6.82705 0.5
      vertex 3.22698 7.26197 0
      vertex 3.22698 7.26197 0.5
    endloop
  endfacet
  facet normal 0.923879 -0.382684 0
    outer loop
      vertex 3.22698 7.26197 0
      vertex 3.04683 6.82705 0.5
      vertex 3.04683 6.82705 0
    endloop
  endfacet
  facet normal -0.972373 -0.233433 0
    outer loop
      vertex 8.86306 6.3693 0
      vertex 8.75317 6.82705 0.5
      vertex 8.75317 6.82705 0
    endloop
  endfacet
  facet normal -0.972373 -0.233433 0
    outer loop
      vertex 8.75317 6.82705 0.5
      vertex 8.86306 6.3693 0
      vertex 8.86306 6.3693 0.5
    endloop
  endfacet
  facet normal -0.996916 -0.0784703 0
    outer loop
      vertex 8.9 5.9 0
      vertex 8.86306 6.3693 0.5
      vertex 8.86306 6.3693 0
    endloop
  endfacet
  facet normal -0.996916 -0.0784703 0
    outer loop
      vertex 8.86306 6.3693 0.5
      vertex 8.9 5.9 0
      vertex 8.9 5.9 0.5
    endloop
  endfacet
  facet normal -0.923879 -0.382684 0
    outer loop
      vertex 8.75317 6.82705 0
      vertex 8.57302 7.26197 0.5
      vertex 8.57302 7.26197 0
    endloop
  endfacet
  facet normal -0.923879 -0.382684 0
    outer loop
      vertex 8.57302 7.26197 0.5
      vertex 8.75317 6.82705 0
      vertex 8.75317 6.82705 0.5
    endloop
  endfacet
  facet normal -0.522495 0.852642 0
    outer loop
      vertex 7.66336 3.47295 0
      vertex 7.26197 3.22698 0.5
      vertex 7.66336 3.47295 0.5
    endloop
  endfacet
  facet normal -0.522495 0.852642 0
    outer loop
      vertex 7.26197 3.22698 0.5
      vertex 7.66336 3.47295 0
      vertex 7.26197 3.22698 0
    endloop
  endfacet
  facet normal -0.972373 0.233433 0
    outer loop
      vertex 8.75317 4.97295 0
      vertex 8.86306 5.4307 0.5
      vertex 8.86306 5.4307 0
    endloop
  endfacet
  facet normal -0.972373 0.233433 0
    outer loop
      vertex 8.86306 5.4307 0.5
      vertex 8.75317 4.97295 0
      vertex 8.75317 4.97295 0.5
    endloop
  endfacet
  facet normal -0.382684 0.923879 0
    outer loop
      vertex 7.26197 3.22698 0
      vertex 6.82705 3.04683 0.5
      vertex 7.26197 3.22698 0.5
    endloop
  endfacet
  facet normal -0.382684 0.923879 0
    outer loop
      vertex 6.82705 3.04683 0.5
      vertex 7.26197 3.22698 0
      vertex 6.82705 3.04683 0
    endloop
  endfacet
  facet normal 0.382684 -0.923879 0
    outer loop
      vertex 4.53803 8.57302 0
      vertex 4.97295 8.75317 0.5
      vertex 4.53803 8.57302 0.5
    endloop
  endfacet
  facet normal 0.382684 -0.923879 0
    outer loop
      vertex 4.97295 8.75317 0.5
      vertex 4.53803 8.57302 0
      vertex 4.97295 8.75317 0
    endloop
  endfacet
  facet normal 0.382684 0.923879 -0
    outer loop
      vertex 4.97295 3.04683 0
      vertex 4.53803 3.22698 0.5
      vertex 4.97295 3.04683 0.5
    endloop
  endfacet
  facet normal 0.382684 0.923879 0
    outer loop
      vertex 4.53803 3.22698 0.5
      vertex 4.97295 3.04683 0
      vertex 4.53803 3.22698 0
    endloop
  endfacet
  facet normal 0.522495 -0.852642 0
    outer loop
      vertex 4.13664 8.32705 0
      vertex 4.53803 8.57302 0.5
      vertex 4.13664 8.32705 0.5
    endloop
  endfacet
  facet normal 0.522495 -0.852642 0
    outer loop
      vertex 4.53803 8.57302 0.5
      vertex 4.13664 8.32705 0
      vertex 4.53803 8.57302 0
    endloop
  endfacet
  facet normal -0.649452 -0.760403 0
    outer loop
      vertex 7.66336 8.32705 0
      vertex 8.02132 8.02132 0.5
      vertex 7.66336 8.32705 0.5
    endloop
  endfacet
  facet normal -0.649452 -0.760403 -0
    outer loop
      vertex 8.02132 8.02132 0.5
      vertex 7.66336 8.32705 0
      vertex 8.02132 8.02132 0
    endloop
  endfacet
  facet normal 0.233433 -0.972373 0
    outer loop
      vertex 4.97295 8.75317 0
      vertex 5.4307 8.86306 0.5
      vertex 4.97295 8.75317 0.5
    endloop
  endfacet
  facet normal 0.233433 -0.972373 0
    outer loop
      vertex 5.4307 8.86306 0.5
      vertex 4.97295 8.75317 0
      vertex 5.4307 8.86306 0
    endloop
  endfacet
  facet normal 0.923879 0.382684 0
    outer loop
      vertex 3.22698 4.53803 0.5
      vertex 3.04683 4.97295 0
      vertex 3.04683 4.97295 0.5
    endloop
  endfacet
  facet normal 0.923879 0.382684 0
    outer loop
      vertex 3.04683 4.97295 0
      vertex 3.22698 4.53803 0.5
      vertex 3.22698 4.53803 0
    endloop
  endfacet
  facet normal 0.0784703 -0.996916 0
    outer loop
      vertex 5.4307 8.86306 0
      vertex 5.9 8.9 0.5
      vertex 5.4307 8.86306 0.5
    endloop
  endfacet
  facet normal 0.0784703 -0.996916 0
    outer loop
      vertex 5.9 8.9 0.5
      vertex 5.4307 8.86306 0
      vertex 5.9 8.9 0
    endloop
  endfacet
  facet normal 0.233433 0.972373 -0
    outer loop
      vertex 5.4307 2.93694 0
      vertex 4.97295 3.04683 0.5
      vertex 5.4307 2.93694 0.5
    endloop
  endfacet
  facet normal 0.233433 0.972373 0
    outer loop
      vertex 4.97295 3.04683 0.5
      vertex 5.4307 2.93694 0
      vertex 4.97295 3.04683 0
    endloop
  endfacet
  facet normal -0.923879 0.382684 0
    outer loop
      vertex 8.57302 4.53803 0
      vertex 8.75317 4.97295 0.5
      vertex 8.75317 4.97295 0
    endloop
  endfacet
  facet normal -0.923879 0.382684 0
    outer loop
      vertex 8.75317 4.97295 0.5
      vertex 8.57302 4.53803 0
      vertex 8.57302 4.53803 0.5
    endloop
  endfacet
  facet normal 0.760403 0.649452 0
    outer loop
      vertex 3.77868 3.77868 0.5
      vertex 3.47295 4.13664 0
      vertex 3.47295 4.13664 0.5
    endloop
  endfacet
  facet normal 0.760403 0.649452 0
    outer loop
      vertex 3.47295 4.13664 0
      vertex 3.77868 3.77868 0.5
      vertex 3.77868 3.77868 0
    endloop
  endfacet
  facet normal 0.649452 -0.760403 0
    outer loop
      vertex 3.77868 8.02132 0
      vertex 4.13664 8.32705 0.5
      vertex 3.77868 8.02132 0.5
    endloop
  endfacet
  facet normal 0.649452 -0.760403 0
    outer loop
      vertex 4.13664 8.32705 0.5
      vertex 3.77868 8.02132 0
      vertex 4.13664 8.32705 0
    endloop
  endfacet
  facet normal -0.0784703 0.996916 0
    outer loop
      vertex 6.3693 2.93694 0
      vertex 5.9 2.9 0.5
      vertex 6.3693 2.93694 0.5
    endloop
  endfacet
  facet normal -0.0784703 0.996916 0
    outer loop
      vertex 5.9 2.9 0.5
      vertex 6.3693 2.93694 0
      vertex 5.9 2.9 0
    endloop
  endfacet
  facet normal 0.649452 0.760403 -0
    outer loop
      vertex 4.13664 3.47295 0
      vertex 3.77868 3.77868 0.5
      vertex 4.13664 3.47295 0.5
    endloop
  endfacet
  facet normal 0.649452 0.760403 0
    outer loop
      vertex 3.77868 3.77868 0.5
      vertex 4.13664 3.47295 0
      vertex 3.77868 3.77868 0
    endloop
  endfacet
  facet normal -0.852642 0.522495 0
    outer loop
      vertex 8.32705 4.13664 0
      vertex 8.57302 4.53803 0.5
      vertex 8.57302 4.53803 0
    endloop
  endfacet
  facet normal -0.852642 0.522495 0
    outer loop
      vertex 8.57302 4.53803 0.5
      vertex 8.32705 4.13664 0
      vertex 8.32705 4.13664 0.5
    endloop
  endfacet
  facet normal -0.852642 -0.522495 0
    outer loop
      vertex 8.57302 7.26197 0
      vertex 8.32705 7.66336 0.5
      vertex 8.32705 7.66336 0
    endloop
  endfacet
  facet normal -0.852642 -0.522495 0
    outer loop
      vertex 8.32705 7.66336 0.5
      vertex 8.57302 7.26197 0
      vertex 8.57302 7.26197 0.5
    endloop
  endfacet
  facet normal -0.760403 -0.649452 0
    outer loop
      vertex 8.32705 7.66336 0
      vertex 8.02132 8.02132 0.5
      vertex 8.02132 8.02132 0
    endloop
  endfacet
  facet normal -0.760403 -0.649452 0
    outer loop
      vertex 8.02132 8.02132 0.5
      vertex 8.32705 7.66336 0
      vertex 8.32705 7.66336 0.5
    endloop
  endfacet
  facet normal 0.760403 -0.649452 0
    outer loop
      vertex 3.47295 7.66336 0.5
      vertex 3.77868 8.02132 0
      vertex 3.77868 8.02132 0.5
    endloop
  endfacet
  facet normal 0.760403 -0.649452 0
    outer loop
      vertex 3.77868 8.02132 0
      vertex 3.47295 7.66336 0.5
      vertex 3.47295 7.66336 0
    endloop
  endfacet
  facet normal -0.0784703 -0.996916 0
    outer loop
      vertex 5.9 8.9 0
      vertex 6.3693 8.86306 0.5
      vertex 5.9 8.9 0.5
    endloop
  endfacet
  facet normal -0.0784703 -0.996916 -0
    outer loop
      vertex 6.3693 8.86306 0.5
      vertex 5.9 8.9 0
      vertex 6.3693 8.86306 0
    endloop
  endfacet
  facet normal -0.382684 -0.923879 0
    outer loop
      vertex 6.82705 8.75317 0
      vertex 7.26197 8.57302 0.5
      vertex 6.82705 8.75317 0.5
    endloop
  endfacet
  facet normal -0.382684 -0.923879 -0
    outer loop
      vertex 7.26197 8.57302 0.5
      vertex 6.82705 8.75317 0
      vertex 7.26197 8.57302 0
    endloop
  endfacet
  facet normal 0.972373 -0.233433 0
    outer loop
      vertex 2.93694 6.3693 0.5
      vertex 3.04683 6.82705 0
      vertex 3.04683 6.82705 0.5
    endloop
  endfacet
  facet normal 0.972373 -0.233433 0
    outer loop
      vertex 3.04683 6.82705 0
      vertex 2.93694 6.3693 0.5
      vertex 2.93694 6.3693 0
    endloop
  endfacet
  facet normal 0.972373 0.233433 0
    outer loop
      vertex 3.04683 4.97295 0.5
      vertex 2.93694 5.4307 0
      vertex 2.93694 5.4307 0.5
    endloop
  endfacet
  facet normal 0.972373 0.233433 0
    outer loop
      vertex 2.93694 5.4307 0
      vertex 3.04683 4.97295 0.5
      vertex 3.04683 4.97295 0
    endloop
  endfacet
  facet normal -0.522495 -0.852642 0
    outer loop
      vertex 7.26197 8.57302 0
      vertex 7.66336 8.32705 0.5
      vertex 7.26197 8.57302 0.5
    endloop
  endfacet
  facet normal -0.522495 -0.852642 -0
    outer loop
      vertex 7.66336 8.32705 0.5
      vertex 7.26197 8.57302 0
      vertex 7.66336 8.32705 0
    endloop
  endfacet
  facet normal -0.233433 0.972373 0
    outer loop
      vertex 6.82705 3.04683 0
      vertex 6.3693 2.93694 0.5
      vertex 6.82705 3.04683 0.5
    endloop
  endfacet
  facet normal -0.233433 0.972373 0
    outer loop
      vertex 6.3693 2.93694 0.5
      vertex 6.82705 3.04683 0
      vertex 6.3693 2.93694 0
    endloop
  endfacet
  facet normal -0.996916 0.0784703 0
    outer loop
      vertex 8.86306 5.4307 0
      vertex 8.9 5.9 0.5
      vertex 8.9 5.9 0
    endloop
  endfacet
  facet normal -0.996916 0.0784703 0
    outer loop
      vertex 8.9 5.9 0.5
      vertex 8.86306 5.4307 0
      vertex 8.86306 5.4307 0.5
    endloop
  endfacet
  facet normal -0.760403 0.649452 0
    outer loop
      vertex 8.02132 3.77868 0
      vertex 8.32705 4.13664 0.5
      vertex 8.32705 4.13664 0
    endloop
  endfacet
  facet normal -0.760403 0.649452 0
    outer loop
      vertex 8.32705 4.13664 0.5
      vertex 8.02132 3.77868 0
      vertex 8.02132 3.77868 0.5
    endloop
  endfacet
  facet normal 0.852642 0.522495 0
    outer loop
      vertex 3.47295 4.13664 0.5
      vertex 3.22698 4.53803 0
      vertex 3.22698 4.53803 0.5
    endloop
  endfacet
  facet normal 0.852642 0.522495 0
    outer loop
      vertex 3.22698 4.53803 0
      vertex 3.47295 4.13664 0.5
      vertex 3.47295 4.13664 0
    endloop
  endfacet
  facet normal 0.996916 0.0784703 0
    outer loop
      vertex 2.93694 5.4307 0.5
      vertex 2.9 5.9 0
      vertex 2.9 5.9 0.5
    endloop
  endfacet
  facet normal 0.996916 0.0784703 0
    outer loop
      vertex 2.9 5.9 0
      vertex 2.93694 5.4307 0.5
      vertex 2.93694 5.4307 0
    endloop
  endfacet
  facet normal 0.996916 -0.0784703 0
    outer loop
      vertex 2.9 5.9 0.5
      vertex 2.93694 6.3693 0
      vertex 2.93694 6.3693 0.5
    endloop
  endfacet
  facet normal 0.996916 -0.0784703 0
    outer loop
      vertex 2.93694 6.3693 0
      vertex 2.9 5.9 0.5
      vertex 2.9 5.9 0
    endloop
  endfacet
  facet normal 0.0784703 0.996916 -0
    outer loop
      vertex 5.9 2.9 0
      vertex 5.4307 2.93694 0.5
      vertex 5.9 2.9 0.5
    endloop
  endfacet
  facet normal 0.0784703 0.996916 0
    outer loop
      vertex 5.4307 2.93694 0.5
      vertex 5.9 2.9 0
      vertex 5.4307 2.93694 0
    endloop
  endfacet
  facet normal -0.233433 -0.972373 0
    outer loop
      vertex 6.3693 8.86306 0
      vertex 6.82705 8.75317 0.5
      vertex 6.3693 8.86306 0.5
    endloop
  endfacet
  facet normal -0.233433 -0.972373 -0
    outer loop
      vertex 6.82705 8.75317 0.5
      vertex 6.3693 8.86306 0
      vertex 6.82705 8.75317 0
    endloop
  endfacet
  facet normal 0.522495 0.852642 -0
    outer loop
      vertex 4.53803 3.22698 0
      vertex 4.13664 3.47295 0.5
      vertex 4.53803 3.22698 0.5
    endloop
  endfacet
  facet normal 0.522495 0.852642 0
    outer loop
      vertex 4.13664 3.47295 0.5
      vertex 4.53803 3.22698 0
      vertex 4.13664 3.47295 0
    endloop
  endfacet
  facet normal 0 0 -1
    outer loop
      vertex 7.6 5.9 0.5
      vertex 8.9 5.9 0.5
      vertex 8.86306 5.4307 0.5
    endloop
  endfacet
  facet normal 0 0 -1
    outer loop
      vertex 7.57907 5.63406 0.5
      vertex 8.86306 5.4307 0.5
      vertex 8.75317 4.97295 0.5
    endloop
  endfacet
  facet normal 0 0 -1
    outer loop
      vertex 8.9 5.9 0.5
      vertex 7.6 5.9 0.5
      vertex 8.86306 6.3693 0.5
    endloop
  endfacet
  facet normal 0 0 -1
    outer loop
      vertex 7.5168 5.37467 0.5
      vertex 8.75317 4.97295 0.5
      vertex 8.57302 4.53803 0.5
    endloop
  endfacet
  facet normal 0 0 -1
    outer loop
      vertex 7.57907 6.16594 0.5
      vertex 8.86306 6.3693 0.5
      vertex 7.6 5.9 0.5
    endloop
  endfacet
  facet normal 0 0 -1
    outer loop
      vertex 7.41471 5.12822 0.5
      vertex 8.57302 4.53803 0.5
      vertex 8.32705 4.13664 0.5
    endloop
  endfacet
  facet normal -0 0 -1
    outer loop
      vertex 8.86306 6.3693 0.5
      vertex 7.57907 6.16594 0.5
      vertex 8.75317 6.82705 0.5
    endloop
  endfacet
  facet normal 0 0 -1
    outer loop
      vertex 7.27533 4.90077 0.5
      vertex 8.32705 4.13664 0.5
      vertex 8.02132 3.77868 0.5
    endloop
  endfacet
  facet normal 0 0 -1
    outer loop
      vertex 7.5168 6.42533 0.5
      vertex 8.75317 6.82705 0.5
      vertex 7.57907 6.16594 0.5
    endloop
  endfacet
  facet normal 0 0 -1
    outer loop
      vertex 7.10208 4.69792 0.5
      vertex 8.02132 3.77868 0.5
      vertex 7.66336 3.47295 0.5
    endloop
  endfacet
  facet normal -0 0 -1
    outer loop
      vertex 8.75317 6.82705 0.5
      vertex 7.5168 6.42533 0.5
      vertex 8.57302 7.26197 0.5
    endloop
  endfacet
  facet normal 0 0 -1
    outer loop
      vertex 7.41471 6.67178 0.5
      vertex 8.57302 7.26197 0.5
      vertex 7.5168 6.42533 0.5
    endloop
  endfacet
  facet normal 0 0 -1
    outer loop
      vertex 8.86306 5.4307 0.5
      vertex 7.57907 5.63406 0.5
      vertex 7.6 5.9 0.5
    endloop
  endfacet
  facet normal 0 0 -1
    outer loop
      vertex 8.75317 4.97295 0.5
      vertex 7.5168 5.37467 0.5
      vertex 7.57907 5.63406 0.5
    endloop
  endfacet
  facet normal 0 0 -1
    outer loop
      vertex 8.57302 4.53803 0.5
      vertex 7.41471 5.12822 0.5
      vertex 7.5168 5.37467 0.5
    endloop
  endfacet
  facet normal 0 0 -1
    outer loop
      vertex 8.32705 4.13664 0.5
      vertex 7.27533 4.90077 0.5
      vertex 7.41471 5.12822 0.5
    endloop
  endfacet
  facet normal 0 0 -1
    outer loop
      vertex 6.89923 4.52467 0.5
      vertex 7.66336 3.47295 0.5
      vertex 7.26197 3.22698 0.5
    endloop
  endfacet
  facet normal 0 0 -1
    outer loop
      vertex 8.02132 3.77868 0.5
      vertex 7.10208 4.69792 0.5
      vertex 7.27533 4.90077 0.5
    endloop
  endfacet
  facet normal 0 0 -1
    outer loop
      vertex 7.66336 3.47295 0.5
      vertex 6.89923 4.52467 0.5
      vertex 7.10208 4.69792 0.5
    endloop
  endfacet
  facet normal 0 0 -1
    outer loop
      vertex 6.67178 4.38529 0.5
      vertex 7.26197 3.22698 0.5
      vertex 6.82705 3.04683 0.5
    endloop
  endfacet
  facet normal 0 0 -1
    outer loop
      vertex 7.26197 3.22698 0.5
      vertex 6.67178 4.38529 0.5
      vertex 6.89923 4.52467 0.5
    endloop
  endfacet
  facet normal 0 0 -1
    outer loop
      vertex 6.82705 3.04683 0.5
      vertex 6.42533 4.2832 0.5
      vertex 6.67178 4.38529 0.5
    endloop
  endfacet
  facet normal 0 0 -1
    outer loop
      vertex 6.3693 2.93694 0.5
      vertex 6.42533 4.2832 0.5
      vertex 6.82705 3.04683 0.5
    endloop
  endfacet
  facet normal 0 0 -1
    outer loop
      vertex 6.3693 2.93694 0.5
      vertex 6.16594 4.22093 0.5
      vertex 6.42533 4.2832 0.5
    endloop
  endfacet
  facet normal 0 0 -1
    outer loop
      vertex 5.9 2.9 0.5
      vertex 6.16594 4.22093 0.5
      vertex 6.3693 2.93694 0.5
    endloop
  endfacet
  facet normal 0 0 -1
    outer loop
      vertex 5.9 2.9 0.5
      vertex 5.9 4.2 0.5
      vertex 6.16594 4.22093 0.5
    endloop
  endfacet
  facet normal 0 0 -1
    outer loop
      vertex 5.9 2.9 0.5
      vertex 5.63406 4.22093 0.5
      vertex 5.9 4.2 0.5
    endloop
  endfacet
  facet normal 0 0 -1
    outer loop
      vertex 5.4307 2.93694 0.5
      vertex 5.63406 4.22093 0.5
      vertex 5.9 2.9 0.5
    endloop
  endfacet
  facet normal 0 0 -1
    outer loop
      vertex 5.4307 2.93694 0.5
      vertex 5.37467 4.2832 0.5
      vertex 5.63406 4.22093 0.5
    endloop
  endfacet
  facet normal 0 0 -1
    outer loop
      vertex 4.97295 3.04683 0.5
      vertex 5.37467 4.2832 0.5
      vertex 5.4307 2.93694 0.5
    endloop
  endfacet
  facet normal -0 0 -1
    outer loop
      vertex 5.37467 4.2832 0.5
      vertex 4.97295 3.04683 0.5
      vertex 5.12822 4.38529 0.5
    endloop
  endfacet
  facet normal 0 0 -1
    outer loop
      vertex 4.53803 3.22698 0.5
      vertex 5.12822 4.38529 0.5
      vertex 4.97295 3.04683 0.5
    endloop
  endfacet
  facet normal -0 0 -1
    outer loop
      vertex 5.12822 4.38529 0.5
      vertex 4.53803 3.22698 0.5
      vertex 4.90077 4.52467 0.5
    endloop
  endfacet
  facet normal 0 0 -1
    outer loop
      vertex 4.13664 3.47295 0.5
      vertex 4.90077 4.52467 0.5
      vertex 4.53803 3.22698 0.5
    endloop
  endfacet
  facet normal -0 0 -1
    outer loop
      vertex 4.90077 4.52467 0.5
      vertex 4.13664 3.47295 0.5
      vertex 4.69792 4.69792 0.5
    endloop
  endfacet
  facet normal 0 0 -1
    outer loop
      vertex 3.77868 3.77868 0.5
      vertex 4.69792 4.69792 0.5
      vertex 4.13664 3.47295 0.5
    endloop
  endfacet
  facet normal -0 0 -1
    outer loop
      vertex 4.69792 4.69792 0.5
      vertex 3.77868 3.77868 0.5
      vertex 4.52467 4.90077 0.5
    endloop
  endfacet
  facet normal 0 0 -1
    outer loop
      vertex 3.47295 4.13664 0.5
      vertex 4.52467 4.90077 0.5
      vertex 3.77868 3.77868 0.5
    endloop
  endfacet
  facet normal 0 0 -1
    outer loop
      vertex 3.22698 4.53803 0.5
      vertex 4.38529 5.12822 0.5
      vertex 3.47295 4.13664 0.5
    endloop
  endfacet
  facet normal -0 0 -1
    outer loop
      vertex 4.52467 4.90077 0.5
      vertex 3.47295 4.13664 0.5
      vertex 4.38529 5.12822 0.5
    endloop
  endfacet
  facet normal -0 0 -1
    outer loop
      vertex 8.57302 7.26197 0.5
      vertex 7.41471 6.67178 0.5
      vertex 8.32705 7.66336 0.5
    endloop
  endfacet
  facet normal 0 0 -1
    outer loop
      vertex 7.27533 6.89923 0.5
      vertex 8.32705 7.66336 0.5
      vertex 7.41471 6.67178 0.5
    endloop
  endfacet
  facet normal -0 0 -1
    outer loop
      vertex 8.32705 7.66336 0.5
      vertex 7.27533 6.89923 0.5
      vertex 8.02132 8.02132 0.5
    endloop
  endfacet
  facet normal 0 0 -1
    outer loop
      vertex 7.10208 7.10208 0.5
      vertex 8.02132 8.02132 0.5
      vertex 7.27533 6.89923 0.5
    endloop
  endfacet
  facet normal -0 0 -1
    outer loop
      vertex 8.02132 8.02132 0.5
      vertex 7.10208 7.10208 0.5
      vertex 7.66336 8.32705 0.5
    endloop
  endfacet
  facet normal 0 0 -1
    outer loop
      vertex 6.89923 7.27533 0.5
      vertex 7.66336 8.32705 0.5
      vertex 7.10208 7.10208 0.5
    endloop
  endfacet
  facet normal -0 0 -1
    outer loop
      vertex 7.66336 8.32705 0.5
      vertex 6.89923 7.27533 0.5
      vertex 7.26197 8.57302 0.5
    endloop
  endfacet
  facet normal 0 0 -1
    outer loop
      vertex 6.67178 7.41471 0.5
      vertex 7.26197 8.57302 0.5
      vertex 6.89923 7.27533 0.5
    endloop
  endfacet
  facet normal -0 0 -1
    outer loop
      vertex 7.26197 8.57302 0.5
      vertex 6.67178 7.41471 0.5
      vertex 6.82705 8.75317 0.5
    endloop
  endfacet
  facet normal 0 0 -1
    outer loop
      vertex 6.42533 7.5168 0.5
      vertex 6.82705 8.75317 0.5
      vertex 6.67178 7.41471 0.5
    endloop
  endfacet
  facet normal 0 0 -1
    outer loop
      vertex 6.42533 7.5168 0.5
      vertex 6.3693 8.86306 0.5
      vertex 6.82705 8.75317 0.5
    endloop
  endfacet
  facet normal 0 0 -1
    outer loop
      vertex 6.16594 7.57907 0.5
      vertex 6.3693 8.86306 0.5
      vertex 6.42533 7.5168 0.5
    endloop
  endfacet
  facet normal 0 0 -1
    outer loop
      vertex 5.9 7.6 0.5
      vertex 6.3693 8.86306 0.5
      vertex 6.16594 7.57907 0.5
    endloop
  endfacet
  facet normal 0 0 -1
    outer loop
      vertex 5.9 7.6 0.5
      vertex 5.9 8.9 0.5
      vertex 6.3693 8.86306 0.5
    endloop
  endfacet
  facet normal 0 0 -1
    outer loop
      vertex 5.63406 7.57907 0.5
      vertex 5.9 8.9 0.5
      vertex 5.9 7.6 0.5
    endloop
  endfacet
  facet normal 0 0 -1
    outer loop
      vertex 5.63406 7.57907 0.5
      vertex 5.4307 8.86306 0.5
      vertex 5.9 8.9 0.5
    endloop
  endfacet
  facet normal 0 0 -1
    outer loop
      vertex 5.37467 7.5168 0.5
      vertex 5.4307 8.86306 0.5
      vertex 5.63406 7.57907 0.5
    endloop
  endfacet
  facet normal 0 0 -1
    outer loop
      vertex 4.97295 8.75317 0.5
      vertex 5.37467 7.5168 0.5
      vertex 5.12822 7.41471 0.5
    endloop
  endfacet
  facet normal 0 0 -1
    outer loop
      vertex 5.37467 7.5168 0.5
      vertex 4.97295 8.75317 0.5
      vertex 5.4307 8.86306 0.5
    endloop
  endfacet
  facet normal 0 0 -1
    outer loop
      vertex 4.53803 8.57302 0.5
      vertex 5.12822 7.41471 0.5
      vertex 4.90077 7.27533 0.5
    endloop
  endfacet
  facet normal 0 0 -1
    outer loop
      vertex 4.13664 8.32705 0.5
      vertex 4.90077 7.27533 0.5
      vertex 4.69792 7.10208 0.5
    endloop
  endfacet
  facet normal 0 0 -1
    outer loop
      vertex 5.12822 7.41471 0.5
      vertex 4.53803 8.57302 0.5
      vertex 4.97295 8.75317 0.5
    endloop
  endfacet
  facet normal 0 0 -1
    outer loop
      vertex 3.77868 8.02132 0.5
      vertex 4.69792 7.10208 0.5
      vertex 4.52467 6.89923 0.5
    endloop
  endfacet
  facet normal 0 0 -1
    outer loop
      vertex 3.47295 7.66336 0.5
      vertex 4.52467 6.89923 0.5
      vertex 4.38529 6.67178 0.5
    endloop
  endfacet
  facet normal 0 0 -1
    outer loop
      vertex 3.22698 7.26197 0.5
      vertex 4.38529 6.67178 0.5
      vertex 4.2832 6.42533 0.5
    endloop
  endfacet
  facet normal 0 0 -1
    outer loop
      vertex 3.04683 6.82705 0.5
      vertex 4.2832 6.42533 0.5
      vertex 4.22093 6.16594 0.5
    endloop
  endfacet
  facet normal 0 0 -1
    outer loop
      vertex 4.90077 7.27533 0.5
      vertex 4.13664 8.32705 0.5
      vertex 4.53803 8.57302 0.5
    endloop
  endfacet
  facet normal 0 0 -1
    outer loop
      vertex 2.93694 6.3693 0.5
      vertex 4.22093 6.16594 0.5
      vertex 4.2 5.9 0.5
    endloop
  endfacet
  facet normal -0 0 -1
    outer loop
      vertex 4.38529 5.12822 0.5
      vertex 3.22698 4.53803 0.5
      vertex 4.2832 5.37467 0.5
    endloop
  endfacet
  facet normal 0 0 -1
    outer loop
      vertex 3.04683 4.97295 0.5
      vertex 4.2832 5.37467 0.5
      vertex 3.22698 4.53803 0.5
    endloop
  endfacet
  facet normal 0 0 -1
    outer loop
      vertex 4.69792 7.10208 0.5
      vertex 3.77868 8.02132 0.5
      vertex 4.13664 8.32705 0.5
    endloop
  endfacet
  facet normal -0 0 -1
    outer loop
      vertex 4.2832 5.37467 0.5
      vertex 3.04683 4.97295 0.5
      vertex 4.22093 5.63406 0.5
    endloop
  endfacet
  facet normal 0 0 -1
    outer loop
      vertex 4.52467 6.89923 0.5
      vertex 3.47295 7.66336 0.5
      vertex 3.77868 8.02132 0.5
    endloop
  endfacet
  facet normal 0 0 -1
    outer loop
      vertex 2.93694 5.4307 0.5
      vertex 4.22093 5.63406 0.5
      vertex 3.04683 4.97295 0.5
    endloop
  endfacet
  facet normal 0 0 -1
    outer loop
      vertex 4.38529 6.67178 0.5
      vertex 3.22698 7.26197 0.5
      vertex 3.47295 7.66336 0.5
    endloop
  endfacet
  facet normal -0 0 -1
    outer loop
      vertex 4.22093 5.63406 0.5
      vertex 2.93694 5.4307 0.5
      vertex 4.2 5.9 0.5
    endloop
  endfacet
  facet normal 0 0 -1
    outer loop
      vertex 4.2832 6.42533 0.5
      vertex 3.04683 6.82705 0.5
      vertex 3.22698 7.26197 0.5
    endloop
  endfacet
  facet normal 0 0 -1
    outer loop
      vertex 2.9 5.9 0.5
      vertex 4.2 5.9 0.5
      vertex 2.93694 5.4307 0.5
    endloop
  endfacet
  facet normal 0 0 -1
    outer loop
      vertex 4.22093 6.16594 0.5
      vertex 2.93694 6.3693 0.5
      vertex 3.04683 6.82705 0.5
    endloop
  endfacet
  facet normal 0 0 -1
    outer loop
      vertex 4.2 5.9 0.5
      vertex 2.9 5.9 0.5
      vertex 2.93694 6.3693 0.5
    endloop
  endfacet
  facet normal 0.852642 -0.522495 0
    outer loop
      vertex 3.22698 7.26197 0.5
      vertex 3.47295 7.66336 0
      vertex 3.47295 7.66336 0.5
    endloop
  endfacet
  facet normal 0.852642 -0.522495 0
    outer loop
      vertex 3.47295 7.66336 0
      vertex 3.22698 7.26197 0.5
      vertex 3.22698 7.26197 0
    endloop
  endfacet
  facet normal -0.649452 0.760403 0
    outer loop
      vertex 8.02132 3.77868 0
      vertex 7.66336 3.47295 0.5
      vertex 8.02132 3.77868 0.5
    endloop
  endfacet
  facet normal -0.649452 0.760403 0
    outer loop
      vertex 7.66336 3.47295 0.5
      vertex 8.02132 3.77868 0
      vertex 7.66336 3.47295 0
    endloop
  endfacet
  facet normal -0.972348 -0.233537 0
    outer loop
      vertex 87.7791 6.16594 0.5
      vertex 87.7168 6.42533 2.4
      vertex 87.7168 6.42533 0.5
    endloop
  endfacet
  facet normal -0.972348 -0.233537 0
    outer loop
      vertex 87.7168 6.42533 2.4
      vertex 87.7791 6.16594 0.5
      vertex 87.7791 6.16594 2.4
    endloop
  endfacet
  facet normal -0.996926 -0.0783476 0
    outer loop
      vertex 87.8 5.9 0.5
      vertex 87.7791 6.16594 2.4
      vertex 87.7791 6.16594 0.5
    endloop
  endfacet
  facet normal -0.996926 -0.0783476 0
    outer loop
      vertex 87.7791 6.16594 2.4
      vertex 87.8 5.9 0.5
      vertex 87.8 5.9 2.4
    endloop
  endfacet
  facet normal -0.923857 -0.382738 0
    outer loop
      vertex 87.7168 6.42533 0.5
      vertex 87.6147 6.67178 2.4
      vertex 87.6147 6.67178 0.5
    endloop
  endfacet
  facet normal -0.923857 -0.382738 0
    outer loop
      vertex 87.6147 6.67178 2.4
      vertex 87.7168 6.42533 0.5
      vertex 87.7168 6.42533 2.4
    endloop
  endfacet
  facet normal -0.522578 0.852592 0
    outer loop
      vertex 87.0992 4.52467 0.5
      vertex 86.8718 4.38529 2.4
      vertex 87.0992 4.52467 2.4
    endloop
  endfacet
  facet normal -0.522578 0.852592 0
    outer loop
      vertex 86.8718 4.38529 2.4
      vertex 87.0992 4.52467 0.5
      vertex 86.8718 4.38529 0.5
    endloop
  endfacet
  facet normal 0.923857 -0.382738 0
    outer loop
      vertex 84.4832 6.42533 2.4
      vertex 84.5853 6.67178 0.5
      vertex 84.5853 6.67178 2.4
    endloop
  endfacet
  facet normal 0.923857 -0.382738 0
    outer loop
      vertex 84.5853 6.67178 0.5
      vertex 84.4832 6.42533 2.4
      vertex 84.4832 6.42533 0.5
    endloop
  endfacet
  facet normal 0.522578 0.852592 -0
    outer loop
      vertex 85.3282 4.38529 0.5
      vertex 85.1008 4.52467 2.4
      vertex 85.3282 4.38529 2.4
    endloop
  endfacet
  facet normal 0.522578 0.852592 0
    outer loop
      vertex 85.1008 4.52467 2.4
      vertex 85.3282 4.38529 0.5
      vertex 85.1008 4.52467 0.5
    endloop
  endfacet
  facet normal -0.972348 0.233537 0
    outer loop
      vertex 87.7168 5.37467 0.5
      vertex 87.7791 5.63406 2.4
      vertex 87.7791 5.63406 0.5
    endloop
  endfacet
  facet normal -0.972348 0.233537 0
    outer loop
      vertex 87.7791 5.63406 2.4
      vertex 87.7168 5.37467 0.5
      vertex 87.7168 5.37467 2.4
    endloop
  endfacet
  facet normal -0.38264 0.923898 0
    outer loop
      vertex 86.8718 4.38529 0.5
      vertex 86.6253 4.2832 2.4
      vertex 86.8718 4.38529 2.4
    endloop
  endfacet
  facet normal -0.38264 0.923898 0
    outer loop
      vertex 86.6253 4.2832 2.4
      vertex 86.8718 4.38529 0.5
      vertex 86.6253 4.2832 0.5
    endloop
  endfacet
  facet normal 0.38264 -0.923898 0
    outer loop
      vertex 85.3282 7.41471 0.5
      vertex 85.5747 7.5168 2.4
      vertex 85.3282 7.41471 2.4
    endloop
  endfacet
  facet normal 0.38264 -0.923898 0
    outer loop
      vertex 85.5747 7.5168 2.4
      vertex 85.3282 7.41471 0.5
      vertex 85.5747 7.5168 0.5
    endloop
  endfacet
  facet normal 0.522578 -0.852592 0
    outer loop
      vertex 85.1008 7.27533 0.5
      vertex 85.3282 7.41471 2.4
      vertex 85.1008 7.27533 2.4
    endloop
  endfacet
  facet normal 0.522578 -0.852592 0
    outer loop
      vertex 85.3282 7.41471 2.4
      vertex 85.1008 7.27533 0.5
      vertex 85.3282 7.41471 0.5
    endloop
  endfacet
  facet normal 0.233423 -0.972375 0
    outer loop
      vertex 85.5747 7.5168 0.5
      vertex 85.8341 7.57907 2.4
      vertex 85.5747 7.5168 2.4
    endloop
  endfacet
  facet normal 0.233423 -0.972375 0
    outer loop
      vertex 85.8341 7.57907 2.4
      vertex 85.5747 7.5168 0.5
      vertex 85.8341 7.57907 0.5
    endloop
  endfacet
  facet normal -0.649355 0.760485 0
    outer loop
      vertex 87.3021 4.69792 0.5
      vertex 87.0992 4.52467 2.4
      vertex 87.3021 4.69792 2.4
    endloop
  endfacet
  facet normal -0.649355 0.760485 0
    outer loop
      vertex 87.0992 4.52467 2.4
      vertex 87.3021 4.69792 0.5
      vertex 87.0992 4.52467 0.5
    endloop
  endfacet
  facet normal 0.0784711 -0.996916 0
    outer loop
      vertex 85.8341 7.57907 0.5
      vertex 86.1 7.6 2.4
      vertex 85.8341 7.57907 2.4
    endloop
  endfacet
  facet normal 0.0784711 -0.996916 0
    outer loop
      vertex 86.1 7.6 2.4
      vertex 85.8341 7.57907 0.5
      vertex 86.1 7.6 0.5
    endloop
  endfacet
  facet normal 0.923857 0.382738 0
    outer loop
      vertex 84.5853 5.12822 2.4
      vertex 84.4832 5.37467 0.5
      vertex 84.4832 5.37467 2.4
    endloop
  endfacet
  facet normal 0.923857 0.382738 0
    outer loop
      vertex 84.4832 5.37467 0.5
      vertex 84.5853 5.12822 2.4
      vertex 84.5853 5.12822 0.5
    endloop
  endfacet
  facet normal 0.760499 -0.649339 0
    outer loop
      vertex 84.7247 6.89923 2.4
      vertex 84.8979 7.10208 0.5
      vertex 84.8979 7.10208 2.4
    endloop
  endfacet
  facet normal 0.760499 -0.649339 0
    outer loop
      vertex 84.8979 7.10208 0.5
      vertex 84.7247 6.89923 2.4
      vertex 84.7247 6.89923 0.5
    endloop
  endfacet
  facet normal 0.233423 0.972375 -0
    outer loop
      vertex 85.8341 4.22093 0.5
      vertex 85.5747 4.2832 2.4
      vertex 85.8341 4.22093 2.4
    endloop
  endfacet
  facet normal 0.233423 0.972375 0
    outer loop
      vertex 85.5747 4.2832 2.4
      vertex 85.8341 4.22093 0.5
      vertex 85.5747 4.2832 0.5
    endloop
  endfacet
  facet normal -0.923857 0.382738 0
    outer loop
      vertex 87.6147 5.12822 0.5
      vertex 87.7168 5.37467 2.4
      vertex 87.7168 5.37467 0.5
    endloop
  endfacet
  facet normal -0.923857 0.382738 0
    outer loop
      vertex 87.7168 5.37467 2.4
      vertex 87.6147 5.12822 0.5
      vertex 87.6147 5.12822 2.4
    endloop
  endfacet
  facet normal 0.760499 0.649339 0
    outer loop
      vertex 84.8979 4.69792 2.4
      vertex 84.7247 4.90077 0.5
      vertex 84.7247 4.90077 2.4
    endloop
  endfacet
  facet normal 0.760499 0.649339 0
    outer loop
      vertex 84.7247 4.90077 0.5
      vertex 84.8979 4.69792 2.4
      vertex 84.8979 4.69792 0.5
    endloop
  endfacet
  facet normal 0.649355 -0.760485 0
    outer loop
      vertex 84.8979 7.10208 0.5
      vertex 85.1008 7.27533 2.4
      vertex 84.8979 7.10208 2.4
    endloop
  endfacet
  facet normal 0.649355 -0.760485 0
    outer loop
      vertex 85.1008 7.27533 2.4
      vertex 84.8979 7.10208 0.5
      vertex 85.1008 7.27533 0.5
    endloop
  endfacet
  facet normal -0.0784711 0.996916 0
    outer loop
      vertex 86.3659 4.22093 0.5
      vertex 86.1 4.2 2.4
      vertex 86.3659 4.22093 2.4
    endloop
  endfacet
  facet normal -0.0784711 0.996916 0
    outer loop
      vertex 86.1 4.2 2.4
      vertex 86.3659 4.22093 0.5
      vertex 86.1 4.2 0.5
    endloop
  endfacet
  facet normal -0.852609 0.522549 0
    outer loop
      vertex 87.4753 4.90077 0.5
      vertex 87.6147 5.12822 2.4
      vertex 87.6147 5.12822 0.5
    endloop
  endfacet
  facet normal -0.852609 0.522549 0
    outer loop
      vertex 87.6147 5.12822 2.4
      vertex 87.4753 4.90077 0.5
      vertex 87.4753 4.90077 2.4
    endloop
  endfacet
  facet normal -0.852609 -0.522549 0
    outer loop
      vertex 87.6147 6.67178 0.5
      vertex 87.4753 6.89923 2.4
      vertex 87.4753 6.89923 0.5
    endloop
  endfacet
  facet normal -0.852609 -0.522549 0
    outer loop
      vertex 87.4753 6.89923 2.4
      vertex 87.6147 6.67178 0.5
      vertex 87.6147 6.67178 2.4
    endloop
  endfacet
  facet normal -0.996926 0.0783476 0
    outer loop
      vertex 87.7791 5.63406 0.5
      vertex 87.8 5.9 2.4
      vertex 87.8 5.9 0.5
    endloop
  endfacet
  facet normal -0.996926 0.0783476 0
    outer loop
      vertex 87.8 5.9 2.4
      vertex 87.7791 5.63406 0.5
      vertex 87.7791 5.63406 2.4
    endloop
  endfacet
  facet normal 0.972348 0.233537 0
    outer loop
      vertex 84.4832 5.37467 2.4
      vertex 84.4209 5.63406 0.5
      vertex 84.4209 5.63406 2.4
    endloop
  endfacet
  facet normal 0.972348 0.233537 0
    outer loop
      vertex 84.4209 5.63406 0.5
      vertex 84.4832 5.37467 2.4
      vertex 84.4832 5.37467 0.5
    endloop
  endfacet
  facet normal -0.522578 -0.852592 0
    outer loop
      vertex 86.8718 7.41471 0.5
      vertex 87.0992 7.27533 2.4
      vertex 86.8718 7.41471 2.4
    endloop
  endfacet
  facet normal -0.522578 -0.852592 -0
    outer loop
      vertex 87.0992 7.27533 2.4
      vertex 86.8718 7.41471 0.5
      vertex 87.0992 7.27533 0.5
    endloop
  endfacet
  facet normal -0.760499 -0.649339 0
    outer loop
      vertex 87.4753 6.89923 0.5
      vertex 87.3021 7.10208 2.4
      vertex 87.3021 7.10208 0.5
    endloop
  endfacet
  facet normal -0.760499 -0.649339 0
    outer loop
      vertex 87.3021 7.10208 2.4
      vertex 87.4753 6.89923 0.5
      vertex 87.4753 6.89923 2.4
    endloop
  endfacet
  facet normal 0.996926 -0.0783476 0
    outer loop
      vertex 84.4 5.9 2.4
      vertex 84.4209 6.16594 0.5
      vertex 84.4209 6.16594 2.4
    endloop
  endfacet
  facet normal 0.996926 -0.0783476 0
    outer loop
      vertex 84.4209 6.16594 0.5
      vertex 84.4 5.9 2.4
      vertex 84.4 5.9 0.5
    endloop
  endfacet
  facet normal -0.649355 -0.760485 0
    outer loop
      vertex 87.0992 7.27533 0.5
      vertex 87.3021 7.10208 2.4
      vertex 87.0992 7.27533 2.4
    endloop
  endfacet
  facet normal -0.649355 -0.760485 -0
    outer loop
      vertex 87.3021 7.10208 2.4
      vertex 87.0992 7.27533 0.5
      vertex 87.3021 7.10208 0.5
    endloop
  endfacet
  facet normal -0.233423 0.972375 0
    outer loop
      vertex 86.6253 4.2832 0.5
      vertex 86.3659 4.22093 2.4
      vertex 86.6253 4.2832 2.4
    endloop
  endfacet
  facet normal -0.233423 0.972375 0
    outer loop
      vertex 86.3659 4.22093 2.4
      vertex 86.6253 4.2832 0.5
      vertex 86.3659 4.22093 0.5
    endloop
  endfacet
  facet normal 0.852609 0.522549 0
    outer loop
      vertex 84.7247 4.90077 2.4
      vertex 84.5853 5.12822 0.5
      vertex 84.5853 5.12822 2.4
    endloop
  endfacet
  facet normal 0.852609 0.522549 0
    outer loop
      vertex 84.5853 5.12822 0.5
      vertex 84.7247 4.90077 2.4
      vertex 84.7247 4.90077 0.5
    endloop
  endfacet
  facet normal -0.0784711 -0.996916 0
    outer loop
      vertex 86.1 7.6 0.5
      vertex 86.3659 7.57907 2.4
      vertex 86.1 7.6 2.4
    endloop
  endfacet
  facet normal -0.0784711 -0.996916 -0
    outer loop
      vertex 86.3659 7.57907 2.4
      vertex 86.1 7.6 0.5
      vertex 86.3659 7.57907 0.5
    endloop
  endfacet
  facet normal 0.649355 0.760485 -0
    outer loop
      vertex 85.1008 4.52467 0.5
      vertex 84.8979 4.69792 2.4
      vertex 85.1008 4.52467 2.4
    endloop
  endfacet
  facet normal 0.649355 0.760485 0
    outer loop
      vertex 84.8979 4.69792 2.4
      vertex 85.1008 4.52467 0.5
      vertex 84.8979 4.69792 0.5
    endloop
  endfacet
  facet normal -0.760499 0.649339 0
    outer loop
      vertex 87.3021 4.69792 0.5
      vertex 87.4753 4.90077 2.4
      vertex 87.4753 4.90077 0.5
    endloop
  endfacet
  facet normal -0.760499 0.649339 0
    outer loop
      vertex 87.4753 4.90077 2.4
      vertex 87.3021 4.69792 0.5
      vertex 87.3021 4.69792 2.4
    endloop
  endfacet
  facet normal 0.852609 -0.522549 0
    outer loop
      vertex 84.5853 6.67178 2.4
      vertex 84.7247 6.89923 0.5
      vertex 84.7247 6.89923 2.4
    endloop
  endfacet
  facet normal 0.852609 -0.522549 0
    outer loop
      vertex 84.7247 6.89923 0.5
      vertex 84.5853 6.67178 2.4
      vertex 84.5853 6.67178 0.5
    endloop
  endfacet
  facet normal 0.996926 0.0783476 0
    outer loop
      vertex 84.4209 5.63406 2.4
      vertex 84.4 5.9 0.5
      vertex 84.4 5.9 2.4
    endloop
  endfacet
  facet normal 0.996926 0.0783476 0
    outer loop
      vertex 84.4 5.9 0.5
      vertex 84.4209 5.63406 2.4
      vertex 84.4209 5.63406 0.5
    endloop
  endfacet
  facet normal 0.38264 0.923898 -0
    outer loop
      vertex 85.5747 4.2832 0.5
      vertex 85.3282 4.38529 2.4
      vertex 85.5747 4.2832 2.4
    endloop
  endfacet
  facet normal 0.38264 0.923898 0
    outer loop
      vertex 85.3282 4.38529 2.4
      vertex 85.5747 4.2832 0.5
      vertex 85.3282 4.38529 0.5
    endloop
  endfacet
  facet normal -0.38264 -0.923898 0
    outer loop
      vertex 86.6253 7.5168 0.5
      vertex 86.8718 7.41471 2.4
      vertex 86.6253 7.5168 2.4
    endloop
  endfacet
  facet normal -0.38264 -0.923898 -0
    outer loop
      vertex 86.8718 7.41471 2.4
      vertex 86.6253 7.5168 0.5
      vertex 86.8718 7.41471 0.5
    endloop
  endfacet
  facet normal -0.233423 -0.972375 0
    outer loop
      vertex 86.3659 7.57907 0.5
      vertex 86.6253 7.5168 2.4
      vertex 86.3659 7.57907 2.4
    endloop
  endfacet
  facet normal -0.233423 -0.972375 -0
    outer loop
      vertex 86.6253 7.5168 2.4
      vertex 86.3659 7.57907 0.5
      vertex 86.6253 7.5168 0.5
    endloop
  endfacet
  facet normal 0.972348 -0.233537 0
    outer loop
      vertex 84.4209 6.16594 2.4
      vertex 84.4832 6.42533 0.5
      vertex 84.4832 6.42533 2.4
    endloop
  endfacet
  facet normal 0.972348 -0.233537 0
    outer loop
      vertex 84.4832 6.42533 0.5
      vertex 84.4209 6.16594 2.4
      vertex 84.4209 6.16594 0.5
    endloop
  endfacet
  facet normal 0.0784711 0.996916 -0
    outer loop
      vertex 86.1 4.2 0.5
      vertex 85.8341 4.22093 2.4
      vertex 86.1 4.2 2.4
    endloop
  endfacet
  facet normal 0.0784711 0.996916 0
    outer loop
      vertex 85.8341 4.22093 2.4
      vertex 86.1 4.2 0.5
      vertex 85.8341 4.22093 0.5
    endloop
  endfacet
  facet normal 0.0784703 0.996916 -0
    outer loop
      vertex 86.1 2.9 0
      vertex 85.6307 2.93694 0.5
      vertex 86.1 2.9 0.5
    endloop
  endfacet
  facet normal 0.0784703 0.996916 0
    outer loop
      vertex 85.6307 2.93694 0.5
      vertex 86.1 2.9 0
      vertex 85.6307 2.93694 0
    endloop
  endfacet
  facet normal -0.972368 -0.233453 0
    outer loop
      vertex 89.0631 6.3693 0
      vertex 88.9532 6.82705 0.5
      vertex 88.9532 6.82705 0
    endloop
  endfacet
  facet normal -0.972368 -0.233453 0
    outer loop
      vertex 88.9532 6.82705 0.5
      vertex 89.0631 6.3693 0
      vertex 89.0631 6.3693 0.5
    endloop
  endfacet
  facet normal -0.233409 -0.972379 0
    outer loop
      vertex 86.5693 8.86306 0
      vertex 87.0271 8.75317 0.5
      vertex 86.5693 8.86306 0.5
    endloop
  endfacet
  facet normal -0.233409 -0.972379 -0
    outer loop
      vertex 87.0271 8.75317 0.5
      vertex 86.5693 8.86306 0
      vertex 87.0271 8.75317 0
    endloop
  endfacet
  facet normal 0.649515 -0.760349 0
    outer loop
      vertex 83.9787 8.02132 0
      vertex 84.3366 8.32705 0.5
      vertex 83.9787 8.02132 0.5
    endloop
  endfacet
  facet normal 0.649515 -0.760349 0
    outer loop
      vertex 84.3366 8.32705 0.5
      vertex 83.9787 8.02132 0
      vertex 84.3366 8.32705 0
    endloop
  endfacet
  facet normal -0.852708 0.522387 0
    outer loop
      vertex 88.5271 4.13664 0
      vertex 88.773 4.53803 0.5
      vertex 88.773 4.53803 0
    endloop
  endfacet
  facet normal -0.852708 0.522387 0
    outer loop
      vertex 88.773 4.53803 0.5
      vertex 88.5271 4.13664 0
      vertex 88.5271 4.13664 0.5
    endloop
  endfacet
  facet normal 0.382624 0.923904 -0
    outer loop
      vertex 85.173 3.04683 0
      vertex 84.738 3.22698 0.5
      vertex 85.173 3.04683 0.5
    endloop
  endfacet
  facet normal 0.382624 0.923904 0
    outer loop
      vertex 84.738 3.22698 0.5
      vertex 85.173 3.04683 0
      vertex 84.738 3.22698 0
    endloop
  endfacet
  facet normal -0.996923 -0.0783858 0
    outer loop
      vertex 89.1 5.9 0
      vertex 89.0631 6.3693 0.5
      vertex 89.0631 6.3693 0
    endloop
  endfacet
  facet normal -0.996923 -0.0783858 0
    outer loop
      vertex 89.0631 6.3693 0.5
      vertex 89.1 5.9 0
      vertex 89.1 5.9 0.5
    endloop
  endfacet
  facet normal -0.0784703 0.996916 0
    outer loop
      vertex 86.5693 2.93694 0
      vertex 86.1 2.9 0.5
      vertex 86.5693 2.93694 0.5
    endloop
  endfacet
  facet normal -0.0784703 0.996916 0
    outer loop
      vertex 86.1 2.9 0.5
      vertex 86.5693 2.93694 0
      vertex 86.1 2.9 0
    endloop
  endfacet
  facet normal 0.760434 -0.649415 0
    outer loop
      vertex 83.673 7.66336 0.5
      vertex 83.9787 8.02132 0
      vertex 83.9787 8.02132 0.5
    endloop
  endfacet
  facet normal 0.760434 -0.649415 0
    outer loop
      vertex 83.9787 8.02132 0
      vertex 83.673 7.66336 0.5
      vertex 83.673 7.66336 0
    endloop
  endfacet
  facet normal -0.649515 0.760349 0
    outer loop
      vertex 88.2213 3.77868 0
      vertex 87.8634 3.47295 0.5
      vertex 88.2213 3.77868 0.5
    endloop
  endfacet
  facet normal -0.649515 0.760349 0
    outer loop
      vertex 87.8634 3.47295 0.5
      vertex 88.2213 3.77868 0
      vertex 87.8634 3.47295 0
    endloop
  endfacet
  facet normal -0.923842 -0.382775 0
    outer loop
      vertex 88.9532 6.82705 0
      vertex 88.773 7.26197 0.5
      vertex 88.773 7.26197 0
    endloop
  endfacet
  facet normal -0.923842 -0.382775 0
    outer loop
      vertex 88.773 7.26197 0.5
      vertex 88.9532 6.82705 0
      vertex 88.9532 6.82705 0.5
    endloop
  endfacet
  facet normal -0.382699 -0.923873 0
    outer loop
      vertex 87.0271 8.75317 0
      vertex 87.462 8.57302 0.5
      vertex 87.0271 8.75317 0.5
    endloop
  endfacet
  facet normal -0.382699 -0.923873 -0
    outer loop
      vertex 87.462 8.57302 0.5
      vertex 87.0271 8.75317 0
      vertex 87.462 8.57302 0
    endloop
  endfacet
  facet normal 0.522486 0.852648 -0
    outer loop
      vertex 84.738 3.22698 0
      vertex 84.3366 3.47295 0.5
      vertex 84.738 3.22698 0.5
    endloop
  endfacet
  facet normal 0.522486 0.852648 0
    outer loop
      vertex 84.3366 3.47295 0.5
      vertex 84.738 3.22698 0
      vertex 84.3366 3.47295 0
    endloop
  endfacet
  facet normal 0.923842 0.382775 0
    outer loop
      vertex 83.427 4.53803 0.5
      vertex 83.2468 4.97295 0
      vertex 83.2468 4.97295 0.5
    endloop
  endfacet
  facet normal 0.923842 0.382775 0
    outer loop
      vertex 83.2468 4.97295 0
      vertex 83.427 4.53803 0.5
      vertex 83.427 4.53803 0
    endloop
  endfacet
  facet normal 0.382624 -0.923904 0
    outer loop
      vertex 84.738 8.57302 0
      vertex 85.173 8.75317 0.5
      vertex 84.738 8.57302 0.5
    endloop
  endfacet
  facet normal 0.382624 -0.923904 0
    outer loop
      vertex 85.173 8.75317 0.5
      vertex 84.738 8.57302 0
      vertex 85.173 8.75317 0
    endloop
  endfacet
  facet normal -0.923842 0.382775 0
    outer loop
      vertex 88.773 4.53803 0
      vertex 88.9532 4.97295 0.5
      vertex 88.9532 4.97295 0
    endloop
  endfacet
  facet normal -0.923842 0.382775 0
    outer loop
      vertex 88.9532 4.97295 0.5
      vertex 88.773 4.53803 0
      vertex 88.773 4.53803 0.5
    endloop
  endfacet
  facet normal -0.649515 -0.760349 0
    outer loop
      vertex 87.8634 8.32705 0
      vertex 88.2213 8.02132 0.5
      vertex 87.8634 8.32705 0.5
    endloop
  endfacet
  facet normal -0.649515 -0.760349 -0
    outer loop
      vertex 88.2213 8.02132 0.5
      vertex 87.8634 8.32705 0
      vertex 88.2213 8.02132 0
    endloop
  endfacet
  facet normal 0.972368 0.233453 0
    outer loop
      vertex 83.2468 4.97295 0.5
      vertex 83.1369 5.4307 0
      vertex 83.1369 5.4307 0.5
    endloop
  endfacet
  facet normal 0.972368 0.233453 0
    outer loop
      vertex 83.1369 5.4307 0
      vertex 83.2468 4.97295 0.5
      vertex 83.2468 4.97295 0
    endloop
  endfacet
  facet normal -0.996923 0.0783858 0
    outer loop
      vertex 89.0631 5.4307 0
      vertex 89.1 5.9 0.5
      vertex 89.1 5.9 0
    endloop
  endfacet
  facet normal -0.996923 0.0783858 0
    outer loop
      vertex 89.1 5.9 0.5
      vertex 89.0631 5.4307 0
      vertex 89.0631 5.4307 0.5
    endloop
  endfacet
  facet normal 0.923842 -0.382775 0
    outer loop
      vertex 83.2468 6.82705 0.5
      vertex 83.427 7.26197 0
      vertex 83.427 7.26197 0.5
    endloop
  endfacet
  facet normal 0.923842 -0.382775 0
    outer loop
      vertex 83.427 7.26197 0
      vertex 83.2468 6.82705 0.5
      vertex 83.2468 6.82705 0
    endloop
  endfacet
  facet normal 0.649515 0.760349 -0
    outer loop
      vertex 84.3366 3.47295 0
      vertex 83.9787 3.77868 0.5
      vertex 84.3366 3.47295 0.5
    endloop
  endfacet
  facet normal 0.649515 0.760349 0
    outer loop
      vertex 83.9787 3.77868 0.5
      vertex 84.3366 3.47295 0
      vertex 83.9787 3.77868 0
    endloop
  endfacet
  facet normal -0.382699 0.923873 0
    outer loop
      vertex 87.462 3.22698 0
      vertex 87.0271 3.04683 0.5
      vertex 87.462 3.22698 0.5
    endloop
  endfacet
  facet normal -0.382699 0.923873 0
    outer loop
      vertex 87.0271 3.04683 0.5
      vertex 87.462 3.22698 0
      vertex 87.0271 3.04683 0
    endloop
  endfacet
  facet normal 0.996923 0.0783858 0
    outer loop
      vertex 83.1369 5.4307 0.5
      vertex 83.1 5.9 0
      vertex 83.1 5.9 0.5
    endloop
  endfacet
  facet normal 0.996923 0.0783858 0
    outer loop
      vertex 83.1 5.9 0
      vertex 83.1369 5.4307 0.5
      vertex 83.1369 5.4307 0
    endloop
  endfacet
  facet normal -0.852708 -0.522387 0
    outer loop
      vertex 88.773 7.26197 0
      vertex 88.5271 7.66336 0.5
      vertex 88.5271 7.66336 0
    endloop
  endfacet
  facet normal -0.852708 -0.522387 0
    outer loop
      vertex 88.5271 7.66336 0.5
      vertex 88.773 7.26197 0
      vertex 88.773 7.26197 0.5
    endloop
  endfacet
  facet normal -0.522486 -0.852648 0
    outer loop
      vertex 87.462 8.57302 0
      vertex 87.8634 8.32705 0.5
      vertex 87.462 8.57302 0.5
    endloop
  endfacet
  facet normal -0.522486 -0.852648 -0
    outer loop
      vertex 87.8634 8.32705 0.5
      vertex 87.462 8.57302 0
      vertex 87.8634 8.32705 0
    endloop
  endfacet
  facet normal 0.233457 -0.972367 0
    outer loop
      vertex 85.173 8.75317 0
      vertex 85.6307 8.86306 0.5
      vertex 85.173 8.75317 0.5
    endloop
  endfacet
  facet normal 0.233457 -0.972367 0
    outer loop
      vertex 85.6307 8.86306 0.5
      vertex 85.173 8.75317 0
      vertex 85.6307 8.86306 0
    endloop
  endfacet
  facet normal 0.233457 0.972367 -0
    outer loop
      vertex 85.6307 2.93694 0
      vertex 85.173 3.04683 0.5
      vertex 85.6307 2.93694 0.5
    endloop
  endfacet
  facet normal 0.233457 0.972367 0
    outer loop
      vertex 85.173 3.04683 0.5
      vertex 85.6307 2.93694 0
      vertex 85.173 3.04683 0
    endloop
  endfacet
  facet normal 0.522486 -0.852648 0
    outer loop
      vertex 84.3366 8.32705 0
      vertex 84.738 8.57302 0.5
      vertex 84.3366 8.32705 0.5
    endloop
  endfacet
  facet normal 0.522486 -0.852648 0
    outer loop
      vertex 84.738 8.57302 0.5
      vertex 84.3366 8.32705 0
      vertex 84.738 8.57302 0
    endloop
  endfacet
  facet normal 0.852614 0.522542 0
    outer loop
      vertex 83.673 4.13664 0.5
      vertex 83.427 4.53803 0
      vertex 83.427 4.53803 0.5
    endloop
  endfacet
  facet normal 0.852614 0.522542 0
    outer loop
      vertex 83.427 4.53803 0
      vertex 83.673 4.13664 0.5
      vertex 83.673 4.13664 0
    endloop
  endfacet
  facet normal 0.760434 0.649415 0
    outer loop
      vertex 83.9787 3.77868 0.5
      vertex 83.673 4.13664 0
      vertex 83.673 4.13664 0.5
    endloop
  endfacet
  facet normal 0.760434 0.649415 0
    outer loop
      vertex 83.673 4.13664 0
      vertex 83.9787 3.77868 0.5
      vertex 83.9787 3.77868 0
    endloop
  endfacet
  facet normal -0.233409 0.972379 0
    outer loop
      vertex 87.0271 3.04683 0
      vertex 86.5693 2.93694 0.5
      vertex 87.0271 3.04683 0.5
    endloop
  endfacet
  facet normal -0.233409 0.972379 0
    outer loop
      vertex 86.5693 2.93694 0.5
      vertex 87.0271 3.04683 0
      vertex 86.5693 2.93694 0
    endloop
  endfacet
  facet normal -0.0784703 -0.996916 0
    outer loop
      vertex 86.1 8.9 0
      vertex 86.5693 8.86306 0.5
      vertex 86.1 8.9 0.5
    endloop
  endfacet
  facet normal -0.0784703 -0.996916 -0
    outer loop
      vertex 86.5693 8.86306 0.5
      vertex 86.1 8.9 0
      vertex 86.5693 8.86306 0
    endloop
  endfacet
  facet normal -0.522486 0.852648 0
    outer loop
      vertex 87.8634 3.47295 0
      vertex 87.462 3.22698 0.5
      vertex 87.8634 3.47295 0.5
    endloop
  endfacet
  facet normal -0.522486 0.852648 0
    outer loop
      vertex 87.462 3.22698 0.5
      vertex 87.8634 3.47295 0
      vertex 87.462 3.22698 0
    endloop
  endfacet
  facet normal -0.972368 0.233453 0
    outer loop
      vertex 88.9532 4.97295 0
      vertex 89.0631 5.4307 0.5
      vertex 89.0631 5.4307 0
    endloop
  endfacet
  facet normal -0.972368 0.233453 0
    outer loop
      vertex 89.0631 5.4307 0.5
      vertex 88.9532 4.97295 0
      vertex 88.9532 4.97295 0.5
    endloop
  endfacet
  facet normal 0.996923 -0.0783858 0
    outer loop
      vertex 83.1 5.9 0.5
      vertex 83.1369 6.3693 0
      vertex 83.1369 6.3693 0.5
    endloop
  endfacet
  facet normal 0.996923 -0.0783858 0
    outer loop
      vertex 83.1369 6.3693 0
      vertex 83.1 5.9 0.5
      vertex 83.1 5.9 0
    endloop
  endfacet
  facet normal 0.852614 -0.522542 0
    outer loop
      vertex 83.427 7.26197 0.5
      vertex 83.673 7.66336 0
      vertex 83.673 7.66336 0.5
    endloop
  endfacet
  facet normal 0.852614 -0.522542 0
    outer loop
      vertex 83.673 7.66336 0
      vertex 83.427 7.26197 0.5
      vertex 83.427 7.26197 0
    endloop
  endfacet
  facet normal 0.0784703 -0.996916 0
    outer loop
      vertex 85.6307 8.86306 0
      vertex 86.1 8.9 0.5
      vertex 85.6307 8.86306 0.5
    endloop
  endfacet
  facet normal 0.0784703 -0.996916 0
    outer loop
      vertex 86.1 8.9 0.5
      vertex 85.6307 8.86306 0
      vertex 86.1 8.9 0
    endloop
  endfacet
  facet normal -0.760329 -0.649538 0
    outer loop
      vertex 88.5271 7.66336 0
      vertex 88.2213 8.02132 0.5
      vertex 88.2213 8.02132 0
    endloop
  endfacet
  facet normal -0.760329 -0.649538 0
    outer loop
      vertex 88.2213 8.02132 0.5
      vertex 88.5271 7.66336 0
      vertex 88.5271 7.66336 0.5
    endloop
  endfacet
  facet normal 0.972368 -0.233453 0
    outer loop
      vertex 83.1369 6.3693 0.5
      vertex 83.2468 6.82705 0
      vertex 83.2468 6.82705 0.5
    endloop
  endfacet
  facet normal 0.972368 -0.233453 0
    outer loop
      vertex 83.2468 6.82705 0
      vertex 83.1369 6.3693 0.5
      vertex 83.1369 6.3693 0
    endloop
  endfacet
  facet normal -0.760329 0.649538 0
    outer loop
      vertex 88.2213 3.77868 0
      vertex 88.5271 4.13664 0.5
      vertex 88.5271 4.13664 0
    endloop
  endfacet
  facet normal -0.760329 0.649538 0
    outer loop
      vertex 88.5271 4.13664 0.5
      vertex 88.2213 3.77868 0
      vertex 88.2213 3.77868 0.5
    endloop
  endfacet
  facet normal 0 0 -1
    outer loop
      vertex 87.8 5.9 0.5
      vertex 89.1 5.9 0.5
      vertex 89.0631 5.4307 0.5
    endloop
  endfacet
  facet normal 0 0 -1
    outer loop
      vertex 87.7791 5.63406 0.5
      vertex 89.0631 5.4307 0.5
      vertex 88.9532 4.97295 0.5
    endloop
  endfacet
  facet normal 0 0 -1
    outer loop
      vertex 89.1 5.9 0.5
      vertex 87.8 5.9 0.5
      vertex 89.0631 6.3693 0.5
    endloop
  endfacet
  facet normal 0 0 -1
    outer loop
      vertex 87.7168 5.37467 0.5
      vertex 88.9532 4.97295 0.5
      vertex 88.773 4.53803 0.5
    endloop
  endfacet
  facet normal 0 0 -1
    outer loop
      vertex 87.7791 6.16594 0.5
      vertex 89.0631 6.3693 0.5
      vertex 87.8 5.9 0.5
    endloop
  endfacet
  facet normal 0 0 -1
    outer loop
      vertex 87.6147 5.12822 0.5
      vertex 88.773 4.53803 0.5
      vertex 88.5271 4.13664 0.5
    endloop
  endfacet
  facet normal -0 0 -1
    outer loop
      vertex 89.0631 6.3693 0.5
      vertex 87.7791 6.16594 0.5
      vertex 88.9532 6.82705 0.5
    endloop
  endfacet
  facet normal 0 0 -1
    outer loop
      vertex 87.4753 4.90077 0.5
      vertex 88.5271 4.13664 0.5
      vertex 88.2213 3.77868 0.5
    endloop
  endfacet
  facet normal 0 0 -1
    outer loop
      vertex 87.7168 6.42533 0.5
      vertex 88.9532 6.82705 0.5
      vertex 87.7791 6.16594 0.5
    endloop
  endfacet
  facet normal 0 0 -1
    outer loop
      vertex 87.3021 4.69792 0.5
      vertex 88.2213 3.77868 0.5
      vertex 87.8634 3.47295 0.5
    endloop
  endfacet
  facet normal -0 0 -1
    outer loop
      vertex 88.9532 6.82705 0.5
      vertex 87.7168 6.42533 0.5
      vertex 88.773 7.26197 0.5
    endloop
  endfacet
  facet normal 0 0 -1
    outer loop
      vertex 87.6147 6.67178 0.5
      vertex 88.773 7.26197 0.5
      vertex 87.7168 6.42533 0.5
    endloop
  endfacet
  facet normal 0 0 -1
    outer loop
      vertex 89.0631 5.4307 0.5
      vertex 87.7791 5.63406 0.5
      vertex 87.8 5.9 0.5
    endloop
  endfacet
  facet normal 0 0 -1
    outer loop
      vertex 88.9532 4.97295 0.5
      vertex 87.7168 5.37467 0.5
      vertex 87.7791 5.63406 0.5
    endloop
  endfacet
  facet normal 0 0 -1
    outer loop
      vertex 88.773 4.53803 0.5
      vertex 87.6147 5.12822 0.5
      vertex 87.7168 5.37467 0.5
    endloop
  endfacet
  facet normal 0 0 -1
    outer loop
      vertex 88.5271 4.13664 0.5
      vertex 87.4753 4.90077 0.5
      vertex 87.6147 5.12822 0.5
    endloop
  endfacet
  facet normal 0 0 -1
    outer loop
      vertex 87.0992 4.52467 0.5
      vertex 87.8634 3.47295 0.5
      vertex 87.462 3.22698 0.5
    endloop
  endfacet
  facet normal 0 0 -1
    outer loop
      vertex 88.2213 3.77868 0.5
      vertex 87.3021 4.69792 0.5
      vertex 87.4753 4.90077 0.5
    endloop
  endfacet
  facet normal 0 0 -1
    outer loop
      vertex 87.8634 3.47295 0.5
      vertex 87.0992 4.52467 0.5
      vertex 87.3021 4.69792 0.5
    endloop
  endfacet
  facet normal 0 0 -1
    outer loop
      vertex 86.8718 4.38529 0.5
      vertex 87.462 3.22698 0.5
      vertex 87.0271 3.04683 0.5
    endloop
  endfacet
  facet normal 0 0 -1
    outer loop
      vertex 87.462 3.22698 0.5
      vertex 86.8718 4.38529 0.5
      vertex 87.0992 4.52467 0.5
    endloop
  endfacet
  facet normal 0 0 -1
    outer loop
      vertex 87.0271 3.04683 0.5
      vertex 86.6253 4.2832 0.5
      vertex 86.8718 4.38529 0.5
    endloop
  endfacet
  facet normal 0 0 -1
    outer loop
      vertex 86.5693 2.93694 0.5
      vertex 86.6253 4.2832 0.5
      vertex 87.0271 3.04683 0.5
    endloop
  endfacet
  facet normal 0 0 -1
    outer loop
      vertex 86.5693 2.93694 0.5
      vertex 86.3659 4.22093 0.5
      vertex 86.6253 4.2832 0.5
    endloop
  endfacet
  facet normal 0 0 -1
    outer loop
      vertex 86.1 2.9 0.5
      vertex 86.3659 4.22093 0.5
      vertex 86.5693 2.93694 0.5
    endloop
  endfacet
  facet normal 0 0 -1
    outer loop
      vertex 86.1 2.9 0.5
      vertex 86.1 4.2 0.5
      vertex 86.3659 4.22093 0.5
    endloop
  endfacet
  facet normal 0 0 -1
    outer loop
      vertex 86.1 2.9 0.5
      vertex 85.8341 4.22093 0.5
      vertex 86.1 4.2 0.5
    endloop
  endfacet
  facet normal 0 0 -1
    outer loop
      vertex 85.6307 2.93694 0.5
      vertex 85.8341 4.22093 0.5
      vertex 86.1 2.9 0.5
    endloop
  endfacet
  facet normal 0 0 -1
    outer loop
      vertex 85.6307 2.93694 0.5
      vertex 85.5747 4.2832 0.5
      vertex 85.8341 4.22093 0.5
    endloop
  endfacet
  facet normal 0 0 -1
    outer loop
      vertex 85.173 3.04683 0.5
      vertex 85.5747 4.2832 0.5
      vertex 85.6307 2.93694 0.5
    endloop
  endfacet
  facet normal -0 0 -1
    outer loop
      vertex 85.5747 4.2832 0.5
      vertex 85.173 3.04683 0.5
      vertex 85.3282 4.38529 0.5
    endloop
  endfacet
  facet normal 0 0 -1
    outer loop
      vertex 84.738 3.22698 0.5
      vertex 85.3282 4.38529 0.5
      vertex 85.173 3.04683 0.5
    endloop
  endfacet
  facet normal -0 0 -1
    outer loop
      vertex 85.3282 4.38529 0.5
      vertex 84.738 3.22698 0.5
      vertex 85.1008 4.52467 0.5
    endloop
  endfacet
  facet normal 0 0 -1
    outer loop
      vertex 84.3366 3.47295 0.5
      vertex 85.1008 4.52467 0.5
      vertex 84.738 3.22698 0.5
    endloop
  endfacet
  facet normal -0 0 -1
    outer loop
      vertex 85.1008 4.52467 0.5
      vertex 84.3366 3.47295 0.5
      vertex 84.8979 4.69792 0.5
    endloop
  endfacet
  facet normal 0 0 -1
    outer loop
      vertex 83.9787 3.77868 0.5
      vertex 84.8979 4.69792 0.5
      vertex 84.3366 3.47295 0.5
    endloop
  endfacet
  facet normal -0 0 -1
    outer loop
      vertex 84.8979 4.69792 0.5
      vertex 83.9787 3.77868 0.5
      vertex 84.7247 4.90077 0.5
    endloop
  endfacet
  facet normal 0 0 -1
    outer loop
      vertex 83.673 4.13664 0.5
      vertex 84.7247 4.90077 0.5
      vertex 83.9787 3.77868 0.5
    endloop
  endfacet
  facet normal 0 0 -1
    outer loop
      vertex 83.427 4.53803 0.5
      vertex 84.5853 5.12822 0.5
      vertex 83.673 4.13664 0.5
    endloop
  endfacet
  facet normal -0 0 -1
    outer loop
      vertex 84.7247 4.90077 0.5
      vertex 83.673 4.13664 0.5
      vertex 84.5853 5.12822 0.5
    endloop
  endfacet
  facet normal -0 0 -1
    outer loop
      vertex 88.773 7.26197 0.5
      vertex 87.6147 6.67178 0.5
      vertex 88.5271 7.66336 0.5
    endloop
  endfacet
  facet normal 0 0 -1
    outer loop
      vertex 87.4753 6.89923 0.5
      vertex 88.5271 7.66336 0.5
      vertex 87.6147 6.67178 0.5
    endloop
  endfacet
  facet normal -0 0 -1
    outer loop
      vertex 88.5271 7.66336 0.5
      vertex 87.4753 6.89923 0.5
      vertex 88.2213 8.02132 0.5
    endloop
  endfacet
  facet normal 0 0 -1
    outer loop
      vertex 87.3021 7.10208 0.5
      vertex 88.2213 8.02132 0.5
      vertex 87.4753 6.89923 0.5
    endloop
  endfacet
  facet normal -0 0 -1
    outer loop
      vertex 88.2213 8.02132 0.5
      vertex 87.3021 7.10208 0.5
      vertex 87.8634 8.32705 0.5
    endloop
  endfacet
  facet normal 0 0 -1
    outer loop
      vertex 87.0992 7.27533 0.5
      vertex 87.8634 8.32705 0.5
      vertex 87.3021 7.10208 0.5
    endloop
  endfacet
  facet normal -0 0 -1
    outer loop
      vertex 87.8634 8.32705 0.5
      vertex 87.0992 7.27533 0.5
      vertex 87.462 8.57302 0.5
    endloop
  endfacet
  facet normal 0 0 -1
    outer loop
      vertex 86.8718 7.41471 0.5
      vertex 87.462 8.57302 0.5
      vertex 87.0992 7.27533 0.5
    endloop
  endfacet
  facet normal -0 0 -1
    outer loop
      vertex 87.462 8.57302 0.5
      vertex 86.8718 7.41471 0.5
      vertex 87.0271 8.75317 0.5
    endloop
  endfacet
  facet normal 0 0 -1
    outer loop
      vertex 86.6253 7.5168 0.5
      vertex 87.0271 8.75317 0.5
      vertex 86.8718 7.41471 0.5
    endloop
  endfacet
  facet normal 0 0 -1
    outer loop
      vertex 86.6253 7.5168 0.5
      vertex 86.5693 8.86306 0.5
      vertex 87.0271 8.75317 0.5
    endloop
  endfacet
  facet normal 0 0 -1
    outer loop
      vertex 86.3659 7.57907 0.5
      vertex 86.5693 8.86306 0.5
      vertex 86.6253 7.5168 0.5
    endloop
  endfacet
  facet normal 0 0 -1
    outer loop
      vertex 86.1 7.6 0.5
      vertex 86.5693 8.86306 0.5
      vertex 86.3659 7.57907 0.5
    endloop
  endfacet
  facet normal 0 0 -1
    outer loop
      vertex 86.1 7.6 0.5
      vertex 86.1 8.9 0.5
      vertex 86.5693 8.86306 0.5
    endloop
  endfacet
  facet normal 0 0 -1
    outer loop
      vertex 85.8341 7.57907 0.5
      vertex 86.1 8.9 0.5
      vertex 86.1 7.6 0.5
    endloop
  endfacet
  facet normal 0 0 -1
    outer loop
      vertex 85.8341 7.57907 0.5
      vertex 85.6307 8.86306 0.5
      vertex 86.1 8.9 0.5
    endloop
  endfacet
  facet normal 0 0 -1
    outer loop
      vertex 85.5747 7.5168 0.5
      vertex 85.6307 8.86306 0.5
      vertex 85.8341 7.57907 0.5
    endloop
  endfacet
  facet normal 0 0 -1
    outer loop
      vertex 85.173 8.75317 0.5
      vertex 85.5747 7.5168 0.5
      vertex 85.3282 7.41471 0.5
    endloop
  endfacet
  facet normal 0 0 -1
    outer loop
      vertex 85.5747 7.5168 0.5
      vertex 85.173 8.75317 0.5
      vertex 85.6307 8.86306 0.5
    endloop
  endfacet
  facet normal 0 0 -1
    outer loop
      vertex 84.738 8.57302 0.5
      vertex 85.3282 7.41471 0.5
      vertex 85.1008 7.27533 0.5
    endloop
  endfacet
  facet normal 0 0 -1
    outer loop
      vertex 84.3366 8.32705 0.5
      vertex 85.1008 7.27533 0.5
      vertex 84.8979 7.10208 0.5
    endloop
  endfacet
  facet normal 0 0 -1
    outer loop
      vertex 85.3282 7.41471 0.5
      vertex 84.738 8.57302 0.5
      vertex 85.173 8.75317 0.5
    endloop
  endfacet
  facet normal 0 0 -1
    outer loop
      vertex 83.9787 8.02132 0.5
      vertex 84.8979 7.10208 0.5
      vertex 84.7247 6.89923 0.5
    endloop
  endfacet
  facet normal 0 0 -1
    outer loop
      vertex 83.673 7.66336 0.5
      vertex 84.7247 6.89923 0.5
      vertex 84.5853 6.67178 0.5
    endloop
  endfacet
  facet normal 0 0 -1
    outer loop
      vertex 83.427 7.26197 0.5
      vertex 84.5853 6.67178 0.5
      vertex 84.4832 6.42533 0.5
    endloop
  endfacet
  facet normal 0 0 -1
    outer loop
      vertex 83.2468 6.82705 0.5
      vertex 84.4832 6.42533 0.5
      vertex 84.4209 6.16594 0.5
    endloop
  endfacet
  facet normal 0 0 -1
    outer loop
      vertex 85.1008 7.27533 0.5
      vertex 84.3366 8.32705 0.5
      vertex 84.738 8.57302 0.5
    endloop
  endfacet
  facet normal 0 0 -1
    outer loop
      vertex 83.1369 6.3693 0.5
      vertex 84.4209 6.16594 0.5
      vertex 84.4 5.9 0.5
    endloop
  endfacet
  facet normal -0 0 -1
    outer loop
      vertex 84.5853 5.12822 0.5
      vertex 83.427 4.53803 0.5
      vertex 84.4832 5.37467 0.5
    endloop
  endfacet
  facet normal 0 0 -1
    outer loop
      vertex 83.2468 4.97295 0.5
      vertex 84.4832 5.37467 0.5
      vertex 83.427 4.53803 0.5
    endloop
  endfacet
  facet normal 0 0 -1
    outer loop
      vertex 84.8979 7.10208 0.5
      vertex 83.9787 8.02132 0.5
      vertex 84.3366 8.32705 0.5
    endloop
  endfacet
  facet normal -0 0 -1
    outer loop
      vertex 84.4832 5.37467 0.5
      vertex 83.2468 4.97295 0.5
      vertex 84.4209 5.63406 0.5
    endloop
  endfacet
  facet normal 0 0 -1
    outer loop
      vertex 84.7247 6.89923 0.5
      vertex 83.673 7.66336 0.5
      vertex 83.9787 8.02132 0.5
    endloop
  endfacet
  facet normal 0 0 -1
    outer loop
      vertex 83.1369 5.4307 0.5
      vertex 84.4209 5.63406 0.5
      vertex 83.2468 4.97295 0.5
    endloop
  endfacet
  facet normal 0 0 -1
    outer loop
      vertex 84.5853 6.67178 0.5
      vertex 83.427 7.26197 0.5
      vertex 83.673 7.66336 0.5
    endloop
  endfacet
  facet normal -0 0 -1
    outer loop
      vertex 84.4209 5.63406 0.5
      vertex 83.1369 5.4307 0.5
      vertex 84.4 5.9 0.5
    endloop
  endfacet
  facet normal 0 0 -1
    outer loop
      vertex 84.4832 6.42533 0.5
      vertex 83.2468 6.82705 0.5
      vertex 83.427 7.26197 0.5
    endloop
  endfacet
  facet normal 0 0 -1
    outer loop
      vertex 83.1 5.9 0.5
      vertex 84.4 5.9 0.5
      vertex 83.1369 5.4307 0.5
    endloop
  endfacet
  facet normal 0 0 -1
    outer loop
      vertex 84.4209 6.16594 0.5
      vertex 83.1369 6.3693 0.5
      vertex 83.2468 6.82705 0.5
    endloop
  endfacet
  facet normal 0 0 -1
    outer loop
      vertex 84.4 5.9 0.5
      vertex 83.1 5.9 0.5
      vertex 83.1369 6.3693 0.5
    endloop
  endfacet
  facet normal -0.760578 0.649247 0
    outer loop
      vertex 87.3021 64.8979 0.5
      vertex 87.4753 65.1008 2.4
      vertex 87.4753 65.1008 0.5
    endloop
  endfacet
  facet normal -0.760578 0.649247 0
    outer loop
      vertex 87.4753 65.1008 2.4
      vertex 87.3021 64.8979 0.5
      vertex 87.3021 64.8979 2.4
    endloop
  endfacet
  facet normal 0.0783593 0.996925 -0
    outer loop
      vertex 86.1 64.4 0.5
      vertex 85.8341 64.4209 2.4
      vertex 86.1 64.4 2.4
    endloop
  endfacet
  facet normal 0.0783593 0.996925 0
    outer loop
      vertex 85.8341 64.4209 2.4
      vertex 86.1 64.4 0.5
      vertex 85.8341 64.4209 0.5
    endloop
  endfacet
  facet normal -0.97235 -0.233529 0
    outer loop
      vertex 87.7791 66.3659 0.5
      vertex 87.7168 66.6253 2.4
      vertex 87.7168 66.6253 0.5
    endloop
  endfacet
  facet normal -0.97235 -0.233529 0
    outer loop
      vertex 87.7168 66.6253 2.4
      vertex 87.7791 66.3659 0.5
      vertex 87.7791 66.3659 2.4
    endloop
  endfacet
  facet normal 0.97235 -0.233529 0
    outer loop
      vertex 84.4209 66.3659 2.4
      vertex 84.4832 66.6253 0.5
      vertex 84.4832 66.6253 2.4
    endloop
  endfacet
  facet normal 0.97235 -0.233529 0
    outer loop
      vertex 84.4832 66.6253 0.5
      vertex 84.4209 66.3659 2.4
      vertex 84.4209 66.3659 0.5
    endloop
  endfacet
  facet normal 0.649247 -0.760578 0
    outer loop
      vertex 84.8979 67.3021 0.5
      vertex 85.1008 67.4753 2.4
      vertex 84.8979 67.3021 2.4
    endloop
  endfacet
  facet normal 0.649247 -0.760578 0
    outer loop
      vertex 85.1008 67.4753 2.4
      vertex 84.8979 67.3021 0.5
      vertex 85.1008 67.4753 0.5
    endloop
  endfacet
  facet normal -0.852558 0.522632 0
    outer loop
      vertex 87.4753 65.1008 0.5
      vertex 87.6147 65.3282 2.4
      vertex 87.6147 65.3282 0.5
    endloop
  endfacet
  facet normal -0.852558 0.522632 0
    outer loop
      vertex 87.6147 65.3282 2.4
      vertex 87.4753 65.1008 0.5
      vertex 87.4753 65.1008 2.4
    endloop
  endfacet
  facet normal -0.649247 -0.760578 0
    outer loop
      vertex 87.0992 67.4753 0.5
      vertex 87.3021 67.3021 2.4
      vertex 87.0992 67.4753 2.4
    endloop
  endfacet
  facet normal -0.649247 -0.760578 -0
    outer loop
      vertex 87.3021 67.3021 2.4
      vertex 87.0992 67.4753 0.5
      vertex 87.3021 67.3021 0.5
    endloop
  endfacet
  facet normal 0.382672 0.923884 -0
    outer loop
      vertex 85.5747 64.4832 0.5
      vertex 85.3282 64.5853 2.4
      vertex 85.5747 64.4832 2.4
    endloop
  endfacet
  facet normal 0.382672 0.923884 0
    outer loop
      vertex 85.3282 64.5853 2.4
      vertex 85.5747 64.4832 0.5
      vertex 85.3282 64.5853 0.5
    endloop
  endfacet
  facet normal -0.382672 -0.923884 0
    outer loop
      vertex 86.6253 67.7168 0.5
      vertex 86.8718 67.6147 2.4
      vertex 86.6253 67.7168 2.4
    endloop
  endfacet
  facet normal -0.382672 -0.923884 -0
    outer loop
      vertex 86.8718 67.6147 2.4
      vertex 86.6253 67.7168 0.5
      vertex 86.8718 67.6147 0.5
    endloop
  endfacet
  facet normal -0.649247 0.760578 0
    outer loop
      vertex 87.3021 64.8979 0.5
      vertex 87.0992 64.7247 2.4
      vertex 87.3021 64.8979 2.4
    endloop
  endfacet
  facet normal -0.649247 0.760578 0
    outer loop
      vertex 87.0992 64.7247 2.4
      vertex 87.3021 64.8979 0.5
      vertex 87.0992 64.7247 0.5
    endloop
  endfacet
  facet normal -0.522632 0.852558 0
    outer loop
      vertex 87.0992 64.7247 0.5
      vertex 86.8718 64.5853 2.4
      vertex 87.0992 64.7247 2.4
    endloop
  endfacet
  facet normal -0.522632 0.852558 0
    outer loop
      vertex 86.8718 64.5853 2.4
      vertex 87.0992 64.7247 0.5
      vertex 86.8718 64.5853 0.5
    endloop
  endfacet
  facet normal -0.996925 -0.0783593 0
    outer loop
      vertex 87.8 66.1 0.5
      vertex 87.7791 66.3659 2.4
      vertex 87.7791 66.3659 0.5
    endloop
  endfacet
  facet normal -0.996925 -0.0783593 0
    outer loop
      vertex 87.7791 66.3659 2.4
      vertex 87.8 66.1 0.5
      vertex 87.8 66.1 2.4
    endloop
  endfacet
  facet normal 0.996925 -0.0783593 0
    outer loop
      vertex 84.4 66.1 2.4
      vertex 84.4209 66.3659 0.5
      vertex 84.4209 66.3659 2.4
    endloop
  endfacet
  facet normal 0.996925 -0.0783593 0
    outer loop
      vertex 84.4209 66.3659 0.5
      vertex 84.4 66.1 2.4
      vertex 84.4 66.1 0.5
    endloop
  endfacet
  facet normal -0.0783593 0.996925 0
    outer loop
      vertex 86.3659 64.4209 0.5
      vertex 86.1 64.4 2.4
      vertex 86.3659 64.4209 2.4
    endloop
  endfacet
  facet normal -0.0783593 0.996925 0
    outer loop
      vertex 86.1 64.4 2.4
      vertex 86.3659 64.4209 0.5
      vertex 86.1 64.4 0.5
    endloop
  endfacet
  facet normal -0.923884 -0.382672 0
    outer loop
      vertex 87.7168 66.6253 0.5
      vertex 87.6147 66.8718 2.4
      vertex 87.6147 66.8718 0.5
    endloop
  endfacet
  facet normal -0.923884 -0.382672 0
    outer loop
      vertex 87.6147 66.8718 2.4
      vertex 87.7168 66.6253 0.5
      vertex 87.7168 66.6253 2.4
    endloop
  endfacet
  facet normal -0.522632 -0.852558 0
    outer loop
      vertex 86.8718 67.6147 0.5
      vertex 87.0992 67.4753 2.4
      vertex 86.8718 67.6147 2.4
    endloop
  endfacet
  facet normal -0.522632 -0.852558 -0
    outer loop
      vertex 87.0992 67.4753 2.4
      vertex 86.8718 67.6147 0.5
      vertex 87.0992 67.4753 0.5
    endloop
  endfacet
  facet normal 0.97235 0.233529 0
    outer loop
      vertex 84.4832 65.5747 2.4
      vertex 84.4209 65.8341 0.5
      vertex 84.4209 65.8341 2.4
    endloop
  endfacet
  facet normal 0.97235 0.233529 0
    outer loop
      vertex 84.4209 65.8341 0.5
      vertex 84.4832 65.5747 2.4
      vertex 84.4832 65.5747 0.5
    endloop
  endfacet
  facet normal 0.382672 -0.923884 0
    outer loop
      vertex 85.3282 67.6147 0.5
      vertex 85.5747 67.7168 2.4
      vertex 85.3282 67.6147 2.4
    endloop
  endfacet
  facet normal 0.382672 -0.923884 0
    outer loop
      vertex 85.5747 67.7168 2.4
      vertex 85.3282 67.6147 0.5
      vertex 85.5747 67.7168 0.5
    endloop
  endfacet
  facet normal -0.923884 0.382672 0
    outer loop
      vertex 87.6147 65.3282 0.5
      vertex 87.7168 65.5747 2.4
      vertex 87.7168 65.5747 0.5
    endloop
  endfacet
  facet normal -0.923884 0.382672 0
    outer loop
      vertex 87.7168 65.5747 2.4
      vertex 87.6147 65.3282 0.5
      vertex 87.6147 65.3282 2.4
    endloop
  endfacet
  facet normal -0.996925 0.0783593 0
    outer loop
      vertex 87.7791 65.8341 0.5
      vertex 87.8 66.1 2.4
      vertex 87.8 66.1 0.5
    endloop
  endfacet
  facet normal -0.996925 0.0783593 0
    outer loop
      vertex 87.8 66.1 2.4
      vertex 87.7791 65.8341 0.5
      vertex 87.7791 65.8341 2.4
    endloop
  endfacet
  facet normal 0.923884 -0.382672 0
    outer loop
      vertex 84.4832 66.6253 2.4
      vertex 84.5853 66.8718 0.5
      vertex 84.5853 66.8718 2.4
    endloop
  endfacet
  facet normal 0.923884 -0.382672 0
    outer loop
      vertex 84.5853 66.8718 0.5
      vertex 84.4832 66.6253 2.4
      vertex 84.4832 66.6253 0.5
    endloop
  endfacet
  facet normal -0.760578 -0.649247 0
    outer loop
      vertex 87.4753 67.0992 0.5
      vertex 87.3021 67.3021 2.4
      vertex 87.3021 67.3021 0.5
    endloop
  endfacet
  facet normal -0.760578 -0.649247 0
    outer loop
      vertex 87.3021 67.3021 2.4
      vertex 87.4753 67.0992 0.5
      vertex 87.4753 67.0992 2.4
    endloop
  endfacet
  facet normal -0.382672 0.923884 0
    outer loop
      vertex 86.8718 64.5853 0.5
      vertex 86.6253 64.4832 2.4
      vertex 86.8718 64.5853 2.4
    endloop
  endfacet
  facet normal -0.382672 0.923884 0
    outer loop
      vertex 86.6253 64.4832 2.4
      vertex 86.8718 64.5853 0.5
      vertex 86.6253 64.4832 0.5
    endloop
  endfacet
  facet normal 0.0783593 -0.996925 0
    outer loop
      vertex 85.8341 67.7791 0.5
      vertex 86.1 67.8 2.4
      vertex 85.8341 67.7791 2.4
    endloop
  endfacet
  facet normal 0.0783593 -0.996925 0
    outer loop
      vertex 86.1 67.8 2.4
      vertex 85.8341 67.7791 0.5
      vertex 86.1 67.8 0.5
    endloop
  endfacet
  facet normal -0.852558 -0.522632 0
    outer loop
      vertex 87.6147 66.8718 0.5
      vertex 87.4753 67.0992 2.4
      vertex 87.4753 67.0992 0.5
    endloop
  endfacet
  facet normal -0.852558 -0.522632 0
    outer loop
      vertex 87.4753 67.0992 2.4
      vertex 87.6147 66.8718 0.5
      vertex 87.6147 66.8718 2.4
    endloop
  endfacet
  facet normal 0.233529 -0.97235 0
    outer loop
      vertex 85.5747 67.7168 0.5
      vertex 85.8341 67.7791 2.4
      vertex 85.5747 67.7168 2.4
    endloop
  endfacet
  facet normal 0.233529 -0.97235 0
    outer loop
      vertex 85.8341 67.7791 2.4
      vertex 85.5747 67.7168 0.5
      vertex 85.8341 67.7791 0.5
    endloop
  endfacet
  facet normal 0.923884 0.382672 0
    outer loop
      vertex 84.5853 65.3282 2.4
      vertex 84.4832 65.5747 0.5
      vertex 84.4832 65.5747 2.4
    endloop
  endfacet
  facet normal 0.923884 0.382672 0
    outer loop
      vertex 84.4832 65.5747 0.5
      vertex 84.5853 65.3282 2.4
      vertex 84.5853 65.3282 0.5
    endloop
  endfacet
  facet normal 0.522632 0.852558 -0
    outer loop
      vertex 85.3282 64.5853 0.5
      vertex 85.1008 64.7247 2.4
      vertex 85.3282 64.5853 2.4
    endloop
  endfacet
  facet normal 0.522632 0.852558 0
    outer loop
      vertex 85.1008 64.7247 2.4
      vertex 85.3282 64.5853 0.5
      vertex 85.1008 64.7247 0.5
    endloop
  endfacet
  facet normal 0.852558 -0.522632 0
    outer loop
      vertex 84.5853 66.8718 2.4
      vertex 84.7247 67.0992 0.5
      vertex 84.7247 67.0992 2.4
    endloop
  endfacet
  facet normal 0.852558 -0.522632 0
    outer loop
      vertex 84.7247 67.0992 0.5
      vertex 84.5853 66.8718 2.4
      vertex 84.5853 66.8718 0.5
    endloop
  endfacet
  facet normal 0.522632 -0.852558 0
    outer loop
      vertex 85.1008 67.4753 0.5
      vertex 85.3282 67.6147 2.4
      vertex 85.1008 67.4753 2.4
    endloop
  endfacet
  facet normal 0.522632 -0.852558 0
    outer loop
      vertex 85.3282 67.6147 2.4
      vertex 85.1008 67.4753 0.5
      vertex 85.3282 67.6147 0.5
    endloop
  endfacet
  facet normal 0.852558 0.522632 0
    outer loop
      vertex 84.7247 65.1008 2.4
      vertex 84.5853 65.3282 0.5
      vertex 84.5853 65.3282 2.4
    endloop
  endfacet
  facet normal 0.852558 0.522632 0
    outer loop
      vertex 84.5853 65.3282 0.5
      vertex 84.7247 65.1008 2.4
      vertex 84.7247 65.1008 0.5
    endloop
  endfacet
  facet normal 0.760578 0.649247 0
    outer loop
      vertex 84.8979 64.8979 2.4
      vertex 84.7247 65.1008 0.5
      vertex 84.7247 65.1008 2.4
    endloop
  endfacet
  facet normal 0.760578 0.649247 0
    outer loop
      vertex 84.7247 65.1008 0.5
      vertex 84.8979 64.8979 2.4
      vertex 84.8979 64.8979 0.5
    endloop
  endfacet
  facet normal -0.233529 0.97235 0
    outer loop
      vertex 86.6253 64.4832 0.5
      vertex 86.3659 64.4209 2.4
      vertex 86.6253 64.4832 2.4
    endloop
  endfacet
  facet normal -0.233529 0.97235 0
    outer loop
      vertex 86.3659 64.4209 2.4
      vertex 86.6253 64.4832 0.5
      vertex 86.3659 64.4209 0.5
    endloop
  endfacet
  facet normal 0.649247 0.760578 -0
    outer loop
      vertex 85.1008 64.7247 0.5
      vertex 84.8979 64.8979 2.4
      vertex 85.1008 64.7247 2.4
    endloop
  endfacet
  facet normal 0.649247 0.760578 0
    outer loop
      vertex 84.8979 64.8979 2.4
      vertex 85.1008 64.7247 0.5
      vertex 84.8979 64.8979 0.5
    endloop
  endfacet
  facet normal -0.97235 0.233529 0
    outer loop
      vertex 87.7168 65.5747 0.5
      vertex 87.7791 65.8341 2.4
      vertex 87.7791 65.8341 0.5
    endloop
  endfacet
  facet normal -0.97235 0.233529 0
    outer loop
      vertex 87.7791 65.8341 2.4
      vertex 87.7168 65.5747 0.5
      vertex 87.7168 65.5747 2.4
    endloop
  endfacet
  facet normal 0.760578 -0.649247 0
    outer loop
      vertex 84.7247 67.0992 2.4
      vertex 84.8979 67.3021 0.5
      vertex 84.8979 67.3021 2.4
    endloop
  endfacet
  facet normal 0.760578 -0.649247 0
    outer loop
      vertex 84.8979 67.3021 0.5
      vertex 84.7247 67.0992 2.4
      vertex 84.7247 67.0992 0.5
    endloop
  endfacet
  facet normal 0.996925 0.0783593 0
    outer loop
      vertex 84.4209 65.8341 2.4
      vertex 84.4 66.1 0.5
      vertex 84.4 66.1 2.4
    endloop
  endfacet
  facet normal 0.996925 0.0783593 0
    outer loop
      vertex 84.4 66.1 0.5
      vertex 84.4209 65.8341 2.4
      vertex 84.4209 65.8341 0.5
    endloop
  endfacet
  facet normal 0.233529 0.97235 -0
    outer loop
      vertex 85.8341 64.4209 0.5
      vertex 85.5747 64.4832 2.4
      vertex 85.8341 64.4209 2.4
    endloop
  endfacet
  facet normal 0.233529 0.97235 0
    outer loop
      vertex 85.5747 64.4832 2.4
      vertex 85.8341 64.4209 0.5
      vertex 85.5747 64.4832 0.5
    endloop
  endfacet
  facet normal -0.233529 -0.97235 0
    outer loop
      vertex 86.3659 67.7791 0.5
      vertex 86.6253 67.7168 2.4
      vertex 86.3659 67.7791 2.4
    endloop
  endfacet
  facet normal -0.233529 -0.97235 -0
    outer loop
      vertex 86.6253 67.7168 2.4
      vertex 86.3659 67.7791 0.5
      vertex 86.6253 67.7168 0.5
    endloop
  endfacet
  facet normal -0.0783593 -0.996925 0
    outer loop
      vertex 86.1 67.8 0.5
      vertex 86.3659 67.7791 2.4
      vertex 86.1 67.8 2.4
    endloop
  endfacet
  facet normal -0.0783593 -0.996925 -0
    outer loop
      vertex 86.3659 67.7791 2.4
      vertex 86.1 67.8 0.5
      vertex 86.3659 67.7791 0.5
    endloop
  endfacet
  facet normal 0.0783858 0.996923 -0
    outer loop
      vertex 86.1 63.1 0
      vertex 85.6307 63.1369 0.5
      vertex 86.1 63.1 0.5
    endloop
  endfacet
  facet normal 0.0783858 0.996923 0
    outer loop
      vertex 85.6307 63.1369 0.5
      vertex 86.1 63.1 0
      vertex 85.6307 63.1369 0
    endloop
  endfacet
  facet normal -0.972374 -0.233429 0
    outer loop
      vertex 89.0631 66.5693 0
      vertex 88.9532 67.0271 0.5
      vertex 88.9532 67.0271 0
    endloop
  endfacet
  facet normal -0.972374 -0.233429 0
    outer loop
      vertex 88.9532 67.0271 0.5
      vertex 89.0631 66.5693 0
      vertex 89.0631 66.5693 0.5
    endloop
  endfacet
  facet normal -0.233429 -0.972374 0
    outer loop
      vertex 86.5693 69.0631 0
      vertex 87.0271 68.9532 0.5
      vertex 86.5693 69.0631 0.5
    endloop
  endfacet
  facet normal -0.233429 -0.972374 -0
    outer loop
      vertex 87.0271 68.9532 0.5
      vertex 86.5693 69.0631 0
      vertex 87.0271 68.9532 0
    endloop
  endfacet
  facet normal 0.649601 -0.760275 0
    outer loop
      vertex 83.9787 68.2213 0
      vertex 84.3366 68.5271 0.5
      vertex 83.9787 68.2213 0.5
    endloop
  endfacet
  facet normal 0.649601 -0.760275 0
    outer loop
      vertex 84.3366 68.5271 0.5
      vertex 83.9787 68.2213 0
      vertex 84.3366 68.5271 0
    endloop
  endfacet
  facet normal -0.852714 0.522378 0
    outer loop
      vertex 88.5271 64.3366 0
      vertex 88.773 64.738 0.5
      vertex 88.773 64.738 0
    endloop
  endfacet
  facet normal -0.852714 0.522378 0
    outer loop
      vertex 88.773 64.738 0.5
      vertex 88.5271 64.3366 0
      vertex 88.5271 64.3366 0.5
    endloop
  endfacet
  facet normal 0.382714 0.923867 -0
    outer loop
      vertex 85.173 63.2468 0
      vertex 84.738 63.427 0.5
      vertex 85.173 63.2468 0.5
    endloop
  endfacet
  facet normal 0.382714 0.923867 0
    outer loop
      vertex 84.738 63.427 0.5
      vertex 85.173 63.2468 0
      vertex 84.738 63.427 0
    endloop
  endfacet
  facet normal -0.996923 -0.0783858 0
    outer loop
      vertex 89.1 66.1 0
      vertex 89.0631 66.5693 0.5
      vertex 89.0631 66.5693 0
    endloop
  endfacet
  facet normal -0.996923 -0.0783858 0
    outer loop
      vertex 89.0631 66.5693 0.5
      vertex 89.1 66.1 0
      vertex 89.1 66.1 0.5
    endloop
  endfacet
  facet normal -0.0783858 0.996923 0
    outer loop
      vertex 86.5693 63.1369 0
      vertex 86.1 63.1 0.5
      vertex 86.5693 63.1369 0.5
    endloop
  endfacet
  facet normal -0.0783858 0.996923 0
    outer loop
      vertex 86.1 63.1 0.5
      vertex 86.5693 63.1369 0
      vertex 86.1 63.1 0
    endloop
  endfacet
  facet normal 0.76038 -0.649478 0
    outer loop
      vertex 83.673 67.8634 0.5
      vertex 83.9787 68.2213 0
      vertex 83.9787 68.2213 0.5
    endloop
  endfacet
  facet normal 0.76038 -0.649478 0
    outer loop
      vertex 83.9787 68.2213 0
      vertex 83.673 67.8634 0.5
      vertex 83.673 67.8634 0
    endloop
  endfacet
  facet normal -0.649478 0.76038 0
    outer loop
      vertex 88.2213 63.9787 0
      vertex 87.8634 63.673 0.5
      vertex 88.2213 63.9787 0.5
    endloop
  endfacet
  facet normal -0.649478 0.76038 0
    outer loop
      vertex 87.8634 63.673 0.5
      vertex 88.2213 63.9787 0
      vertex 87.8634 63.673 0
    endloop
  endfacet
  facet normal -0.923836 -0.38279 0
    outer loop
      vertex 88.9532 67.0271 0
      vertex 88.773 67.462 0.5
      vertex 88.773 67.462 0
    endloop
  endfacet
  facet normal -0.923836 -0.38279 0
    outer loop
      vertex 88.773 67.462 0.5
      vertex 88.9532 67.0271 0
      vertex 88.9532 67.0271 0.5
    endloop
  endfacet
  facet normal -0.38279 -0.923836 0
    outer loop
      vertex 87.0271 68.9532 0
      vertex 87.462 68.773 0.5
      vertex 87.0271 68.9532 0.5
    endloop
  endfacet
  facet normal -0.38279 -0.923836 -0
    outer loop
      vertex 87.462 68.773 0.5
      vertex 87.0271 68.9532 0
      vertex 87.462 68.773 0
    endloop
  endfacet
  facet normal 0.522532 0.85262 -0
    outer loop
      vertex 84.738 63.427 0
      vertex 84.3366 63.673 0.5
      vertex 84.738 63.427 0.5
    endloop
  endfacet
  facet normal 0.522532 0.85262 0
    outer loop
      vertex 84.3366 63.673 0.5
      vertex 84.738 63.427 0
      vertex 84.3366 63.673 0
    endloop
  endfacet
  facet normal 0.923867 0.382714 0
    outer loop
      vertex 83.427 64.738 0.5
      vertex 83.2468 65.173 0
      vertex 83.2468 65.173 0.5
    endloop
  endfacet
  facet normal 0.923867 0.382714 0
    outer loop
      vertex 83.2468 65.173 0
      vertex 83.427 64.738 0.5
      vertex 83.427 64.738 0
    endloop
  endfacet
  facet normal 0.382714 -0.923867 0
    outer loop
      vertex 84.738 68.773 0
      vertex 85.173 68.9532 0.5
      vertex 84.738 68.773 0.5
    endloop
  endfacet
  facet normal 0.382714 -0.923867 0
    outer loop
      vertex 85.173 68.9532 0.5
      vertex 84.738 68.773 0
      vertex 85.173 68.9532 0
    endloop
  endfacet
  facet normal -0.923867 0.382714 0
    outer loop
      vertex 88.773 64.738 0
      vertex 88.9532 65.173 0.5
      vertex 88.9532 65.173 0
    endloop
  endfacet
  facet normal -0.923867 0.382714 0
    outer loop
      vertex 88.9532 65.173 0.5
      vertex 88.773 64.738 0
      vertex 88.773 64.738 0.5
    endloop
  endfacet
  facet normal -0.649601 -0.760275 0
    outer loop
      vertex 87.8634 68.5271 0
      vertex 88.2213 68.2213 0.5
      vertex 87.8634 68.5271 0.5
    endloop
  endfacet
  facet normal -0.649601 -0.760275 -0
    outer loop
      vertex 88.2213 68.2213 0.5
      vertex 87.8634 68.5271 0
      vertex 88.2213 68.2213 0
    endloop
  endfacet
  facet normal 0.972362 0.233477 0
    outer loop
      vertex 83.2468 65.173 0.5
      vertex 83.1369 65.6307 0
      vertex 83.1369 65.6307 0.5
    endloop
  endfacet
  facet normal 0.972362 0.233477 0
    outer loop
      vertex 83.1369 65.6307 0
      vertex 83.2468 65.173 0.5
      vertex 83.2468 65.173 0
    endloop
  endfacet
  facet normal -0.996923 0.0783858 0
    outer loop
      vertex 89.0631 65.6307 0
      vertex 89.1 66.1 0.5
      vertex 89.1 66.1 0
    endloop
  endfacet
  facet normal -0.996923 0.0783858 0
    outer loop
      vertex 89.1 66.1 0.5
      vertex 89.0631 65.6307 0
      vertex 89.0631 65.6307 0.5
    endloop
  endfacet
  facet normal 0.923836 -0.38279 0
    outer loop
      vertex 83.2468 67.0271 0.5
      vertex 83.427 67.462 0
      vertex 83.427 67.462 0.5
    endloop
  endfacet
  facet normal 0.923836 -0.38279 0
    outer loop
      vertex 83.427 67.462 0
      vertex 83.2468 67.0271 0.5
      vertex 83.2468 67.0271 0
    endloop
  endfacet
  facet normal 0.649478 0.76038 -0
    outer loop
      vertex 84.3366 63.673 0
      vertex 83.9787 63.9787 0.5
      vertex 84.3366 63.673 0.5
    endloop
  endfacet
  facet normal 0.649478 0.76038 0
    outer loop
      vertex 83.9787 63.9787 0.5
      vertex 84.3366 63.673 0
      vertex 83.9787 63.9787 0
    endloop
  endfacet
  facet normal -0.38279 0.923836 0
    outer loop
      vertex 87.462 63.427 0
      vertex 87.0271 63.2468 0.5
      vertex 87.462 63.427 0.5
    endloop
  endfacet
  facet normal -0.38279 0.923836 0
    outer loop
      vertex 87.0271 63.2468 0.5
      vertex 87.462 63.427 0
      vertex 87.0271 63.2468 0
    endloop
  endfacet
  facet normal 0.996923 0.0783858 0
    outer loop
      vertex 83.1369 65.6307 0.5
      vertex 83.1 66.1 0
      vertex 83.1 66.1 0.5
    endloop
  endfacet
  facet normal 0.996923 0.0783858 0
    outer loop
      vertex 83.1 66.1 0
      vertex 83.1369 65.6307 0.5
      vertex 83.1369 65.6307 0
    endloop
  endfacet
  facet normal -0.852714 -0.522378 0
    outer loop
      vertex 88.773 67.462 0
      vertex 88.5271 67.8634 0.5
      vertex 88.5271 67.8634 0
    endloop
  endfacet
  facet normal -0.852714 -0.522378 0
    outer loop
      vertex 88.5271 67.8634 0.5
      vertex 88.773 67.462 0
      vertex 88.773 67.462 0.5
    endloop
  endfacet
  facet normal -0.522378 -0.852714 0
    outer loop
      vertex 87.462 68.773 0
      vertex 87.8634 68.5271 0.5
      vertex 87.462 68.773 0.5
    endloop
  endfacet
  facet normal -0.522378 -0.852714 -0
    outer loop
      vertex 87.8634 68.5271 0.5
      vertex 87.462 68.773 0
      vertex 87.8634 68.5271 0
    endloop
  endfacet
  facet normal 0.233477 -0.972362 0
    outer loop
      vertex 85.173 68.9532 0
      vertex 85.6307 69.0631 0.5
      vertex 85.173 68.9532 0.5
    endloop
  endfacet
  facet normal 0.233477 -0.972362 0
    outer loop
      vertex 85.6307 69.0631 0.5
      vertex 85.173 68.9532 0
      vertex 85.6307 69.0631 0
    endloop
  endfacet
  facet normal 0.522378 -0.852714 0
    outer loop
      vertex 84.3366 68.5271 0
      vertex 84.738 68.773 0.5
      vertex 84.3366 68.5271 0.5
    endloop
  endfacet
  facet normal 0.522378 -0.852714 0
    outer loop
      vertex 84.738 68.773 0.5
      vertex 84.3366 68.5271 0
      vertex 84.738 68.773 0
    endloop
  endfacet
  facet normal 0.85262 0.522532 0
    outer loop
      vertex 83.673 64.3366 0.5
      vertex 83.427 64.738 0
      vertex 83.427 64.738 0.5
    endloop
  endfacet
  facet normal 0.85262 0.522532 0
    outer loop
      vertex 83.427 64.738 0
      vertex 83.673 64.3366 0.5
      vertex 83.673 64.3366 0
    endloop
  endfacet
  facet normal 0.76038 0.649478 0
    outer loop
      vertex 83.9787 63.9787 0.5
      vertex 83.673 64.3366 0
      vertex 83.673 64.3366 0.5
    endloop
  endfacet
  facet normal 0.76038 0.649478 0
    outer loop
      vertex 83.673 64.3366 0
      vertex 83.9787 63.9787 0.5
      vertex 83.9787 63.9787 0
    endloop
  endfacet
  facet normal -0.233429 0.972374 0
    outer loop
      vertex 87.0271 63.2468 0
      vertex 86.5693 63.1369 0.5
      vertex 87.0271 63.2468 0.5
    endloop
  endfacet
  facet normal -0.233429 0.972374 0
    outer loop
      vertex 86.5693 63.1369 0.5
      vertex 87.0271 63.2468 0
      vertex 86.5693 63.1369 0
    endloop
  endfacet
  facet normal -0.0783858 -0.996923 0
    outer loop
      vertex 86.1 69.1 0
      vertex 86.5693 69.0631 0.5
      vertex 86.1 69.1 0.5
    endloop
  endfacet
  facet normal -0.0783858 -0.996923 -0
    outer loop
      vertex 86.5693 69.0631 0.5
      vertex 86.1 69.1 0
      vertex 86.5693 69.0631 0
    endloop
  endfacet
  facet normal -0.522532 0.85262 0
    outer loop
      vertex 87.8634 63.673 0
      vertex 87.462 63.427 0.5
      vertex 87.8634 63.673 0.5
    endloop
  endfacet
  facet normal -0.522532 0.85262 0
    outer loop
      vertex 87.462 63.427 0.5
      vertex 87.8634 63.673 0
      vertex 87.462 63.427 0
    endloop
  endfacet
  facet normal -0.972362 0.233477 0
    outer loop
      vertex 88.9532 65.173 0
      vertex 89.0631 65.6307 0.5
      vertex 89.0631 65.6307 0
    endloop
  endfacet
  facet normal -0.972362 0.233477 0
    outer loop
      vertex 89.0631 65.6307 0.5
      vertex 88.9532 65.173 0
      vertex 88.9532 65.173 0.5
    endloop
  endfacet
  facet normal 0.996923 -0.0783858 0
    outer loop
      vertex 83.1 66.1 0.5
      vertex 83.1369 66.5693 0
      vertex 83.1369 66.5693 0.5
    endloop
  endfacet
  facet normal 0.996923 -0.0783858 0
    outer loop
      vertex 83.1369 66.5693 0
      vertex 83.1 66.1 0.5
      vertex 83.1 66.1 0
    endloop
  endfacet
  facet normal 0.85262 -0.522532 0
    outer loop
      vertex 83.427 67.462 0.5
      vertex 83.673 67.8634 0
      vertex 83.673 67.8634 0.5
    endloop
  endfacet
  facet normal 0.85262 -0.522532 0
    outer loop
      vertex 83.673 67.8634 0
      vertex 83.427 67.462 0.5
      vertex 83.427 67.462 0
    endloop
  endfacet
  facet normal 0.0783858 -0.996923 0
    outer loop
      vertex 85.6307 69.0631 0
      vertex 86.1 69.1 0.5
      vertex 85.6307 69.0631 0.5
    endloop
  endfacet
  facet normal 0.0783858 -0.996923 0
    outer loop
      vertex 86.1 69.1 0.5
      vertex 85.6307 69.0631 0
      vertex 86.1 69.1 0
    endloop
  endfacet
  facet normal -0.760275 -0.649601 0
    outer loop
      vertex 88.5271 67.8634 0
      vertex 88.2213 68.2213 0.5
      vertex 88.2213 68.2213 0
    endloop
  endfacet
  facet normal -0.760275 -0.649601 0
    outer loop
      vertex 88.2213 68.2213 0.5
      vertex 88.5271 67.8634 0
      vertex 88.5271 67.8634 0.5
    endloop
  endfacet
  facet normal 0.972374 -0.233429 0
    outer loop
      vertex 83.1369 66.5693 0.5
      vertex 83.2468 67.0271 0
      vertex 83.2468 67.0271 0.5
    endloop
  endfacet
  facet normal 0.972374 -0.233429 0
    outer loop
      vertex 83.2468 67.0271 0
      vertex 83.1369 66.5693 0.5
      vertex 83.1369 66.5693 0
    endloop
  endfacet
  facet normal -0.760275 0.649601 0
    outer loop
      vertex 88.2213 63.9787 0
      vertex 88.5271 64.3366 0.5
      vertex 88.5271 64.3366 0
    endloop
  endfacet
  facet normal -0.760275 0.649601 0
    outer loop
      vertex 88.5271 64.3366 0.5
      vertex 88.2213 63.9787 0
      vertex 88.2213 63.9787 0.5
    endloop
  endfacet
  facet normal 0.233477 0.972362 -0
    outer loop
      vertex 85.6307 63.1369 0
      vertex 85.173 63.2468 0.5
      vertex 85.6307 63.1369 0.5
    endloop
  endfacet
  facet normal 0.233477 0.972362 0
    outer loop
      vertex 85.173 63.2468 0.5
      vertex 85.6307 63.1369 0
      vertex 85.173 63.2468 0
    endloop
  endfacet
  facet normal 0 0 -1
    outer loop
      vertex 87.8 66.1 0.5
      vertex 89.1 66.1 0.5
      vertex 89.0631 65.6307 0.5
    endloop
  endfacet
  facet normal 0 0 -1
    outer loop
      vertex 87.7791 65.8341 0.5
      vertex 89.0631 65.6307 0.5
      vertex 88.9532 65.173 0.5
    endloop
  endfacet
  facet normal 0 0 -1
    outer loop
      vertex 89.1 66.1 0.5
      vertex 87.8 66.1 0.5
      vertex 89.0631 66.5693 0.5
    endloop
  endfacet
  facet normal 0 0 -1
    outer loop
      vertex 87.7168 65.5747 0.5
      vertex 88.9532 65.173 0.5
      vertex 88.773 64.738 0.5
    endloop
  endfacet
  facet normal 0 0 -1
    outer loop
      vertex 87.7791 66.3659 0.5
      vertex 89.0631 66.5693 0.5
      vertex 87.8 66.1 0.5
    endloop
  endfacet
  facet normal 0 0 -1
    outer loop
      vertex 87.6147 65.3282 0.5
      vertex 88.773 64.738 0.5
      vertex 88.5271 64.3366 0.5
    endloop
  endfacet
  facet normal -0 0 -1
    outer loop
      vertex 89.0631 66.5693 0.5
      vertex 87.7791 66.3659 0.5
      vertex 88.9532 67.0271 0.5
    endloop
  endfacet
  facet normal 0 0 -1
    outer loop
      vertex 87.4753 65.1008 0.5
      vertex 88.5271 64.3366 0.5
      vertex 88.2213 63.9787 0.5
    endloop
  endfacet
  facet normal 0 0 -1
    outer loop
      vertex 87.7168 66.6253 0.5
      vertex 88.9532 67.0271 0.5
      vertex 87.7791 66.3659 0.5
    endloop
  endfacet
  facet normal 0 0 -1
    outer loop
      vertex 87.3021 64.8979 0.5
      vertex 88.2213 63.9787 0.5
      vertex 87.8634 63.673 0.5
    endloop
  endfacet
  facet normal -0 0 -1
    outer loop
      vertex 88.9532 67.0271 0.5
      vertex 87.7168 66.6253 0.5
      vertex 88.773 67.462 0.5
    endloop
  endfacet
  facet normal 0 0 -1
    outer loop
      vertex 87.6147 66.8718 0.5
      vertex 88.773 67.462 0.5
      vertex 87.7168 66.6253 0.5
    endloop
  endfacet
  facet normal 0 0 -1
    outer loop
      vertex 89.0631 65.6307 0.5
      vertex 87.7791 65.8341 0.5
      vertex 87.8 66.1 0.5
    endloop
  endfacet
  facet normal 0 0 -1
    outer loop
      vertex 88.9532 65.173 0.5
      vertex 87.7168 65.5747 0.5
      vertex 87.7791 65.8341 0.5
    endloop
  endfacet
  facet normal 0 0 -1
    outer loop
      vertex 88.773 64.738 0.5
      vertex 87.6147 65.3282 0.5
      vertex 87.7168 65.5747 0.5
    endloop
  endfacet
  facet normal 0 0 -1
    outer loop
      vertex 88.5271 64.3366 0.5
      vertex 87.4753 65.1008 0.5
      vertex 87.6147 65.3282 0.5
    endloop
  endfacet
  facet normal 0 0 -1
    outer loop
      vertex 87.0992 64.7247 0.5
      vertex 87.8634 63.673 0.5
      vertex 87.462 63.427 0.5
    endloop
  endfacet
  facet normal 0 0 -1
    outer loop
      vertex 88.2213 63.9787 0.5
      vertex 87.3021 64.8979 0.5
      vertex 87.4753 65.1008 0.5
    endloop
  endfacet
  facet normal 0 0 -1
    outer loop
      vertex 87.8634 63.673 0.5
      vertex 87.0992 64.7247 0.5
      vertex 87.3021 64.8979 0.5
    endloop
  endfacet
  facet normal 0 0 -1
    outer loop
      vertex 86.8718 64.5853 0.5
      vertex 87.462 63.427 0.5
      vertex 87.0271 63.2468 0.5
    endloop
  endfacet
  facet normal 0 0 -1
    outer loop
      vertex 87.462 63.427 0.5
      vertex 86.8718 64.5853 0.5
      vertex 87.0992 64.7247 0.5
    endloop
  endfacet
  facet normal 0 0 -1
    outer loop
      vertex 87.0271 63.2468 0.5
      vertex 86.6253 64.4832 0.5
      vertex 86.8718 64.5853 0.5
    endloop
  endfacet
  facet normal 0 0 -1
    outer loop
      vertex 86.5693 63.1369 0.5
      vertex 86.6253 64.4832 0.5
      vertex 87.0271 63.2468 0.5
    endloop
  endfacet
  facet normal 0 0 -1
    outer loop
      vertex 86.5693 63.1369 0.5
      vertex 86.3659 64.4209 0.5
      vertex 86.6253 64.4832 0.5
    endloop
  endfacet
  facet normal 0 0 -1
    outer loop
      vertex 86.1 63.1 0.5
      vertex 86.3659 64.4209 0.5
      vertex 86.5693 63.1369 0.5
    endloop
  endfacet
  facet normal 0 0 -1
    outer loop
      vertex 86.1 63.1 0.5
      vertex 86.1 64.4 0.5
      vertex 86.3659 64.4209 0.5
    endloop
  endfacet
  facet normal 0 0 -1
    outer loop
      vertex 86.1 63.1 0.5
      vertex 85.8341 64.4209 0.5
      vertex 86.1 64.4 0.5
    endloop
  endfacet
  facet normal 0 0 -1
    outer loop
      vertex 85.6307 63.1369 0.5
      vertex 85.8341 64.4209 0.5
      vertex 86.1 63.1 0.5
    endloop
  endfacet
  facet normal 0 0 -1
    outer loop
      vertex 85.6307 63.1369 0.5
      vertex 85.5747 64.4832 0.5
      vertex 85.8341 64.4209 0.5
    endloop
  endfacet
  facet normal 0 0 -1
    outer loop
      vertex 85.173 63.2468 0.5
      vertex 85.5747 64.4832 0.5
      vertex 85.6307 63.1369 0.5
    endloop
  endfacet
  facet normal -0 0 -1
    outer loop
      vertex 85.5747 64.4832 0.5
      vertex 85.173 63.2468 0.5
      vertex 85.3282 64.5853 0.5
    endloop
  endfacet
  facet normal 0 0 -1
    outer loop
      vertex 84.738 63.427 0.5
      vertex 85.3282 64.5853 0.5
      vertex 85.173 63.2468 0.5
    endloop
  endfacet
  facet normal -0 0 -1
    outer loop
      vertex 85.3282 64.5853 0.5
      vertex 84.738 63.427 0.5
      vertex 85.1008 64.7247 0.5
    endloop
  endfacet
  facet normal 0 0 -1
    outer loop
      vertex 84.3366 63.673 0.5
      vertex 85.1008 64.7247 0.5
      vertex 84.738 63.427 0.5
    endloop
  endfacet
  facet normal -0 0 -1
    outer loop
      vertex 85.1008 64.7247 0.5
      vertex 84.3366 63.673 0.5
      vertex 84.8979 64.8979 0.5
    endloop
  endfacet
  facet normal 0 0 -1
    outer loop
      vertex 83.9787 63.9787 0.5
      vertex 84.8979 64.8979 0.5
      vertex 84.3366 63.673 0.5
    endloop
  endfacet
  facet normal -0 0 -1
    outer loop
      vertex 84.8979 64.8979 0.5
      vertex 83.9787 63.9787 0.5
      vertex 84.7247 65.1008 0.5
    endloop
  endfacet
  facet normal 0 0 -1
    outer loop
      vertex 83.673 64.3366 0.5
      vertex 84.7247 65.1008 0.5
      vertex 83.9787 63.9787 0.5
    endloop
  endfacet
  facet normal 0 0 -1
    outer loop
      vertex 83.427 64.738 0.5
      vertex 84.5853 65.3282 0.5
      vertex 83.673 64.3366 0.5
    endloop
  endfacet
  facet normal -0 0 -1
    outer loop
      vertex 84.7247 65.1008 0.5
      vertex 83.673 64.3366 0.5
      vertex 84.5853 65.3282 0.5
    endloop
  endfacet
  facet normal -0 0 -1
    outer loop
      vertex 88.773 67.462 0.5
      vertex 87.6147 66.8718 0.5
      vertex 88.5271 67.8634 0.5
    endloop
  endfacet
  facet normal 0 0 -1
    outer loop
      vertex 87.4753 67.0992 0.5
      vertex 88.5271 67.8634 0.5
      vertex 87.6147 66.8718 0.5
    endloop
  endfacet
  facet normal -0 0 -1
    outer loop
      vertex 88.5271 67.8634 0.5
      vertex 87.4753 67.0992 0.5
      vertex 88.2213 68.2213 0.5
    endloop
  endfacet
  facet normal 0 0 -1
    outer loop
      vertex 87.3021 67.3021 0.5
      vertex 88.2213 68.2213 0.5
      vertex 87.4753 67.0992 0.5
    endloop
  endfacet
  facet normal -0 0 -1
    outer loop
      vertex 88.2213 68.2213 0.5
      vertex 87.3021 67.3021 0.5
      vertex 87.8634 68.5271 0.5
    endloop
  endfacet
  facet normal 0 0 -1
    outer loop
      vertex 87.0992 67.4753 0.5
      vertex 87.8634 68.5271 0.5
      vertex 87.3021 67.3021 0.5
    endloop
  endfacet
  facet normal -0 0 -1
    outer loop
      vertex 87.8634 68.5271 0.5
      vertex 87.0992 67.4753 0.5
      vertex 87.462 68.773 0.5
    endloop
  endfacet
  facet normal 0 0 -1
    outer loop
      vertex 86.8718 67.6147 0.5
      vertex 87.462 68.773 0.5
      vertex 87.0992 67.4753 0.5
    endloop
  endfacet
  facet normal -0 0 -1
    outer loop
      vertex 87.462 68.773 0.5
      vertex 86.8718 67.6147 0.5
      vertex 87.0271 68.9532 0.5
    endloop
  endfacet
  facet normal 0 0 -1
    outer loop
      vertex 86.6253 67.7168 0.5
      vertex 87.0271 68.9532 0.5
      vertex 86.8718 67.6147 0.5
    endloop
  endfacet
  facet normal 0 0 -1
    outer loop
      vertex 86.6253 67.7168 0.5
      vertex 86.5693 69.0631 0.5
      vertex 87.0271 68.9532 0.5
    endloop
  endfacet
  facet normal 0 0 -1
    outer loop
      vertex 86.3659 67.7791 0.5
      vertex 86.5693 69.0631 0.5
      vertex 86.6253 67.7168 0.5
    endloop
  endfacet
  facet normal 0 0 -1
    outer loop
      vertex 86.1 67.8 0.5
      vertex 86.5693 69.0631 0.5
      vertex 86.3659 67.7791 0.5
    endloop
  endfacet
  facet normal 0 0 -1
    outer loop
      vertex 86.1 67.8 0.5
      vertex 86.1 69.1 0.5
      vertex 86.5693 69.0631 0.5
    endloop
  endfacet
  facet normal 0 0 -1
    outer loop
      vertex 85.8341 67.7791 0.5
      vertex 86.1 69.1 0.5
      vertex 86.1 67.8 0.5
    endloop
  endfacet
  facet normal 0 0 -1
    outer loop
      vertex 85.8341 67.7791 0.5
      vertex 85.6307 69.0631 0.5
      vertex 86.1 69.1 0.5
    endloop
  endfacet
  facet normal 0 0 -1
    outer loop
      vertex 85.5747 67.7168 0.5
      vertex 85.6307 69.0631 0.5
      vertex 85.8341 67.7791 0.5
    endloop
  endfacet
  facet normal 0 0 -1
    outer loop
      vertex 85.173 68.9532 0.5
      vertex 85.5747 67.7168 0.5
      vertex 85.3282 67.6147 0.5
    endloop
  endfacet
  facet normal 0 0 -1
    outer loop
      vertex 85.5747 67.7168 0.5
      vertex 85.173 68.9532 0.5
      vertex 85.6307 69.0631 0.5
    endloop
  endfacet
  facet normal 0 0 -1
    outer loop
      vertex 84.738 68.773 0.5
      vertex 85.3282 67.6147 0.5
      vertex 85.1008 67.4753 0.5
    endloop
  endfacet
  facet normal 0 0 -1
    outer loop
      vertex 84.3366 68.5271 0.5
      vertex 85.1008 67.4753 0.5
      vertex 84.8979 67.3021 0.5
    endloop
  endfacet
  facet normal 0 0 -1
    outer loop
      vertex 85.3282 67.6147 0.5
      vertex 84.738 68.773 0.5
      vertex 85.173 68.9532 0.5
    endloop
  endfacet
  facet normal 0 0 -1
    outer loop
      vertex 83.9787 68.2213 0.5
      vertex 84.8979 67.3021 0.5
      vertex 84.7247 67.0992 0.5
    endloop
  endfacet
  facet normal 0 0 -1
    outer loop
      vertex 83.673 67.8634 0.5
      vertex 84.7247 67.0992 0.5
      vertex 84.5853 66.8718 0.5
    endloop
  endfacet
  facet normal 0 0 -1
    outer loop
      vertex 83.427 67.462 0.5
      vertex 84.5853 66.8718 0.5
      vertex 84.4832 66.6253 0.5
    endloop
  endfacet
  facet normal 0 0 -1
    outer loop
      vertex 83.2468 67.0271 0.5
      vertex 84.4832 66.6253 0.5
      vertex 84.4209 66.3659 0.5
    endloop
  endfacet
  facet normal 0 0 -1
    outer loop
      vertex 85.1008 67.4753 0.5
      vertex 84.3366 68.5271 0.5
      vertex 84.738 68.773 0.5
    endloop
  endfacet
  facet normal 0 0 -1
    outer loop
      vertex 83.1369 66.5693 0.5
      vertex 84.4209 66.3659 0.5
      vertex 84.4 66.1 0.5
    endloop
  endfacet
  facet normal -0 0 -1
    outer loop
      vertex 84.5853 65.3282 0.5
      vertex 83.427 64.738 0.5
      vertex 84.4832 65.5747 0.5
    endloop
  endfacet
  facet normal 0 0 -1
    outer loop
      vertex 83.2468 65.173 0.5
      vertex 84.4832 65.5747 0.5
      vertex 83.427 64.738 0.5
    endloop
  endfacet
  facet normal 0 0 -1
    outer loop
      vertex 84.8979 67.3021 0.5
      vertex 83.9787 68.2213 0.5
      vertex 84.3366 68.5271 0.5
    endloop
  endfacet
  facet normal -0 0 -1
    outer loop
      vertex 84.4832 65.5747 0.5
      vertex 83.2468 65.173 0.5
      vertex 84.4209 65.8341 0.5
    endloop
  endfacet
  facet normal 0 0 -1
    outer loop
      vertex 84.7247 67.0992 0.5
      vertex 83.673 67.8634 0.5
      vertex 83.9787 68.2213 0.5
    endloop
  endfacet
  facet normal 0 0 -1
    outer loop
      vertex 83.1369 65.6307 0.5
      vertex 84.4209 65.8341 0.5
      vertex 83.2468 65.173 0.5
    endloop
  endfacet
  facet normal 0 0 -1
    outer loop
      vertex 84.5853 66.8718 0.5
      vertex 83.427 67.462 0.5
      vertex 83.673 67.8634 0.5
    endloop
  endfacet
  facet normal -0 0 -1
    outer loop
      vertex 84.4209 65.8341 0.5
      vertex 83.1369 65.6307 0.5
      vertex 84.4 66.1 0.5
    endloop
  endfacet
  facet normal 0 0 -1
    outer loop
      vertex 84.4832 66.6253 0.5
      vertex 83.2468 67.0271 0.5
      vertex 83.427 67.462 0.5
    endloop
  endfacet
  facet normal 0 0 -1
    outer loop
      vertex 83.1 66.1 0.5
      vertex 84.4 66.1 0.5
      vertex 83.1369 65.6307 0.5
    endloop
  endfacet
  facet normal 0 0 -1
    outer loop
      vertex 84.4209 66.3659 0.5
      vertex 83.1369 66.5693 0.5
      vertex 83.2468 67.0271 0.5
    endloop
  endfacet
  facet normal 0 0 -1
    outer loop
      vertex 84.4 66.1 0.5
      vertex 83.1 66.1 0.5
      vertex 83.1369 66.5693 0.5
    endloop
  endfacet
  facet normal -0.972375 -0.233423 0
    outer loop
      vertex 7.57907 66.3659 0.5
      vertex 7.5168 66.6253 2.4
      vertex 7.5168 66.6253 0.5
    endloop
  endfacet
  facet normal -0.972375 -0.233423 0
    outer loop
      vertex 7.5168 66.6253 2.4
      vertex 7.57907 66.3659 0.5
      vertex 7.57907 66.3659 2.4
    endloop
  endfacet
  facet normal -0.996916 -0.0784711 0
    outer loop
      vertex 7.6 66.1 0.5
      vertex 7.57907 66.3659 2.4
      vertex 7.57907 66.3659 0.5
    endloop
  endfacet
  facet normal -0.996916 -0.0784711 0
    outer loop
      vertex 7.57907 66.3659 2.4
      vertex 7.6 66.1 0.5
      vertex 7.6 66.1 2.4
    endloop
  endfacet
  facet normal -0.923898 -0.38264 0
    outer loop
      vertex 7.5168 66.6253 0.5
      vertex 7.41471 66.8718 2.4
      vertex 7.41471 66.8718 0.5
    endloop
  endfacet
  facet normal -0.923898 -0.38264 0
    outer loop
      vertex 7.41471 66.8718 2.4
      vertex 7.5168 66.6253 0.5
      vertex 7.5168 66.6253 2.4
    endloop
  endfacet
  facet normal -0.522549 0.852609 0
    outer loop
      vertex 6.89923 64.7247 0.5
      vertex 6.67178 64.5853 2.4
      vertex 6.89923 64.7247 2.4
    endloop
  endfacet
  facet normal -0.522549 0.852609 0
    outer loop
      vertex 6.67178 64.5853 2.4
      vertex 6.89923 64.7247 0.5
      vertex 6.67178 64.5853 0.5
    endloop
  endfacet
  facet normal 0.923898 -0.38264 0
    outer loop
      vertex 4.2832 66.6253 2.4
      vertex 4.38529 66.8718 0.5
      vertex 4.38529 66.8718 2.4
    endloop
  endfacet
  facet normal 0.923898 -0.38264 0
    outer loop
      vertex 4.38529 66.8718 0.5
      vertex 4.2832 66.6253 2.4
      vertex 4.2832 66.6253 0.5
    endloop
  endfacet
  facet normal 0.522549 0.852609 -0
    outer loop
      vertex 5.12822 64.5853 0.5
      vertex 4.90077 64.7247 2.4
      vertex 5.12822 64.5853 2.4
    endloop
  endfacet
  facet normal 0.522549 0.852609 0
    outer loop
      vertex 4.90077 64.7247 2.4
      vertex 5.12822 64.5853 0.5
      vertex 4.90077 64.7247 0.5
    endloop
  endfacet
  facet normal -0.972375 0.233423 0
    outer loop
      vertex 7.5168 65.5747 0.5
      vertex 7.57907 65.8341 2.4
      vertex 7.57907 65.8341 0.5
    endloop
  endfacet
  facet normal -0.972375 0.233423 0
    outer loop
      vertex 7.57907 65.8341 2.4
      vertex 7.5168 65.5747 0.5
      vertex 7.5168 65.5747 2.4
    endloop
  endfacet
  facet normal -0.382738 0.923857 0
    outer loop
      vertex 6.67178 64.5853 0.5
      vertex 6.42533 64.4832 2.4
      vertex 6.67178 64.5853 2.4
    endloop
  endfacet
  facet normal -0.382738 0.923857 0
    outer loop
      vertex 6.42533 64.4832 2.4
      vertex 6.67178 64.5853 0.5
      vertex 6.42533 64.4832 0.5
    endloop
  endfacet
  facet normal 0.382738 -0.923857 0
    outer loop
      vertex 5.12822 67.6147 0.5
      vertex 5.37467 67.7168 2.4
      vertex 5.12822 67.6147 2.4
    endloop
  endfacet
  facet normal 0.382738 -0.923857 0
    outer loop
      vertex 5.37467 67.7168 2.4
      vertex 5.12822 67.6147 0.5
      vertex 5.37467 67.7168 0.5
    endloop
  endfacet
  facet normal 0.522549 -0.852609 0
    outer loop
      vertex 4.90077 67.4753 0.5
      vertex 5.12822 67.6147 2.4
      vertex 4.90077 67.4753 2.4
    endloop
  endfacet
  facet normal 0.522549 -0.852609 0
    outer loop
      vertex 5.12822 67.6147 2.4
      vertex 4.90077 67.4753 0.5
      vertex 5.12822 67.6147 0.5
    endloop
  endfacet
  facet normal 0.233537 -0.972348 0
    outer loop
      vertex 5.37467 67.7168 0.5
      vertex 5.63406 67.7791 2.4
      vertex 5.37467 67.7168 2.4
    endloop
  endfacet
  facet normal 0.233537 -0.972348 0
    outer loop
      vertex 5.63406 67.7791 2.4
      vertex 5.37467 67.7168 0.5
      vertex 5.63406 67.7791 0.5
    endloop
  endfacet
  facet normal -0.649339 0.760499 0
    outer loop
      vertex 7.10208 64.8979 0.5
      vertex 6.89923 64.7247 2.4
      vertex 7.10208 64.8979 2.4
    endloop
  endfacet
  facet normal -0.649339 0.760499 0
    outer loop
      vertex 6.89923 64.7247 2.4
      vertex 7.10208 64.8979 0.5
      vertex 6.89923 64.7247 0.5
    endloop
  endfacet
  facet normal 0.0783476 -0.996926 0
    outer loop
      vertex 5.63406 67.7791 0.5
      vertex 5.9 67.8 2.4
      vertex 5.63406 67.7791 2.4
    endloop
  endfacet
  facet normal 0.0783476 -0.996926 0
    outer loop
      vertex 5.9 67.8 2.4
      vertex 5.63406 67.7791 0.5
      vertex 5.9 67.8 0.5
    endloop
  endfacet
  facet normal 0.923898 0.38264 0
    outer loop
      vertex 4.38529 65.3282 2.4
      vertex 4.2832 65.5747 0.5
      vertex 4.2832 65.5747 2.4
    endloop
  endfacet
  facet normal 0.923898 0.38264 0
    outer loop
      vertex 4.2832 65.5747 0.5
      vertex 4.38529 65.3282 2.4
      vertex 4.38529 65.3282 0.5
    endloop
  endfacet
  facet normal 0.760485 -0.649355 0
    outer loop
      vertex 4.52467 67.0992 2.4
      vertex 4.69792 67.3021 0.5
      vertex 4.69792 67.3021 2.4
    endloop
  endfacet
  facet normal 0.760485 -0.649355 0
    outer loop
      vertex 4.69792 67.3021 0.5
      vertex 4.52467 67.0992 2.4
      vertex 4.52467 67.0992 0.5
    endloop
  endfacet
  facet normal 0.233537 0.972348 -0
    outer loop
      vertex 5.63406 64.4209 0.5
      vertex 5.37467 64.4832 2.4
      vertex 5.63406 64.4209 2.4
    endloop
  endfacet
  facet normal 0.233537 0.972348 0
    outer loop
      vertex 5.37467 64.4832 2.4
      vertex 5.63406 64.4209 0.5
      vertex 5.37467 64.4832 0.5
    endloop
  endfacet
  facet normal -0.923898 0.38264 0
    outer loop
      vertex 7.41471 65.3282 0.5
      vertex 7.5168 65.5747 2.4
      vertex 7.5168 65.5747 0.5
    endloop
  endfacet
  facet normal -0.923898 0.38264 0
    outer loop
      vertex 7.5168 65.5747 2.4
      vertex 7.41471 65.3282 0.5
      vertex 7.41471 65.3282 2.4
    endloop
  endfacet
  facet normal 0.760485 0.649355 0
    outer loop
      vertex 4.69792 64.8979 2.4
      vertex 4.52467 65.1008 0.5
      vertex 4.52467 65.1008 2.4
    endloop
  endfacet
  facet normal 0.760485 0.649355 0
    outer loop
      vertex 4.52467 65.1008 0.5
      vertex 4.69792 64.8979 2.4
      vertex 4.69792 64.8979 0.5
    endloop
  endfacet
  facet normal 0.649339 -0.760499 0
    outer loop
      vertex 4.69792 67.3021 0.5
      vertex 4.90077 67.4753 2.4
      vertex 4.69792 67.3021 2.4
    endloop
  endfacet
  facet normal 0.649339 -0.760499 0
    outer loop
      vertex 4.90077 67.4753 2.4
      vertex 4.69792 67.3021 0.5
      vertex 4.90077 67.4753 0.5
    endloop
  endfacet
  facet normal -0.0783476 0.996926 0
    outer loop
      vertex 6.16594 64.4209 0.5
      vertex 5.9 64.4 2.4
      vertex 6.16594 64.4209 2.4
    endloop
  endfacet
  facet normal -0.0783476 0.996926 0
    outer loop
      vertex 5.9 64.4 2.4
      vertex 6.16594 64.4209 0.5
      vertex 5.9 64.4 0.5
    endloop
  endfacet
  facet normal -0.852592 0.522578 0
    outer loop
      vertex 7.27533 65.1008 0.5
      vertex 7.41471 65.3282 2.4
      vertex 7.41471 65.3282 0.5
    endloop
  endfacet
  facet normal -0.852592 0.522578 0
    outer loop
      vertex 7.41471 65.3282 2.4
      vertex 7.27533 65.1008 0.5
      vertex 7.27533 65.1008 2.4
    endloop
  endfacet
  facet normal -0.852592 -0.522578 0
    outer loop
      vertex 7.41471 66.8718 0.5
      vertex 7.27533 67.0992 2.4
      vertex 7.27533 67.0992 0.5
    endloop
  endfacet
  facet normal -0.852592 -0.522578 0
    outer loop
      vertex 7.27533 67.0992 2.4
      vertex 7.41471 66.8718 0.5
      vertex 7.41471 66.8718 2.4
    endloop
  endfacet
  facet normal -0.996916 0.0784711 0
    outer loop
      vertex 7.57907 65.8341 0.5
      vertex 7.6 66.1 2.4
      vertex 7.6 66.1 0.5
    endloop
  endfacet
  facet normal -0.996916 0.0784711 0
    outer loop
      vertex 7.6 66.1 2.4
      vertex 7.57907 65.8341 0.5
      vertex 7.57907 65.8341 2.4
    endloop
  endfacet
  facet normal 0.972375 0.233423 0
    outer loop
      vertex 4.2832 65.5747 2.4
      vertex 4.22093 65.8341 0.5
      vertex 4.22093 65.8341 2.4
    endloop
  endfacet
  facet normal 0.972375 0.233423 0
    outer loop
      vertex 4.22093 65.8341 0.5
      vertex 4.2832 65.5747 2.4
      vertex 4.2832 65.5747 0.5
    endloop
  endfacet
  facet normal -0.522549 -0.852609 0
    outer loop
      vertex 6.67178 67.6147 0.5
      vertex 6.89923 67.4753 2.4
      vertex 6.67178 67.6147 2.4
    endloop
  endfacet
  facet normal -0.522549 -0.852609 -0
    outer loop
      vertex 6.89923 67.4753 2.4
      vertex 6.67178 67.6147 0.5
      vertex 6.89923 67.4753 0.5
    endloop
  endfacet
  facet normal -0.760485 -0.649355 0
    outer loop
      vertex 7.27533 67.0992 0.5
      vertex 7.10208 67.3021 2.4
      vertex 7.10208 67.3021 0.5
    endloop
  endfacet
  facet normal -0.760485 -0.649355 0
    outer loop
      vertex 7.10208 67.3021 2.4
      vertex 7.27533 67.0992 0.5
      vertex 7.27533 67.0992 2.4
    endloop
  endfacet
  facet normal 0.996916 -0.0784711 0
    outer loop
      vertex 4.2 66.1 2.4
      vertex 4.22093 66.3659 0.5
      vertex 4.22093 66.3659 2.4
    endloop
  endfacet
  facet normal 0.996916 -0.0784711 0
    outer loop
      vertex 4.22093 66.3659 0.5
      vertex 4.2 66.1 2.4
      vertex 4.2 66.1 0.5
    endloop
  endfacet
  facet normal -0.649339 -0.760499 0
    outer loop
      vertex 6.89923 67.4753 0.5
      vertex 7.10208 67.3021 2.4
      vertex 6.89923 67.4753 2.4
    endloop
  endfacet
  facet normal -0.649339 -0.760499 -0
    outer loop
      vertex 7.10208 67.3021 2.4
      vertex 6.89923 67.4753 0.5
      vertex 7.10208 67.3021 0.5
    endloop
  endfacet
  facet normal -0.233537 0.972348 0
    outer loop
      vertex 6.42533 64.4832 0.5
      vertex 6.16594 64.4209 2.4
      vertex 6.42533 64.4832 2.4
    endloop
  endfacet
  facet normal -0.233537 0.972348 0
    outer loop
      vertex 6.16594 64.4209 2.4
      vertex 6.42533 64.4832 0.5
      vertex 6.16594 64.4209 0.5
    endloop
  endfacet
  facet normal 0.852592 0.522578 0
    outer loop
      vertex 4.52467 65.1008 2.4
      vertex 4.38529 65.3282 0.5
      vertex 4.38529 65.3282 2.4
    endloop
  endfacet
  facet normal 0.852592 0.522578 0
    outer loop
      vertex 4.38529 65.3282 0.5
      vertex 4.52467 65.1008 2.4
      vertex 4.52467 65.1008 0.5
    endloop
  endfacet
  facet normal 0.649339 0.760499 -0
    outer loop
      vertex 4.90077 64.7247 0.5
      vertex 4.69792 64.8979 2.4
      vertex 4.90077 64.7247 2.4
    endloop
  endfacet
  facet normal 0.649339 0.760499 0
    outer loop
      vertex 4.69792 64.8979 2.4
      vertex 4.90077 64.7247 0.5
      vertex 4.69792 64.8979 0.5
    endloop
  endfacet
  facet normal -0.760485 0.649355 0
    outer loop
      vertex 7.10208 64.8979 0.5
      vertex 7.27533 65.1008 2.4
      vertex 7.27533 65.1008 0.5
    endloop
  endfacet
  facet normal -0.760485 0.649355 0
    outer loop
      vertex 7.27533 65.1008 2.4
      vertex 7.10208 64.8979 0.5
      vertex 7.10208 64.8979 2.4
    endloop
  endfacet
  facet normal 0.852592 -0.522578 0
    outer loop
      vertex 4.38529 66.8718 2.4
      vertex 4.52467 67.0992 0.5
      vertex 4.52467 67.0992 2.4
    endloop
  endfacet
  facet normal 0.852592 -0.522578 0
    outer loop
      vertex 4.52467 67.0992 0.5
      vertex 4.38529 66.8718 2.4
      vertex 4.38529 66.8718 0.5
    endloop
  endfacet
  facet normal 0.996916 0.0784711 0
    outer loop
      vertex 4.22093 65.8341 2.4
      vertex 4.2 66.1 0.5
      vertex 4.2 66.1 2.4
    endloop
  endfacet
  facet normal 0.996916 0.0784711 0
    outer loop
      vertex 4.2 66.1 0.5
      vertex 4.22093 65.8341 2.4
      vertex 4.22093 65.8341 0.5
    endloop
  endfacet
  facet normal 0.382738 0.923857 -0
    outer loop
      vertex 5.37467 64.4832 0.5
      vertex 5.12822 64.5853 2.4
      vertex 5.37467 64.4832 2.4
    endloop
  endfacet
  facet normal 0.382738 0.923857 0
    outer loop
      vertex 5.12822 64.5853 2.4
      vertex 5.37467 64.4832 0.5
      vertex 5.12822 64.5853 0.5
    endloop
  endfacet
  facet normal -0.382738 -0.923857 0
    outer loop
      vertex 6.42533 67.7168 0.5
      vertex 6.67178 67.6147 2.4
      vertex 6.42533 67.7168 2.4
    endloop
  endfacet
  facet normal -0.382738 -0.923857 -0
    outer loop
      vertex 6.67178 67.6147 2.4
      vertex 6.42533 67.7168 0.5
      vertex 6.67178 67.6147 0.5
    endloop
  endfacet
  facet normal -0.233537 -0.972348 0
    outer loop
      vertex 6.16594 67.7791 0.5
      vertex 6.42533 67.7168 2.4
      vertex 6.16594 67.7791 2.4
    endloop
  endfacet
  facet normal -0.233537 -0.972348 -0
    outer loop
      vertex 6.42533 67.7168 2.4
      vertex 6.16594 67.7791 0.5
      vertex 6.42533 67.7168 0.5
    endloop
  endfacet
  facet normal -0.0783476 -0.996926 0
    outer loop
      vertex 5.9 67.8 0.5
      vertex 6.16594 67.7791 2.4
      vertex 5.9 67.8 2.4
    endloop
  endfacet
  facet normal -0.0783476 -0.996926 -0
    outer loop
      vertex 6.16594 67.7791 2.4
      vertex 5.9 67.8 0.5
      vertex 6.16594 67.7791 0.5
    endloop
  endfacet
  facet normal 0.972375 -0.233423 0
    outer loop
      vertex 4.22093 66.3659 2.4
      vertex 4.2832 66.6253 0.5
      vertex 4.2832 66.6253 2.4
    endloop
  endfacet
  facet normal 0.972375 -0.233423 0
    outer loop
      vertex 4.2832 66.6253 0.5
      vertex 4.22093 66.3659 2.4
      vertex 4.22093 66.3659 0.5
    endloop
  endfacet
  facet normal 0.0783476 0.996926 -0
    outer loop
      vertex 5.9 64.4 0.5
      vertex 5.63406 64.4209 2.4
      vertex 5.9 64.4 2.4
    endloop
  endfacet
  facet normal 0.0783476 0.996926 0
    outer loop
      vertex 5.63406 64.4209 2.4
      vertex 5.9 64.4 0.5
      vertex 5.63406 64.4209 0.5
    endloop
  endfacet
  facet normal 0.923873 -0.382699 0
    outer loop
      vertex 3.04683 67.0271 0.5
      vertex 3.22698 67.462 0
      vertex 3.22698 67.462 0.5
    endloop
  endfacet
  facet normal 0.923873 -0.382699 0
    outer loop
      vertex 3.22698 67.462 0
      vertex 3.04683 67.0271 0.5
      vertex 3.04683 67.0271 0
    endloop
  endfacet
  facet normal -0.972379 -0.233409 0
    outer loop
      vertex 8.86306 66.5693 0
      vertex 8.75317 67.0271 0.5
      vertex 8.75317 67.0271 0
    endloop
  endfacet
  facet normal -0.972379 -0.233409 0
    outer loop
      vertex 8.75317 67.0271 0.5
      vertex 8.86306 66.5693 0
      vertex 8.86306 66.5693 0.5
    endloop
  endfacet
  facet normal -0.996916 -0.0784703 0
    outer loop
      vertex 8.9 66.1 0
      vertex 8.86306 66.5693 0.5
      vertex 8.86306 66.5693 0
    endloop
  endfacet
  facet normal -0.996916 -0.0784703 0
    outer loop
      vertex 8.86306 66.5693 0.5
      vertex 8.9 66.1 0
      vertex 8.9 66.1 0.5
    endloop
  endfacet
  facet normal -0.923873 -0.382699 0
    outer loop
      vertex 8.75317 67.0271 0
      vertex 8.57302 67.462 0.5
      vertex 8.57302 67.462 0
    endloop
  endfacet
  facet normal -0.923873 -0.382699 0
    outer loop
      vertex 8.57302 67.462 0.5
      vertex 8.75317 67.0271 0
      vertex 8.75317 67.0271 0.5
    endloop
  endfacet
  facet normal -0.522542 0.852614 0
    outer loop
      vertex 7.66336 63.673 0
      vertex 7.26197 63.427 0.5
      vertex 7.66336 63.673 0.5
    endloop
  endfacet
  facet normal -0.522542 0.852614 0
    outer loop
      vertex 7.26197 63.427 0.5
      vertex 7.66336 63.673 0
      vertex 7.26197 63.427 0
    endloop
  endfacet
  facet normal -0.972367 0.233457 0
    outer loop
      vertex 8.75317 65.173 0
      vertex 8.86306 65.6307 0.5
      vertex 8.86306 65.6307 0
    endloop
  endfacet
  facet normal -0.972367 0.233457 0
    outer loop
      vertex 8.86306 65.6307 0.5
      vertex 8.75317 65.173 0
      vertex 8.75317 65.173 0.5
    endloop
  endfacet
  facet normal -0.382775 0.923842 0
    outer loop
      vertex 7.26197 63.427 0
      vertex 6.82705 63.2468 0.5
      vertex 7.26197 63.427 0.5
    endloop
  endfacet
  facet normal -0.382775 0.923842 0
    outer loop
      vertex 6.82705 63.2468 0.5
      vertex 7.26197 63.427 0
      vertex 6.82705 63.2468 0
    endloop
  endfacet
  facet normal 0.382775 -0.923842 0
    outer loop
      vertex 4.53803 68.773 0
      vertex 4.97295 68.9532 0.5
      vertex 4.53803 68.773 0.5
    endloop
  endfacet
  facet normal 0.382775 -0.923842 0
    outer loop
      vertex 4.97295 68.9532 0.5
      vertex 4.53803 68.773 0
      vertex 4.97295 68.9532 0
    endloop
  endfacet
  facet normal 0.382775 0.923842 -0
    outer loop
      vertex 4.97295 63.2468 0
      vertex 4.53803 63.427 0.5
      vertex 4.97295 63.2468 0.5
    endloop
  endfacet
  facet normal 0.382775 0.923842 0
    outer loop
      vertex 4.53803 63.427 0.5
      vertex 4.97295 63.2468 0
      vertex 4.53803 63.427 0
    endloop
  endfacet
  facet normal 0.522387 -0.852708 0
    outer loop
      vertex 4.13664 68.5271 0
      vertex 4.53803 68.773 0.5
      vertex 4.13664 68.5271 0.5
    endloop
  endfacet
  facet normal 0.522387 -0.852708 0
    outer loop
      vertex 4.53803 68.773 0.5
      vertex 4.13664 68.5271 0
      vertex 4.53803 68.773 0
    endloop
  endfacet
  facet normal -0.649538 -0.760329 0
    outer loop
      vertex 7.66336 68.5271 0
      vertex 8.02132 68.2213 0.5
      vertex 7.66336 68.5271 0.5
    endloop
  endfacet
  facet normal -0.649538 -0.760329 -0
    outer loop
      vertex 8.02132 68.2213 0.5
      vertex 7.66336 68.5271 0
      vertex 8.02132 68.2213 0
    endloop
  endfacet
  facet normal 0.233453 -0.972368 0
    outer loop
      vertex 4.97295 68.9532 0
      vertex 5.4307 69.0631 0.5
      vertex 4.97295 68.9532 0.5
    endloop
  endfacet
  facet normal 0.233453 -0.972368 0
    outer loop
      vertex 5.4307 69.0631 0.5
      vertex 4.97295 68.9532 0
      vertex 5.4307 69.0631 0
    endloop
  endfacet
  facet normal 0.923904 0.382624 0
    outer loop
      vertex 3.22698 64.738 0.5
      vertex 3.04683 65.173 0
      vertex 3.04683 65.173 0.5
    endloop
  endfacet
  facet normal 0.923904 0.382624 0
    outer loop
      vertex 3.04683 65.173 0
      vertex 3.22698 64.738 0.5
      vertex 3.22698 64.738 0
    endloop
  endfacet
  facet normal 0.0783858 -0.996923 0
    outer loop
      vertex 5.4307 69.0631 0
      vertex 5.9 69.1 0.5
      vertex 5.4307 69.0631 0.5
    endloop
  endfacet
  facet normal 0.0783858 -0.996923 0
    outer loop
      vertex 5.9 69.1 0.5
      vertex 5.4307 69.0631 0
      vertex 5.9 69.1 0
    endloop
  endfacet
  facet normal 0.233453 0.972368 -0
    outer loop
      vertex 5.4307 63.1369 0
      vertex 4.97295 63.2468 0.5
      vertex 5.4307 63.1369 0.5
    endloop
  endfacet
  facet normal 0.233453 0.972368 0
    outer loop
      vertex 4.97295 63.2468 0.5
      vertex 5.4307 63.1369 0
      vertex 4.97295 63.2468 0
    endloop
  endfacet
  facet normal -0.923904 0.382624 0
    outer loop
      vertex 8.57302 64.738 0
      vertex 8.75317 65.173 0.5
      vertex 8.75317 65.173 0
    endloop
  endfacet
  facet normal -0.923904 0.382624 0
    outer loop
      vertex 8.75317 65.173 0.5
      vertex 8.57302 64.738 0
      vertex 8.57302 64.738 0.5
    endloop
  endfacet
  facet normal 0.760349 0.649515 0
    outer loop
      vertex 3.77868 63.9787 0.5
      vertex 3.47295 64.3366 0
      vertex 3.47295 64.3366 0.5
    endloop
  endfacet
  facet normal 0.760349 0.649515 0
    outer loop
      vertex 3.47295 64.3366 0
      vertex 3.77868 63.9787 0.5
      vertex 3.77868 63.9787 0
    endloop
  endfacet
  facet normal 0.649538 -0.760329 0
    outer loop
      vertex 3.77868 68.2213 0
      vertex 4.13664 68.5271 0.5
      vertex 3.77868 68.2213 0.5
    endloop
  endfacet
  facet normal 0.649538 -0.760329 0
    outer loop
      vertex 4.13664 68.5271 0.5
      vertex 3.77868 68.2213 0
      vertex 4.13664 68.5271 0
    endloop
  endfacet
  facet normal -0.0783858 0.996923 0
    outer loop
      vertex 6.3693 63.1369 0
      vertex 5.9 63.1 0.5
      vertex 6.3693 63.1369 0.5
    endloop
  endfacet
  facet normal -0.0783858 0.996923 0
    outer loop
      vertex 5.9 63.1 0.5
      vertex 6.3693 63.1369 0
      vertex 5.9 63.1 0
    endloop
  endfacet
  facet normal 0.649415 0.760434 -0
    outer loop
      vertex 4.13664 63.673 0
      vertex 3.77868 63.9787 0.5
      vertex 4.13664 63.673 0.5
    endloop
  endfacet
  facet normal 0.649415 0.760434 0
    outer loop
      vertex 3.77868 63.9787 0.5
      vertex 4.13664 63.673 0
      vertex 3.77868 63.9787 0
    endloop
  endfacet
  facet normal -0.852648 0.522486 0
    outer loop
      vertex 8.32705 64.3366 0
      vertex 8.57302 64.738 0.5
      vertex 8.57302 64.738 0
    endloop
  endfacet
  facet normal -0.852648 0.522486 0
    outer loop
      vertex 8.57302 64.738 0.5
      vertex 8.32705 64.3366 0
      vertex 8.32705 64.3366 0.5
    endloop
  endfacet
  facet normal -0.852648 -0.522486 0
    outer loop
      vertex 8.57302 67.462 0
      vertex 8.32705 67.8634 0.5
      vertex 8.32705 67.8634 0
    endloop
  endfacet
  facet normal -0.852648 -0.522486 0
    outer loop
      vertex 8.32705 67.8634 0.5
      vertex 8.57302 67.462 0
      vertex 8.57302 67.462 0.5
    endloop
  endfacet
  facet normal -0.760349 -0.649515 0
    outer loop
      vertex 8.32705 67.8634 0
      vertex 8.02132 68.2213 0.5
      vertex 8.02132 68.2213 0
    endloop
  endfacet
  facet normal -0.760349 -0.649515 0
    outer loop
      vertex 8.02132 68.2213 0.5
      vertex 8.32705 67.8634 0
      vertex 8.32705 67.8634 0.5
    endloop
  endfacet
  facet normal 0.760349 -0.649515 0
    outer loop
      vertex 3.47295 67.8634 0.5
      vertex 3.77868 68.2213 0
      vertex 3.77868 68.2213 0.5
    endloop
  endfacet
  facet normal 0.760349 -0.649515 0
    outer loop
      vertex 3.77868 68.2213 0
      vertex 3.47295 67.8634 0.5
      vertex 3.47295 67.8634 0
    endloop
  endfacet
  facet normal -0.0783858 -0.996923 0
    outer loop
      vertex 5.9 69.1 0
      vertex 6.3693 69.0631 0.5
      vertex 5.9 69.1 0.5
    endloop
  endfacet
  facet normal -0.0783858 -0.996923 -0
    outer loop
      vertex 6.3693 69.0631 0.5
      vertex 5.9 69.1 0
      vertex 6.3693 69.0631 0
    endloop
  endfacet
  facet normal -0.382775 -0.923842 0
    outer loop
      vertex 6.82705 68.9532 0
      vertex 7.26197 68.773 0.5
      vertex 6.82705 68.9532 0.5
    endloop
  endfacet
  facet normal -0.382775 -0.923842 -0
    outer loop
      vertex 7.26197 68.773 0.5
      vertex 6.82705 68.9532 0
      vertex 7.26197 68.773 0
    endloop
  endfacet
  facet normal 0.972379 -0.233409 0
    outer loop
      vertex 2.93694 66.5693 0.5
      vertex 3.04683 67.0271 0
      vertex 3.04683 67.0271 0.5
    endloop
  endfacet
  facet normal 0.972379 -0.233409 0
    outer loop
      vertex 3.04683 67.0271 0
      vertex 2.93694 66.5693 0.5
      vertex 2.93694 66.5693 0
    endloop
  endfacet
  facet normal -0.522387 -0.852708 0
    outer loop
      vertex 7.26197 68.773 0
      vertex 7.66336 68.5271 0.5
      vertex 7.26197 68.773 0.5
    endloop
  endfacet
  facet normal -0.522387 -0.852708 -0
    outer loop
      vertex 7.66336 68.5271 0.5
      vertex 7.26197 68.773 0
      vertex 7.66336 68.5271 0
    endloop
  endfacet
  facet normal -0.233453 0.972368 0
    outer loop
      vertex 6.82705 63.2468 0
      vertex 6.3693 63.1369 0.5
      vertex 6.82705 63.2468 0.5
    endloop
  endfacet
  facet normal -0.233453 0.972368 0
    outer loop
      vertex 6.3693 63.1369 0.5
      vertex 6.82705 63.2468 0
      vertex 6.3693 63.1369 0
    endloop
  endfacet
  facet normal -0.996916 0.0784703 0
    outer loop
      vertex 8.86306 65.6307 0
      vertex 8.9 66.1 0.5
      vertex 8.9 66.1 0
    endloop
  endfacet
  facet normal -0.996916 0.0784703 0
    outer loop
      vertex 8.9 66.1 0.5
      vertex 8.86306 65.6307 0
      vertex 8.86306 65.6307 0.5
    endloop
  endfacet
  facet normal -0.760349 0.649515 0
    outer loop
      vertex 8.02132 63.9787 0
      vertex 8.32705 64.3366 0.5
      vertex 8.32705 64.3366 0
    endloop
  endfacet
  facet normal -0.760349 0.649515 0
    outer loop
      vertex 8.32705 64.3366 0.5
      vertex 8.02132 63.9787 0
      vertex 8.02132 63.9787 0.5
    endloop
  endfacet
  facet normal 0.852648 0.522486 0
    outer loop
      vertex 3.47295 64.3366 0.5
      vertex 3.22698 64.738 0
      vertex 3.22698 64.738 0.5
    endloop
  endfacet
  facet normal 0.852648 0.522486 0
    outer loop
      vertex 3.22698 64.738 0
      vertex 3.47295 64.3366 0.5
      vertex 3.47295 64.3366 0
    endloop
  endfacet
  facet normal 0.996916 0.0784703 0
    outer loop
      vertex 2.93694 65.6307 0.5
      vertex 2.9 66.1 0
      vertex 2.9 66.1 0.5
    endloop
  endfacet
  facet normal 0.996916 0.0784703 0
    outer loop
      vertex 2.9 66.1 0
      vertex 2.93694 65.6307 0.5
      vertex 2.93694 65.6307 0
    endloop
  endfacet
  facet normal 0.0783858 0.996923 -0
    outer loop
      vertex 5.9 63.1 0
      vertex 5.4307 63.1369 0.5
      vertex 5.9 63.1 0.5
    endloop
  endfacet
  facet normal 0.0783858 0.996923 0
    outer loop
      vertex 5.4307 63.1369 0.5
      vertex 5.9 63.1 0
      vertex 5.4307 63.1369 0
    endloop
  endfacet
  facet normal 0.972367 0.233457 0
    outer loop
      vertex 3.04683 65.173 0.5
      vertex 2.93694 65.6307 0
      vertex 2.93694 65.6307 0.5
    endloop
  endfacet
  facet normal 0.972367 0.233457 0
    outer loop
      vertex 2.93694 65.6307 0
      vertex 3.04683 65.173 0.5
      vertex 3.04683 65.173 0
    endloop
  endfacet
  facet normal -0.233453 -0.972368 0
    outer loop
      vertex 6.3693 69.0631 0
      vertex 6.82705 68.9532 0.5
      vertex 6.3693 69.0631 0.5
    endloop
  endfacet
  facet normal -0.233453 -0.972368 -0
    outer loop
      vertex 6.82705 68.9532 0.5
      vertex 6.3693 69.0631 0
      vertex 6.82705 68.9532 0
    endloop
  endfacet
  facet normal 0.522542 0.852614 -0
    outer loop
      vertex 4.53803 63.427 0
      vertex 4.13664 63.673 0.5
      vertex 4.53803 63.427 0.5
    endloop
  endfacet
  facet normal 0.522542 0.852614 0
    outer loop
      vertex 4.13664 63.673 0.5
      vertex 4.53803 63.427 0
      vertex 4.13664 63.673 0
    endloop
  endfacet
  facet normal 0 0 -1
    outer loop
      vertex 7.6 66.1 0.5
      vertex 8.9 66.1 0.5
      vertex 8.86306 65.6307 0.5
    endloop
  endfacet
  facet normal 0 0 -1
    outer loop
      vertex 7.57907 65.8341 0.5
      vertex 8.86306 65.6307 0.5
      vertex 8.75317 65.173 0.5
    endloop
  endfacet
  facet normal 0 0 -1
    outer loop
      vertex 8.9 66.1 0.5
      vertex 7.6 66.1 0.5
      vertex 8.86306 66.5693 0.5
    endloop
  endfacet
  facet normal 0 0 -1
    outer loop
      vertex 7.5168 65.5747 0.5
      vertex 8.75317 65.173 0.5
      vertex 8.57302 64.738 0.5
    endloop
  endfacet
  facet normal 0 0 -1
    outer loop
      vertex 7.57907 66.3659 0.5
      vertex 8.86306 66.5693 0.5
      vertex 7.6 66.1 0.5
    endloop
  endfacet
  facet normal 0 0 -1
    outer loop
      vertex 7.41471 65.3282 0.5
      vertex 8.57302 64.738 0.5
      vertex 8.32705 64.3366 0.5
    endloop
  endfacet
  facet normal -0 0 -1
    outer loop
      vertex 8.86306 66.5693 0.5
      vertex 7.57907 66.3659 0.5
      vertex 8.75317 67.0271 0.5
    endloop
  endfacet
  facet normal 0 0 -1
    outer loop
      vertex 7.27533 65.1008 0.5
      vertex 8.32705 64.3366 0.5
      vertex 8.02132 63.9787 0.5
    endloop
  endfacet
  facet normal 0 0 -1
    outer loop
      vertex 7.5168 66.6253 0.5
      vertex 8.75317 67.0271 0.5
      vertex 7.57907 66.3659 0.5
    endloop
  endfacet
  facet normal 0 0 -1
    outer loop
      vertex 7.10208 64.8979 0.5
      vertex 8.02132 63.9787 0.5
      vertex 7.66336 63.673 0.5
    endloop
  endfacet
  facet normal -0 0 -1
    outer loop
      vertex 8.75317 67.0271 0.5
      vertex 7.5168 66.6253 0.5
      vertex 8.57302 67.462 0.5
    endloop
  endfacet
  facet normal 0 0 -1
    outer loop
      vertex 7.41471 66.8718 0.5
      vertex 8.57302 67.462 0.5
      vertex 7.5168 66.6253 0.5
    endloop
  endfacet
  facet normal 0 0 -1
    outer loop
      vertex 8.86306 65.6307 0.5
      vertex 7.57907 65.8341 0.5
      vertex 7.6 66.1 0.5
    endloop
  endfacet
  facet normal 0 0 -1
    outer loop
      vertex 8.75317 65.173 0.5
      vertex 7.5168 65.5747 0.5
      vertex 7.57907 65.8341 0.5
    endloop
  endfacet
  facet normal 0 0 -1
    outer loop
      vertex 8.57302 64.738 0.5
      vertex 7.41471 65.3282 0.5
      vertex 7.5168 65.5747 0.5
    endloop
  endfacet
  facet normal 0 0 -1
    outer loop
      vertex 8.32705 64.3366 0.5
      vertex 7.27533 65.1008 0.5
      vertex 7.41471 65.3282 0.5
    endloop
  endfacet
  facet normal 0 0 -1
    outer loop
      vertex 6.89923 64.7247 0.5
      vertex 7.66336 63.673 0.5
      vertex 7.26197 63.427 0.5
    endloop
  endfacet
  facet normal 0 0 -1
    outer loop
      vertex 8.02132 63.9787 0.5
      vertex 7.10208 64.8979 0.5
      vertex 7.27533 65.1008 0.5
    endloop
  endfacet
  facet normal 0 0 -1
    outer loop
      vertex 7.66336 63.673 0.5
      vertex 6.89923 64.7247 0.5
      vertex 7.10208 64.8979 0.5
    endloop
  endfacet
  facet normal 0 0 -1
    outer loop
      vertex 6.67178 64.5853 0.5
      vertex 7.26197 63.427 0.5
      vertex 6.82705 63.2468 0.5
    endloop
  endfacet
  facet normal 0 0 -1
    outer loop
      vertex 7.26197 63.427 0.5
      vertex 6.67178 64.5853 0.5
      vertex 6.89923 64.7247 0.5
    endloop
  endfacet
  facet normal 0 0 -1
    outer loop
      vertex 6.82705 63.2468 0.5
      vertex 6.42533 64.4832 0.5
      vertex 6.67178 64.5853 0.5
    endloop
  endfacet
  facet normal 0 0 -1
    outer loop
      vertex 6.3693 63.1369 0.5
      vertex 6.42533 64.4832 0.5
      vertex 6.82705 63.2468 0.5
    endloop
  endfacet
  facet normal 0 0 -1
    outer loop
      vertex 6.3693 63.1369 0.5
      vertex 6.16594 64.4209 0.5
      vertex 6.42533 64.4832 0.5
    endloop
  endfacet
  facet normal 0 0 -1
    outer loop
      vertex 5.9 63.1 0.5
      vertex 6.16594 64.4209 0.5
      vertex 6.3693 63.1369 0.5
    endloop
  endfacet
  facet normal 0 0 -1
    outer loop
      vertex 5.9 63.1 0.5
      vertex 5.9 64.4 0.5
      vertex 6.16594 64.4209 0.5
    endloop
  endfacet
  facet normal 0 0 -1
    outer loop
      vertex 5.9 63.1 0.5
      vertex 5.63406 64.4209 0.5
      vertex 5.9 64.4 0.5
    endloop
  endfacet
  facet normal 0 0 -1
    outer loop
      vertex 5.4307 63.1369 0.5
      vertex 5.63406 64.4209 0.5
      vertex 5.9 63.1 0.5
    endloop
  endfacet
  facet normal 0 0 -1
    outer loop
      vertex 5.4307 63.1369 0.5
      vertex 5.37467 64.4832 0.5
      vertex 5.63406 64.4209 0.5
    endloop
  endfacet
  facet normal 0 0 -1
    outer loop
      vertex 4.97295 63.2468 0.5
      vertex 5.37467 64.4832 0.5
      vertex 5.4307 63.1369 0.5
    endloop
  endfacet
  facet normal -0 0 -1
    outer loop
      vertex 5.37467 64.4832 0.5
      vertex 4.97295 63.2468 0.5
      vertex 5.12822 64.5853 0.5
    endloop
  endfacet
  facet normal 0 0 -1
    outer loop
      vertex 4.53803 63.427 0.5
      vertex 5.12822 64.5853 0.5
      vertex 4.97295 63.2468 0.5
    endloop
  endfacet
  facet normal -0 0 -1
    outer loop
      vertex 5.12822 64.5853 0.5
      vertex 4.53803 63.427 0.5
      vertex 4.90077 64.7247 0.5
    endloop
  endfacet
  facet normal 0 0 -1
    outer loop
      vertex 4.13664 63.673 0.5
      vertex 4.90077 64.7247 0.5
      vertex 4.53803 63.427 0.5
    endloop
  endfacet
  facet normal -0 0 -1
    outer loop
      vertex 4.90077 64.7247 0.5
      vertex 4.13664 63.673 0.5
      vertex 4.69792 64.8979 0.5
    endloop
  endfacet
  facet normal 0 0 -1
    outer loop
      vertex 3.77868 63.9787 0.5
      vertex 4.69792 64.8979 0.5
      vertex 4.13664 63.673 0.5
    endloop
  endfacet
  facet normal -0 0 -1
    outer loop
      vertex 4.69792 64.8979 0.5
      vertex 3.77868 63.9787 0.5
      vertex 4.52467 65.1008 0.5
    endloop
  endfacet
  facet normal 0 0 -1
    outer loop
      vertex 3.47295 64.3366 0.5
      vertex 4.52467 65.1008 0.5
      vertex 3.77868 63.9787 0.5
    endloop
  endfacet
  facet normal 0 0 -1
    outer loop
      vertex 3.22698 64.738 0.5
      vertex 4.38529 65.3282 0.5
      vertex 3.47295 64.3366 0.5
    endloop
  endfacet
  facet normal -0 0 -1
    outer loop
      vertex 4.52467 65.1008 0.5
      vertex 3.47295 64.3366 0.5
      vertex 4.38529 65.3282 0.5
    endloop
  endfacet
  facet normal -0 0 -1
    outer loop
      vertex 8.57302 67.462 0.5
      vertex 7.41471 66.8718 0.5
      vertex 8.32705 67.8634 0.5
    endloop
  endfacet
  facet normal 0 0 -1
    outer loop
      vertex 7.27533 67.0992 0.5
      vertex 8.32705 67.8634 0.5
      vertex 7.41471 66.8718 0.5
    endloop
  endfacet
  facet normal -0 0 -1
    outer loop
      vertex 8.32705 67.8634 0.5
      vertex 7.27533 67.0992 0.5
      vertex 8.02132 68.2213 0.5
    endloop
  endfacet
  facet normal 0 0 -1
    outer loop
      vertex 7.10208 67.3021 0.5
      vertex 8.02132 68.2213 0.5
      vertex 7.27533 67.0992 0.5
    endloop
  endfacet
  facet normal -0 0 -1
    outer loop
      vertex 8.02132 68.2213 0.5
      vertex 7.10208 67.3021 0.5
      vertex 7.66336 68.5271 0.5
    endloop
  endfacet
  facet normal 0 0 -1
    outer loop
      vertex 6.89923 67.4753 0.5
      vertex 7.66336 68.5271 0.5
      vertex 7.10208 67.3021 0.5
    endloop
  endfacet
  facet normal -0 0 -1
    outer loop
      vertex 7.66336 68.5271 0.5
      vertex 6.89923 67.4753 0.5
      vertex 7.26197 68.773 0.5
    endloop
  endfacet
  facet normal 0 0 -1
    outer loop
      vertex 6.67178 67.6147 0.5
      vertex 7.26197 68.773 0.5
      vertex 6.89923 67.4753 0.5
    endloop
  endfacet
  facet normal -0 0 -1
    outer loop
      vertex 7.26197 68.773 0.5
      vertex 6.67178 67.6147 0.5
      vertex 6.82705 68.9532 0.5
    endloop
  endfacet
  facet normal 0 0 -1
    outer loop
      vertex 6.42533 67.7168 0.5
      vertex 6.82705 68.9532 0.5
      vertex 6.67178 67.6147 0.5
    endloop
  endfacet
  facet normal 0 0 -1
    outer loop
      vertex 6.42533 67.7168 0.5
      vertex 6.3693 69.0631 0.5
      vertex 6.82705 68.9532 0.5
    endloop
  endfacet
  facet normal 0 0 -1
    outer loop
      vertex 6.16594 67.7791 0.5
      vertex 6.3693 69.0631 0.5
      vertex 6.42533 67.7168 0.5
    endloop
  endfacet
  facet normal 0 0 -1
    outer loop
      vertex 5.9 67.8 0.5
      vertex 6.3693 69.0631 0.5
      vertex 6.16594 67.7791 0.5
    endloop
  endfacet
  facet normal 0 0 -1
    outer loop
      vertex 5.9 67.8 0.5
      vertex 5.9 69.1 0.5
      vertex 6.3693 69.0631 0.5
    endloop
  endfacet
  facet normal 0 0 -1
    outer loop
      vertex 5.63406 67.7791 0.5
      vertex 5.9 69.1 0.5
      vertex 5.9 67.8 0.5
    endloop
  endfacet
  facet normal 0 0 -1
    outer loop
      vertex 5.63406 67.7791 0.5
      vertex 5.4307 69.0631 0.5
      vertex 5.9 69.1 0.5
    endloop
  endfacet
  facet normal 0 0 -1
    outer loop
      vertex 5.37467 67.7168 0.5
      vertex 5.4307 69.0631 0.5
      vertex 5.63406 67.7791 0.5
    endloop
  endfacet
  facet normal 0 0 -1
    outer loop
      vertex 4.97295 68.9532 0.5
      vertex 5.37467 67.7168 0.5
      vertex 5.12822 67.6147 0.5
    endloop
  endfacet
  facet normal 0 0 -1
    outer loop
      vertex 5.37467 67.7168 0.5
      vertex 4.97295 68.9532 0.5
      vertex 5.4307 69.0631 0.5
    endloop
  endfacet
  facet normal 0 0 -1
    outer loop
      vertex 4.53803 68.773 0.5
      vertex 5.12822 67.6147 0.5
      vertex 4.90077 67.4753 0.5
    endloop
  endfacet
  facet normal 0 0 -1
    outer loop
      vertex 4.13664 68.5271 0.5
      vertex 4.90077 67.4753 0.5
      vertex 4.69792 67.3021 0.5
    endloop
  endfacet
  facet normal 0 0 -1
    outer loop
      vertex 5.12822 67.6147 0.5
      vertex 4.53803 68.773 0.5
      vertex 4.97295 68.9532 0.5
    endloop
  endfacet
  facet normal 0 0 -1
    outer loop
      vertex 3.77868 68.2213 0.5
      vertex 4.69792 67.3021 0.5
      vertex 4.52467 67.0992 0.5
    endloop
  endfacet
  facet normal 0 0 -1
    outer loop
      vertex 3.47295 67.8634 0.5
      vertex 4.52467 67.0992 0.5
      vertex 4.38529 66.8718 0.5
    endloop
  endfacet
  facet normal 0 0 -1
    outer loop
      vertex 3.22698 67.462 0.5
      vertex 4.38529 66.8718 0.5
      vertex 4.2832 66.6253 0.5
    endloop
  endfacet
  facet normal 0 0 -1
    outer loop
      vertex 3.04683 67.0271 0.5
      vertex 4.2832 66.6253 0.5
      vertex 4.22093 66.3659 0.5
    endloop
  endfacet
  facet normal 0 0 -1
    outer loop
      vertex 4.90077 67.4753 0.5
      vertex 4.13664 68.5271 0.5
      vertex 4.53803 68.773 0.5
    endloop
  endfacet
  facet normal 0 0 -1
    outer loop
      vertex 2.93694 66.5693 0.5
      vertex 4.22093 66.3659 0.5
      vertex 4.2 66.1 0.5
    endloop
  endfacet
  facet normal -0 0 -1
    outer loop
      vertex 4.38529 65.3282 0.5
      vertex 3.22698 64.738 0.5
      vertex 4.2832 65.5747 0.5
    endloop
  endfacet
  facet normal 0 0 -1
    outer loop
      vertex 3.04683 65.173 0.5
      vertex 4.2832 65.5747 0.5
      vertex 3.22698 64.738 0.5
    endloop
  endfacet
  facet normal 0 0 -1
    outer loop
      vertex 4.69792 67.3021 0.5
      vertex 3.77868 68.2213 0.5
      vertex 4.13664 68.5271 0.5
    endloop
  endfacet
  facet normal -0 0 -1
    outer loop
      vertex 4.2832 65.5747 0.5
      vertex 3.04683 65.173 0.5
      vertex 4.22093 65.8341 0.5
    endloop
  endfacet
  facet normal 0 0 -1
    outer loop
      vertex 4.52467 67.0992 0.5
      vertex 3.47295 67.8634 0.5
      vertex 3.77868 68.2213 0.5
    endloop
  endfacet
  facet normal 0 0 -1
    outer loop
      vertex 2.93694 65.6307 0.5
      vertex 4.22093 65.8341 0.5
      vertex 3.04683 65.173 0.5
    endloop
  endfacet
  facet normal 0 0 -1
    outer loop
      vertex 4.38529 66.8718 0.5
      vertex 3.22698 67.462 0.5
      vertex 3.47295 67.8634 0.5
    endloop
  endfacet
  facet normal -0 0 -1
    outer loop
      vertex 4.22093 65.8341 0.5
      vertex 2.93694 65.6307 0.5
      vertex 4.2 66.1 0.5
    endloop
  endfacet
  facet normal 0 0 -1
    outer loop
      vertex 4.2832 66.6253 0.5
      vertex 3.04683 67.0271 0.5
      vertex 3.22698 67.462 0.5
    endloop
  endfacet
  facet normal 0 0 -1
    outer loop
      vertex 2.9 66.1 0.5
      vertex 4.2 66.1 0.5
      vertex 2.93694 65.6307 0.5
    endloop
  endfacet
  facet normal 0 0 -1
    outer loop
      vertex 4.22093 66.3659 0.5
      vertex 2.93694 66.5693 0.5
      vertex 3.04683 67.0271 0.5
    endloop
  endfacet
  facet normal 0 0 -1
    outer loop
      vertex 4.2 66.1 0.5
      vertex 2.9 66.1 0.5
      vertex 2.93694 66.5693 0.5
    endloop
  endfacet
  facet normal 0.996916 -0.0784703 0
    outer loop
      vertex 2.9 66.1 0.5
      vertex 2.93694 66.5693 0
      vertex 2.93694 66.5693 0.5
    endloop
  endfacet
  facet normal 0.996916 -0.0784703 0
    outer loop
      vertex 2.93694 66.5693 0
      vertex 2.9 66.1 0.5
      vertex 2.9 66.1 0
    endloop
  endfacet
  facet normal 0.852648 -0.522486 0
    outer loop
      vertex 3.22698 67.462 0.5
      vertex 3.47295 67.8634 0
      vertex 3.47295 67.8634 0.5
    endloop
  endfacet
  facet normal 0.852648 -0.522486 0
    outer loop
      vertex 3.47295 67.8634 0
      vertex 3.22698 67.462 0.5
      vertex 3.22698 67.462 0
    endloop
  endfacet
  facet normal -0.649415 0.760434 0
    outer loop
      vertex 8.02132 63.9787 0
      vertex 7.66336 63.673 0.5
      vertex 8.02132 63.9787 0.5
    endloop
  endfacet
  facet normal -0.649415 0.760434 0
    outer loop
      vertex 7.66336 63.673 0.5
      vertex 8.02132 63.9787 0
      vertex 7.66336 63.673 0
    endloop
  endfacet
  facet normal -1 0 0
    outer loop
      vertex 36 20 0
      vertex 36 22.5 2.4
      vertex 36 22.5 0
    endloop
  endfacet
  facet normal -1 -0 0
    outer loop
      vertex 36 22.5 2.4
      vertex 36 20 0
      vertex 36 20 2.4
    endloop
  endfacet
  facet normal 1 -0 0
    outer loop
      vertex 16 20 2.4
      vertex 16 22.5 0
      vertex 16 22.5 2.4
    endloop
  endfacet
  facet normal 1 0 0
    outer loop
      vertex 16 22.5 0
      vertex 16 20 2.4
      vertex 16 20 0
    endloop
  endfacet
  facet normal 0 -1 0
    outer loop
      vertex 16 22.5 0
      vertex 36 22.5 2.4
      vertex 16 22.5 2.4
    endloop
  endfacet
  facet normal 0 -1 -0
    outer loop
      vertex 36 22.5 2.4
      vertex 16 22.5 0
      vertex 36 22.5 0
    endloop
  endfacet
  facet normal 0 1 -0
    outer loop
      vertex 36 20 0
      vertex 16 20 2.4
      vertex 36 20 2.4
    endloop
  endfacet
  facet normal 0 1 0
    outer loop
      vertex 16 20 2.4
      vertex 36 20 0
      vertex 16 20 0
    endloop
  endfacet
  facet normal -1 0 0
    outer loop
      vertex 76 20 0
      vertex 76 22.5 2.4
      vertex 76 22.5 0
    endloop
  endfacet
  facet normal -1 -0 0
    outer loop
      vertex 76 22.5 2.4
      vertex 76 20 0
      vertex 76 20 2.4
    endloop
  endfacet
  facet normal 1 -0 0
    outer loop
      vertex 56 20 2.4
      vertex 56 22.5 0
      vertex 56 22.5 2.4
    endloop
  endfacet
  facet normal 1 0 0
    outer loop
      vertex 56 22.5 0
      vertex 56 20 2.4
      vertex 56 20 0
    endloop
  endfacet
  facet normal 0 -1 0
    outer loop
      vertex 56 22.5 0
      vertex 76 22.5 2.4
      vertex 56 22.5 2.4
    endloop
  endfacet
  facet normal 0 -1 -0
    outer loop
      vertex 76 22.5 2.4
      vertex 56 22.5 0
      vertex 76 22.5 0
    endloop
  endfacet
  facet normal 0 1 -0
    outer loop
      vertex 76 20 0
      vertex 56 20 2.4
      vertex 76 20 2.4
    endloop
  endfacet
  facet normal 0 1 0
    outer loop
      vertex 56 20 2.4
      vertex 76 20 0
      vertex 56 20 0
    endloop
  endfacet
endsolid OpenSCAD_Model
