solid OpenSCAD_Model
  facet normal -1 0 0
    outer loop
      vertex 61.75 40.4486 25.3762
      vertex 61.75 57.3736 27.7687
      vertex 61.75 41.0506 22.9678
    endloop
  endfacet
  facet normal -1 -0 0
    outer loop
      vertex 61.75 57.3736 27.7687
      vertex 61.75 40.4486 25.3762
      vertex 61.75 56.8206 29.9808
    endloop
  endfacet
  facet normal 1 0 0
    outer loop
      vertex 30.25 40.4486 25.3762
      vertex 30.25 57.3736 27.7687
      vertex 30.25 56.8206 29.9808
    endloop
  endfacet
  facet normal 1 0 0
    outer loop
      vertex 30.25 57.3736 27.7687
      vertex 30.25 40.4486 25.3762
      vertex 30.25 41.0506 22.9678
    endloop
  endfacet
  facet normal 0 -0.970145 -0.242525
    outer loop
      vertex 30.25 57.3736 27.7687
      vertex 61.75 56.8206 29.9808
      vertex 30.25 56.8206 29.9808
    endloop
  endfacet
  facet normal 0 -0.970145 -0.242525
    outer loop
      vertex 61.75 56.8206 29.9808
      vertex 30.25 57.3736 27.7687
      vertex 61.75 57.3736 27.7687
    endloop
  endfacet
  facet normal 0 0.970152 0.242498
    outer loop
      vertex 61.75 41.0506 22.9678
      vertex 30.25 40.4486 25.3762
      vertex 61.75 40.4486 25.3762
    endloop
  endfacet
  facet normal 0 0.970152 0.242498
    outer loop
      vertex 30.25 40.4486 25.3762
      vertex 61.75 41.0506 22.9678
      vertex 30.25 41.0506 22.9678
    endloop
  endfacet
  facet normal -1 0 0
    outer loop
      vertex 30 11.5567 17.2503
      vertex 30 25.6878 18.4494
      vertex 30 12.2454 14.4957
    endloop
  endfacet
  facet normal -1 -0 0
    outer loop
      vertex 30 25.6878 18.4494
      vertex 30 11.5567 17.2503
      vertex 30 25.0396 21.0424
    endloop
  endfacet
  facet normal 1 0 0
    outer loop
      vertex 16 11.5567 17.2503
      vertex 16 25.6878 18.4494
      vertex 16 25.0396 21.0424
    endloop
  endfacet
  facet normal 1 0 0
    outer loop
      vertex 16 25.6878 18.4494
      vertex 16 11.5567 17.2503
      vertex 16 12.2454 14.4957
    endloop
  endfacet
  facet normal 0 -0.970147 -0.242518
    outer loop
      vertex 16 25.6878 18.4494
      vertex 30 25.0396 21.0424
      vertex 16 25.0396 21.0424
    endloop
  endfacet
  facet normal 0 -0.970147 -0.242518
    outer loop
      vertex 30 25.0396 21.0424
      vertex 16 25.6878 18.4494
      vertex 30 25.6878 18.4494
    endloop
  endfacet
  facet normal 0 0.970138 0.242552
    outer loop
      vertex 30 12.2454 14.4957
      vertex 16 11.5567 17.2503
      vertex 30 11.5567 17.2503
    endloop
  endfacet
  facet normal 0 0.970138 0.242552
    outer loop
      vertex 16 11.5567 17.2503
      vertex 30 12.2454 14.4957
      vertex 16 12.2454 14.4957
    endloop
  endfacet
  facet normal -1 0 0
    outer loop
      vertex 49.05 11.5567 17.2503
      vertex 49.05 25.6878 18.4494
      vertex 49.05 12.2454 14.4957
    endloop
  endfacet
  facet normal -1 -0 0
    outer loop
      vertex 49.05 25.6878 18.4494
      vertex 49.05 11.5567 17.2503
      vertex 49.05 25.0396 21.0424
    endloop
  endfacet
  facet normal 1 0 0
    outer loop
      vertex 35.05 11.5567 17.2503
      vertex 35.05 25.6878 18.4494
      vertex 35.05 25.0396 21.0424
    endloop
  endfacet
  facet normal 1 0 0
    outer loop
      vertex 35.05 25.6878 18.4494
      vertex 35.05 11.5567 17.2503
      vertex 35.05 12.2454 14.4957
    endloop
  endfacet
  facet normal 0 -0.970147 -0.242518
    outer loop
      vertex 35.05 25.6878 18.4494
      vertex 49.05 25.0396 21.0424
      vertex 35.05 25.0396 21.0424
    endloop
  endfacet
  facet normal 0 -0.970147 -0.242518
    outer loop
      vertex 49.05 25.0396 21.0424
      vertex 35.05 25.6878 18.4494
      vertex 49.05 25.6878 18.4494
    endloop
  endfacet
  facet normal 0 0.970138 0.242552
    outer loop
      vertex 49.05 12.2454 14.4957
      vertex 35.05 11.5567 17.2503
      vertex 49.05 11.5567 17.2503
    endloop
  endfacet
  facet normal 0 0.970138 0.242552
    outer loop
      vertex 35.05 11.5567 17.2503
      vertex 49.05 12.2454 14.4957
      vertex 35.05 12.2454 14.4957
    endloop
  endfacet
  facet normal -1 0 0
    outer loop
      vertex 68.1 11.5567 17.2503
      vertex 68.1 25.6878 18.4494
      vertex 68.1 12.2454 14.4957
    endloop
  endfacet
  facet normal -1 -0 0
    outer loop
      vertex 68.1 25.6878 18.4494
      vertex 68.1 11.5567 17.2503
      vertex 68.1 25.0396 21.0424
    endloop
  endfacet
  facet normal 1 0 0
    outer loop
      vertex 54.1 11.5567 17.2503
      vertex 54.1 25.6878 18.4494
      vertex 54.1 25.0396 21.0424
    endloop
  endfacet
  facet normal 1 0 0
    outer loop
      vertex 54.1 25.6878 18.4494
      vertex 54.1 11.5567 17.2503
      vertex 54.1 12.2454 14.4957
    endloop
  endfacet
  facet normal 0 -0.970147 -0.242518
    outer loop
      vertex 54.1 25.6878 18.4494
      vertex 68.1 25.0396 21.0424
      vertex 54.1 25.0396 21.0424
    endloop
  endfacet
  facet normal 0 -0.970147 -0.242518
    outer loop
      vertex 68.1 25.0396 21.0424
      vertex 54.1 25.6878 18.4494
      vertex 68.1 25.6878 18.4494
    endloop
  endfacet
  facet normal 0 0.970138 0.242552
    outer loop
      vertex 68.1 12.2454 14.4957
      vertex 54.1 11.5567 17.2503
      vertex 68.1 11.5567 17.2503
    endloop
  endfacet
  facet normal 0 0.970138 0.242552
    outer loop
      vertex 54.1 11.5567 17.2503
      vertex 68.1 12.2454 14.4957
      vertex 54.1 12.2454 14.4957
    endloop
  endfacet
  facet normal -0.522523 0.82717 0.206784
    outer loop
      vertex 74.3542 43.8987 23.8055
      vertex 73.8525 43.0091 26.0963
      vertex 74.3542 43.3052 26.1796
    endloop
  endfacet
  facet normal -0.522494 0.827185 0.206796
    outer loop
      vertex 73.8525 43.0091 26.0963
      vertex 74.3542 43.8987 23.8055
      vertex 73.8525 43.6035 23.7187
    endloop
  endfacet
  facet normal 0.649542 -0.737626 -0.184398
    outer loop
      vertex 69.4984 48.7806 27.7196
      vertex 69.9458 49.7247 25.519
      vertex 69.9458 49.1487 27.8231
    endloop
  endfacet
  facet normal 0.649542 -0.737626 -0.184398
    outer loop
      vertex 69.9458 49.7247 25.519
      vertex 69.4984 48.7806 27.7196
      vertex 69.4984 49.3577 25.4111
    endloop
  endfacet
  facet normal -0.972397 -0.226364 -0.0565935
    outer loop
      vertex 75.8538 46.7919 27.1602
      vertex 75.7165 47.9244 24.9895
      vertex 75.8538 47.375 24.8279
    endloop
  endfacet
  facet normal -0.972393 -0.226381 -0.0566026
    outer loop
      vertex 75.7165 47.9244 24.9895
      vertex 75.8538 46.7919 27.1602
      vertex 75.7165 47.3429 27.3152
    endloop
  endfacet
  facet normal 0.382699 0.896289 0.224072
    outer loop
      vertex 70.9912 42.7922 26.0353
      vertex 70.4475 43.6035 23.7187
      vertex 70.4475 43.0091 26.0963
    endloop
  endfacet
  facet normal 0.382629 0.896312 0.224097
    outer loop
      vertex 70.4475 43.6035 23.7187
      vertex 70.9912 42.7922 26.0353
      vertex 70.9912 43.3873 23.6551
    endloop
  endfacet
  facet normal 0.972393 -0.226381 -0.0566026
    outer loop
      vertex 68.4462 46.7919 27.1602
      vertex 68.5835 47.9244 24.9895
      vertex 68.5835 47.3429 27.3152
    endloop
  endfacet
  facet normal 0.972397 -0.226364 -0.0565935
    outer loop
      vertex 68.5835 47.9244 24.9895
      vertex 68.4462 46.7919 27.1602
      vertex 68.4462 47.375 24.8279
    endloop
  endfacet
  facet normal 0.233155 -0.943395 -0.23589
    outer loop
      vertex 70.9912 49.6617 27.9673
      vertex 71.2186 50.2886 25.6849
      vertex 71.2186 49.7142 27.9821
    endloop
  endfacet
  facet normal 0.233841 -0.943252 -0.235782
    outer loop
      vertex 71.2186 50.2886 25.6849
      vertex 70.9912 49.6617 27.9673
      vertex 70.9912 50.2361 25.6694
    endloop
  endfacet
  facet normal -0.382699 -0.896296 -0.224045
    outer loop
      vertex 73.3088 50.2361 25.6694
      vertex 73.8525 49.4448 27.9063
      vertex 73.3088 49.6617 27.9673
    endloop
  endfacet
  facet normal -0.382593 -0.896331 -0.224083
    outer loop
      vertex 73.8525 49.4448 27.9063
      vertex 73.3088 50.2361 25.6694
      vertex 73.8525 50.0199 25.6059
    endloop
  endfacet
  facet normal -0.0783571 0.967155 0.241809
    outer loop
      vertex 72.7366 43.2554 23.6163
      vertex 72.15 42.6155 25.9856
      vertex 72.7366 42.6599 25.9981
    endloop
  endfacet
  facet normal -0.0786027 0.96715 0.241747
    outer loop
      vertex 72.15 42.6155 25.9856
      vertex 72.7366 43.2554 23.6163
      vertex 72.15 43.211 23.6032
    endloop
  endfacet
  facet normal 0.233444 0.943333 0.235853
    outer loop
      vertex 71.5634 42.6599 25.9981
      vertex 70.9912 43.3873 23.6551
      vertex 70.9912 42.7922 26.0353
    endloop
  endfacet
  facet normal 0.233444 0.943333 0.235853
    outer loop
      vertex 70.9912 43.3873 23.6551
      vertex 71.5634 42.6599 25.9981
      vertex 71.5634 43.2554 23.6163
    endloop
  endfacet
  facet normal -0.996913 -0.0761653 -0.0190429
    outer loop
      vertex 75.9 46.2269 27.0013
      vertex 75.8538 47.375 24.8279
      vertex 75.9 46.8117 24.6623
    endloop
  endfacet
  facet normal -0.996914 -0.0761624 -0.0190414
    outer loop
      vertex 75.8538 47.375 24.8279
      vertex 75.9 46.2269 27.0013
      vertex 75.8538 46.7919 27.1602
    endloop
  endfacet
  facet normal 0.996914 -0.0761624 -0.0190414
    outer loop
      vertex 68.4 46.2269 27.0013
      vertex 68.4462 47.375 24.8279
      vertex 68.4462 46.7919 27.1602
    endloop
  endfacet
  facet normal 0.996913 -0.0761653 -0.0190429
    outer loop
      vertex 68.4462 47.375 24.8279
      vertex 68.4 46.2269 27.0013
      vertex 68.4 46.8117 24.6623
    endloop
  endfacet
  facet normal -0.996914 0.076163 0.0190391
    outer loop
      vertex 75.8538 45.662 26.8424
      vertex 75.9 46.8117 24.6623
      vertex 75.8538 46.2484 24.4966
    endloop
  endfacet
  facet normal -0.996913 0.0761747 0.0190453
    outer loop
      vertex 75.9 46.8117 24.6623
      vertex 75.8538 45.662 26.8424
      vertex 75.9 46.2269 27.0013
    endloop
  endfacet
  facet normal -0.233444 0.943333 0.235853
    outer loop
      vertex 73.3088 43.3873 23.6551
      vertex 72.7366 42.6599 25.9981
      vertex 73.3088 42.7922 26.0353
    endloop
  endfacet
  facet normal -0.233444 0.943333 0.235853
    outer loop
      vertex 72.7366 42.6599 25.9981
      vertex 73.3088 43.3873 23.6551
      vertex 72.7366 43.2554 23.6163
    endloop
  endfacet
  facet normal -0.92387 -0.371276 -0.092831
    outer loop
      vertex 75.7165 47.3429 27.3152
      vertex 75.4913 48.4464 25.143
      vertex 75.7165 47.9244 24.9895
    endloop
  endfacet
  facet normal -0.923882 -0.37125 -0.0928165
    outer loop
      vertex 75.4913 48.4464 25.143
      vertex 75.7165 47.3429 27.3152
      vertex 75.4913 47.8665 27.4625
    endloop
  endfacet
  facet normal -0.649459 -0.737695 -0.184416
    outer loop
      vertex 74.3542 49.7247 25.519
      vertex 74.8017 48.7806 27.7196
      vertex 74.3542 49.1487 27.8231
    endloop
  endfacet
  facet normal -0.649458 -0.737695 -0.184416
    outer loop
      vertex 74.8017 48.7806 27.7196
      vertex 74.3542 49.7247 25.519
      vertex 74.8017 49.3577 25.4111
    endloop
  endfacet
  facet normal -0.76044 -0.63002 -0.157498
    outer loop
      vertex 75.1838 48.3497 27.5984
      vertex 74.8017 49.3577 25.4111
      vertex 75.1838 48.9281 25.2847
    endloop
  endfacet
  facet normal -0.76044 -0.63002 -0.157498
    outer loop
      vertex 74.8017 49.3577 25.4111
      vertex 75.1838 48.3497 27.5984
      vertex 74.8017 48.7806 27.7196
    endloop
  endfacet
  facet normal 0.972402 0.226348 0.0565822
    outer loop
      vertex 68.5835 45.1109 26.6874
      vertex 68.4462 46.2484 24.4966
      vertex 68.4462 45.662 26.8424
    endloop
  endfacet
  facet normal 0.972397 0.226365 0.0565913
    outer loop
      vertex 68.4462 46.2484 24.4966
      vertex 68.5835 45.1109 26.6874
      vertex 68.5835 45.699 24.335
    endloop
  endfacet
  facet normal 0.382699 -0.896296 -0.224045
    outer loop
      vertex 70.4475 49.4448 27.9063
      vertex 70.9912 50.2361 25.6694
      vertex 70.9912 49.6617 27.9673
    endloop
  endfacet
  facet normal 0.382593 -0.896331 -0.224083
    outer loop
      vertex 70.9912 50.2361 25.6694
      vertex 70.4475 49.4448 27.9063
      vertex 70.4475 50.0199 25.6059
    endloop
  endfacet
  facet normal -0.852589 0.50698 0.12674
    outer loop
      vertex 75.1838 44.1042 26.4043
      vertex 75.4913 45.177 24.1815
      vertex 75.1838 44.6953 24.0398
    endloop
  endfacet
  facet normal -0.852612 0.506947 0.126721
    outer loop
      vertex 75.4913 45.177 24.1815
      vertex 75.1838 44.1042 26.4043
      vertex 75.4913 44.5874 26.5402
    endloop
  endfacet
  facet normal -0.760441 0.630013 0.157523
    outer loop
      vertex 74.8017 43.6732 26.2831
      vertex 75.1838 44.6953 24.0398
      vertex 74.8017 44.2657 23.9134
    endloop
  endfacet
  facet normal -0.76051 0.629941 0.157479
    outer loop
      vertex 75.1838 44.6953 24.0398
      vertex 74.8017 43.6732 26.2831
      vertex 75.1838 44.1042 26.4043
    endloop
  endfacet
  facet normal -0.649364 0.737767 0.184465
    outer loop
      vertex 74.8017 44.2657 23.9134
      vertex 74.3542 43.3052 26.1796
      vertex 74.8017 43.6732 26.2831
    endloop
  endfacet
  facet normal -0.649458 0.737695 0.184416
    outer loop
      vertex 74.3542 43.3052 26.1796
      vertex 74.8017 44.2657 23.9134
      vertex 74.3542 43.8987 23.8055
    endloop
  endfacet
  facet normal 0.996913 0.0761747 0.0190453
    outer loop
      vertex 68.4462 45.662 26.8424
      vertex 68.4 46.8117 24.6623
      vertex 68.4 46.2269 27.0013
    endloop
  endfacet
  facet normal 0.996914 0.076163 0.0190391
    outer loop
      vertex 68.4 46.8117 24.6623
      vertex 68.4462 45.662 26.8424
      vertex 68.4462 46.2484 24.4966
    endloop
  endfacet
  facet normal 0.852612 -0.506944 -0.126731
    outer loop
      vertex 68.8087 47.8665 27.4625
      vertex 69.1162 48.9281 25.2847
      vertex 69.1162 48.3497 27.5984
    endloop
  endfacet
  facet normal 0.852589 -0.506977 -0.12675
    outer loop
      vertex 69.1162 48.9281 25.2847
      vertex 68.8087 47.8665 27.4625
      vertex 68.8087 48.4464 25.143
    endloop
  endfacet
  facet normal -0.382699 0.896289 0.224072
    outer loop
      vertex 73.8525 43.6035 23.7187
      vertex 73.3088 42.7922 26.0353
      vertex 73.8525 43.0091 26.0963
    endloop
  endfacet
  facet normal -0.382629 0.896312 0.224097
    outer loop
      vertex 73.3088 42.7922 26.0353
      vertex 73.8525 43.6035 23.7187
      vertex 73.3088 43.3873 23.6551
    endloop
  endfacet
  facet normal -0.852589 -0.506977 -0.12675
    outer loop
      vertex 75.4913 47.8665 27.4625
      vertex 75.1838 48.9281 25.2847
      vertex 75.4913 48.4464 25.143
    endloop
  endfacet
  facet normal -0.852612 -0.506944 -0.126731
    outer loop
      vertex 75.1838 48.9281 25.2847
      vertex 75.4913 47.8665 27.4625
      vertex 75.1838 48.3497 27.5984
    endloop
  endfacet
  facet normal -0.92387 0.371282 0.0928088
    outer loop
      vertex 75.4913 44.5874 26.5402
      vertex 75.7165 45.699 24.335
      vertex 75.4913 45.177 24.1815
    endloop
  endfacet
  facet normal -0.923852 0.371322 0.0928304
    outer loop
      vertex 75.7165 45.699 24.335
      vertex 75.4913 44.5874 26.5402
      vertex 75.7165 45.1109 26.6874
    endloop
  endfacet
  facet normal -0.522494 -0.827185 -0.206796
    outer loop
      vertex 73.8525 50.0199 25.6059
      vertex 74.3542 49.1487 27.8231
      vertex 73.8525 49.4448 27.9063
    endloop
  endfacet
  facet normal -0.522523 -0.82717 -0.206783
    outer loop
      vertex 74.3542 49.1487 27.8231
      vertex 73.8525 50.0199 25.6059
      vertex 74.3542 49.7247 25.519
    endloop
  endfacet
  facet normal 0.649448 0.737697 0.184448
    outer loop
      vertex 69.9458 43.3052 26.1796
      vertex 69.4984 44.2657 23.9134
      vertex 69.4984 43.6732 26.2831
    endloop
  endfacet
  facet normal 0.649542 0.737626 0.184399
    outer loop
      vertex 69.4984 44.2657 23.9134
      vertex 69.9458 43.3052 26.1796
      vertex 69.9458 43.8987 23.8055
    endloop
  endfacet
  facet normal 0.522494 -0.827185 -0.206796
    outer loop
      vertex 69.9458 49.1487 27.8231
      vertex 70.4475 50.0199 25.6059
      vertex 70.4475 49.4448 27.9063
    endloop
  endfacet
  facet normal 0.522523 -0.82717 -0.206783
    outer loop
      vertex 70.4475 50.0199 25.6059
      vertex 69.9458 49.1487 27.8231
      vertex 69.9458 49.7247 25.519
    endloop
  endfacet
  facet normal 0.852612 0.506947 0.126721
    outer loop
      vertex 69.1162 44.1042 26.4043
      vertex 68.8087 45.177 24.1815
      vertex 68.8087 44.5874 26.5402
    endloop
  endfacet
  facet normal 0.852589 0.50698 0.12674
    outer loop
      vertex 68.8087 45.177 24.1815
      vertex 69.1162 44.1042 26.4043
      vertex 69.1162 44.6953 24.0398
    endloop
  endfacet
  facet normal 0.760426 0.630036 0.157502
    outer loop
      vertex 69.4984 43.6732 26.2831
      vertex 69.1162 44.6953 24.0398
      vertex 69.1162 44.1042 26.4043
    endloop
  endfacet
  facet normal 0.760357 0.630108 0.157547
    outer loop
      vertex 69.1162 44.6953 24.0398
      vertex 69.4984 43.6732 26.2831
      vertex 69.4984 44.2657 23.9134
    endloop
  endfacet
  facet normal 0.923882 -0.37125 -0.0928165
    outer loop
      vertex 68.5835 47.3429 27.3152
      vertex 68.8087 48.4464 25.143
      vertex 68.8087 47.8665 27.4625
    endloop
  endfacet
  facet normal 0.92387 -0.371276 -0.092831
    outer loop
      vertex 68.8087 48.4464 25.143
      vertex 68.5835 47.3429 27.3152
      vertex 68.5835 47.9244 24.9895
    endloop
  endfacet
  facet normal 0.0783571 0.967155 0.241809
    outer loop
      vertex 72.15 42.6155 25.9856
      vertex 71.5634 43.2554 23.6163
      vertex 71.5634 42.6599 25.9981
    endloop
  endfacet
  facet normal 0.0786027 0.96715 0.241747
    outer loop
      vertex 71.5634 43.2554 23.6163
      vertex 72.15 42.6155 25.9856
      vertex 72.15 43.211 23.6032
    endloop
  endfacet
  facet normal 0.923852 0.371322 0.0928304
    outer loop
      vertex 68.8087 44.5874 26.5402
      vertex 68.5835 45.699 24.335
      vertex 68.5835 45.1109 26.6874
    endloop
  endfacet
  facet normal 0.92387 0.371282 0.0928088
    outer loop
      vertex 68.5835 45.699 24.335
      vertex 68.8087 44.5874 26.5402
      vertex 68.8087 45.177 24.1815
    endloop
  endfacet
  facet normal 0.522523 0.82717 0.206784
    outer loop
      vertex 70.4475 43.0091 26.0963
      vertex 69.9458 43.8987 23.8055
      vertex 69.9458 43.3052 26.1796
    endloop
  endfacet
  facet normal 0.522494 0.827185 0.206796
    outer loop
      vertex 69.9458 43.8987 23.8055
      vertex 70.4475 43.0091 26.0963
      vertex 70.4475 43.6035 23.7187
    endloop
  endfacet
  facet normal -0.972397 0.226365 0.0565913
    outer loop
      vertex 75.7165 45.1109 26.6874
      vertex 75.8538 46.2484 24.4966
      vertex 75.7165 45.699 24.335
    endloop
  endfacet
  facet normal -0.972402 0.226348 0.0565822
    outer loop
      vertex 75.8538 46.2484 24.4966
      vertex 75.7165 45.1109 26.6874
      vertex 75.8538 45.662 26.8424
    endloop
  endfacet
  facet normal -0.233155 -0.943395 -0.23589
    outer loop
      vertex 73.0814 50.2886 25.6849
      vertex 73.3088 49.6617 27.9673
      vertex 73.0814 49.7142 27.9821
    endloop
  endfacet
  facet normal -0.233841 -0.943252 -0.235782
    outer loop
      vertex 73.3088 49.6617 27.9673
      vertex 73.0814 50.2886 25.6849
      vertex 73.3088 50.2361 25.6694
    endloop
  endfacet
  facet normal 0.760356 -0.630115 -0.157522
    outer loop
      vertex 69.1162 48.3497 27.5984
      vertex 69.4984 49.3577 25.4111
      vertex 69.4984 48.7806 27.7196
    endloop
  endfacet
  facet normal 0.760356 -0.630115 -0.157522
    outer loop
      vertex 69.4984 49.3577 25.4111
      vertex 69.1162 48.3497 27.5984
      vertex 69.1162 48.9281 25.2847
    endloop
  endfacet
  facet normal 0.972377 -0.226449 -0.0566073
    outer loop
      vertex 71.0635 50.4375 28.1856
      vertex 71.1038 51.1708 25.9444
      vertex 71.1038 50.5992 28.231
    endloop
  endfacet
  facet normal 0.972346 -0.22657 -0.0566475
    outer loop
      vertex 71.1038 51.1708 25.9444
      vertex 71.0635 50.4375 28.1856
      vertex 71.0635 51.0097 25.897
    endloop
  endfacet
  facet normal -0.649435 -0.737711 -0.184436
    outer loop
      vertex 72.7966 51.6989 26.0997
      vertex 72.9278 51.0209 28.3496
      vertex 72.7966 51.1288 28.38
    endloop
  endfacet
  facet normal -0.649516 -0.737646 -0.184411
    outer loop
      vertex 72.9278 51.0209 28.3496
      vertex 72.7966 51.6989 26.0997
      vertex 72.9278 51.5913 26.068
    endloop
  endfacet
  facet normal -0.852592 0.506969 0.126764
    outer loop
      vertex 73.0814 49.7142 27.9821
      vertex 73.1301 50.3649 25.7073
      vertex 73.0814 50.2886 25.6849
    endloop
  endfacet
  facet normal -0.853159 0.506082 0.126498
    outer loop
      vertex 73.1301 50.3649 25.7073
      vertex 73.0814 49.7142 27.9821
      vertex 73.1301 49.7909 28.0037
    endloop
  endfacet
  facet normal -0.923763 -0.371531 -0.0928746
    outer loop
      vertex 73.1962 50.5992 28.231
      vertex 73.1301 51.3239 25.9894
      vertex 73.1962 51.1708 25.9444
    endloop
  endfacet
  facet normal -0.923722 -0.371625 -0.0929063
    outer loop
      vertex 73.1301 51.3239 25.9894
      vertex 73.1962 50.5992 28.231
      vertex 73.1301 50.7527 28.2742
    endloop
  endfacet
  facet normal -0.996939 -0.0758451 -0.0189605
    outer loop
      vertex 73.25 50.2718 28.1389
      vertex 73.2365 51.0097 25.897
      vertex 73.25 50.8444 25.8484
    endloop
  endfacet
  facet normal -0.996937 -0.0758764 -0.0189707
    outer loop
      vertex 73.2365 51.0097 25.897
      vertex 73.25 50.2718 28.1389
      vertex 73.2365 50.4375 28.1856
    endloop
  endfacet
  facet normal 0.972377 0.226448 0.0566096
    outer loop
      vertex 71.1038 49.9444 28.0469
      vertex 71.0635 50.6792 25.7998
      vertex 71.0635 50.1061 28.0923
    endloop
  endfacet
  facet normal 0.972346 0.22657 0.0566498
    outer loop
      vertex 71.0635 50.6792 25.7998
      vertex 71.1038 49.9444 28.0469
      vertex 71.1038 50.5181 25.7524
    endloop
  endfacet
  facet normal 0.853159 0.506082 0.126498
    outer loop
      vertex 71.2186 49.7142 27.9821
      vertex 71.1699 50.3649 25.7073
      vertex 71.1699 49.7909 28.0037
    endloop
  endfacet
  facet normal 0.852592 0.506969 0.126764
    outer loop
      vertex 71.1699 50.3649 25.7073
      vertex 71.2186 49.7142 27.9821
      vertex 71.2186 50.2886 25.6849
    endloop
  endfacet
  facet normal 0.233445 -0.943337 -0.235834
    outer loop
      vertex 71.8101 51.2793 28.4223
      vertex 71.9779 51.8876 26.1552
      vertex 71.9779 51.3181 28.4332
    endloop
  endfacet
  facet normal 0.233578 -0.943309 -0.235817
    outer loop
      vertex 71.9779 51.8876 26.1552
      vertex 71.8101 51.2793 28.4223
      vertex 71.8101 51.8489 26.1438
    endloop
  endfacet
  facet normal -0.972346 -0.22657 -0.0566475
    outer loop
      vertex 73.2365 50.4375 28.1856
      vertex 73.1962 51.1708 25.9444
      vertex 73.2365 51.0097 25.897
    endloop
  endfacet
  facet normal -0.972377 -0.226449 -0.0566073
    outer loop
      vertex 73.1962 51.1708 25.9444
      vertex 73.2365 50.4375 28.1856
      vertex 73.1962 50.5992 28.231
    endloop
  endfacet
  facet normal -0.233445 -0.943337 -0.235834
    outer loop
      vertex 72.3221 51.8876 26.1552
      vertex 72.4899 51.2793 28.4223
      vertex 72.3221 51.3181 28.4332
    endloop
  endfacet
  facet normal -0.233578 -0.943309 -0.235817
    outer loop
      vertex 72.4899 51.2793 28.4223
      vertex 72.3221 51.8876 26.1552
      vertex 72.4899 51.8489 26.1438
    endloop
  endfacet
  facet normal -0.852758 -0.506711 -0.126678
    outer loop
      vertex 73.1301 50.7527 28.2742
      vertex 73.0399 51.4653 26.031
      vertex 73.1301 51.3239 25.9894
    endloop
  endfacet
  facet normal -0.85272 -0.506771 -0.126698
    outer loop
      vertex 73.0399 51.4653 26.031
      vertex 73.1301 50.7527 28.2742
      vertex 73.0399 50.8945 28.3141
    endloop
  endfacet
  facet normal -0.923866 0.371292 0.0928069
    outer loop
      vertex 73.1301 49.7909 28.0037
      vertex 73.1962 50.5181 25.7524
      vertex 73.1301 50.3649 25.7073
    endloop
  endfacet
  facet normal -0.923722 0.371622 0.0929177
    outer loop
      vertex 73.1962 50.5181 25.7524
      vertex 73.1301 49.7909 28.0037
      vertex 73.1962 49.9444 28.0469
    endloop
  endfacet
  facet normal 0.996936 0.0758876 0.0189711
    outer loop
      vertex 71.0635 50.1061 28.0923
      vertex 71.05 50.8444 25.8484
      vertex 71.05 50.2718 28.1389
    endloop
  endfacet
  facet normal 0.996936 0.0758876 0.0189711
    outer loop
      vertex 71.05 50.8444 25.8484
      vertex 71.0635 50.1061 28.0923
      vertex 71.0635 50.6792 25.7998
    endloop
  endfacet
  facet normal 0.760366 -0.630102 -0.157526
    outer loop
      vertex 71.2601 50.8945 28.3141
      vertex 71.3722 51.5913 26.068
      vertex 71.3722 51.0209 28.3496
    endloop
  endfacet
  facet normal 0.760307 -0.630168 -0.157549
    outer loop
      vertex 71.3722 51.5913 26.068
      vertex 71.2601 50.8945 28.3141
      vertex 71.2601 51.4653 26.031
    endloop
  endfacet
  facet normal -0.760307 -0.630168 -0.157549
    outer loop
      vertex 73.0399 50.8945 28.3141
      vertex 72.9278 51.5913 26.068
      vertex 73.0399 51.4653 26.031
    endloop
  endfacet
  facet normal -0.760366 -0.630102 -0.157526
    outer loop
      vertex 72.9278 51.5913 26.068
      vertex 73.0399 50.8945 28.3141
      vertex 72.9278 51.0209 28.3496
    endloop
  endfacet
  facet normal -0.522578 -0.827135 -0.206784
    outer loop
      vertex 72.6494 51.7855 26.1252
      vertex 72.7966 51.1288 28.38
      vertex 72.6494 51.2157 28.4044
    endloop
  endfacet
  facet normal -0.522477 -0.827193 -0.206807
    outer loop
      vertex 72.7966 51.1288 28.38
      vertex 72.6494 51.7855 26.1252
      vertex 72.7966 51.6989 26.0997
    endloop
  endfacet
  facet normal -0.0788141 -0.967132 -0.241751
    outer loop
      vertex 72.15 51.9006 26.159
      vertex 72.3221 51.3181 28.4332
      vertex 72.15 51.3312 28.4369
    endloop
  endfacet
  facet normal -0.0783953 -0.967157 -0.241789
    outer loop
      vertex 72.3221 51.3181 28.4332
      vertex 72.15 51.9006 26.159
      vertex 72.3221 51.8876 26.1552
    endloop
  endfacet
  facet normal 0.522578 -0.827135 -0.206784
    outer loop
      vertex 71.5034 51.1288 28.38
      vertex 71.6506 51.7855 26.1252
      vertex 71.6506 51.2157 28.4044
    endloop
  endfacet
  facet normal 0.522477 -0.827193 -0.206807
    outer loop
      vertex 71.6506 51.7855 26.1252
      vertex 71.5034 51.1288 28.38
      vertex 71.5034 51.6989 26.0997
    endloop
  endfacet
  facet normal -0.996936 0.0758876 0.0189711
    outer loop
      vertex 73.2365 50.1061 28.0923
      vertex 73.25 50.8444 25.8484
      vertex 73.2365 50.6792 25.7998
    endloop
  endfacet
  facet normal -0.996936 0.0758876 0.0189711
    outer loop
      vertex 73.25 50.8444 25.8484
      vertex 73.2365 50.1061 28.0923
      vertex 73.25 50.2718 28.1389
    endloop
  endfacet
  facet normal 0.382562 -0.896346 -0.224077
    outer loop
      vertex 71.6506 51.2157 28.4044
      vertex 71.8101 51.8489 26.1438
      vertex 71.8101 51.2793 28.4223
    endloop
  endfacet
  facet normal 0.382442 -0.896392 -0.224098
    outer loop
      vertex 71.8101 51.8489 26.1438
      vertex 71.6506 51.2157 28.4044
      vertex 71.6506 51.7855 26.1252
    endloop
  endfacet
  facet normal -0.972346 0.22657 0.0566498
    outer loop
      vertex 73.1962 49.9444 28.0469
      vertex 73.2365 50.6792 25.7998
      vertex 73.1962 50.5181 25.7524
    endloop
  endfacet
  facet normal -0.972377 0.226448 0.0566096
    outer loop
      vertex 73.2365 50.6792 25.7998
      vertex 73.1962 49.9444 28.0469
      vertex 73.2365 50.1061 28.0923
    endloop
  endfacet
  facet normal -0.382562 -0.896346 -0.224077
    outer loop
      vertex 72.4899 51.8489 26.1438
      vertex 72.6494 51.2157 28.4044
      vertex 72.4899 51.2793 28.4223
    endloop
  endfacet
  facet normal -0.382442 -0.896392 -0.224098
    outer loop
      vertex 72.6494 51.2157 28.4044
      vertex 72.4899 51.8489 26.1438
      vertex 72.6494 51.7855 26.1252
    endloop
  endfacet
  facet normal 0.996937 -0.0758764 -0.0189707
    outer loop
      vertex 71.05 50.2718 28.1389
      vertex 71.0635 51.0097 25.897
      vertex 71.0635 50.4375 28.1856
    endloop
  endfacet
  facet normal 0.996939 -0.0758451 -0.0189605
    outer loop
      vertex 71.0635 51.0097 25.897
      vertex 71.05 50.2718 28.1389
      vertex 71.05 50.8444 25.8484
    endloop
  endfacet
  facet normal 0.0788141 -0.967132 -0.241751
    outer loop
      vertex 71.9779 51.3181 28.4332
      vertex 72.15 51.9006 26.159
      vertex 72.15 51.3312 28.4369
    endloop
  endfacet
  facet normal 0.0783953 -0.967157 -0.241789
    outer loop
      vertex 72.15 51.9006 26.159
      vertex 71.9779 51.3181 28.4332
      vertex 71.9779 51.8876 26.1552
    endloop
  endfacet
  facet normal 0.923722 0.371622 0.0929177
    outer loop
      vertex 71.1699 49.7909 28.0037
      vertex 71.1038 50.5181 25.7524
      vertex 71.1038 49.9444 28.0469
    endloop
  endfacet
  facet normal 0.923866 0.371292 0.0928069
    outer loop
      vertex 71.1038 50.5181 25.7524
      vertex 71.1699 49.7909 28.0037
      vertex 71.1699 50.3649 25.7073
    endloop
  endfacet
  facet normal 0.649435 -0.737711 -0.184436
    outer loop
      vertex 71.3722 51.0209 28.3496
      vertex 71.5034 51.6989 26.0997
      vertex 71.5034 51.1288 28.38
    endloop
  endfacet
  facet normal 0.649516 -0.737646 -0.184411
    outer loop
      vertex 71.5034 51.6989 26.0997
      vertex 71.3722 51.0209 28.3496
      vertex 71.3722 51.5913 26.068
    endloop
  endfacet
  facet normal 0.923722 -0.371625 -0.0929063
    outer loop
      vertex 71.1038 50.5992 28.231
      vertex 71.1699 51.3239 25.9894
      vertex 71.1699 50.7527 28.2742
    endloop
  endfacet
  facet normal 0.923763 -0.371531 -0.0928746
    outer loop
      vertex 71.1699 51.3239 25.9894
      vertex 71.1038 50.5992 28.231
      vertex 71.1038 51.1708 25.9444
    endloop
  endfacet
  facet normal 0.85272 -0.506771 -0.126698
    outer loop
      vertex 71.1699 50.7527 28.2742
      vertex 71.2601 51.4653 26.031
      vertex 71.2601 50.8945 28.3141
    endloop
  endfacet
  facet normal 0.852758 -0.506711 -0.126678
    outer loop
      vertex 71.2601 51.4653 26.031
      vertex 71.1699 50.7527 28.2742
      vertex 71.1699 51.3239 25.9894
    endloop
  endfacet
  facet normal -0.996917 0.0784625 0
    outer loop
      vertex 0 68 0
      vertex 0.0492458 68.6257 32
      vertex 0.0492458 68.6257 0
    endloop
  endfacet
  facet normal -0.996917 0.0784625 0
    outer loop
      vertex 0.0492458 68.6257 32
      vertex 0 68 0
      vertex 0 68 32
    endloop
  endfacet
  facet normal 0.960319 -0.0755118 0.268486
    outer loop
      vertex 91.9508 67.3743 32
      vertex 92 4 14
      vertex 92 68 32
    endloop
  endfacet
  facet normal 0.960324 -0.0755073 0.268471
    outer loop
      vertex 92 4 14
      vertex 91.9508 67.3743 32
      vertex 91.9508 3.37426 14
    endloop
  endfacet
  facet normal 0.064888 -0.270175 0.960622
    outer loop
      vertex 88.6257 64.0492 32
      vertex 89.2361 0.195773 14
      vertex 89.2361 64.1958 32
    endloop
  endfacet
  facet normal 0.064856 -0.270176 0.960624
    outer loop
      vertex 89.2361 0.195773 14
      vertex 88.6257 64.0492 32
      vertex 88.6257 0.0492458 14
    endloop
  endfacet
  facet normal 1 -0 0
    outer loop
      vertex 92 4 14
      vertex 92 68 0
      vertex 92 68 32
    endloop
  endfacet
  facet normal 1 0 0
    outer loop
      vertex 92 68 0
      vertex 92 4 14
      vertex 92 4 0
    endloop
  endfacet
  facet normal 0 1 0
    outer loop
      vertex 88 72 32
      vertex 51.25 72 7.5
      vertex 4 72 32
    endloop
  endfacet
  facet normal 0 1 -0
    outer loop
      vertex 88 72 0
      vertex 51.25 72 7.5
      vertex 88 72 32
    endloop
  endfacet
  facet normal 0 1 0
    outer loop
      vertex 51.25 72 2.5
      vertex 88 72 0
      vertex 40.75 72 2.5
    endloop
  endfacet
  facet normal 0 1 0
    outer loop
      vertex 51.25 72 7.5
      vertex 88 72 0
      vertex 51.25 72 2.5
    endloop
  endfacet
  facet normal 0 1 -0
    outer loop
      vertex 40.75 72 7.5
      vertex 4 72 32
      vertex 51.25 72 7.5
    endloop
  endfacet
  facet normal 0 1 0
    outer loop
      vertex 4 72 0
      vertex 40.75 72 7.5
      vertex 40.75 72 2.5
    endloop
  endfacet
  facet normal 0 1 0
    outer loop
      vertex 40.75 72 7.5
      vertex 4 72 0
      vertex 4 72 32
    endloop
  endfacet
  facet normal 0 1 0
    outer loop
      vertex 4 72 0
      vertex 40.75 72 2.5
      vertex 88 72 0
    endloop
  endfacet
  facet normal -0.649499 0.760362 0
    outer loop
      vertex 1.64886 71.2361 0
      vertex 1.17157 70.8284 32
      vertex 1.64886 71.2361 32
    endloop
  endfacet
  facet normal -0.649499 0.760362 0
    outer loop
      vertex 1.17157 70.8284 32
      vertex 1.64886 71.2361 0
      vertex 1.17157 70.8284 0
    endloop
  endfacet
  facet normal 0.649492 0.760369 -0
    outer loop
      vertex 90.8284 70.8284 0
      vertex 90.3511 71.2361 32
      vertex 90.8284 70.8284 32
    endloop
  endfacet
  facet normal 0.649492 0.760369 0
    outer loop
      vertex 90.3511 71.2361 32
      vertex 90.8284 70.8284 0
      vertex 90.3511 71.2361 0
    endloop
  endfacet
  facet normal -0.522498 -0.852641 0
    outer loop
      vertex 1.64886 0.763931 0
      vertex 2.18404 0.435973 14
      vertex 1.64886 0.763931 14
    endloop
  endfacet
  facet normal -0.522498 -0.852641 -0
    outer loop
      vertex 2.18404 0.435973 14
      vertex 1.64886 0.763931 0
      vertex 2.18404 0.435973 0
    endloop
  endfacet
  facet normal 0.38268 -0.923881 0
    outer loop
      vertex 89.2361 0.195773 0
      vertex 89.816 0.435973 14
      vertex 89.2361 0.195773 14
    endloop
  endfacet
  facet normal 0.38268 -0.923881 0
    outer loop
      vertex 89.816 0.435973 14
      vertex 89.2361 0.195773 0
      vertex 89.816 0.435973 0
    endloop
  endfacet
  facet normal -0.97237 -0.233445 0
    outer loop
      vertex 0.195773 2.76393 0
      vertex 0.0492458 3.37426 14
      vertex 0.0492458 3.37426 0
    endloop
  endfacet
  facet normal -0.97237 -0.233445 0
    outer loop
      vertex 0.0492458 3.37426 14
      vertex 0.195773 2.76393 0
      vertex 0.195773 2.76393 14
    endloop
  endfacet
  facet normal 0.302151 -0.258091 0.917657
    outer loop
      vertex 90.8284 65.1716 32
      vertex 91.2361 1.64886 14
      vertex 91.2361 65.6489 32
    endloop
  endfacet
  facet normal 0.302145 -0.258091 0.917659
    outer loop
      vertex 91.2361 1.64886 14
      vertex 90.8284 65.1716 32
      vertex 90.8284 1.17157 14
    endloop
  endfacet
  facet normal -0.760417 0.649435 0
    outer loop
      vertex 0.763931 70.3511 0
      vertex 1.17157 70.8284 32
      vertex 1.17157 70.8284 0
    endloop
  endfacet
  facet normal -0.760417 0.649435 0
    outer loop
      vertex 1.17157 70.8284 32
      vertex 0.763931 70.3511 0
      vertex 0.763931 70.3511 32
    endloop
  endfacet
  facet normal 0.996923 0.07839 0
    outer loop
      vertex 92 68 32
      vertex 91.9508 68.6257 0
      vertex 91.9508 68.6257 32
    endloop
  endfacet
  facet normal 0.996923 0.07839 0
    outer loop
      vertex 91.9508 68.6257 0
      vertex 92 68 32
      vertex 92 68 0
    endloop
  endfacet
  facet normal 0.760362 -0.649499 0
    outer loop
      vertex 90.8284 1.17157 14
      vertex 91.2361 1.64886 0
      vertex 91.2361 1.64886 14
    endloop
  endfacet
  facet normal 0.760362 -0.649499 0
    outer loop
      vertex 91.2361 1.64886 0
      vertex 90.8284 1.17157 14
      vertex 90.8284 1.17157 0
    endloop
  endfacet
  facet normal 0.923879 -0.382686 0
    outer loop
      vertex 91.564 2.18404 14
      vertex 91.8042 2.76393 0
      vertex 91.8042 2.76393 14
    endloop
  endfacet
  facet normal 0.923879 -0.382686 0
    outer loop
      vertex 91.8042 2.76393 0
      vertex 91.564 2.18404 14
      vertex 91.564 2.18404 0
    endloop
  endfacet
  facet normal 0 -1 0
    outer loop
      vertex 4 0 0
      vertex 88 0 14
      vertex 4 0 14
    endloop
  endfacet
  facet normal 0 -1 -0
    outer loop
      vertex 88 0 14
      vertex 4 0 0
      vertex 88 0 0
    endloop
  endfacet
  facet normal 0.97235 0.23353 0
    outer loop
      vertex 91.9508 68.6257 32
      vertex 91.8042 69.2361 0
      vertex 91.8042 69.2361 32
    endloop
  endfacet
  facet normal 0.97235 0.23353 0
    outer loop
      vertex 91.8042 69.2361 0
      vertex 91.9508 68.6257 32
      vertex 91.9508 68.6257 0
    endloop
  endfacet
  facet normal 0.547131 -0.226627 0.805784
    outer loop
      vertex 91.564 66.184 32
      vertex 91.8042 2.76393 14
      vertex 91.8042 66.7639 32
    endloop
  endfacet
  facet normal 0.547125 -0.226628 0.805788
    outer loop
      vertex 91.8042 2.76393 14
      vertex 91.564 66.184 32
      vertex 91.564 2.18404 14
    endloop
  endfacet
  facet normal 0.852647 0.522487 0
    outer loop
      vertex 91.564 69.816 32
      vertex 91.2361 70.3511 0
      vertex 91.2361 70.3511 32
    endloop
  endfacet
  facet normal 0.852647 0.522487 0
    outer loop
      vertex 91.2361 70.3511 0
      vertex 91.564 69.816 32
      vertex 91.564 69.816 0
    endloop
  endfacet
  facet normal -0.852606 0.522555 0
    outer loop
      vertex 0.435973 69.816 0
      vertex 0.763931 70.3511 32
      vertex 0.763931 70.3511 0
    endloop
  endfacet
  facet normal -0.852606 0.522555 0
    outer loop
      vertex 0.763931 70.3511 32
      vertex 0.435973 69.816 0
      vertex 0.435973 69.816 32
    endloop
  endfacet
  facet normal 0.852682 -0.522431 0
    outer loop
      vertex 91.2361 1.64886 14
      vertex 91.564 2.18404 0
      vertex 91.564 2.18404 14
    endloop
  endfacet
  facet normal 0.852682 -0.522431 0
    outer loop
      vertex 91.564 2.18404 0
      vertex 91.2361 1.64886 14
      vertex 91.2361 1.64886 0
    endloop
  endfacet
  facet normal -0.547131 -0.226627 0.805784
    outer loop
      vertex 0.195773 2.76393 14
      vertex 0.435973 66.184 32
      vertex 0.195773 66.7639 32
    endloop
  endfacet
  facet normal -0.547125 -0.226628 0.805788
    outer loop
      vertex 0.435973 66.184 32
      vertex 0.195773 2.76393 14
      vertex 0.435973 2.18404 14
    endloop
  endfacet
  facet normal -0.233555 0.972344 0
    outer loop
      vertex 3.37426 71.9508 0
      vertex 2.76393 71.8042 32
      vertex 3.37426 71.9508 32
    endloop
  endfacet
  facet normal -0.233555 0.972344 0
    outer loop
      vertex 2.76393 71.8042 32
      vertex 3.37426 71.9508 0
      vertex 2.76393 71.8042 0
    endloop
  endfacet
  facet normal 0.996923 -0.078385 0
    outer loop
      vertex 91.9508 3.37426 14
      vertex 92 4 0
      vertex 92 4 14
    endloop
  endfacet
  facet normal 0.996923 -0.078385 0
    outer loop
      vertex 92 4 0
      vertex 91.9508 3.37426 14
      vertex 91.9508 3.37426 0
    endloop
  endfacet
  facet normal -0.404081 -0.247657 0.880559
    outer loop
      vertex 0.435973 2.18404 14
      vertex 0.763931 65.6489 32
      vertex 0.435973 66.184 32
    endloop
  endfacet
  facet normal -0.404131 -0.247651 0.880538
    outer loop
      vertex 0.763931 65.6489 32
      vertex 0.435973 2.18404 14
      vertex 0.763931 1.64886 14
    endloop
  endfacet
  facet normal 0.972344 -0.233555 0
    outer loop
      vertex 91.8042 2.76393 14
      vertex 91.9508 3.37426 0
      vertex 91.9508 3.37426 14
    endloop
  endfacet
  facet normal 0.972344 -0.233555 0
    outer loop
      vertex 91.9508 3.37426 0
      vertex 91.8042 2.76393 14
      vertex 91.8042 2.76393 0
    endloop
  endfacet
  facet normal 0.748084 -0.179668 0.638819
    outer loop
      vertex 91.8042 66.7639 32
      vertex 91.9508 3.37426 14
      vertex 91.9508 67.3743 32
    endloop
  endfacet
  facet normal 0.748047 -0.179679 0.638859
    outer loop
      vertex 91.9508 3.37426 14
      vertex 91.8042 66.7639 32
      vertex 91.8042 2.76393 14
    endloop
  endfacet
  facet normal -0.972376 0.23342 0
    outer loop
      vertex 0.0492458 68.6257 0
      vertex 0.195773 69.2361 32
      vertex 0.195773 69.2361 0
    endloop
  endfacet
  facet normal -0.972376 0.23342 0
    outer loop
      vertex 0.195773 69.2361 32
      vertex 0.0492458 68.6257 0
      vertex 0.0492458 68.6257 32
    endloop
  endfacet
  facet normal 0 0 1
    outer loop
      vertex 91.9508 68.6257 32
      vertex 91.9508 67.3743 32
      vertex 92 68 32
    endloop
  endfacet
  facet normal 0 0 1
    outer loop
      vertex 91.8042 69.2361 32
      vertex 91.9508 67.3743 32
      vertex 91.9508 68.6257 32
    endloop
  endfacet
  facet normal 0 0 1
    outer loop
      vertex 91.8042 69.2361 32
      vertex 91.8042 66.7639 32
      vertex 91.9508 67.3743 32
    endloop
  endfacet
  facet normal 0 0 1
    outer loop
      vertex 91.564 69.816 32
      vertex 91.8042 66.7639 32
      vertex 91.8042 69.2361 32
    endloop
  endfacet
  facet normal 0 0 1
    outer loop
      vertex 91.564 69.816 32
      vertex 91.564 66.184 32
      vertex 91.8042 66.7639 32
    endloop
  endfacet
  facet normal 0 0 1
    outer loop
      vertex 91.2361 70.3511 32
      vertex 91.564 66.184 32
      vertex 91.564 69.816 32
    endloop
  endfacet
  facet normal 0 0 1
    outer loop
      vertex 91.2361 70.3511 32
      vertex 91.2361 65.6489 32
      vertex 91.564 66.184 32
    endloop
  endfacet
  facet normal 0 0 1
    outer loop
      vertex 90.8284 70.8284 32
      vertex 91.2361 65.6489 32
      vertex 91.2361 70.3511 32
    endloop
  endfacet
  facet normal 0 0 1
    outer loop
      vertex 90.8284 70.8284 32
      vertex 90.8284 65.1716 32
      vertex 91.2361 65.6489 32
    endloop
  endfacet
  facet normal 0 0 1
    outer loop
      vertex 90.3511 71.2361 32
      vertex 90.8284 65.1716 32
      vertex 90.8284 70.8284 32
    endloop
  endfacet
  facet normal 0 0 1
    outer loop
      vertex 90.3511 71.2361 32
      vertex 90.3511 64.7639 32
      vertex 90.8284 65.1716 32
    endloop
  endfacet
  facet normal 0 0 1
    outer loop
      vertex 89.816 71.564 32
      vertex 90.3511 64.7639 32
      vertex 90.3511 71.2361 32
    endloop
  endfacet
  facet normal 0 0 1
    outer loop
      vertex 89.816 71.564 32
      vertex 89.816 64.436 32
      vertex 90.3511 64.7639 32
    endloop
  endfacet
  facet normal 0 0 1
    outer loop
      vertex 89.2361 71.8042 32
      vertex 89.816 64.436 32
      vertex 89.816 71.564 32
    endloop
  endfacet
  facet normal 0 0 1
    outer loop
      vertex 89.2361 71.8042 32
      vertex 89.2361 64.1958 32
      vertex 89.816 64.436 32
    endloop
  endfacet
  facet normal 0 0 1
    outer loop
      vertex 88.6257 71.9508 32
      vertex 89.2361 64.1958 32
      vertex 89.2361 71.8042 32
    endloop
  endfacet
  facet normal 0 0 1
    outer loop
      vertex 88.6257 71.9508 32
      vertex 88.6257 64.0492 32
      vertex 89.2361 64.1958 32
    endloop
  endfacet
  facet normal 0 0 1
    outer loop
      vertex 88 72 32
      vertex 88.6257 64.0492 32
      vertex 88.6257 71.9508 32
    endloop
  endfacet
  facet normal 0 0 1
    outer loop
      vertex 88 72 32
      vertex 88 64 32
      vertex 88.6257 64.0492 32
    endloop
  endfacet
  facet normal -0 0 1
    outer loop
      vertex 4 72 32
      vertex 88 64 32
      vertex 88 72 32
    endloop
  endfacet
  facet normal 0 0 1
    outer loop
      vertex 4 72 32
      vertex 4 64 32
      vertex 88 64 32
    endloop
  endfacet
  facet normal -0 0 1
    outer loop
      vertex 3.37426 71.9508 32
      vertex 4 64 32
      vertex 4 72 32
    endloop
  endfacet
  facet normal 0 0 1
    outer loop
      vertex 3.37426 71.9508 32
      vertex 3.37426 64.0492 32
      vertex 4 64 32
    endloop
  endfacet
  facet normal -0 0 1
    outer loop
      vertex 2.76393 71.8042 32
      vertex 3.37426 64.0492 32
      vertex 3.37426 71.9508 32
    endloop
  endfacet
  facet normal 0 0 1
    outer loop
      vertex 2.76393 71.8042 32
      vertex 2.76393 64.1958 32
      vertex 3.37426 64.0492 32
    endloop
  endfacet
  facet normal -0 0 1
    outer loop
      vertex 2.18404 71.564 32
      vertex 2.76393 64.1958 32
      vertex 2.76393 71.8042 32
    endloop
  endfacet
  facet normal 0 0 1
    outer loop
      vertex 2.18404 71.564 32
      vertex 2.18404 64.436 32
      vertex 2.76393 64.1958 32
    endloop
  endfacet
  facet normal -0 0 1
    outer loop
      vertex 1.64886 71.2361 32
      vertex 2.18404 64.436 32
      vertex 2.18404 71.564 32
    endloop
  endfacet
  facet normal 0 0 1
    outer loop
      vertex 1.64886 71.2361 32
      vertex 1.64886 64.7639 32
      vertex 2.18404 64.436 32
    endloop
  endfacet
  facet normal -0 0 1
    outer loop
      vertex 1.17157 70.8284 32
      vertex 1.64886 64.7639 32
      vertex 1.64886 71.2361 32
    endloop
  endfacet
  facet normal 0 0 1
    outer loop
      vertex 1.17157 70.8284 32
      vertex 1.17157 65.1716 32
      vertex 1.64886 64.7639 32
    endloop
  endfacet
  facet normal -0 0 1
    outer loop
      vertex 0.763931 70.3511 32
      vertex 1.17157 65.1716 32
      vertex 1.17157 70.8284 32
    endloop
  endfacet
  facet normal 0 0 1
    outer loop
      vertex 0.763931 70.3511 32
      vertex 0.763931 65.6489 32
      vertex 1.17157 65.1716 32
    endloop
  endfacet
  facet normal -0 0 1
    outer loop
      vertex 0.435973 69.816 32
      vertex 0.763931 65.6489 32
      vertex 0.763931 70.3511 32
    endloop
  endfacet
  facet normal 0 0 1
    outer loop
      vertex 0.435973 69.816 32
      vertex 0.435973 66.184 32
      vertex 0.763931 65.6489 32
    endloop
  endfacet
  facet normal -0 0 1
    outer loop
      vertex 0.195773 69.2361 32
      vertex 0.435973 66.184 32
      vertex 0.435973 69.816 32
    endloop
  endfacet
  facet normal 0 0 1
    outer loop
      vertex 0.195773 69.2361 32
      vertex 0.195773 66.7639 32
      vertex 0.435973 66.184 32
    endloop
  endfacet
  facet normal -0 0 1
    outer loop
      vertex 0.0492458 68.6257 32
      vertex 0.195773 66.7639 32
      vertex 0.195773 69.2361 32
    endloop
  endfacet
  facet normal 0 0 1
    outer loop
      vertex 0.0492458 68.6257 32
      vertex 0.0492458 67.3743 32
      vertex 0.195773 66.7639 32
    endloop
  endfacet
  facet normal 0 -0 1
    outer loop
      vertex 0.0492458 67.3743 32
      vertex 0.0492458 68.6257 32
      vertex 0 68 32
    endloop
  endfacet
  facet normal 0.923881 0.38268 0
    outer loop
      vertex 91.8042 69.2361 32
      vertex 91.564 69.816 0
      vertex 91.564 69.816 32
    endloop
  endfacet
  facet normal 0.923881 0.38268 0
    outer loop
      vertex 91.564 69.816 0
      vertex 91.8042 69.2361 32
      vertex 91.8042 69.2361 0
    endloop
  endfacet
  facet normal 6.08171e-05 -0.270785 0.96264
    outer loop
      vertex 75.8538 45.662 26.8424
      vertex 88 64 32
      vertex 75.9 46.2269 27.0013
    endloop
  endfacet
  facet normal -1.50741e-05 -0.270737 0.962653
    outer loop
      vertex 88 64 32
      vertex 75.8538 46.7919 27.1602
      vertex 75.9 46.2269 27.0013
    endloop
  endfacet
  facet normal 5.58859e-05 -0.270783 0.96264
    outer loop
      vertex 88 64 32
      vertex 75.7165 47.3429 27.3152
      vertex 75.8538 46.7919 27.1602
    endloop
  endfacet
  facet normal 5.95149e-05 -0.270786 0.96264
    outer loop
      vertex 88 64 32
      vertex 75.4913 47.8665 27.4625
      vertex 75.7165 47.3429 27.3152
    endloop
  endfacet
  facet normal 1.98124e-06 -0.270744 0.962651
    outer loop
      vertex 88 64 32
      vertex 75.1838 48.3497 27.5984
      vertex 75.4913 47.8665 27.4625
    endloop
  endfacet
  facet normal 1.39696e-05 -0.270754 0.962649
    outer loop
      vertex 88 64 32
      vertex 74.8017 48.7806 27.7196
      vertex 75.1838 48.3497 27.5984
    endloop
  endfacet
  facet normal -1.30476e-05 -0.270732 0.962655
    outer loop
      vertex 73.1301 50.7527 28.2742
      vertex 74.8017 48.7806 27.7196
      vertex 88 64 32
    endloop
  endfacet
  facet normal -0.000129372 -0.270823 0.962629
    outer loop
      vertex 74.8017 48.7806 27.7196
      vertex 73.1301 50.7527 28.2742
      vertex 74.3542 49.1487 27.8231
    endloop
  endfacet
  facet normal -0.000575467 -0.271139 0.96254
    outer loop
      vertex 73.1962 50.5992 28.231
      vertex 74.3542 49.1487 27.8231
      vertex 73.1301 50.7527 28.2742
    endloop
  endfacet
  facet normal 3.1395e-05 -0.270731 0.962655
    outer loop
      vertex 73.2365 50.1061 28.0923
      vertex 73.8525 49.4448 27.9063
      vertex 73.25 50.2718 28.1389
    endloop
  endfacet
  facet normal -0.000858391 -0.271332 0.962486
    outer loop
      vertex 73.8525 49.4448 27.9063
      vertex 73.2365 50.4375 28.1856
      vertex 73.25 50.2718 28.1389
    endloop
  endfacet
  facet normal -0.00032963 -0.271028 0.962571
    outer loop
      vertex 74.3542 49.1487 27.8231
      vertex 73.2365 50.4375 28.1856
      vertex 73.8525 49.4448 27.9063
    endloop
  endfacet
  facet normal 0.000782931 -0.270134 0.962823
    outer loop
      vertex 73.2365 50.4375 28.1856
      vertex 74.3542 49.1487 27.8231
      vertex 73.1962 50.5992 28.231
    endloop
  endfacet
  facet normal 7.25092e-05 -0.270821 0.96263
    outer loop
      vertex 88 64 32
      vertex 73.0399 50.8945 28.3141
      vertex 73.1301 50.7527 28.2742
    endloop
  endfacet
  facet normal -0.000186952 -0.270546 0.962707
    outer loop
      vertex 88 64 32
      vertex 72.9278 51.0209 28.3496
      vertex 73.0399 50.8945 28.3141
    endloop
  endfacet
  facet normal 0.000198489 -0.270961 0.96259
    outer loop
      vertex 88 64 32
      vertex 72.7966 51.1288 28.38
      vertex 72.9278 51.0209 28.3496
    endloop
  endfacet
  facet normal -0.000155885 -0.270573 0.962699
    outer loop
      vertex 88 64 32
      vertex 72.6494 51.2157 28.4044
      vertex 72.7966 51.1288 28.38
    endloop
  endfacet
  facet normal 5.06985e-05 -0.270803 0.962635
    outer loop
      vertex 88 64 32
      vertex 72.4899 51.2793 28.4223
      vertex 72.6494 51.2157 28.4044
    endloop
  endfacet
  facet normal -5.59836e-05 -0.270683 0.962669
    outer loop
      vertex 88 64 32
      vertex 72.3221 51.3181 28.4332
      vertex 72.4899 51.2793 28.4223
    endloop
  endfacet
  facet normal 7.97976e-05 -0.270838 0.962625
    outer loop
      vertex 88 64 32
      vertex 72.15 51.3312 28.4369
      vertex 72.3221 51.3181 28.4332
    endloop
  endfacet
  facet normal 3.48427e-07 -0.270746 0.962651
    outer loop
      vertex 61.75 56.8206 29.9808
      vertex 72.15 51.3312 28.4369
      vertex 88 64 32
    endloop
  endfacet
  facet normal -7.6308e-05 -0.270881 0.962613
    outer loop
      vertex 72.15 51.3312 28.4369
      vertex 61.75 56.8206 29.9808
      vertex 71.9779 51.3181 28.4332
    endloop
  endfacet
  facet normal 5.07748e-05 -0.270662 0.962675
    outer loop
      vertex 71.9779 51.3181 28.4332
      vertex 61.75 56.8206 29.9808
      vertex 71.8101 51.2793 28.4223
    endloop
  endfacet
  facet normal -4.33849e-05 -0.27082 0.96263
    outer loop
      vertex 71.8101 51.2793 28.4223
      vertex 61.75 56.8206 29.9808
      vertex 71.6506 51.2157 28.4044
    endloop
  endfacet
  facet normal 0.000858391 -0.271332 0.962486
    outer loop
      vertex 70.4475 49.4448 27.9063
      vertex 71.05 50.2718 28.1389
      vertex 71.0635 50.4375 28.1856
    endloop
  endfacet
  facet normal 1.18913e-05 -0.27076 0.962647
    outer loop
      vertex 71.05 50.2718 28.1389
      vertex 70.4475 49.4448 27.9063
      vertex 70.9912 49.6617 27.9673
    endloop
  endfacet
  facet normal -0.000782931 -0.270134 0.962823
    outer loop
      vertex 69.9458 49.1487 27.8231
      vertex 71.0635 50.4375 28.1856
      vertex 71.1038 50.5992 28.231
    endloop
  endfacet
  facet normal 0.000575467 -0.271139 0.96254
    outer loop
      vertex 69.9458 49.1487 27.8231
      vertex 71.1038 50.5992 28.231
      vertex 71.1699 50.7527 28.2742
    endloop
  endfacet
  facet normal 0.00032963 -0.271028 0.962571
    outer loop
      vertex 71.0635 50.4375 28.1856
      vertex 69.9458 49.1487 27.8231
      vertex 70.4475 49.4448 27.9063
    endloop
  endfacet
  facet normal -5.79345e-05 -0.270829 0.962627
    outer loop
      vertex 61.75 56.8206 29.9808
      vertex 71.1699 50.7527 28.2742
      vertex 71.2601 50.8945 28.3141
    endloop
  endfacet
  facet normal 0.00012945 -0.270823 0.962629
    outer loop
      vertex 71.1699 50.7527 28.2742
      vertex 69.4984 48.7806 27.7196
      vertex 69.9458 49.1487 27.8231
    endloop
  endfacet
  facet normal 1.10117e-05 -0.27073 0.962655
    outer loop
      vertex 71.1699 50.7527 28.2742
      vertex 61.75 56.8206 29.9808
      vertex 69.4984 48.7806 27.7196
    endloop
  endfacet
  facet normal 1.18374e-05 -0.270748 0.96265
    outer loop
      vertex 68.4462 45.662 26.8424
      vertex 61.75 40.4486 25.3762
      vertex 68.5835 45.1109 26.6874
    endloop
  endfacet
  facet normal 6.2448e-06 -0.270744 0.962651
    outer loop
      vertex 61.75 40.4486 25.3762
      vertex 68.4462 46.7919 27.1602
      vertex 61.75 56.8206 29.9808
    endloop
  endfacet
  facet normal -5.66008e-05 -0.270783 0.96264
    outer loop
      vertex 68.5835 47.3429 27.3152
      vertex 61.75 56.8206 29.9808
      vertex 68.4462 46.7919 27.1602
    endloop
  endfacet
  facet normal -6.01692e-05 -0.270785 0.96264
    outer loop
      vertex 68.8087 47.8665 27.4625
      vertex 61.75 56.8206 29.9808
      vertex 68.5835 47.3429 27.3152
    endloop
  endfacet
  facet normal -3.06561e-06 -0.270744 0.962651
    outer loop
      vertex 69.1162 48.3497 27.5984
      vertex 61.75 56.8206 29.9808
      vertex 68.8087 47.8665 27.4625
    endloop
  endfacet
  facet normal -1.45516e-05 -0.270753 0.962649
    outer loop
      vertex 69.4984 48.7806 27.7196
      vertex 61.75 56.8206 29.9808
      vertex 69.1162 48.3497 27.5984
    endloop
  endfacet
  facet normal 0.00015182 -0.270517 0.962715
    outer loop
      vertex 71.3722 51.0209 28.3496
      vertex 61.75 56.8206 29.9808
      vertex 71.2601 50.8945 28.3141
    endloop
  endfacet
  facet normal -0.000162859 -0.271001 0.962579
    outer loop
      vertex 71.5034 51.1288 28.38
      vertex 61.75 56.8206 29.9808
      vertex 71.3722 51.0209 28.3496
    endloop
  endfacet
  facet normal 0.000131149 -0.270534 0.96271
    outer loop
      vertex 71.6506 51.2157 28.4044
      vertex 61.75 56.8206 29.9808
      vertex 71.5034 51.1288 28.38
    endloop
  endfacet
  facet normal 0 -0.270745 0.962651
    outer loop
      vertex 88 64 32
      vertex 30.25 56.8206 29.9808
      vertex 61.75 56.8206 29.9808
    endloop
  endfacet
  facet normal 1.72834e-07 -0.270744 0.962651
    outer loop
      vertex 4 64 32
      vertex 30.25 40.4486 25.3762
      vertex 30.25 56.8206 29.9808
    endloop
  endfacet
  facet normal 0 -0.270747 0.962651
    outer loop
      vertex 30.25 40.4486 25.3762
      vertex 16 25.0396 21.0424
      vertex 30 25.0396 21.0424
    endloop
  endfacet
  facet normal -1.00276e-06 -0.270746 0.962651
    outer loop
      vertex 4 0 14
      vertex 16 25.0396 21.0424
      vertex 4 64 32
    endloop
  endfacet
  facet normal -1.20072e-06 -0.270746 0.962651
    outer loop
      vertex 30.25 40.4486 25.3762
      vertex 4 64 32
      vertex 16 25.0396 21.0424
    endloop
  endfacet
  facet normal 0 -0.270745 0.962651
    outer loop
      vertex 4 64 32
      vertex 30.25 56.8206 29.9808
      vertex 88 64 32
    endloop
  endfacet
  facet normal 8.4463e-06 -0.270753 0.962649
    outer loop
      vertex 75.7165 45.1109 26.6874
      vertex 88 64 32
      vertex 75.8538 45.662 26.8424
    endloop
  endfacet
  facet normal -3.18376e-06 -0.270746 0.962651
    outer loop
      vertex 88 64 32
      vertex 75.7165 45.1109 26.6874
      vertex 88 0 14
    endloop
  endfacet
  facet normal 8.875e-05 -0.270722 0.962657
    outer loop
      vertex 75.4913 44.5874 26.5402
      vertex 88 0 14
      vertex 75.7165 45.1109 26.6874
    endloop
  endfacet
  facet normal -1.47164e-07 -0.270745 0.962651
    outer loop
      vertex 75.1838 44.1042 26.4043
      vertex 88 0 14
      vertex 75.4913 44.5874 26.5402
    endloop
  endfacet
  facet normal 3.54611e-05 -0.270736 0.962654
    outer loop
      vertex 74.8017 43.6732 26.2831
      vertex 88 0 14
      vertex 75.1838 44.1042 26.4043
    endloop
  endfacet
  facet normal 0 -0.270746 0.962651
    outer loop
      vertex 68.1 25.0396 21.0424
      vertex 74.8017 43.6732 26.2831
      vertex 74.3542 43.3052 26.1796
    endloop
  endfacet
  facet normal -5.26039e-05 -0.270729 0.962656
    outer loop
      vertex 68.1 25.0396 21.0424
      vertex 74.3542 43.3052 26.1796
      vertex 73.8525 43.0091 26.0963
    endloop
  endfacet
  facet normal 5.8071e-06 -0.270746 0.962651
    outer loop
      vertex 68.1 25.0396 21.0424
      vertex 73.8525 43.0091 26.0963
      vertex 73.3088 42.7922 26.0353
    endloop
  endfacet
  facet normal 1.66679e-05 -0.270749 0.96265
    outer loop
      vertex 68.1 25.0396 21.0424
      vertex 73.3088 42.7922 26.0353
      vertex 72.7366 42.6599 25.9981
    endloop
  endfacet
  facet normal -2.09698e-05 -0.27074 0.962653
    outer loop
      vertex 68.1 25.0396 21.0424
      vertex 72.7366 42.6599 25.9981
      vertex 72.15 42.6155 25.9856
    endloop
  endfacet
  facet normal 2.02508e-05 -0.270749 0.96265
    outer loop
      vertex 68.1 25.0396 21.0424
      vertex 72.15 42.6155 25.9856
      vertex 71.5634 42.6599 25.9981
    endloop
  endfacet
  facet normal -1.49733e-05 -0.270742 0.962652
    outer loop
      vertex 68.1 25.0396 21.0424
      vertex 71.5634 42.6599 25.9981
      vertex 70.9912 42.7922 26.0353
    endloop
  endfacet
  facet normal -4.81457e-06 -0.270744 0.962651
    outer loop
      vertex 68.1 25.0396 21.0424
      vertex 70.9912 42.7922 26.0353
      vertex 70.4475 43.0091 26.0963
    endloop
  endfacet
  facet normal 3.96108e-05 -0.270749 0.96265
    outer loop
      vertex 68.1 25.0396 21.0424
      vertex 70.4475 43.0091 26.0963
      vertex 69.9458 43.3052 26.1796
    endloop
  endfacet
  facet normal 0 -0.270746 0.962651
    outer loop
      vertex 68.1 25.0396 21.0424
      vertex 69.9458 43.3052 26.1796
      vertex 69.4984 43.6732 26.2831
    endloop
  endfacet
  facet normal -4.3541e-05 -0.270743 0.962652
    outer loop
      vertex 68.1 25.0396 21.0424
      vertex 69.4984 43.6732 26.2831
      vertex 69.1162 44.1042 26.4043
    endloop
  endfacet
  facet normal 1.37275e-06 -0.270745 0.962651
    outer loop
      vertex 68.1 25.0396 21.0424
      vertex 69.1162 44.1042 26.4043
      vertex 68.8087 44.5874 26.5402
    endloop
  endfacet
  facet normal -2.65604e-06 -0.270736 0.962654
    outer loop
      vertex 68.4462 46.7919 27.1602
      vertex 61.75 40.4486 25.3762
      vertex 68.4 46.2269 27.0013
    endloop
  endfacet
  facet normal 3.65769e-05 -0.270777 0.962642
    outer loop
      vertex 68.4 46.2269 27.0013
      vertex 61.75 40.4486 25.3762
      vertex 68.4462 45.662 26.8424
    endloop
  endfacet
  facet normal -0.00013354 -0.27074 0.962652
    outer loop
      vertex 68.1 25.0396 21.0424
      vertex 68.8087 44.5874 26.5402
      vertex 68.5835 45.1109 26.6874
    endloop
  endfacet
  facet normal 4.1629e-07 -0.270746 0.962651
    outer loop
      vertex 74.8017 43.6732 26.2831
      vertex 68.1 25.0396 21.0424
      vertex 88 0 14
    endloop
  endfacet
  facet normal -2.4835e-06 -0.270748 0.96265
    outer loop
      vertex 68.1 11.5567 17.2503
      vertex 88 0 14
      vertex 68.1 25.0396 21.0424
    endloop
  endfacet
  facet normal 0 -0.270744 0.962651
    outer loop
      vertex 54.1 11.5567 17.2503
      vertex 88 0 14
      vertex 68.1 11.5567 17.2503
    endloop
  endfacet
  facet normal 0 -0.270748 0.96265
    outer loop
      vertex 49.05 11.5567 17.2503
      vertex 54.1 11.5567 17.2503
      vertex 49.05 25.0396 21.0424
    endloop
  endfacet
  facet normal 0 -0.270744 0.962651
    outer loop
      vertex 49.05 11.5567 17.2503
      vertex 88 0 14
      vertex 54.1 11.5567 17.2503
    endloop
  endfacet
  facet normal 0 -0.270744 0.962651
    outer loop
      vertex 4 0 14
      vertex 49.05 11.5567 17.2503
      vertex 35.05 11.5567 17.2503
    endloop
  endfacet
  facet normal 0 -0.270748 0.96265
    outer loop
      vertex 35.05 25.0396 21.0424
      vertex 30 25.0396 21.0424
      vertex 35.05 11.5567 17.2503
    endloop
  endfacet
  facet normal 0 -0.270748 0.96265
    outer loop
      vertex 30 11.5567 17.2503
      vertex 35.05 11.5567 17.2503
      vertex 30 25.0396 21.0424
    endloop
  endfacet
  facet normal 0 -0.270744 0.962651
    outer loop
      vertex 4 0 14
      vertex 35.05 11.5567 17.2503
      vertex 30 11.5567 17.2503
    endloop
  endfacet
  facet normal 0 -0.270744 0.962651
    outer loop
      vertex 4 0 14
      vertex 30 11.5567 17.2503
      vertex 16 11.5567 17.2503
    endloop
  endfacet
  facet normal 0 -0.270744 0.962651
    outer loop
      vertex 49.05 11.5567 17.2503
      vertex 4 0 14
      vertex 88 0 14
    endloop
  endfacet
  facet normal 4.11847e-06 -0.270748 0.96265
    outer loop
      vertex 16 25.0396 21.0424
      vertex 4 0 14
      vertex 16 11.5567 17.2503
    endloop
  endfacet
  facet normal -1.74686e-05 -0.270773 0.962643
    outer loop
      vertex 73.8525 49.4448 27.9063
      vertex 73.2365 50.1061 28.0923
      vertex 73.3088 49.6617 27.9673
    endloop
  endfacet
  facet normal 0.0011949 -0.27059 0.962694
    outer loop
      vertex 73.1962 49.9444 28.0469
      vertex 73.3088 49.6617 27.9673
      vertex 73.2365 50.1061 28.0923
    endloop
  endfacet
  facet normal 0.000159492 -0.270973 0.962587
    outer loop
      vertex 73.1301 49.7909 28.0037
      vertex 73.3088 49.6617 27.9673
      vertex 73.1962 49.9444 28.0469
    endloop
  endfacet
  facet normal 5.58325e-05 -0.271105 0.96255
    outer loop
      vertex 73.3088 49.6617 27.9673
      vertex 73.1301 49.7909 28.0037
      vertex 73.0814 49.7142 27.9821
    endloop
  endfacet
  facet normal -5.58325e-05 -0.271105 0.96255
    outer loop
      vertex 71.1699 49.7909 28.0037
      vertex 70.9912 49.6617 27.9673
      vertex 71.2186 49.7142 27.9821
    endloop
  endfacet
  facet normal -0.000159492 -0.270973 0.962587
    outer loop
      vertex 71.1038 49.9444 28.0469
      vertex 70.9912 49.6617 27.9673
      vertex 71.1699 49.7909 28.0037
    endloop
  endfacet
  facet normal -0.0011949 -0.27059 0.962694
    outer loop
      vertex 71.0635 50.1061 28.0923
      vertex 70.9912 49.6617 27.9673
      vertex 71.1038 49.9444 28.0469
    endloop
  endfacet
  facet normal -0.000185254 -0.270743 0.962652
    outer loop
      vertex 70.9912 49.6617 27.9673
      vertex 71.0635 50.1061 28.0923
      vertex 71.05 50.2718 28.1389
    endloop
  endfacet
  facet normal 8.52695e-06 -0.270743 0.962652
    outer loop
      vertex 68.5835 45.1109 26.6874
      vertex 61.75 40.4486 25.3762
      vertex 68.1 25.0396 21.0424
    endloop
  endfacet
  facet normal 0 -0.270747 0.962651
    outer loop
      vertex 61.75 40.4486 25.3762
      vertex 54.1 25.0396 21.0424
      vertex 68.1 25.0396 21.0424
    endloop
  endfacet
  facet normal 0 -0.270748 0.96265
    outer loop
      vertex 54.1 25.0396 21.0424
      vertex 49.05 25.0396 21.0424
      vertex 54.1 11.5567 17.2503
    endloop
  endfacet
  facet normal 0 -0.270747 0.962651
    outer loop
      vertex 61.75 40.4486 25.3762
      vertex 49.05 25.0396 21.0424
      vertex 54.1 25.0396 21.0424
    endloop
  endfacet
  facet normal 0 -0.270747 0.962651
    outer loop
      vertex 30.25 40.4486 25.3762
      vertex 49.05 25.0396 21.0424
      vertex 61.75 40.4486 25.3762
    endloop
  endfacet
  facet normal 0 -0.270747 0.962651
    outer loop
      vertex 30 25.0396 21.0424
      vertex 35.05 25.0396 21.0424
      vertex 30.25 40.4486 25.3762
    endloop
  endfacet
  facet normal 0 -0.270747 0.962651
    outer loop
      vertex 49.05 25.0396 21.0424
      vertex 30.25 40.4486 25.3762
      vertex 35.05 25.0396 21.0424
    endloop
  endfacet
  facet normal 0.07839 0.996923 -0
    outer loop
      vertex 88.6257 71.9508 0
      vertex 88 72 32
      vertex 88.6257 71.9508 32
    endloop
  endfacet
  facet normal 0.07839 0.996923 0
    outer loop
      vertex 88 72 32
      vertex 88.6257 71.9508 0
      vertex 88 72 0
    endloop
  endfacet
  facet normal 0.23353 0.97235 -0
    outer loop
      vertex 89.2361 71.8042 0
      vertex 88.6257 71.9508 32
      vertex 89.2361 71.8042 32
    endloop
  endfacet
  facet normal 0.23353 0.97235 0
    outer loop
      vertex 88.6257 71.9508 32
      vertex 89.2361 71.8042 0
      vertex 88.6257 71.9508 0
    endloop
  endfacet
  facet normal -0.996917 -0.0784575 0
    outer loop
      vertex 0.0492458 3.37426 0
      vertex 0 4 14
      vertex 0 4 0
    endloop
  endfacet
  facet normal -0.996917 -0.0784575 0
    outer loop
      vertex 0 4 14
      vertex 0.0492458 3.37426 0
      vertex 0.0492458 3.37426 14
    endloop
  endfacet
  facet normal -0.649443 -0.76041 0
    outer loop
      vertex 1.17157 1.17157 0
      vertex 1.64886 0.763931 14
      vertex 1.17157 1.17157 14
    endloop
  endfacet
  facet normal -0.649443 -0.76041 -0
    outer loop
      vertex 1.64886 0.763931 14
      vertex 1.17157 1.17157 0
      vertex 1.64886 0.763931 0
    endloop
  endfacet
  facet normal 0 0 -1
    outer loop
      vertex 89.4532 4.47295 0
      vertex 92 4 0
      vertex 91.9508 3.37426 0
    endloop
  endfacet
  facet normal 0 0 -1
    outer loop
      vertex 92 4 0
      vertex 89.6 5.4 0
      vertex 92 68 0
    endloop
  endfacet
  facet normal 0 0 -1
    outer loop
      vertex 89.273 4.03803 0
      vertex 91.9508 3.37426 0
      vertex 91.8042 2.76393 0
    endloop
  endfacet
  facet normal 0 0 -1
    outer loop
      vertex 89.6 66.6 0
      vertex 92 68 0
      vertex 89.6 5.4 0
    endloop
  endfacet
  facet normal 0 0 -1
    outer loop
      vertex 89.0271 3.63664 0
      vertex 91.8042 2.76393 0
      vertex 91.564 2.18404 0
    endloop
  endfacet
  facet normal 0 0 -1
    outer loop
      vertex 89.5631 67.0693 0
      vertex 92 68 0
      vertex 89.6 66.6 0
    endloop
  endfacet
  facet normal 0 0 -1
    outer loop
      vertex 89.0271 3.63664 0
      vertex 91.564 2.18404 0
      vertex 91.2361 1.64886 0
    endloop
  endfacet
  facet normal 0 0 -1
    outer loop
      vertex 89.4532 67.5271 0
      vertex 92 68 0
      vertex 89.5631 67.0693 0
    endloop
  endfacet
  facet normal 0 0 -1
    outer loop
      vertex 88.7213 3.27868 0
      vertex 91.2361 1.64886 0
      vertex 90.8284 1.17157 0
    endloop
  endfacet
  facet normal -0 0 -1
    outer loop
      vertex 92 68 0
      vertex 89.4532 67.5271 0
      vertex 91.9508 68.6257 0
    endloop
  endfacet
  facet normal 0 0 -1
    outer loop
      vertex 88.7213 3.27868 0
      vertex 90.8284 1.17157 0
      vertex 90.3511 0.763931 0
    endloop
  endfacet
  facet normal 0 0 -1
    outer loop
      vertex 89.273 67.962 0
      vertex 91.9508 68.6257 0
      vertex 89.4532 67.5271 0
    endloop
  endfacet
  facet normal 0 0 -1
    outer loop
      vertex 88.3634 2.97295 0
      vertex 90.3511 0.763931 0
      vertex 89.816 0.435973 0
    endloop
  endfacet
  facet normal -0 0 -1
    outer loop
      vertex 91.9508 68.6257 0
      vertex 89.273 67.962 0
      vertex 91.8042 69.2361 0
    endloop
  endfacet
  facet normal 0 0 -1
    outer loop
      vertex 89.0271 68.3634 0
      vertex 91.8042 69.2361 0
      vertex 89.273 67.962 0
    endloop
  endfacet
  facet normal 0 0 -1
    outer loop
      vertex 92 4 0
      vertex 89.5631 4.9307 0
      vertex 89.6 5.4 0
    endloop
  endfacet
  facet normal 0 0 -1
    outer loop
      vertex 92 4 0
      vertex 89.4532 4.47295 0
      vertex 89.5631 4.9307 0
    endloop
  endfacet
  facet normal 0 0 -1
    outer loop
      vertex 91.9508 3.37426 0
      vertex 89.273 4.03803 0
      vertex 89.4532 4.47295 0
    endloop
  endfacet
  facet normal 0 0 -1
    outer loop
      vertex 88.3634 2.97295 0
      vertex 89.816 0.435973 0
      vertex 89.2361 0.195773 0
    endloop
  endfacet
  facet normal 0 0 -1
    outer loop
      vertex 91.8042 2.76393 0
      vertex 89.0271 3.63664 0
      vertex 89.273 4.03803 0
    endloop
  endfacet
  facet normal 0 0 -1
    outer loop
      vertex 91.2361 1.64886 0
      vertex 88.7213 3.27868 0
      vertex 89.0271 3.63664 0
    endloop
  endfacet
  facet normal 0 0 -1
    outer loop
      vertex 87.962 2.72698 0
      vertex 89.2361 0.195773 0
      vertex 88.6257 0.0492458 0
    endloop
  endfacet
  facet normal 0 0 -1
    outer loop
      vertex 90.3511 0.763931 0
      vertex 88.3634 2.97295 0
      vertex 88.7213 3.27868 0
    endloop
  endfacet
  facet normal 0 0 -1
    outer loop
      vertex 87.5271 2.54683 0
      vertex 88.6257 0.0492458 0
      vertex 88 0 0
    endloop
  endfacet
  facet normal 0 0 -1
    outer loop
      vertex 89.2361 0.195773 0
      vertex 87.962 2.72698 0
      vertex 88.3634 2.97295 0
    endloop
  endfacet
  facet normal 0 0 -1
    outer loop
      vertex 88.6257 0.0492458 0
      vertex 87.5271 2.54683 0
      vertex 87.962 2.72698 0
    endloop
  endfacet
  facet normal 0 0 -1
    outer loop
      vertex 88 0 0
      vertex 87.0693 2.43693 0
      vertex 87.5271 2.54683 0
    endloop
  endfacet
  facet normal 0 0 -1
    outer loop
      vertex 88 0 0
      vertex 86.6 2.4 0
      vertex 87.0693 2.43693 0
    endloop
  endfacet
  facet normal 0 0 -1
    outer loop
      vertex 88 0 0
      vertex 5.4 2.4 0
      vertex 86.6 2.4 0
    endloop
  endfacet
  facet normal 0 0 -1
    outer loop
      vertex 4 0 0
      vertex 5.4 2.4 0
      vertex 88 0 0
    endloop
  endfacet
  facet normal 0 0 -1
    outer loop
      vertex 4 0 0
      vertex 4.9307 2.43693 0
      vertex 5.4 2.4 0
    endloop
  endfacet
  facet normal 0 0 -1
    outer loop
      vertex 4 0 0
      vertex 4.47295 2.54683 0
      vertex 4.9307 2.43693 0
    endloop
  endfacet
  facet normal 0 0 -1
    outer loop
      vertex 3.37426 0.0492458 0
      vertex 4.47295 2.54683 0
      vertex 4 0 0
    endloop
  endfacet
  facet normal -0 0 -1
    outer loop
      vertex 4.47295 2.54683 0
      vertex 3.37426 0.0492458 0
      vertex 4.03803 2.72698 0
    endloop
  endfacet
  facet normal 0 0 -1
    outer loop
      vertex 2.76393 0.195773 0
      vertex 4.03803 2.72698 0
      vertex 3.37426 0.0492458 0
    endloop
  endfacet
  facet normal -0 0 -1
    outer loop
      vertex 4.03803 2.72698 0
      vertex 2.76393 0.195773 0
      vertex 3.63664 2.97295 0
    endloop
  endfacet
  facet normal 0 0 -1
    outer loop
      vertex 2.18404 0.435973 0
      vertex 3.63664 2.97295 0
      vertex 2.76393 0.195773 0
    endloop
  endfacet
  facet normal 0 0 -1
    outer loop
      vertex 1.64886 0.763931 0
      vertex 3.63664 2.97295 0
      vertex 2.18404 0.435973 0
    endloop
  endfacet
  facet normal -0 0 -1
    outer loop
      vertex 3.63664 2.97295 0
      vertex 1.64886 0.763931 0
      vertex 3.27868 3.27868 0
    endloop
  endfacet
  facet normal 0 0 -1
    outer loop
      vertex 1.17157 1.17157 0
      vertex 3.27868 3.27868 0
      vertex 1.64886 0.763931 0
    endloop
  endfacet
  facet normal 0 0 -1
    outer loop
      vertex 0.763931 1.64886 0
      vertex 3.27868 3.27868 0
      vertex 1.17157 1.17157 0
    endloop
  endfacet
  facet normal -0 0 -1
    outer loop
      vertex 3.27868 3.27868 0
      vertex 0.763931 1.64886 0
      vertex 2.97295 3.63664 0
    endloop
  endfacet
  facet normal 0 0 -1
    outer loop
      vertex 0.195773 2.76393 0
      vertex 2.97295 3.63664 0
      vertex 0.435973 2.18404 0
    endloop
  endfacet
  facet normal 0 0 -1
    outer loop
      vertex 0.435973 2.18404 0
      vertex 2.97295 3.63664 0
      vertex 0.763931 1.64886 0
    endloop
  endfacet
  facet normal -0 0 -1
    outer loop
      vertex 91.8042 69.2361 0
      vertex 89.0271 68.3634 0
      vertex 91.564 69.816 0
    endloop
  endfacet
  facet normal -0 0 -1
    outer loop
      vertex 91.564 69.816 0
      vertex 89.0271 68.3634 0
      vertex 91.2361 70.3511 0
    endloop
  endfacet
  facet normal 0 0 -1
    outer loop
      vertex 88.7213 68.7213 0
      vertex 91.2361 70.3511 0
      vertex 89.0271 68.3634 0
    endloop
  endfacet
  facet normal -0 0 -1
    outer loop
      vertex 91.2361 70.3511 0
      vertex 88.7213 68.7213 0
      vertex 90.8284 70.8284 0
    endloop
  endfacet
  facet normal -0 0 -1
    outer loop
      vertex 90.8284 70.8284 0
      vertex 88.7213 68.7213 0
      vertex 90.3511 71.2361 0
    endloop
  endfacet
  facet normal 0 0 -1
    outer loop
      vertex 88.3634 69.0271 0
      vertex 90.3511 71.2361 0
      vertex 88.7213 68.7213 0
    endloop
  endfacet
  facet normal -0 0 -1
    outer loop
      vertex 90.3511 71.2361 0
      vertex 88.3634 69.0271 0
      vertex 89.816 71.564 0
    endloop
  endfacet
  facet normal -0 0 -1
    outer loop
      vertex 89.816 71.564 0
      vertex 88.3634 69.0271 0
      vertex 89.2361 71.8042 0
    endloop
  endfacet
  facet normal 0 0 -1
    outer loop
      vertex 87.962 69.273 0
      vertex 89.2361 71.8042 0
      vertex 88.3634 69.0271 0
    endloop
  endfacet
  facet normal -0 0 -1
    outer loop
      vertex 89.2361 71.8042 0
      vertex 87.962 69.273 0
      vertex 88.6257 71.9508 0
    endloop
  endfacet
  facet normal 0 0 -1
    outer loop
      vertex 87.5271 69.4532 0
      vertex 88.6257 71.9508 0
      vertex 87.962 69.273 0
    endloop
  endfacet
  facet normal -0 0 -1
    outer loop
      vertex 88.6257 71.9508 0
      vertex 87.5271 69.4532 0
      vertex 88 72 0
    endloop
  endfacet
  facet normal 0 0 -1
    outer loop
      vertex 87.0693 69.5631 0
      vertex 88 72 0
      vertex 87.5271 69.4532 0
    endloop
  endfacet
  facet normal 0 0 -1
    outer loop
      vertex 86.6 69.6 0
      vertex 88 72 0
      vertex 87.0693 69.5631 0
    endloop
  endfacet
  facet normal 0 0 -1
    outer loop
      vertex 5.4 69.6 0
      vertex 88 72 0
      vertex 86.6 69.6 0
    endloop
  endfacet
  facet normal 0 0 -1
    outer loop
      vertex 5.4 69.6 0
      vertex 4 72 0
      vertex 88 72 0
    endloop
  endfacet
  facet normal 0 0 -1
    outer loop
      vertex 4.9307 69.5631 0
      vertex 4 72 0
      vertex 5.4 69.6 0
    endloop
  endfacet
  facet normal 0 0 -1
    outer loop
      vertex 4.47295 69.4532 0
      vertex 4 72 0
      vertex 4.9307 69.5631 0
    endloop
  endfacet
  facet normal 0 0 -1
    outer loop
      vertex 3.37426 71.9508 0
      vertex 4.47295 69.4532 0
      vertex 4.03803 69.273 0
    endloop
  endfacet
  facet normal 0 0 -1
    outer loop
      vertex 2.76393 71.8042 0
      vertex 4.03803 69.273 0
      vertex 3.63664 69.0271 0
    endloop
  endfacet
  facet normal 0 0 -1
    outer loop
      vertex 4.47295 69.4532 0
      vertex 3.37426 71.9508 0
      vertex 4 72 0
    endloop
  endfacet
  facet normal 0 0 -1
    outer loop
      vertex 1.64886 71.2361 0
      vertex 3.63664 69.0271 0
      vertex 3.27868 68.7213 0
    endloop
  endfacet
  facet normal 0 0 -1
    outer loop
      vertex 0.763931 70.3511 0
      vertex 3.27868 68.7213 0
      vertex 2.97295 68.3634 0
    endloop
  endfacet
  facet normal 0 0 -1
    outer loop
      vertex 4.03803 69.273 0
      vertex 2.76393 71.8042 0
      vertex 3.37426 71.9508 0
    endloop
  endfacet
  facet normal 0 0 -1
    outer loop
      vertex 0.195773 69.2361 0
      vertex 2.97295 68.3634 0
      vertex 2.72698 67.962 0
    endloop
  endfacet
  facet normal 0 0 -1
    outer loop
      vertex 0.0492458 68.6257 0
      vertex 2.72698 67.962 0
      vertex 2.54683 67.5271 0
    endloop
  endfacet
  facet normal 0 0 -1
    outer loop
      vertex 0 68 0
      vertex 2.54683 67.5271 0
      vertex 2.43693 67.0693 0
    endloop
  endfacet
  facet normal 0 0 -1
    outer loop
      vertex 0 68 0
      vertex 2.43693 67.0693 0
      vertex 2.4 66.6 0
    endloop
  endfacet
  facet normal 0 0 -1
    outer loop
      vertex 3.63664 69.0271 0
      vertex 2.18404 71.564 0
      vertex 2.76393 71.8042 0
    endloop
  endfacet
  facet normal -0 0 -1
    outer loop
      vertex 2.4 5.4 0
      vertex 0 4 0
      vertex 2.4 66.6 0
    endloop
  endfacet
  facet normal -0 0 -1
    outer loop
      vertex 2.97295 3.63664 0
      vertex 0.195773 2.76393 0
      vertex 2.72698 4.03803 0
    endloop
  endfacet
  facet normal 0 0 -1
    outer loop
      vertex 0 68 0
      vertex 2.4 66.6 0
      vertex 0 4 0
    endloop
  endfacet
  facet normal 0 0 -1
    outer loop
      vertex 0.0492458 3.37426 0
      vertex 2.72698 4.03803 0
      vertex 0.195773 2.76393 0
    endloop
  endfacet
  facet normal 0 0 -1
    outer loop
      vertex 2.54683 67.5271 0
      vertex 0 68 0
      vertex 0.0492458 68.6257 0
    endloop
  endfacet
  facet normal -0 0 -1
    outer loop
      vertex 2.72698 4.03803 0
      vertex 0.0492458 3.37426 0
      vertex 2.54683 4.47295 0
    endloop
  endfacet
  facet normal 0 0 -1
    outer loop
      vertex 3.63664 69.0271 0
      vertex 1.64886 71.2361 0
      vertex 2.18404 71.564 0
    endloop
  endfacet
  facet normal 0 0 -1
    outer loop
      vertex 0 4 0
      vertex 2.54683 4.47295 0
      vertex 0.0492458 3.37426 0
    endloop
  endfacet
  facet normal 0 0 -1
    outer loop
      vertex 3.27868 68.7213 0
      vertex 1.17157 70.8284 0
      vertex 1.64886 71.2361 0
    endloop
  endfacet
  facet normal -0 0 -1
    outer loop
      vertex 2.54683 4.47295 0
      vertex 0 4 0
      vertex 2.43693 4.9307 0
    endloop
  endfacet
  facet normal 0 0 -1
    outer loop
      vertex 3.27868 68.7213 0
      vertex 0.763931 70.3511 0
      vertex 1.17157 70.8284 0
    endloop
  endfacet
  facet normal -0 0 -1
    outer loop
      vertex 2.43693 4.9307 0
      vertex 0 4 0
      vertex 2.4 5.4 0
    endloop
  endfacet
  facet normal 0 0 -1
    outer loop
      vertex 2.97295 68.3634 0
      vertex 0.435973 69.816 0
      vertex 0.763931 70.3511 0
    endloop
  endfacet
  facet normal 0 0 -1
    outer loop
      vertex 2.97295 68.3634 0
      vertex 0.195773 69.2361 0
      vertex 0.435973 69.816 0
    endloop
  endfacet
  facet normal 0 0 -1
    outer loop
      vertex 2.72698 67.962 0
      vertex 0.0492458 68.6257 0
      vertex 0.195773 69.2361 0
    endloop
  endfacet
  facet normal 0.522555 -0.852606 0
    outer loop
      vertex 89.816 0.435973 0
      vertex 90.3511 0.763931 14
      vertex 89.816 0.435973 14
    endloop
  endfacet
  facet normal 0.522555 -0.852606 0
    outer loop
      vertex 90.3511 0.763931 14
      vertex 89.816 0.435973 0
      vertex 90.3511 0.763931 0
    endloop
  endfacet
  facet normal 0.163671 -0.267095 0.94967
    outer loop
      vertex 89.816 64.436 32
      vertex 90.3511 0.763931 14
      vertex 90.3511 64.7639 32
    endloop
  endfacet
  facet normal 0.163699 -0.267093 0.949665
    outer loop
      vertex 90.3511 0.763931 14
      vertex 89.816 64.436 32
      vertex 89.816 0.435973 14
    endloop
  endfacet
  facet normal 0.38268 0.923881 -0
    outer loop
      vertex 89.816 71.564 0
      vertex 89.2361 71.8042 32
      vertex 89.816 71.564 32
    endloop
  endfacet
  facet normal 0.38268 0.923881 0
    outer loop
      vertex 89.2361 71.8042 32
      vertex 89.816 71.564 0
      vertex 89.2361 71.8042 0
    endloop
  endfacet
  facet normal 0.760369 0.649492 0
    outer loop
      vertex 91.2361 70.3511 32
      vertex 90.8284 70.8284 0
      vertex 90.8284 70.8284 32
    endloop
  endfacet
  facet normal 0.760369 0.649492 0
    outer loop
      vertex 90.8284 70.8284 0
      vertex 91.2361 70.3511 32
      vertex 91.2361 70.3511 0
    endloop
  endfacet
  facet normal -0.852641 -0.522498 0
    outer loop
      vertex 0.763931 1.64886 0
      vertex 0.435973 2.18404 14
      vertex 0.435973 2.18404 0
    endloop
  endfacet
  facet normal -0.852641 -0.522498 0
    outer loop
      vertex 0.435973 2.18404 14
      vertex 0.763931 1.64886 0
      vertex 0.763931 1.64886 14
    endloop
  endfacet
  facet normal 0.522487 0.852647 -0
    outer loop
      vertex 90.3511 71.2361 0
      vertex 89.816 71.564 32
      vertex 90.3511 71.2361 32
    endloop
  endfacet
  facet normal 0.522487 0.852647 0
    outer loop
      vertex 89.816 71.564 32
      vertex 90.3511 71.2361 0
      vertex 89.816 71.564 0
    endloop
  endfacet
  facet normal -0.302192 -0.258087 0.917644
    outer loop
      vertex 0.763931 1.64886 14
      vertex 1.17157 65.1716 32
      vertex 0.763931 65.6489 32
    endloop
  endfacet
  facet normal -0.302186 -0.258088 0.917646
    outer loop
      vertex 1.17157 65.1716 32
      vertex 0.763931 1.64886 14
      vertex 1.17157 1.17157 14
    endloop
  endfacet
  facet normal -0.078385 0.996923 0
    outer loop
      vertex 4 72 0
      vertex 3.37426 71.9508 32
      vertex 4 72 32
    endloop
  endfacet
  facet normal -0.078385 0.996923 0
    outer loop
      vertex 3.37426 71.9508 32
      vertex 4 72 0
      vertex 3.37426 71.9508 0
    endloop
  endfacet
  facet normal -0.76041 -0.649443 0
    outer loop
      vertex 1.17157 1.17157 0
      vertex 0.763931 1.64886 14
      vertex 0.763931 1.64886 0
    endloop
  endfacet
  facet normal -0.76041 -0.649443 0
    outer loop
      vertex 0.763931 1.64886 14
      vertex 1.17157 1.17157 0
      vertex 1.17157 1.17157 14
    endloop
  endfacet
  facet normal 0.111447 -0.269059 0.956654
    outer loop
      vertex 89.2361 64.1958 32
      vertex 89.816 0.435973 14
      vertex 89.816 64.436 32
    endloop
  endfacet
  facet normal 0.111447 -0.269059 0.956654
    outer loop
      vertex 89.816 0.435973 14
      vertex 89.2361 64.1958 32
      vertex 89.2361 0.195773 14
    endloop
  endfacet
  facet normal -0.0212831 -0.270684 0.962433
    outer loop
      vertex 3.37426 0.0492458 14
      vertex 4 64 32
      vertex 3.37426 64.0492 32
    endloop
  endfacet
  facet normal -0.0213029 -0.270684 0.962432
    outer loop
      vertex 4 64 32
      vertex 3.37426 0.0492458 14
      vertex 4 0 14
    endloop
  endfacet
  facet normal -0.0784575 -0.996917 0
    outer loop
      vertex 3.37426 0.0492458 0
      vertex 4 0 14
      vertex 3.37426 0.0492458 14
    endloop
  endfacet
  facet normal -0.0784575 -0.996917 -0
    outer loop
      vertex 4 0 14
      vertex 3.37426 0.0492458 0
      vertex 4 0 0
    endloop
  endfacet
  facet normal 0.0212844 -0.270684 0.962433
    outer loop
      vertex 88 64 32
      vertex 88.6257 0.0492458 14
      vertex 88.6257 64.0492 32
    endloop
  endfacet
  facet normal 0.0213042 -0.270684 0.962432
    outer loop
      vertex 88.6257 0.0492458 14
      vertex 88 64 32
      vertex 88 0 14
    endloop
  endfacet
  facet normal 0.0784625 -0.996917 0
    outer loop
      vertex 88 0 0
      vertex 88.6257 0.0492458 14
      vertex 88 0 14
    endloop
  endfacet
  facet normal 0.0784625 -0.996917 0
    outer loop
      vertex 88.6257 0.0492458 14
      vertex 88 0 0
      vertex 88.6257 0.0492458 0
    endloop
  endfacet
  facet normal 0.40414 -0.24765 0.880534
    outer loop
      vertex 91.2361 65.6489 32
      vertex 91.564 2.18404 14
      vertex 91.564 66.184 32
    endloop
  endfacet
  facet normal 0.404191 -0.247644 0.880513
    outer loop
      vertex 91.564 2.18404 14
      vertex 91.2361 65.6489 32
      vertex 91.2361 1.64886 14
    endloop
  endfacet
  facet normal -1 0 0
    outer loop
      vertex 0 4 14
      vertex 0 68 0
      vertex 0 4 0
    endloop
  endfacet
  facet normal -1 0 0
    outer loop
      vertex 0 68 0
      vertex 0 4 14
      vertex 0 68 32
    endloop
  endfacet
  facet normal -0.522431 0.852682 0
    outer loop
      vertex 2.18404 71.564 0
      vertex 1.64886 71.2361 32
      vertex 2.18404 71.564 32
    endloop
  endfacet
  facet normal -0.522431 0.852682 0
    outer loop
      vertex 1.64886 71.2361 32
      vertex 2.18404 71.564 0
      vertex 1.64886 71.2361 0
    endloop
  endfacet
  facet normal 0.225318 -0.263783 0.937897
    outer loop
      vertex 90.3511 64.7639 32
      vertex 90.8284 1.17157 14
      vertex 90.8284 65.1716 32
    endloop
  endfacet
  facet normal 0.225287 -0.263786 0.937904
    outer loop
      vertex 90.8284 1.17157 14
      vertex 90.3511 64.7639 32
      vertex 90.3511 0.763931 14
    endloop
  endfacet
  facet normal 0.23342 -0.972376 0
    outer loop
      vertex 88.6257 0.0492458 0
      vertex 89.2361 0.195773 14
      vertex 88.6257 0.0492458 14
    endloop
  endfacet
  facet normal 0.23342 -0.972376 0
    outer loop
      vertex 89.2361 0.195773 14
      vertex 88.6257 0.0492458 0
      vertex 89.2361 0.195773 0
    endloop
  endfacet
  facet normal -0.233445 -0.97237 0
    outer loop
      vertex 2.76393 0.195773 0
      vertex 3.37426 0.0492458 14
      vertex 2.76393 0.195773 14
    endloop
  endfacet
  facet normal -0.233445 -0.97237 -0
    outer loop
      vertex 3.37426 0.0492458 14
      vertex 2.76393 0.195773 0
      vertex 3.37426 0.0492458 0
    endloop
  endfacet
  facet normal -0.923881 0.38268 0
    outer loop
      vertex 0.195773 69.2361 0
      vertex 0.435973 69.816 32
      vertex 0.435973 69.816 0
    endloop
  endfacet
  facet normal -0.923881 0.38268 0
    outer loop
      vertex 0.435973 69.816 32
      vertex 0.195773 69.2361 0
      vertex 0.195773 69.2361 32
    endloop
  endfacet
  facet normal -0.382686 0.923879 0
    outer loop
      vertex 2.76393 71.8042 0
      vertex 2.18404 71.564 32
      vertex 2.76393 71.8042 32
    endloop
  endfacet
  facet normal -0.382686 0.923879 0
    outer loop
      vertex 2.18404 71.564 32
      vertex 2.76393 71.8042 0
      vertex 2.18404 71.564 0
    endloop
  endfacet
  facet normal -0.382686 -0.923879 0
    outer loop
      vertex 2.18404 0.435973 0
      vertex 2.76393 0.195773 14
      vertex 2.18404 0.435973 14
    endloop
  endfacet
  facet normal -0.382686 -0.923879 -0
    outer loop
      vertex 2.76393 0.195773 14
      vertex 2.18404 0.435973 0
      vertex 2.76393 0.195773 0
    endloop
  endfacet
  facet normal -0.96025 -0.0755766 0.268717
    outer loop
      vertex 0 4 14
      vertex 0.0492458 67.3743 32
      vertex 0 68 32
    endloop
  endfacet
  facet normal -0.960254 -0.0755721 0.268701
    outer loop
      vertex 0.0492458 67.3743 32
      vertex 0 4 14
      vertex 0.0492458 3.37426 14
    endloop
  endfacet
  facet normal -0.748248 -0.179618 0.638641
    outer loop
      vertex 0.0492458 3.37426 14
      vertex 0.195773 66.7639 32
      vertex 0.0492458 67.3743 32
    endloop
  endfacet
  facet normal -0.74821 -0.179629 0.638682
    outer loop
      vertex 0.195773 66.7639 32
      vertex 0.0492458 3.37426 14
      vertex 0.195773 2.76393 14
    endloop
  endfacet
  facet normal -0.163647 -0.267096 0.949673
    outer loop
      vertex 1.64886 0.763931 14
      vertex 2.18404 64.436 32
      vertex 1.64886 64.7639 32
    endloop
  endfacet
  facet normal -0.163675 -0.267094 0.949669
    outer loop
      vertex 2.18404 64.436 32
      vertex 1.64886 0.763931 14
      vertex 2.18404 0.435973 14
    endloop
  endfacet
  facet normal -0.225323 -0.263783 0.937896
    outer loop
      vertex 1.17157 1.17157 14
      vertex 1.64886 64.7639 32
      vertex 1.17157 65.1716 32
    endloop
  endfacet
  facet normal -0.225291 -0.263785 0.937903
    outer loop
      vertex 1.64886 64.7639 32
      vertex 1.17157 1.17157 14
      vertex 1.64886 0.763931 14
    endloop
  endfacet
  facet normal -0.923879 -0.382686 0
    outer loop
      vertex 0.435973 2.18404 0
      vertex 0.195773 2.76393 14
      vertex 0.195773 2.76393 0
    endloop
  endfacet
  facet normal -0.923879 -0.382686 0
    outer loop
      vertex 0.195773 2.76393 14
      vertex 0.435973 2.18404 0
      vertex 0.435973 2.18404 14
    endloop
  endfacet
  facet normal -0.0648954 -0.270175 0.960622
    outer loop
      vertex 2.76393 0.195773 14
      vertex 3.37426 64.0492 32
      vertex 2.76393 64.1958 32
    endloop
  endfacet
  facet normal -0.0648634 -0.270176 0.960624
    outer loop
      vertex 3.37426 64.0492 32
      vertex 2.76393 0.195773 14
      vertex 3.37426 0.0492458 14
    endloop
  endfacet
  facet normal -0.111449 -0.269059 0.956654
    outer loop
      vertex 2.18404 0.435973 14
      vertex 2.76393 64.1958 32
      vertex 2.18404 64.436 32
    endloop
  endfacet
  facet normal -0.111449 -0.269059 0.956654
    outer loop
      vertex 2.76393 64.1958 32
      vertex 2.18404 0.435973 14
      vertex 2.76393 0.195773 14
    endloop
  endfacet
  facet normal 0.649435 -0.760417 0
    outer loop
      vertex 90.3511 0.763931 0
      vertex 90.8284 1.17157 14
      vertex 90.3511 0.763931 14
    endloop
  endfacet
  facet normal 0.649435 -0.760417 0
    outer loop
      vertex 90.8284 1.17157 14
      vertex 90.3511 0.763931 0
      vertex 90.8284 1.17157 0
    endloop
  endfacet
  facet normal 0.649452 0.760403 -0
    outer loop
      vertex 3.63664 2.97295 0
      vertex 3.27868 3.27868 11.6
      vertex 3.63664 2.97295 11.6
    endloop
  endfacet
  facet normal 0.649452 0.760403 0
    outer loop
      vertex 3.27868 3.27868 11.6
      vertex 3.63664 2.97295 0
      vertex 3.27868 3.27868 0
    endloop
  endfacet
  facet normal 0.0676572 0.28157 -0.957153
    outer loop
      vertex 4.9307 2.43693 11.6
      vertex 4.8957 2.80907 11.707
      vertex 4.9307 2.80066 11.707
    endloop
  endfacet
  facet normal 0.0676004 0.281566 -0.957158
    outer loop
      vertex 4.47295 2.54683 11.6
      vertex 4.8957 2.80907 11.707
      vertex 4.9307 2.43693 11.6
    endloop
  endfacet
  facet normal 0.0676724 0.28146 -0.957184
    outer loop
      vertex 4.8957 2.80907 11.707
      vertex 4.47295 2.54683 11.6
      vertex 4.47295 2.98417 11.7286
    endloop
  endfacet
  facet normal 0.0675836 0.281521 -0.957172
    outer loop
      vertex 4.47295 3.90683 12
      vertex 4.9307 63.6369 29.6
      vertex 4.9307 3.79694 12
    endloop
  endfacet
  facet normal 0.0675897 0.281521 -0.957172
    outer loop
      vertex 4.9307 63.6369 29.6
      vertex 4.47295 3.90683 12
      vertex 4.47295 63.7468 29.6
    endloop
  endfacet
  facet normal 0.170376 0.278031 -0.945342
    outer loop
      vertex 3.63664 2.97295 11.6
      vertex 4.03803 3.24108 11.7512
      vertex 4.03803 2.72698 11.6
    endloop
  endfacet
  facet normal 0.170387 0.278015 -0.945344
    outer loop
      vertex 4.03803 3.24108 11.7512
      vertex 3.63664 2.97295 11.6
      vertex 3.9897 3.2707 11.7512
    endloop
  endfacet
  facet normal 0.170339 0.278069 -0.945337
    outer loop
      vertex 3.9897 3.2707 11.7512
      vertex 3.63664 2.97295 11.6
      vertex 3.64057 3.56888 11.776
    endloop
  endfacet
  facet normal 0.170379 0.278041 -0.945338
    outer loop
      vertex 4.03803 63.927 29.6
      vertex 4.03803 4.08698 12
      vertex 3.64556 4.32748 12
    endloop
  endfacet
  facet normal -0.0783858 -0.996923 0
    outer loop
      vertex 86.6 69.6 0
      vertex 87.0693 69.5631 29.6
      vertex 86.6 69.6 29.6
    endloop
  endfacet
  facet normal -0.0783858 -0.996923 -0
    outer loop
      vertex 87.0693 69.5631 29.6
      vertex 86.6 69.6 0
      vertex 87.0693 69.5631 0
    endloop
  endfacet
  facet normal 0.0784491 0.996918 -0
    outer loop
      vertex 5.4 2.4 0
      vertex 4.9307 2.43693 11.6
      vertex 5.4 2.4 11.6
    endloop
  endfacet
  facet normal 0.0784491 0.996918 0
    outer loop
      vertex 4.9307 2.43693 11.6
      vertex 5.4 2.4 0
      vertex 4.9307 2.43693 0
    endloop
  endfacet
  facet normal -0.963299 0.075742 -0.257523
    outer loop
      vertex 89.6 5.4 11.6
      vertex 89.5631 66.1307 29.6
      vertex 89.6 66.6 29.6
    endloop
  endfacet
  facet normal -0.963299 0.075742 -0.257523
    outer loop
      vertex 89.5631 66.1307 29.6
      vertex 89.6 5.4 11.6
      vertex 89.5631 4.9307 11.6
    endloop
  endfacet
  facet normal -9.94985e-05 0.282163 -0.959367
    outer loop
      vertex 30.398 33.1558 20.6458
      vertex 30 25.6878 18.4494
      vertex 30.0547 33.2349 20.6691
    endloop
  endfacet
  facet normal -7.0782e-05 0.282163 -0.959367
    outer loop
      vertex 30 25.6878 18.4494
      vertex 29.7285 33.3647 20.7073
      vertex 30.0547 33.2349 20.6691
    endloop
  endfacet
  facet normal -3.91775e-05 0.282164 -0.959366
    outer loop
      vertex 30 25.6878 18.4494
      vertex 29.4275 33.5418 20.7594
      vertex 29.7285 33.3647 20.7073
    endloop
  endfacet
  facet normal 0.000245896 0.282183 -0.959361
    outer loop
      vertex 30 25.6878 18.4494
      vertex 29.159 33.762 20.8241
      vertex 29.4275 33.5418 20.7594
    endloop
  endfacet
  facet normal -3.76602e-05 0.282156 -0.959369
    outer loop
      vertex 30 25.6878 18.4494
      vertex 28.9297 34.0197 20.8999
      vertex 29.159 33.762 20.8241
    endloop
  endfacet
  facet normal 0 0.28216 -0.959367
    outer loop
      vertex 16 25.6878 18.4494
      vertex 28.9297 34.0197 20.8999
      vertex 30 25.6878 18.4494
    endloop
  endfacet
  facet normal 4.14747e-05 0.282101 -0.959385
    outer loop
      vertex 28.9297 34.0197 20.8999
      vertex 16 25.6878 18.4494
      vertex 28.7452 34.3088 20.9849
    endloop
  endfacet
  facet normal -0.000137223 0.282344 -0.959313
    outer loop
      vertex 28.7452 34.3088 20.9849
      vertex 16 25.6878 18.4494
      vertex 28.6101 34.622 21.0771
    endloop
  endfacet
  facet normal -5.67638e-06 0.282055 -0.959398
    outer loop
      vertex 28.6101 62.4671 29.2668
      vertex 5.4 63.6 29.6
      vertex 28.5277 62.7967 29.3637
    endloop
  endfacet
  facet normal 1.9884e-05 0.282137 -0.959374
    outer loop
      vertex 28.5277 34.9516 21.174
      vertex 16 25.6878 18.4494
      vertex 28.5 35.2896 21.2734
    endloop
  endfacet
  facet normal 7.17594e-05 0.282073 -0.959393
    outer loop
      vertex 28.6101 34.622 21.0771
      vertex 16 25.6878 18.4494
      vertex 28.5277 34.9516 21.174
    endloop
  endfacet
  facet normal -2.63139e-06 0.282135 -0.959375
    outer loop
      vertex 28.5277 62.7967 29.3637
      vertex 5.4 63.6 29.6
      vertex 28.5 63.1347 29.4631
    endloop
  endfacet
  facet normal -9.43599e-07 0.282213 -0.959352
    outer loop
      vertex 28.5 63.1347 29.4631
      vertex 5.4 63.6 29.6
      vertex 28.5277 63.4726 29.5625
    endloop
  endfacet
  facet normal -3.55698e-06 0.28217 -0.959364
    outer loop
      vertex 16 12.2454 14.4957
      vertex 5.4 3.76 12
      vertex 16 25.6878 18.4494
    endloop
  endfacet
  facet normal 4.25911e-06 0.282166 -0.959366
    outer loop
      vertex 16 25.6878 18.4494
      vertex 5.4 3.76 12
      vertex 5.4 63.6 29.6
    endloop
  endfacet
  facet normal 0 0.28237 -0.959306
    outer loop
      vertex 28.5277 63.4726 29.5625
      vertex 5.4 63.6 29.6
      vertex 28.5595 63.6 29.6
    endloop
  endfacet
  facet normal 0 0.282212 -0.959352
    outer loop
      vertex 33 63.1347 29.4631
      vertex 59.0277 63.4726 29.5625
      vertex 59 63.1347 29.4631
    endloop
  endfacet
  facet normal 0 0.282212 -0.959352
    outer loop
      vertex 32.9723 63.4726 29.5625
      vertex 59.0277 63.4726 29.5625
      vertex 33 63.1347 29.4631
    endloop
  endfacet
  facet normal 0 0.28237 -0.959306
    outer loop
      vertex 59.0277 63.4726 29.5625
      vertex 32.9723 63.4726 29.5625
      vertex 59.0595 63.6 29.6
    endloop
  endfacet
  facet normal 0 0.28237 -0.959306
    outer loop
      vertex 59.0595 63.6 29.6
      vertex 32.9723 63.4726 29.5625
      vertex 32.9405 63.6 29.6
    endloop
  endfacet
  facet normal 3.09818e-05 0.282129 -0.959377
    outer loop
      vertex 68.8087 45.177 24.1815
      vertex 61.75 41.0506 22.9678
      vertex 68.5835 45.699 24.335
    endloop
  endfacet
  facet normal -8.34621e-05 0.282142 -0.959373
    outer loop
      vertex 68.4462 47.375 24.8279
      vertex 63.4723 62.7967 29.3637
      vertex 63.5 63.1347 29.4631
    endloop
  endfacet
  facet normal -9.12065e-06 0.282183 -0.959361
    outer loop
      vertex 68.5835 45.699 24.335
      vertex 61.75 41.0506 22.9678
      vertex 68.4462 46.2484 24.4966
    endloop
  endfacet
  facet normal -0.000209982 0.282104 -0.959384
    outer loop
      vertex 68.4462 47.375 24.8279
      vertex 63.3899 62.4671 29.2668
      vertex 63.4723 62.7967 29.3637
    endloop
  endfacet
  facet normal -2.44902e-05 0.282201 -0.959355
    outer loop
      vertex 68.4462 46.2484 24.4966
      vertex 61.75 41.0506 22.9678
      vertex 68.4 46.8117 24.6623
    endloop
  endfacet
  facet normal -3.50789e-06 0.282167 -0.959365
    outer loop
      vertex 61.75 57.3736 27.7687
      vertex 68.4462 47.375 24.8279
      vertex 61.75 41.0506 22.9678
    endloop
  endfacet
  facet normal 0.0001306 0.282037 -0.959404
    outer loop
      vertex 68.4 46.8117 24.6623
      vertex 61.75 41.0506 22.9678
      vertex 68.4462 47.375 24.8279
    endloop
  endfacet
  facet normal 2.55582e-06 0.282171 -0.959364
    outer loop
      vertex 63.2548 62.1539 29.1747
      vertex 68.4462 47.375 24.8279
      vertex 61.75 57.3736 27.7687
    endloop
  endfacet
  facet normal 0.000132273 0.282194 -0.959357
    outer loop
      vertex 61.75 41.0506 22.9678
      vertex 63.0703 36.5594 21.6469
      vertex 62.841 36.8172 21.7227
    endloop
  endfacet
  facet normal -7.44361e-05 0.282146 -0.959371
    outer loop
      vertex 68.4462 47.375 24.8279
      vertex 63.2548 62.1539 29.1747
      vertex 63.3899 62.4671 29.2668
    endloop
  endfacet
  facet normal -0.000164065 0.282124 -0.959378
    outer loop
      vertex 61.75 41.0506 22.9678
      vertex 62.841 36.8172 21.7227
      vertex 62.5725 37.0374 21.7875
    endloop
  endfacet
  facet normal -0.000320045 0.282264 -0.959337
    outer loop
      vertex 63.2548 62.1539 29.1747
      vertex 61.75 57.3736 27.7687
      vertex 63.0703 61.8648 29.0897
    endloop
  endfacet
  facet normal -5.11065e-05 0.282145 -0.959372
    outer loop
      vertex 61.75 41.0506 22.9678
      vertex 62.5725 37.0374 21.7875
      vertex 62.2715 37.2145 21.8396
    endloop
  endfacet
  facet normal 0.000640517 0.282005 -0.959413
    outer loop
      vertex 63.0703 61.8648 29.0897
      vertex 61.75 57.3736 27.7687
      vertex 62.841 61.6071 29.0138
    endloop
  endfacet
  facet normal 0.000230956 0.28218 -0.959361
    outer loop
      vertex 61.75 41.0506 22.9678
      vertex 62.2715 37.2145 21.8396
      vertex 61.9453 37.3443 21.8777
    endloop
  endfacet
  facet normal -0.000282061 0.282223 -0.959349
    outer loop
      vertex 62.841 61.6071 29.0138
      vertex 61.75 57.3736 27.7687
      vertex 62.5725 61.3869 28.9491
    endloop
  endfacet
  facet normal 3.98164e-05 0.282163 -0.959367
    outer loop
      vertex 62.5725 61.3869 28.9491
      vertex 61.75 57.3736 27.7687
      vertex 62.2715 61.2098 28.897
    endloop
  endfacet
  facet normal -9.91328e-05 0.282164 -0.959366
    outer loop
      vertex 61.602 37.4234 21.901
      vertex 61.75 41.0506 22.9678
      vertex 61.9453 37.3443 21.8777
    endloop
  endfacet
  facet normal 6.34629e-05 0.282158 -0.959368
    outer loop
      vertex 61.25 37.45 21.9088
      vertex 61.75 41.0506 22.9678
      vertex 61.602 37.4234 21.901
    endloop
  endfacet
  facet normal -6.48086e-05 0.282175 -0.959363
    outer loop
      vertex 60.898 37.4234 21.901
      vertex 61.75 41.0506 22.9678
      vertex 61.25 37.45 21.9088
    endloop
  endfacet
  facet normal 0.000105791 0.282138 -0.959374
    outer loop
      vertex 60.5547 37.3443 21.8777
      vertex 61.75 41.0506 22.9678
      vertex 60.898 37.4234 21.901
    endloop
  endfacet
  facet normal -0.000259397 0.282246 -0.959342
    outer loop
      vertex 60.2285 37.2145 21.8396
      vertex 61.75 41.0506 22.9678
      vertex 60.5547 37.3443 21.8777
    endloop
  endfacet
  facet normal 6.13314e-05 0.282129 -0.959376
    outer loop
      vertex 59.9275 37.0374 21.7875
      vertex 61.75 41.0506 22.9678
      vertex 60.2285 37.2145 21.8396
    endloop
  endfacet
  facet normal 0.000217493 0.282064 -0.959396
    outer loop
      vertex 59.659 36.8172 21.7227
      vertex 61.75 41.0506 22.9678
      vertex 59.9275 37.0374 21.7875
    endloop
  endfacet
  facet normal -0.000211266 0.282259 -0.959338
    outer loop
      vertex 59.4297 36.5594 21.6469
      vertex 61.75 41.0506 22.9678
      vertex 59.659 36.8172 21.7227
    endloop
  endfacet
  facet normal 0 0.282166 -0.959366
    outer loop
      vertex 32.5703 36.5594 21.6469
      vertex 59.4297 36.5594 21.6469
      vertex 59.2452 36.2704 21.5619
    endloop
  endfacet
  facet normal 2.46065e-05 0.282137 -0.959374
    outer loop
      vertex 59.0277 34.9516 21.174
      vertex 49.05 25.6878 18.4494
      vertex 59 35.2896 21.2734
    endloop
  endfacet
  facet normal 2.88327e-05 0.282133 -0.959375
    outer loop
      vertex 59 35.2896 21.2734
      vertex 49.05 25.6878 18.4494
      vertex 59.0277 35.6276 21.3728
    endloop
  endfacet
  facet normal 0 0.28216 -0.959367
    outer loop
      vertex 32.9723 35.6276 21.3728
      vertex 59.0277 35.6276 21.3728
      vertex 49.05 25.6878 18.4494
    endloop
  endfacet
  facet normal 0 0.28217 -0.959364
    outer loop
      vertex 49.05 25.6878 18.4494
      vertex 54.1 25.6878 18.4494
      vertex 49.05 12.2454 14.4957
    endloop
  endfacet
  facet normal 0 0.282324 -0.959319
    outer loop
      vertex 59.0277 35.6276 21.3728
      vertex 32.9723 35.6276 21.3728
      vertex 59.1101 35.9572 21.4698
    endloop
  endfacet
  facet normal 0 0.282324 -0.959319
    outer loop
      vertex 32.8899 35.9572 21.4698
      vertex 59.1101 35.9572 21.4698
      vertex 32.9723 35.6276 21.3728
    endloop
  endfacet
  facet normal 0 0.282166 -0.959366
    outer loop
      vertex 32.8899 34.622 21.0771
      vertex 49.05 25.6878 18.4494
      vertex 35.05 25.6878 18.4494
    endloop
  endfacet
  facet normal -1.56915e-05 0.282137 -0.959374
    outer loop
      vertex 33 35.2896 21.2734
      vertex 49.05 25.6878 18.4494
      vertex 32.9723 34.9516 21.174
    endloop
  endfacet
  facet normal 0 0.282117 -0.95938
    outer loop
      vertex 59.1101 35.9572 21.4698
      vertex 32.8899 35.9572 21.4698
      vertex 59.2452 36.2704 21.5619
    endloop
  endfacet
  facet normal 0 0.282117 -0.95938
    outer loop
      vertex 32.7548 36.2704 21.5619
      vertex 59.2452 36.2704 21.5619
      vertex 32.8899 35.9572 21.4698
    endloop
  endfacet
  facet normal 0 0.282166 -0.959366
    outer loop
      vertex 32.5703 36.5594 21.6469
      vertex 59.2452 36.2704 21.5619
      vertex 32.7548 36.2704 21.5619
    endloop
  endfacet
  facet normal 0 0.282158 -0.959368
    outer loop
      vertex 59.4297 36.5594 21.6469
      vertex 32.5703 36.5594 21.6469
      vertex 61.75 41.0506 22.9678
    endloop
  endfacet
  facet normal 0.000211266 0.282259 -0.959338
    outer loop
      vertex 30.25 41.0506 22.9678
      vertex 32.5703 36.5594 21.6469
      vertex 32.341 36.8172 21.7227
    endloop
  endfacet
  facet normal -0.000217493 0.282064 -0.959396
    outer loop
      vertex 30.25 41.0506 22.9678
      vertex 32.341 36.8172 21.7227
      vertex 32.0725 37.0374 21.7875
    endloop
  endfacet
  facet normal -6.13314e-05 0.282129 -0.959376
    outer loop
      vertex 30.25 41.0506 22.9678
      vertex 32.0725 37.0374 21.7875
      vertex 31.7715 37.2145 21.8396
    endloop
  endfacet
  facet normal 0.000259397 0.282246 -0.959342
    outer loop
      vertex 30.25 41.0506 22.9678
      vertex 31.7715 37.2145 21.8396
      vertex 31.4453 37.3443 21.8777
    endloop
  endfacet
  facet normal -0.000105791 0.282138 -0.959374
    outer loop
      vertex 30.25 41.0506 22.9678
      vertex 31.4453 37.3443 21.8777
      vertex 31.102 37.4234 21.901
    endloop
  endfacet
  facet normal 6.48086e-05 0.282175 -0.959363
    outer loop
      vertex 30.25 41.0506 22.9678
      vertex 31.102 37.4234 21.901
      vertex 30.75 37.45 21.9088
    endloop
  endfacet
  facet normal -6.34629e-05 0.282158 -0.959368
    outer loop
      vertex 30.25 41.0506 22.9678
      vertex 30.75 37.45 21.9088
      vertex 30.398 37.4234 21.901
    endloop
  endfacet
  facet normal 0 0.282158 -0.959368
    outer loop
      vertex 32.5703 36.5594 21.6469
      vertex 30.25 41.0506 22.9678
      vertex 61.75 41.0506 22.9678
    endloop
  endfacet
  facet normal -0.000230956 0.28218 -0.959361
    outer loop
      vertex 29.7285 37.2145 21.8396
      vertex 30.25 41.0506 22.9678
      vertex 30.0547 37.3443 21.8777
    endloop
  endfacet
  facet normal 9.91328e-05 0.282164 -0.959366
    outer loop
      vertex 30.0547 37.3443 21.8777
      vertex 30.25 41.0506 22.9678
      vertex 30.398 37.4234 21.901
    endloop
  endfacet
  facet normal 3.02399e-05 0.282133 -0.959375
    outer loop
      vertex 72.15 43.211 23.6032
      vertex 63.4723 34.9516 21.174
      vertex 63.5 35.2896 21.2734
    endloop
  endfacet
  facet normal -0.000153401 0.282091 -0.959388
    outer loop
      vertex 68.1 25.6878 18.4494
      vertex 63.3899 34.622 21.0771
      vertex 63.4723 34.9516 21.174
    endloop
  endfacet
  facet normal 0.000263812 0.282294 -0.959328
    outer loop
      vertex 68.1 25.6878 18.4494
      vertex 63.2548 34.3088 20.9849
      vertex 63.3899 34.622 21.0771
    endloop
  endfacet
  facet normal -7.31404e-05 0.282119 -0.959379
    outer loop
      vertex 68.1 25.6878 18.4494
      vertex 63.0703 34.0197 20.8999
      vertex 63.2548 34.3088 20.9849
    endloop
  endfacet
  facet normal 1.91983e-05 0.282171 -0.959364
    outer loop
      vertex 68.1 25.6878 18.4494
      vertex 62.841 33.762 20.8241
      vertex 63.0703 34.0197 20.8999
    endloop
  endfacet
  facet normal -0.000146594 0.282071 -0.959393
    outer loop
      vertex 68.1 25.6878 18.4494
      vertex 62.5725 33.5418 20.7594
      vertex 62.841 33.762 20.8241
    endloop
  endfacet
  facet normal 2.65168e-05 0.282184 -0.95936
    outer loop
      vertex 68.1 25.6878 18.4494
      vertex 62.2715 33.3647 20.7073
      vertex 62.5725 33.5418 20.7594
    endloop
  endfacet
  facet normal 5.35939e-05 0.282202 -0.959355
    outer loop
      vertex 68.1 25.6878 18.4494
      vertex 61.9453 33.2349 20.6691
      vertex 62.2715 33.3647 20.7073
    endloop
  endfacet
  facet normal 8.38982e-05 0.282225 -0.959348
    outer loop
      vertex 68.1 25.6878 18.4494
      vertex 61.602 33.1558 20.6458
      vertex 61.9453 33.2349 20.6691
    endloop
  endfacet
  facet normal -5.95303e-05 0.28211 -0.959382
    outer loop
      vertex 68.1 25.6878 18.4494
      vertex 61.25 33.1292 20.638
      vertex 61.602 33.1558 20.6458
    endloop
  endfacet
  facet normal 0 0.282161 -0.959367
    outer loop
      vertex 54.1 25.6878 18.4494
      vertex 61.25 33.1292 20.638
      vertex 68.1 25.6878 18.4494
    endloop
  endfacet
  facet normal 5.93612e-05 0.282108 -0.959383
    outer loop
      vertex 61.25 33.1292 20.638
      vertex 54.1 25.6878 18.4494
      vertex 60.898 33.1558 20.6458
    endloop
  endfacet
  facet normal -8.32562e-05 0.282228 -0.959347
    outer loop
      vertex 60.898 33.1558 20.6458
      vertex 54.1 25.6878 18.4494
      vertex 60.5547 33.2349 20.6691
    endloop
  endfacet
  facet normal -5.29614e-05 0.282204 -0.959354
    outer loop
      vertex 60.5547 33.2349 20.6691
      vertex 54.1 25.6878 18.4494
      vertex 60.2285 33.3647 20.7073
    endloop
  endfacet
  facet normal -2.61019e-05 0.282184 -0.95936
    outer loop
      vertex 60.2285 33.3647 20.7073
      vertex 54.1 25.6878 18.4494
      vertex 59.9275 33.5418 20.7594
    endloop
  endfacet
  facet normal 0 0.282162 -0.959367
    outer loop
      vertex 49.05 25.6878 18.4494
      vertex 59.0277 34.9516 21.174
      vertex 54.1 25.6878 18.4494
    endloop
  endfacet
  facet normal 0.000147048 0.28209 -0.959388
    outer loop
      vertex 59.1101 34.622 21.0771
      vertex 54.1 25.6878 18.4494
      vertex 59.0277 34.9516 21.174
    endloop
  endfacet
  facet normal -0.000254883 0.282297 -0.959327
    outer loop
      vertex 59.2452 34.3088 20.9849
      vertex 54.1 25.6878 18.4494
      vertex 59.1101 34.622 21.0771
    endloop
  endfacet
  facet normal 7.10795e-05 0.282118 -0.95938
    outer loop
      vertex 59.4297 34.0197 20.8999
      vertex 54.1 25.6878 18.4494
      vertex 59.2452 34.3088 20.9849
    endloop
  endfacet
  facet normal -1.87463e-05 0.282171 -0.959364
    outer loop
      vertex 59.659 33.762 20.8241
      vertex 54.1 25.6878 18.4494
      vertex 59.4297 34.0197 20.8999
    endloop
  endfacet
  facet normal 0.000143739 0.282068 -0.959394
    outer loop
      vertex 59.9275 33.5418 20.7594
      vertex 54.1 25.6878 18.4494
      vertex 59.659 33.762 20.8241
    endloop
  endfacet
  facet normal -0.000236887 0.282354 -0.95931
    outer loop
      vertex 70.4475 50.0199 25.6059
      vertex 71.0635 50.6792 25.7998
      vertex 70.9912 50.2361 25.6694
    endloop
  endfacet
  facet normal 0.000146316 0.282297 -0.959327
    outer loop
      vertex 71.1038 50.5181 25.7524
      vertex 70.9912 50.2361 25.6694
      vertex 71.0635 50.6792 25.7998
    endloop
  endfacet
  facet normal -6.94944e-05 0.282376 -0.959304
    outer loop
      vertex 71.1699 50.3649 25.7073
      vertex 70.9912 50.2361 25.6694
      vertex 71.1038 50.5181 25.7524
    endloop
  endfacet
  facet normal 0.000320502 0.281878 -0.95945
    outer loop
      vertex 70.9912 50.2361 25.6694
      vertex 71.1699 50.3649 25.7073
      vertex 71.2186 50.2886 25.6849
    endloop
  endfacet
  facet normal 8.40897e-05 0.282223 -0.959349
    outer loop
      vertex 73.8525 50.0199 25.6059
      vertex 73.2365 50.6792 25.7998
      vertex 73.25 50.8444 25.8484
    endloop
  endfacet
  facet normal -0.000146316 0.282297 -0.959327
    outer loop
      vertex 73.3088 50.2361 25.6694
      vertex 73.1962 50.5181 25.7524
      vertex 73.2365 50.6792 25.7998
    endloop
  endfacet
  facet normal 6.94944e-05 0.282376 -0.959304
    outer loop
      vertex 73.3088 50.2361 25.6694
      vertex 73.1301 50.3649 25.7073
      vertex 73.1962 50.5181 25.7524
    endloop
  endfacet
  facet normal -0.000320502 0.281878 -0.95945
    outer loop
      vertex 73.1301 50.3649 25.7073
      vertex 73.3088 50.2361 25.6694
      vertex 73.0814 50.2886 25.6849
    endloop
  endfacet
  facet normal 5.15575e-05 0.282157 -0.959368
    outer loop
      vertex 86.6 2.4 11.6
      vertex 86.1 2.65 11.6735
      vertex 86.6 2.68935 11.6851
    endloop
  endfacet
  facet normal -8.30031e-05 0.28191 -0.959441
    outer loop
      vertex 86.6 2.4 11.6
      vertex 85.5916 2.69001 11.6853
      vertex 86.1 2.65 11.6735
    endloop
  endfacet
  facet normal 0.000220773 0.282882 -0.959155
    outer loop
      vertex 86.6 2.4 11.6
      vertex 85.0957 2.80907 11.7203
      vertex 85.5916 2.69001 11.6853
    endloop
  endfacet
  facet normal -7.57919e-05 0.282209 -0.959353
    outer loop
      vertex 86.6 63.6 29.6
      vertex 75.8538 46.2484 24.4966
      vertex 75.9 46.8117 24.6623
    endloop
  endfacet
  facet normal 4.03276e-05 0.282176 -0.959363
    outer loop
      vertex 86.6 3.76 12
      vertex 75.7165 45.699 24.335
      vertex 75.8538 46.2484 24.4966
    endloop
  endfacet
  facet normal -7.82359e-05 0.282148 -0.959371
    outer loop
      vertex 86.6 3.76 12
      vertex 75.4913 45.177 24.1815
      vertex 75.7165 45.699 24.335
    endloop
  endfacet
  facet normal 5.0939e-05 0.28218 -0.959362
    outer loop
      vertex 86.6 3.76 12
      vertex 75.1838 44.6953 24.0398
      vertex 75.4913 45.177 24.1815
    endloop
  endfacet
  facet normal 8.98312e-05 0.28219 -0.959359
    outer loop
      vertex 86.6 3.76 12
      vertex 74.8017 44.2657 23.9134
      vertex 75.1838 44.6953 24.0398
    endloop
  endfacet
  facet normal -5.4926e-06 0.282164 -0.959366
    outer loop
      vertex 86.6 3.76 12
      vertex 68.1 25.6878 18.4494
      vertex 74.8017 44.2657 23.9134
    endloop
  endfacet
  facet normal -0.000120055 0.282202 -0.959355
    outer loop
      vertex 74.8017 44.2657 23.9134
      vertex 68.1 25.6878 18.4494
      vertex 74.3542 43.8987 23.8055
    endloop
  endfacet
  facet normal -5.45599e-05 0.282181 -0.959361
    outer loop
      vertex 74.3542 43.8987 23.8055
      vertex 68.1 25.6878 18.4494
      vertex 73.8525 43.6035 23.7187
    endloop
  endfacet
  facet normal 2.43718e-05 0.282158 -0.959368
    outer loop
      vertex 73.8525 43.6035 23.7187
      vertex 68.1 25.6878 18.4494
      vertex 73.3088 43.3873 23.6551
    endloop
  endfacet
  facet normal 1.10533e-05 0.282162 -0.959367
    outer loop
      vertex 73.3088 43.3873 23.6551
      vertex 68.1 25.6878 18.4494
      vertex 72.7366 43.2554 23.6163
    endloop
  endfacet
  facet normal 6.88896e-05 0.282148 -0.959371
    outer loop
      vertex 72.7366 43.2554 23.6163
      vertex 68.1 25.6878 18.4494
      vertex 72.15 43.211 23.6032
    endloop
  endfacet
  facet normal 4.99215e-07 0.282162 -0.959367
    outer loop
      vertex 63.4723 34.9516 21.174
      vertex 72.15 43.211 23.6032
      vertex 68.1 25.6878 18.4494
    endloop
  endfacet
  facet normal -6.23998e-05 0.282226 -0.959348
    outer loop
      vertex 72.15 43.211 23.6032
      vertex 63.5 35.2896 21.2734
      vertex 71.5634 43.2554 23.6163
    endloop
  endfacet
  facet normal 3.24602e-05 0.282138 -0.959374
    outer loop
      vertex 63.4723 35.6276 21.3728
      vertex 71.5634 43.2554 23.6163
      vertex 63.5 35.2896 21.2734
    endloop
  endfacet
  facet normal -7.23958e-06 0.282177 -0.959362
    outer loop
      vertex 71.5634 43.2554 23.6163
      vertex 63.4723 35.6276 21.3728
      vertex 70.9912 43.3873 23.6551
    endloop
  endfacet
  facet normal -0.000136876 0.282292 -0.959328
    outer loop
      vertex 63.3899 35.9572 21.4698
      vertex 70.9912 43.3873 23.6551
      vertex 63.4723 35.6276 21.3728
    endloop
  endfacet
  facet normal -1.56148e-05 0.282178 -0.959362
    outer loop
      vertex 70.9912 43.3873 23.6551
      vertex 63.3899 35.9572 21.4698
      vertex 70.4475 43.6035 23.7187
    endloop
  endfacet
  facet normal 3.88222e-05 0.282132 -0.959376
    outer loop
      vertex 63.2548 36.2704 21.5619
      vertex 70.4475 43.6035 23.7187
      vertex 63.3899 35.9572 21.4698
    endloop
  endfacet
  facet normal -1.46441e-06 0.282165 -0.959366
    outer loop
      vertex 63.0703 36.5594 21.6469
      vertex 69.9458 43.8987 23.8055
      vertex 63.2548 36.2704 21.5619
    endloop
  endfacet
  facet normal 2.88161e-05 0.282141 -0.959373
    outer loop
      vertex 70.4475 43.6035 23.7187
      vertex 63.2548 36.2704 21.5619
      vertex 69.9458 43.8987 23.8055
    endloop
  endfacet
  facet normal 2.42206e-06 0.28217 -0.959364
    outer loop
      vertex 68.1 25.6878 18.4494
      vertex 83.6669 3.76 12
      vertex 68.1 12.2454 14.4957
    endloop
  endfacet
  facet normal 6.78178e-07 0.282167 -0.959365
    outer loop
      vertex 83.8019 3.6019 11.9535
      vertex 68.1 12.2454 14.4957
      vertex 83.6669 3.76 12
    endloop
  endfacet
  facet normal -1.47546e-05 0.282119 -0.959379
    outer loop
      vertex 54.1 12.2454 14.4957
      vertex 83.8019 3.6019 11.9535
      vertex 84.1897 3.2707 11.8561
    endloop
  endfacet
  facet normal 5.6468e-05 0.282339 -0.959315
    outer loop
      vertex 54.1 12.2454 14.4957
      vertex 84.1897 3.2707 11.8561
      vertex 84.6245 3.00423 11.7777
    endloop
  endfacet
  facet normal 0 0.282166 -0.959366
    outer loop
      vertex 83.8019 3.6019 11.9535
      vertex 54.1 12.2454 14.4957
      vertex 68.1 12.2454 14.4957
    endloop
  endfacet
  facet normal 0 0.282166 -0.959366
    outer loop
      vertex 7.37547 3.00423 11.7777
      vertex 84.6245 3.00423 11.7777
      vertex 85.0957 2.80907 11.7203
    endloop
  endfacet
  facet normal 0 0.28217 -0.959364
    outer loop
      vertex 54.1 12.2454 14.4957
      vertex 49.05 12.2454 14.4957
      vertex 54.1 25.6878 18.4494
    endloop
  endfacet
  facet normal 0 0.282167 -0.959365
    outer loop
      vertex 84.6245 3.00423 11.7777
      vertex 49.05 12.2454 14.4957
      vertex 54.1 12.2454 14.4957
    endloop
  endfacet
  facet normal 0 0.282135 -0.959375
    outer loop
      vertex 6.9043 2.80907 11.7203
      vertex 85.0957 2.80907 11.7203
      vertex 86.6 2.4 11.6
    endloop
  endfacet
  facet normal 0 0.282167 -0.959365
    outer loop
      vertex 84.6245 3.00423 11.7777
      vertex 7.37547 3.00423 11.7777
      vertex 49.05 12.2454 14.4957
    endloop
  endfacet
  facet normal 0 0.28217 -0.959364
    outer loop
      vertex 30 12.2454 14.4957
      vertex 35.05 25.6878 18.4494
      vertex 35.05 12.2454 14.4957
    endloop
  endfacet
  facet normal -1.73095e-05 0.282134 -0.959375
    outer loop
      vertex 32.9723 35.6276 21.3728
      vertex 49.05 25.6878 18.4494
      vertex 33 35.2896 21.2734
    endloop
  endfacet
  facet normal -5.79098e-05 0.282069 -0.959394
    outer loop
      vertex 49.05 25.6878 18.4494
      vertex 32.8899 34.622 21.0771
      vertex 32.9723 34.9516 21.174
    endloop
  endfacet
  facet normal 0.000375678 0.282249 -0.959341
    outer loop
      vertex 35.05 25.6878 18.4494
      vertex 32.7548 34.3088 20.9849
      vertex 32.8899 34.622 21.0771
    endloop
  endfacet
  facet normal -9.70604e-05 0.282134 -0.959375
    outer loop
      vertex 35.05 25.6878 18.4494
      vertex 32.5703 34.0197 20.8999
      vertex 32.7548 34.3088 20.9849
    endloop
  endfacet
  facet normal 2.41467e-05 0.282167 -0.959365
    outer loop
      vertex 35.05 25.6878 18.4494
      vertex 32.341 33.762 20.8241
      vertex 32.5703 34.0197 20.8999
    endloop
  endfacet
  facet normal -0.000176368 0.282105 -0.959384
    outer loop
      vertex 35.05 25.6878 18.4494
      vertex 32.0725 33.5418 20.7594
      vertex 32.341 33.762 20.8241
    endloop
  endfacet
  facet normal 3.06585e-05 0.282177 -0.959362
    outer loop
      vertex 35.05 25.6878 18.4494
      vertex 31.7715 33.3647 20.7073
      vertex 32.0725 33.5418 20.7594
    endloop
  endfacet
  facet normal 5.9649e-05 0.282188 -0.959359
    outer loop
      vertex 35.05 25.6878 18.4494
      vertex 31.4453 33.2349 20.6691
      vertex 31.7715 33.3647 20.7073
    endloop
  endfacet
  facet normal 0 0.282162 -0.959367
    outer loop
      vertex 30 25.6878 18.4494
      vertex 31.4453 33.2349 20.6691
      vertex 35.05 25.6878 18.4494
    endloop
  endfacet
  facet normal 0 0.28217 -0.959364
    outer loop
      vertex 30 25.6878 18.4494
      vertex 35.05 25.6878 18.4494
      vertex 30 12.2454 14.4957
    endloop
  endfacet
  facet normal 0.000104266 0.282144 -0.959372
    outer loop
      vertex 31.4453 33.2349 20.6691
      vertex 30 25.6878 18.4494
      vertex 31.102 33.1558 20.6458
    endloop
  endfacet
  facet normal -6.41589e-05 0.282167 -0.959365
    outer loop
      vertex 31.102 33.1558 20.6458
      vertex 30 25.6878 18.4494
      vertex 30.75 33.1292 20.638
    endloop
  endfacet
  facet normal 6.31892e-05 0.282155 -0.959369
    outer loop
      vertex 30.75 33.1292 20.638
      vertex 30 25.6878 18.4494
      vertex 30.398 33.1558 20.6458
    endloop
  endfacet
  facet normal 0 0.282167 -0.959365
    outer loop
      vertex 49.05 12.2454 14.4957
      vertex 7.37547 3.00423 11.7777
      vertex 35.05 12.2454 14.4957
    endloop
  endfacet
  facet normal 0 0.282165 -0.959366
    outer loop
      vertex 35.05 12.2454 14.4957
      vertex 7.8103 3.2707 11.8561
      vertex 30 12.2454 14.4957
    endloop
  endfacet
  facet normal 0 0.282166 -0.959366
    outer loop
      vertex 5.4 3.76 12
      vertex 16 12.2454 14.4957
      vertex 8.33313 3.76 12
    endloop
  endfacet
  facet normal 0 0.282166 -0.959366
    outer loop
      vertex 30 12.2454 14.4957
      vertex 8.33313 3.76 12
      vertex 16 12.2454 14.4957
    endloop
  endfacet
  facet normal -3.91363e-07 0.282167 -0.959365
    outer loop
      vertex 30 12.2454 14.4957
      vertex 8.1981 3.6019 11.9535
      vertex 8.33313 3.76 12
    endloop
  endfacet
  facet normal 2.47332e-05 0.282108 -0.959383
    outer loop
      vertex 30 12.2454 14.4957
      vertex 7.8103 3.2707 11.8561
      vertex 8.1981 3.6019 11.9535
    endloop
  endfacet
  facet normal -6.92501e-05 0.282358 -0.959309
    outer loop
      vertex 35.05 12.2454 14.4957
      vertex 7.37547 3.00423 11.7777
      vertex 7.8103 3.2707 11.8561
    endloop
  endfacet
  facet normal 0 0.282166 -0.959366
    outer loop
      vertex 85.0957 2.80907 11.7203
      vertex 6.9043 2.80907 11.7203
      vertex 7.37547 3.00423 11.7777
    endloop
  endfacet
  facet normal 0 0.282135 -0.959375
    outer loop
      vertex 5.4 2.4 11.6
      vertex 6.9043 2.80907 11.7203
      vertex 86.6 2.4 11.6
    endloop
  endfacet
  facet normal -0.000220811 0.282882 -0.959155
    outer loop
      vertex 6.9043 2.80907 11.7203
      vertex 5.4 2.4 11.6
      vertex 6.40841 2.69001 11.6853
    endloop
  endfacet
  facet normal 8.30012e-05 0.28191 -0.959441
    outer loop
      vertex 6.40841 2.69001 11.6853
      vertex 5.4 2.4 11.6
      vertex 5.9 2.65 11.6735
    endloop
  endfacet
  facet normal -5.15575e-05 0.282157 -0.959368
    outer loop
      vertex 5.9 2.65 11.6735
      vertex 5.4 2.4 11.6
      vertex 5.4 2.68935 11.6851
    endloop
  endfacet
  facet normal 0 0.282168 -0.959365
    outer loop
      vertex 68.1 25.6878 18.4494
      vertex 86.6 3.76 12
      vertex 83.6669 3.76 12
    endloop
  endfacet
  facet normal -1.05029e-06 0.282166 -0.959366
    outer loop
      vertex 75.8538 46.2484 24.4966
      vertex 86.6 63.6 29.6
      vertex 86.6 3.76 12
    endloop
  endfacet
  facet normal 0.000178248 0.28206 -0.959397
    outer loop
      vertex 75.8538 47.375 24.8279
      vertex 86.6 63.6 29.6
      vertex 75.9 46.8117 24.6623
    endloop
  endfacet
  facet normal -1.98511e-05 0.282181 -0.959361
    outer loop
      vertex 75.7165 47.9244 24.9895
      vertex 86.6 63.6 29.6
      vertex 75.8538 47.375 24.8279
    endloop
  endfacet
  facet normal 4.96178e-05 0.282136 -0.959374
    outer loop
      vertex 75.4913 48.4464 25.143
      vertex 86.6 63.6 29.6
      vertex 75.7165 47.9244 24.9895
    endloop
  endfacet
  facet normal -3.14541e-05 0.282191 -0.959358
    outer loop
      vertex 75.1838 48.9281 25.2847
      vertex 86.6 63.6 29.6
      vertex 75.4913 48.4464 25.143
    endloop
  endfacet
  facet normal -6.16364e-05 0.282213 -0.959352
    outer loop
      vertex 74.8017 49.3577 25.4111
      vertex 86.6 63.6 29.6
      vertex 75.1838 48.9281 25.2847
    endloop
  endfacet
  facet normal 0.000299315 0.282403 -0.959296
    outer loop
      vertex 73.1301 51.3239 25.9894
      vertex 74.8017 49.3577 25.4111
      vertex 74.3542 49.7247 25.519
    endloop
  endfacet
  facet normal -0.000246605 0.282009 -0.959412
    outer loop
      vertex 73.2365 51.0097 25.897
      vertex 74.3542 49.7247 25.519
      vertex 73.8525 50.0199 25.6059
    endloop
  endfacet
  facet normal 0.000236887 0.282354 -0.95931
    outer loop
      vertex 73.2365 50.6792 25.7998
      vertex 73.8525 50.0199 25.6059
      vertex 73.3088 50.2361 25.6694
    endloop
  endfacet
  facet normal -0.000157798 0.28206 -0.959397
    outer loop
      vertex 73.2365 51.0097 25.897
      vertex 73.8525 50.0199 25.6059
      vertex 73.25 50.8444 25.8484
    endloop
  endfacet
  facet normal 9.87181e-05 0.282286 -0.95933
    outer loop
      vertex 74.3542 49.7247 25.519
      vertex 73.2365 51.0097 25.897
      vertex 73.1962 51.1708 25.9444
    endloop
  endfacet
  facet normal -0.000636978 0.281743 -0.95949
    outer loop
      vertex 74.3542 49.7247 25.519
      vertex 73.1962 51.1708 25.9444
      vertex 73.1301 51.3239 25.9894
    endloop
  endfacet
  facet normal -2.18201e-06 0.282167 -0.959365
    outer loop
      vertex 74.8017 49.3577 25.4111
      vertex 73.1301 51.3239 25.9894
      vertex 86.6 63.6 29.6
    endloop
  endfacet
  facet normal -4.67963e-05 0.282212 -0.959352
    outer loop
      vertex 73.0399 51.4653 26.031
      vertex 86.6 63.6 29.6
      vertex 73.1301 51.3239 25.9894
    endloop
  endfacet
  facet normal 0.000222001 0.281936 -0.959433
    outer loop
      vertex 72.9278 51.5913 26.068
      vertex 86.6 63.6 29.6
      vertex 73.0399 51.4653 26.031
    endloop
  endfacet
  facet normal -0.000199183 0.282377 -0.959303
    outer loop
      vertex 72.7966 51.6989 26.0997
      vertex 86.6 63.6 29.6
      vertex 72.9278 51.5913 26.068
    endloop
  endfacet
  facet normal -0.0001146 0.282287 -0.95933
    outer loop
      vertex 72.6494 51.7855 26.1252
      vertex 86.6 63.6 29.6
      vertex 72.7966 51.6989 26.0997
    endloop
  endfacet
  facet normal 0.000191485 0.281954 -0.959428
    outer loop
      vertex 72.4899 51.8489 26.1438
      vertex 86.6 63.6 29.6
      vertex 72.6494 51.7855 26.1252
    endloop
  endfacet
  facet normal -7.90974e-05 0.282253 -0.95934
    outer loop
      vertex 72.3221 51.8876 26.1552
      vertex 86.6 63.6 29.6
      vertex 72.4899 51.8489 26.1438
    endloop
  endfacet
  facet normal 0.000138937 0.282261 -0.959338
    outer loop
      vertex 63.5 63.1347 29.4631
      vertex 72.3221 51.8876 26.1552
      vertex 72.15 51.9006 26.159
    endloop
  endfacet
  facet normal -0.000123671 0.282075 -0.959392
    outer loop
      vertex 63.5 63.1347 29.4631
      vertex 72.15 51.9006 26.159
      vertex 71.9779 51.8876 26.1552
    endloop
  endfacet
  facet normal 8.71329e-05 0.282221 -0.959349
    outer loop
      vertex 63.5 63.1347 29.4631
      vertex 71.9779 51.8876 26.1552
      vertex 71.8101 51.8489 26.1438
    endloop
  endfacet
  facet normal -0.00021759 0.282015 -0.95941
    outer loop
      vertex 63.5 63.1347 29.4631
      vertex 71.8101 51.8489 26.1438
      vertex 71.6506 51.7855 26.1252
    endloop
  endfacet
  facet normal 0.000138247 0.28225 -0.959341
    outer loop
      vertex 63.5 63.1347 29.4631
      vertex 71.6506 51.7855 26.1252
      vertex 71.5034 51.6989 26.0997
    endloop
  endfacet
  facet normal -8.40897e-05 0.282223 -0.959349
    outer loop
      vertex 71.0635 50.6792 25.7998
      vertex 70.4475 50.0199 25.6059
      vertex 71.05 50.8444 25.8484
    endloop
  endfacet
  facet normal 0.000157798 0.28206 -0.959397
    outer loop
      vertex 71.05 50.8444 25.8484
      vertex 70.4475 50.0199 25.6059
      vertex 71.0635 51.0097 25.897
    endloop
  endfacet
  facet normal 0.000246605 0.282009 -0.959412
    outer loop
      vertex 69.9458 49.7247 25.519
      vertex 71.0635 51.0097 25.897
      vertex 70.4475 50.0199 25.6059
    endloop
  endfacet
  facet normal -9.87181e-05 0.282286 -0.95933
    outer loop
      vertex 71.0635 51.0097 25.897
      vertex 69.9458 49.7247 25.519
      vertex 71.1038 51.1708 25.9444
    endloop
  endfacet
  facet normal 0.000636978 0.281743 -0.95949
    outer loop
      vertex 71.1038 51.1708 25.9444
      vertex 69.9458 49.7247 25.519
      vertex 71.1699 51.3239 25.9894
    endloop
  endfacet
  facet normal -0.000299495 0.282403 -0.959296
    outer loop
      vertex 69.4984 49.3577 25.4111
      vertex 71.1699 51.3239 25.9894
      vertex 69.9458 49.7247 25.519
    endloop
  endfacet
  facet normal 5.41915e-06 0.282165 -0.959366
    outer loop
      vertex 63.5 63.1347 29.4631
      vertex 71.1699 51.3239 25.9894
      vertex 69.4984 49.3577 25.4111
    endloop
  endfacet
  facet normal 8.24003e-05 0.282196 -0.959357
    outer loop
      vertex 63.5 63.1347 29.4631
      vertex 69.4984 49.3577 25.4111
      vertex 69.1162 48.9281 25.2847
    endloop
  endfacet
  facet normal 5.27223e-06 0.28216 -0.959367
    outer loop
      vertex 61.75 41.0506 22.9678
      vertex 69.9458 43.8987 23.8055
      vertex 63.0703 36.5594 21.6469
    endloop
  endfacet
  facet normal 2.82096e-05 0.282099 -0.959385
    outer loop
      vertex 69.9458 43.8987 23.8055
      vertex 61.75 41.0506 22.9678
      vertex 69.4984 44.2657 23.9134
    endloop
  endfacet
  facet normal -3.34438e-05 0.282236 -0.959345
    outer loop
      vertex 69.4984 44.2657 23.9134
      vertex 61.75 41.0506 22.9678
      vertex 69.1162 44.6953 24.0398
    endloop
  endfacet
  facet normal -1.47097e-05 0.282201 -0.959355
    outer loop
      vertex 69.1162 44.6953 24.0398
      vertex 61.75 41.0506 22.9678
      vertex 68.8087 45.177 24.1815
    endloop
  endfacet
  facet normal 3.70754e-05 0.282177 -0.959362
    outer loop
      vertex 68.4462 47.375 24.8279
      vertex 63.5 63.1347 29.4631
      vertex 68.5835 47.9244 24.9895
    endloop
  endfacet
  facet normal -6.91483e-05 0.282144 -0.959372
    outer loop
      vertex 63.5 63.1347 29.4631
      vertex 68.8087 48.4464 25.143
      vertex 68.5835 47.9244 24.9895
    endloop
  endfacet
  facet normal 4.61029e-05 0.282182 -0.959361
    outer loop
      vertex 63.5 63.1347 29.4631
      vertex 69.1162 48.9281 25.2847
      vertex 68.8087 48.4464 25.143
    endloop
  endfacet
  facet normal 6.60883e-05 0.282201 -0.959355
    outer loop
      vertex 71.1699 51.3239 25.9894
      vertex 63.5 63.1347 29.4631
      vertex 71.2601 51.4653 26.031
    endloop
  endfacet
  facet normal -0.000284059 0.281987 -0.959418
    outer loop
      vertex 63.5 63.1347 29.4631
      vertex 71.3722 51.5913 26.068
      vertex 71.2601 51.4653 26.031
    endloop
  endfacet
  facet normal 0.000249025 0.282321 -0.95932
    outer loop
      vertex 63.5 63.1347 29.4631
      vertex 71.5034 51.6989 26.0997
      vertex 71.3722 51.5913 26.068
    endloop
  endfacet
  facet normal 2.0434e-06 0.282162 -0.959367
    outer loop
      vertex 72.3221 51.8876 26.1552
      vertex 63.5 63.1347 29.4631
      vertex 86.6 63.6 29.6
    endloop
  endfacet
  facet normal 9.43599e-07 0.282213 -0.959352
    outer loop
      vertex 63.4723 63.4726 29.5625
      vertex 86.6 63.6 29.6
      vertex 63.5 63.1347 29.4631
    endloop
  endfacet
  facet normal 0 0.28237 -0.959306
    outer loop
      vertex 86.6 63.6 29.6
      vertex 63.4723 63.4726 29.5625
      vertex 63.4405 63.6 29.6
    endloop
  endfacet
  facet normal 7.25395e-05 0.282159 -0.959368
    outer loop
      vertex 62.2715 61.2098 28.897
      vertex 61.75 57.3736 27.7687
      vertex 61.9453 61.08 28.8588
    endloop
  endfacet
  facet normal -0.00018198 0.282171 -0.959364
    outer loop
      vertex 61.75 57.3736 27.7687
      vertex 61.602 61.0009 28.8356
      vertex 61.9453 61.08 28.8588
    endloop
  endfacet
  facet normal 0.000206839 0.282186 -0.95936
    outer loop
      vertex 61.75 57.3736 27.7687
      vertex 61.25 60.9743 28.8277
      vertex 61.602 61.0009 28.8356
    endloop
  endfacet
  facet normal -0.000211229 0.282132 -0.959376
    outer loop
      vertex 61.75 57.3736 27.7687
      vertex 60.898 61.0009 28.8356
      vertex 61.25 60.9743 28.8277
    endloop
  endfacet
  facet normal 0.000194198 0.28222 -0.95935
    outer loop
      vertex 61.75 57.3736 27.7687
      vertex 60.5547 61.08 28.8588
      vertex 60.898 61.0009 28.8356
    endloop
  endfacet
  facet normal -8.14743e-05 0.282138 -0.959374
    outer loop
      vertex 61.75 57.3736 27.7687
      vertex 60.2285 61.2098 28.897
      vertex 60.5547 61.08 28.8588
    endloop
  endfacet
  facet normal -4.77822e-05 0.28215 -0.95937
    outer loop
      vertex 61.75 57.3736 27.7687
      vertex 59.9275 61.3869 28.9491
      vertex 60.2285 61.2098 28.897
    endloop
  endfacet
  facet normal 0.000373893 0.282326 -0.959318
    outer loop
      vertex 61.75 57.3736 27.7687
      vertex 59.659 61.6071 29.0138
      vertex 59.9275 61.3869 28.9491
    endloop
  endfacet
  facet normal -0.0010228 0.281691 -0.959505
    outer loop
      vertex 61.75 57.3736 27.7687
      vertex 59.4297 61.8648 29.0897
      vertex 59.659 61.6071 29.0138
    endloop
  endfacet
  facet normal 0 0.282178 -0.959362
    outer loop
      vertex 32.5703 61.8648 29.0897
      vertex 59.4297 61.8648 29.0897
      vertex 61.75 57.3736 27.7687
    endloop
  endfacet
  facet normal 0 0.282136 -0.959375
    outer loop
      vertex 59.0277 62.7967 29.3637
      vertex 33 63.1347 29.4631
      vertex 59 63.1347 29.4631
    endloop
  endfacet
  facet normal 0 0.282056 -0.959398
    outer loop
      vertex 32.9723 62.7967 29.3637
      vertex 59.0277 62.7967 29.3637
      vertex 59.1101 62.4671 29.2668
    endloop
  endfacet
  facet normal 0 0.282117 -0.95938
    outer loop
      vertex 32.8899 62.4671 29.2668
      vertex 59.1101 62.4671 29.2668
      vertex 59.2452 62.1539 29.1747
    endloop
  endfacet
  facet normal 0 0.282076 -0.959392
    outer loop
      vertex 59.4297 61.8648 29.0897
      vertex 32.5703 61.8648 29.0897
      vertex 59.2452 62.1539 29.1747
    endloop
  endfacet
  facet normal 0 0.282136 -0.959375
    outer loop
      vertex 59.0277 62.7967 29.3637
      vertex 32.9723 62.7967 29.3637
      vertex 33 63.1347 29.4631
    endloop
  endfacet
  facet normal 0 0.282056 -0.959398
    outer loop
      vertex 59.1101 62.4671 29.2668
      vertex 32.8899 62.4671 29.2668
      vertex 32.9723 62.7967 29.3637
    endloop
  endfacet
  facet normal 0 0.282117 -0.95938
    outer loop
      vertex 59.2452 62.1539 29.1747
      vertex 32.7548 62.1539 29.1747
      vertex 32.8899 62.4671 29.2668
    endloop
  endfacet
  facet normal 0 0.282076 -0.959392
    outer loop
      vertex 59.2452 62.1539 29.1747
      vertex 32.5703 61.8648 29.0897
      vertex 32.7548 62.1539 29.1747
    endloop
  endfacet
  facet normal 0 0.282178 -0.959362
    outer loop
      vertex 30.25 57.3736 27.7687
      vertex 32.5703 61.8648 29.0897
      vertex 61.75 57.3736 27.7687
    endloop
  endfacet
  facet normal 0.0010228 0.281691 -0.959505
    outer loop
      vertex 32.5703 61.8648 29.0897
      vertex 30.25 57.3736 27.7687
      vertex 32.341 61.6071 29.0138
    endloop
  endfacet
  facet normal -0.000373893 0.282326 -0.959318
    outer loop
      vertex 32.341 61.6071 29.0138
      vertex 30.25 57.3736 27.7687
      vertex 32.0725 61.3869 28.9491
    endloop
  endfacet
  facet normal 4.77822e-05 0.28215 -0.95937
    outer loop
      vertex 32.0725 61.3869 28.9491
      vertex 30.25 57.3736 27.7687
      vertex 31.7715 61.2098 28.897
    endloop
  endfacet
  facet normal 8.14743e-05 0.282138 -0.959374
    outer loop
      vertex 31.7715 61.2098 28.897
      vertex 30.25 57.3736 27.7687
      vertex 31.4453 61.08 28.8588
    endloop
  endfacet
  facet normal -0.000194198 0.28222 -0.95935
    outer loop
      vertex 31.4453 61.08 28.8588
      vertex 30.25 57.3736 27.7687
      vertex 31.102 61.0009 28.8356
    endloop
  endfacet
  facet normal 0.000211229 0.282132 -0.959376
    outer loop
      vertex 31.102 61.0009 28.8356
      vertex 30.25 57.3736 27.7687
      vertex 30.75 60.9743 28.8277
    endloop
  endfacet
  facet normal -0.000206839 0.282186 -0.95936
    outer loop
      vertex 30.75 60.9743 28.8277
      vertex 30.25 57.3736 27.7687
      vertex 30.398 61.0009 28.8356
    endloop
  endfacet
  facet normal 0.00018198 0.282171 -0.959364
    outer loop
      vertex 30.25 57.3736 27.7687
      vertex 30.0547 61.08 28.8588
      vertex 30.398 61.0009 28.8356
    endloop
  endfacet
  facet normal 5.11065e-05 0.282145 -0.959372
    outer loop
      vertex 29.4275 37.0374 21.7875
      vertex 30.25 41.0506 22.9678
      vertex 29.7285 37.2145 21.8396
    endloop
  endfacet
  facet normal 0.000164065 0.282124 -0.959378
    outer loop
      vertex 29.159 36.8172 21.7227
      vertex 30.25 41.0506 22.9678
      vertex 29.4275 37.0374 21.7875
    endloop
  endfacet
  facet normal -7.25395e-05 0.282159 -0.959368
    outer loop
      vertex 30.25 57.3736 27.7687
      vertex 29.7285 61.2098 28.897
      vertex 30.0547 61.08 28.8588
    endloop
  endfacet
  facet normal -0.000132273 0.282194 -0.959357
    outer loop
      vertex 28.9297 36.5594 21.6469
      vertex 30.25 41.0506 22.9678
      vertex 29.159 36.8172 21.7227
    endloop
  endfacet
  facet normal -3.98164e-05 0.282163 -0.959367
    outer loop
      vertex 30.25 57.3736 27.7687
      vertex 29.4275 61.3869 28.9491
      vertex 29.7285 61.2098 28.897
    endloop
  endfacet
  facet normal 2.55369e-05 0.282151 -0.95937
    outer loop
      vertex 28.7452 36.2704 21.5619
      vertex 30.25 41.0506 22.9678
      vertex 28.9297 36.5594 21.6469
    endloop
  endfacet
  facet normal 0.000282061 0.282223 -0.959349
    outer loop
      vertex 30.25 57.3736 27.7687
      vertex 29.159 61.6071 29.0138
      vertex 29.4275 61.3869 28.9491
    endloop
  endfacet
  facet normal 6.64808e-05 0.28209 -0.959388
    outer loop
      vertex 16 25.6878 18.4494
      vertex 28.7452 36.2704 21.5619
      vertex 28.6101 35.9572 21.4698
    endloop
  endfacet
  facet normal -0.000640517 0.282005 -0.959413
    outer loop
      vertex 30.25 57.3736 27.7687
      vertex 28.9297 61.8648 29.0897
      vertex 29.159 61.6071 29.0138
    endloop
  endfacet
  facet normal 6.29262e-06 0.282157 -0.959368
    outer loop
      vertex 28.7452 36.2704 21.5619
      vertex 16 25.6878 18.4494
      vertex 30.25 41.0506 22.9678
    endloop
  endfacet
  facet normal 0.000320045 0.282264 -0.959337
    outer loop
      vertex 30.25 57.3736 27.7687
      vertex 28.7452 62.1539 29.1747
      vertex 28.9297 61.8648 29.0897
    endloop
  endfacet
  facet normal -2.66512e-06 0.282165 -0.959366
    outer loop
      vertex 5.4 63.6 29.6
      vertex 30.25 41.0506 22.9678
      vertex 16 25.6878 18.4494
    endloop
  endfacet
  facet normal 1.35907e-06 0.282172 -0.959364
    outer loop
      vertex 5.4 63.6 29.6
      vertex 28.7452 62.1539 29.1747
      vertex 30.25 57.3736 27.7687
    endloop
  endfacet
  facet normal -0.000176195 0.282364 -0.959307
    outer loop
      vertex 16 25.6878 18.4494
      vertex 28.6101 35.9572 21.4698
      vertex 28.5277 35.6276 21.3728
    endloop
  endfacet
  facet normal 3.27809e-08 0.282167 -0.959365
    outer loop
      vertex 30.25 41.0506 22.9678
      vertex 5.4 63.6 29.6
      vertex 30.25 57.3736 27.7687
    endloop
  endfacet
  facet normal 2.25557e-05 0.282134 -0.959375
    outer loop
      vertex 16 25.6878 18.4494
      vertex 28.5277 35.6276 21.3728
      vertex 28.5 35.2896 21.2734
    endloop
  endfacet
  facet normal -2.44687e-06 0.282116 -0.95938
    outer loop
      vertex 28.7452 62.1539 29.1747
      vertex 5.4 63.6 29.6
      vertex 28.6101 62.4671 29.2668
    endloop
  endfacet
  facet normal -0.00432155 0.282068 -0.959385
    outer loop
      vertex 31.6389 35.1544 21.2337
      vertex 31.6389 35.4248 21.3132
      vertex 31.65 35.2896 21.2734
    endloop
  endfacet
  facet normal 0.00144287 0.28207 -0.959393
    outer loop
      vertex 31.6059 35.0226 21.1949
      vertex 31.6389 35.4248 21.3132
      vertex 31.6389 35.1544 21.2337
    endloop
  endfacet
  facet normal -0.000730587 0.282234 -0.959345
    outer loop
      vertex 31.6059 35.0226 21.1949
      vertex 31.6059 35.5566 21.352
      vertex 31.6389 35.4248 21.3132
    endloop
  endfacet
  facet normal 0.000664382 0.282234 -0.959345
    outer loop
      vertex 31.5519 34.8973 21.158
      vertex 31.6059 35.5566 21.352
      vertex 31.6059 35.0226 21.1949
    endloop
  endfacet
  facet normal 0.00104068 0.282206 -0.959353
    outer loop
      vertex 31.5519 34.8973 21.158
      vertex 31.5519 35.6819 21.3888
      vertex 31.6059 35.5566 21.352
    endloop
  endfacet
  facet normal -6.75981e-05 0.282206 -0.959354
    outer loop
      vertex 31.4781 34.7817 21.124
      vertex 31.5519 35.6819 21.3888
      vertex 31.5519 34.8973 21.158
    endloop
  endfacet
  facet normal 5.22126e-05 0.282197 -0.959356
    outer loop
      vertex 31.4781 34.7817 21.124
      vertex 31.4781 35.7975 21.4228
      vertex 31.5519 35.6819 21.3888
    endloop
  endfacet
  facet normal -0.000591379 0.282197 -0.959356
    outer loop
      vertex 31.3864 34.6785 21.0937
      vertex 31.4781 35.7975 21.4228
      vertex 31.4781 34.7817 21.124
    endloop
  endfacet
  facet normal 0.000491521 0.282115 -0.95938
    outer loop
      vertex 31.3864 34.6785 21.0937
      vertex 31.3864 35.9007 21.4531
      vertex 31.4781 35.7975 21.4228
    endloop
  endfacet
  facet normal 0.000203038 0.282115 -0.95938
    outer loop
      vertex 31.279 34.5905 21.0678
      vertex 31.3864 35.9007 21.4531
      vertex 31.3864 34.6785 21.0937
    endloop
  endfacet
  facet normal -0.000177478 0.282144 -0.959372
    outer loop
      vertex 31.279 34.5905 21.0678
      vertex 31.279 35.9887 21.479
      vertex 31.3864 35.9007 21.4531
    endloop
  endfacet
  facet normal 0.000389235 0.282144 -0.959372
    outer loop
      vertex 31.1586 34.5196 21.0469
      vertex 31.279 35.9887 21.479
      vertex 31.279 34.5905 21.0678
    endloop
  endfacet
  facet normal -0.000353389 0.2822 -0.959356
    outer loop
      vertex 31.1586 34.5196 21.0469
      vertex 31.1586 36.0596 21.4999
      vertex 31.279 35.9887 21.479
    endloop
  endfacet
  facet normal -0.000490251 0.2822 -0.959355
    outer loop
      vertex 31.0281 34.4677 21.0317
      vertex 31.1586 36.0596 21.4999
      vertex 31.1586 34.5196 21.0469
    endloop
  endfacet
  facet normal 0.000459304 0.282128 -0.959377
    outer loop
      vertex 31.0281 34.4677 21.0317
      vertex 31.0281 36.1115 21.5151
      vertex 31.1586 36.0596 21.4999
    endloop
  endfacet
  facet normal 5.05844e-05 0.282128 -0.959377
    outer loop
      vertex 30.8908 34.4361 21.0224
      vertex 31.0281 36.1115 21.5151
      vertex 31.0281 34.4677 21.0317
    endloop
  endfacet
  facet normal -4.87114e-05 0.282136 -0.959374
    outer loop
      vertex 30.8908 34.4361 21.0224
      vertex 30.8908 36.1431 21.5244
      vertex 31.0281 36.1115 21.5151
    endloop
  endfacet
  facet normal 0.00036324 0.282136 -0.959374
    outer loop
      vertex 30.75 34.4254 21.0192
      vertex 30.8908 36.1431 21.5244
      vertex 30.8908 34.4361 21.0224
    endloop
  endfacet
  facet normal -0.000358736 0.28219 -0.959358
    outer loop
      vertex 30.75 34.4254 21.0192
      vertex 30.75 36.1538 21.5276
      vertex 30.8908 36.1431 21.5244
    endloop
  endfacet
  facet normal -0.000358736 0.28219 -0.959358
    outer loop
      vertex 30.6092 34.4361 21.0224
      vertex 30.75 36.1538 21.5276
      vertex 30.75 34.4254 21.0192
    endloop
  endfacet
  facet normal 0.00036324 0.282136 -0.959374
    outer loop
      vertex 30.6092 34.4361 21.0224
      vertex 30.6092 36.1431 21.5244
      vertex 30.75 36.1538 21.5276
    endloop
  endfacet
  facet normal -4.87114e-05 0.282136 -0.959374
    outer loop
      vertex 30.4719 34.4677 21.0317
      vertex 30.6092 36.1431 21.5244
      vertex 30.6092 34.4361 21.0224
    endloop
  endfacet
  facet normal 5.05844e-05 0.282128 -0.959377
    outer loop
      vertex 30.4719 34.4677 21.0317
      vertex 30.4719 36.1115 21.5151
      vertex 30.6092 36.1431 21.5244
    endloop
  endfacet
  facet normal 0.000459304 0.282128 -0.959377
    outer loop
      vertex 30.3414 34.5196 21.0469
      vertex 30.4719 36.1115 21.5151
      vertex 30.4719 34.4677 21.0317
    endloop
  endfacet
  facet normal -0.000490251 0.2822 -0.959355
    outer loop
      vertex 30.3414 34.5196 21.0469
      vertex 30.3414 36.0596 21.4999
      vertex 30.4719 36.1115 21.5151
    endloop
  endfacet
  facet normal -0.000353389 0.2822 -0.959356
    outer loop
      vertex 30.221 34.5905 21.0678
      vertex 30.3414 36.0596 21.4999
      vertex 30.3414 34.5196 21.0469
    endloop
  endfacet
  facet normal 0.000389235 0.282144 -0.959372
    outer loop
      vertex 30.221 34.5905 21.0678
      vertex 30.221 35.9887 21.479
      vertex 30.3414 36.0596 21.4999
    endloop
  endfacet
  facet normal -0.000177478 0.282144 -0.959372
    outer loop
      vertex 30.1136 34.6785 21.0937
      vertex 30.221 35.9887 21.479
      vertex 30.221 34.5905 21.0678
    endloop
  endfacet
  facet normal 0.000203038 0.282115 -0.95938
    outer loop
      vertex 30.1136 34.6785 21.0937
      vertex 30.1136 35.9007 21.4531
      vertex 30.221 35.9887 21.479
    endloop
  endfacet
  facet normal 0.000491521 0.282115 -0.95938
    outer loop
      vertex 30.0219 34.7817 21.124
      vertex 30.1136 35.9007 21.4531
      vertex 30.1136 34.6785 21.0937
    endloop
  endfacet
  facet normal -0.000591379 0.282197 -0.959356
    outer loop
      vertex 30.0219 34.7817 21.124
      vertex 30.0219 35.7975 21.4228
      vertex 30.1136 35.9007 21.4531
    endloop
  endfacet
  facet normal 5.22126e-05 0.282197 -0.959356
    outer loop
      vertex 29.9481 34.8973 21.158
      vertex 30.0219 35.7975 21.4228
      vertex 30.0219 34.7817 21.124
    endloop
  endfacet
  facet normal -6.75981e-05 0.282206 -0.959354
    outer loop
      vertex 29.9481 34.8973 21.158
      vertex 29.9481 35.6819 21.3888
      vertex 30.0219 35.7975 21.4228
    endloop
  endfacet
  facet normal -0.000735902 0.282206 -0.959354
    outer loop
      vertex 29.8941 35.0226 21.1949
      vertex 29.9481 35.6819 21.3888
      vertex 29.9481 34.8973 21.158
    endloop
  endfacet
  facet normal -0.00111218 0.282234 -0.959345
    outer loop
      vertex 29.8941 35.0226 21.1949
      vertex 29.8941 35.5566 21.352
      vertex 29.9481 35.6819 21.3888
    endloop
  endfacet
  facet normal -0.000730587 0.282234 -0.959345
    outer loop
      vertex 29.8611 35.1544 21.2337
      vertex 29.8941 35.5566 21.352
      vertex 29.8941 35.0226 21.1949
    endloop
  endfacet
  facet normal 0.00144287 0.28207 -0.959393
    outer loop
      vertex 29.8611 35.1544 21.2337
      vertex 29.8611 35.4248 21.3132
      vertex 29.8941 35.5566 21.352
    endloop
  endfacet
  facet normal 0.00432155 0.282068 -0.959385
    outer loop
      vertex 29.8611 35.4248 21.3132
      vertex 29.8611 35.1544 21.2337
      vertex 29.85 35.2896 21.2734
    endloop
  endfacet
  facet normal -0.00432155 0.282068 -0.959385
    outer loop
      vertex 62.1389 35.1544 21.2337
      vertex 62.1389 35.4248 21.3132
      vertex 62.15 35.2896 21.2734
    endloop
  endfacet
  facet normal 0.00144287 0.28207 -0.959393
    outer loop
      vertex 62.1059 35.0226 21.1949
      vertex 62.1389 35.4248 21.3132
      vertex 62.1389 35.1544 21.2337
    endloop
  endfacet
  facet normal -0.000730587 0.282234 -0.959345
    outer loop
      vertex 62.1059 35.0226 21.1949
      vertex 62.1059 35.5566 21.352
      vertex 62.1389 35.4248 21.3132
    endloop
  endfacet
  facet normal 0.000664382 0.282234 -0.959345
    outer loop
      vertex 62.0519 34.8973 21.158
      vertex 62.1059 35.5566 21.352
      vertex 62.1059 35.0226 21.1949
    endloop
  endfacet
  facet normal 0.00104068 0.282206 -0.959353
    outer loop
      vertex 62.0519 34.8973 21.158
      vertex 62.0519 35.6819 21.3888
      vertex 62.1059 35.5566 21.352
    endloop
  endfacet
  facet normal -6.75981e-05 0.282206 -0.959354
    outer loop
      vertex 61.9781 34.7817 21.124
      vertex 62.0519 35.6819 21.3888
      vertex 62.0519 34.8973 21.158
    endloop
  endfacet
  facet normal 5.22126e-05 0.282197 -0.959356
    outer loop
      vertex 61.9781 34.7817 21.124
      vertex 61.9781 35.7975 21.4228
      vertex 62.0519 35.6819 21.3888
    endloop
  endfacet
  facet normal -0.000591379 0.282197 -0.959356
    outer loop
      vertex 61.8864 34.6785 21.0937
      vertex 61.9781 35.7975 21.4228
      vertex 61.9781 34.7817 21.124
    endloop
  endfacet
  facet normal 0.000491521 0.282115 -0.95938
    outer loop
      vertex 61.8864 34.6785 21.0937
      vertex 61.8864 35.9007 21.4531
      vertex 61.9781 35.7975 21.4228
    endloop
  endfacet
  facet normal 0.000203038 0.282115 -0.95938
    outer loop
      vertex 61.779 34.5905 21.0678
      vertex 61.8864 35.9007 21.4531
      vertex 61.8864 34.6785 21.0937
    endloop
  endfacet
  facet normal -0.000177478 0.282144 -0.959372
    outer loop
      vertex 61.779 34.5905 21.0678
      vertex 61.779 35.9887 21.479
      vertex 61.8864 35.9007 21.4531
    endloop
  endfacet
  facet normal 0.000389235 0.282144 -0.959372
    outer loop
      vertex 61.6586 34.5196 21.0469
      vertex 61.779 35.9887 21.479
      vertex 61.779 34.5905 21.0678
    endloop
  endfacet
  facet normal -0.000353389 0.2822 -0.959356
    outer loop
      vertex 61.6586 34.5196 21.0469
      vertex 61.6586 36.0596 21.4999
      vertex 61.779 35.9887 21.479
    endloop
  endfacet
  facet normal -0.000490251 0.2822 -0.959355
    outer loop
      vertex 61.5281 34.4677 21.0317
      vertex 61.6586 36.0596 21.4999
      vertex 61.6586 34.5196 21.0469
    endloop
  endfacet
  facet normal 0.000459304 0.282128 -0.959377
    outer loop
      vertex 61.5281 34.4677 21.0317
      vertex 61.5281 36.1115 21.5151
      vertex 61.6586 36.0596 21.4999
    endloop
  endfacet
  facet normal 5.05844e-05 0.282128 -0.959377
    outer loop
      vertex 61.3908 34.4361 21.0224
      vertex 61.5281 36.1115 21.5151
      vertex 61.5281 34.4677 21.0317
    endloop
  endfacet
  facet normal -4.87114e-05 0.282136 -0.959374
    outer loop
      vertex 61.3908 34.4361 21.0224
      vertex 61.3908 36.1431 21.5244
      vertex 61.5281 36.1115 21.5151
    endloop
  endfacet
  facet normal 0.00036324 0.282136 -0.959374
    outer loop
      vertex 61.25 34.4254 21.0192
      vertex 61.3908 36.1431 21.5244
      vertex 61.3908 34.4361 21.0224
    endloop
  endfacet
  facet normal -0.000358736 0.28219 -0.959358
    outer loop
      vertex 61.25 34.4254 21.0192
      vertex 61.25 36.1538 21.5276
      vertex 61.3908 36.1431 21.5244
    endloop
  endfacet
  facet normal -0.000358736 0.28219 -0.959358
    outer loop
      vertex 61.1092 34.4361 21.0224
      vertex 61.25 36.1538 21.5276
      vertex 61.25 34.4254 21.0192
    endloop
  endfacet
  facet normal 0.00036324 0.282136 -0.959374
    outer loop
      vertex 61.1092 34.4361 21.0224
      vertex 61.1092 36.1431 21.5244
      vertex 61.25 36.1538 21.5276
    endloop
  endfacet
  facet normal -4.87114e-05 0.282136 -0.959374
    outer loop
      vertex 60.9719 34.4677 21.0317
      vertex 61.1092 36.1431 21.5244
      vertex 61.1092 34.4361 21.0224
    endloop
  endfacet
  facet normal 5.05844e-05 0.282128 -0.959377
    outer loop
      vertex 60.9719 34.4677 21.0317
      vertex 60.9719 36.1115 21.5151
      vertex 61.1092 36.1431 21.5244
    endloop
  endfacet
  facet normal 0.000459304 0.282128 -0.959377
    outer loop
      vertex 60.8414 34.5196 21.0469
      vertex 60.9719 36.1115 21.5151
      vertex 60.9719 34.4677 21.0317
    endloop
  endfacet
  facet normal -0.000490251 0.2822 -0.959355
    outer loop
      vertex 60.8414 34.5196 21.0469
      vertex 60.8414 36.0596 21.4999
      vertex 60.9719 36.1115 21.5151
    endloop
  endfacet
  facet normal -0.000353389 0.2822 -0.959356
    outer loop
      vertex 60.721 34.5905 21.0678
      vertex 60.8414 36.0596 21.4999
      vertex 60.8414 34.5196 21.0469
    endloop
  endfacet
  facet normal 0.000389235 0.282144 -0.959372
    outer loop
      vertex 60.721 34.5905 21.0678
      vertex 60.721 35.9887 21.479
      vertex 60.8414 36.0596 21.4999
    endloop
  endfacet
  facet normal -0.000177478 0.282144 -0.959372
    outer loop
      vertex 60.6136 34.6785 21.0937
      vertex 60.721 35.9887 21.479
      vertex 60.721 34.5905 21.0678
    endloop
  endfacet
  facet normal 0.000203038 0.282115 -0.95938
    outer loop
      vertex 60.6136 34.6785 21.0937
      vertex 60.6136 35.9007 21.4531
      vertex 60.721 35.9887 21.479
    endloop
  endfacet
  facet normal 0.000491521 0.282115 -0.95938
    outer loop
      vertex 60.5219 34.7817 21.124
      vertex 60.6136 35.9007 21.4531
      vertex 60.6136 34.6785 21.0937
    endloop
  endfacet
  facet normal -0.000591379 0.282197 -0.959356
    outer loop
      vertex 60.5219 34.7817 21.124
      vertex 60.5219 35.7975 21.4228
      vertex 60.6136 35.9007 21.4531
    endloop
  endfacet
  facet normal 5.22126e-05 0.282197 -0.959356
    outer loop
      vertex 60.4481 34.8973 21.158
      vertex 60.5219 35.7975 21.4228
      vertex 60.5219 34.7817 21.124
    endloop
  endfacet
  facet normal -6.75981e-05 0.282206 -0.959354
    outer loop
      vertex 60.4481 34.8973 21.158
      vertex 60.4481 35.6819 21.3888
      vertex 60.5219 35.7975 21.4228
    endloop
  endfacet
  facet normal -0.000735902 0.282206 -0.959354
    outer loop
      vertex 60.3941 35.0226 21.1949
      vertex 60.4481 35.6819 21.3888
      vertex 60.4481 34.8973 21.158
    endloop
  endfacet
  facet normal -0.00111218 0.282234 -0.959345
    outer loop
      vertex 60.3941 35.0226 21.1949
      vertex 60.3941 35.5566 21.352
      vertex 60.4481 35.6819 21.3888
    endloop
  endfacet
  facet normal -0.000730587 0.282234 -0.959345
    outer loop
      vertex 60.3611 35.1544 21.2337
      vertex 60.3941 35.5566 21.352
      vertex 60.3941 35.0226 21.1949
    endloop
  endfacet
  facet normal 0.00144287 0.28207 -0.959393
    outer loop
      vertex 60.3611 35.1544 21.2337
      vertex 60.3611 35.4248 21.3132
      vertex 60.3941 35.5566 21.352
    endloop
  endfacet
  facet normal 0.00432155 0.282068 -0.959385
    outer loop
      vertex 60.3611 35.4248 21.3132
      vertex 60.3611 35.1544 21.2337
      vertex 60.35 35.2896 21.2734
    endloop
  endfacet
  facet normal -0.00432155 0.282068 -0.959385
    outer loop
      vertex 31.6389 62.9995 29.4234
      vertex 31.6389 63.2699 29.5029
      vertex 31.65 63.1347 29.4631
    endloop
  endfacet
  facet normal 0.000588117 0.28207 -0.959394
    outer loop
      vertex 31.6059 62.8676 29.3846
      vertex 31.6389 63.2699 29.5029
      vertex 31.6389 62.9995 29.4234
    endloop
  endfacet
  facet normal -0.000941653 0.282186 -0.959359
    outer loop
      vertex 31.6059 62.8676 29.3846
      vertex 31.6059 63.4017 29.5417
      vertex 31.6389 63.2699 29.5029
    endloop
  endfacet
  facet normal -0.000467017 0.282186 -0.95936
    outer loop
      vertex 31.5519 62.7424 29.3478
      vertex 31.6059 63.4017 29.5417
      vertex 31.6059 62.8676 29.3846
    endloop
  endfacet
  facet normal 0.000164143 0.282138 -0.959374
    outer loop
      vertex 31.5053 63.6 29.6
      vertex 31.6059 63.4017 29.5417
      vertex 31.5519 62.7424 29.3478
    endloop
  endfacet
  facet normal -0.00382046 0.280275 -0.959912
    outer loop
      vertex 31.6059 63.4017 29.5417
      vertex 31.5053 63.6 29.6
      vertex 31.5519 63.527 29.5785
    endloop
  endfacet
  facet normal 0.000902617 0.282175 -0.959363
    outer loop
      vertex 31.4781 62.6267 29.3137
      vertex 31.5053 63.6 29.6
      vertex 31.5519 62.7424 29.3478
    endloop
  endfacet
  facet normal -0.000294529 0.282206 -0.959354
    outer loop
      vertex 31.3864 62.5236 29.2834
      vertex 31.5053 63.6 29.6
      vertex 31.4781 62.6267 29.3137
    endloop
  endfacet
  facet normal 0.000163876 0.282159 -0.959368
    outer loop
      vertex 31.279 62.4356 29.2575
      vertex 31.5053 63.6 29.6
      vertex 31.3864 62.5236 29.2834
    endloop
  endfacet
  facet normal -0.000492459 0.282277 -0.959333
    outer loop
      vertex 31.1586 62.3647 29.2367
      vertex 31.5053 63.6 29.6
      vertex 31.279 62.4356 29.2575
    endloop
  endfacet
  facet normal 0.000300252 0.282072 -0.959393
    outer loop
      vertex 31.0281 62.3128 29.2214
      vertex 31.5053 63.6 29.6
      vertex 31.1586 62.3647 29.2367
    endloop
  endfacet
  facet normal 4.27301e-05 0.28216 -0.959367
    outer loop
      vertex 30.8908 62.2812 29.2121
      vertex 31.5053 63.6 29.6
      vertex 31.0281 62.3128 29.2214
    endloop
  endfacet
  facet normal -0.00033341 0.282321 -0.95932
    outer loop
      vertex 30.75 62.2705 29.209
      vertex 31.5053 63.6 29.6
      vertex 30.8908 62.2812 29.2121
    endloop
  endfacet
  facet normal 0.000305844 0.281987 -0.959418
    outer loop
      vertex 30.6092 62.2812 29.2121
      vertex 31.5053 63.6 29.6
      vertex 30.75 62.2705 29.209
    endloop
  endfacet
  facet normal -4.27301e-05 0.28216 -0.959367
    outer loop
      vertex 29.9947 63.6 29.6
      vertex 30.6092 62.2812 29.2121
      vertex 30.4719 62.3128 29.2214
    endloop
  endfacet
  facet normal -0.000300252 0.282072 -0.959393
    outer loop
      vertex 29.9947 63.6 29.6
      vertex 30.4719 62.3128 29.2214
      vertex 30.3414 62.3647 29.2367
    endloop
  endfacet
  facet normal 0.000492459 0.282277 -0.959333
    outer loop
      vertex 29.9947 63.6 29.6
      vertex 30.3414 62.3647 29.2367
      vertex 30.221 62.4356 29.2575
    endloop
  endfacet
  facet normal -0.000163876 0.282159 -0.959368
    outer loop
      vertex 29.9947 63.6 29.6
      vertex 30.221 62.4356 29.2575
      vertex 30.1136 62.5236 29.2834
    endloop
  endfacet
  facet normal 0.000294529 0.282206 -0.959354
    outer loop
      vertex 29.9947 63.6 29.6
      vertex 30.1136 62.5236 29.2834
      vertex 30.0219 62.6267 29.3137
    endloop
  endfacet
  facet normal 0 0.282178 -0.959362
    outer loop
      vertex 30.6092 62.2812 29.2121
      vertex 29.9947 63.6 29.6
      vertex 31.5053 63.6 29.6
    endloop
  endfacet
  facet normal -0.000902617 0.282175 -0.959363
    outer loop
      vertex 29.9481 62.7424 29.3478
      vertex 29.9947 63.6 29.6
      vertex 30.0219 62.6267 29.3137
    endloop
  endfacet
  facet normal 0.000289959 0.282115 -0.95938
    outer loop
      vertex 29.8941 62.8676 29.3846
      vertex 29.9947 63.6 29.6
      vertex 29.9481 62.7424 29.3478
    endloop
  endfacet
  facet normal -0.00026604 0.282186 -0.95936
    outer loop
      vertex 29.8941 63.4017 29.5417
      vertex 29.9947 63.6 29.6
      vertex 29.8941 62.8676 29.3846
    endloop
  endfacet
  facet normal 0.00382046 0.280275 -0.959912
    outer loop
      vertex 29.9947 63.6 29.6
      vertex 29.8941 63.4017 29.5417
      vertex 29.9481 63.527 29.5785
    endloop
  endfacet
  facet normal -8.6545e-05 0.282186 -0.95936
    outer loop
      vertex 29.8611 62.9995 29.4234
      vertex 29.8941 63.4017 29.5417
      vertex 29.8941 62.8676 29.3846
    endloop
  endfacet
  facet normal 0.00144287 0.28207 -0.959393
    outer loop
      vertex 29.8611 62.9995 29.4234
      vertex 29.8611 63.2699 29.5029
      vertex 29.8941 63.4017 29.5417
    endloop
  endfacet
  facet normal 0.00432155 0.282068 -0.959385
    outer loop
      vertex 29.8611 63.2699 29.5029
      vertex 29.8611 62.9995 29.4234
      vertex 29.85 63.1347 29.4631
    endloop
  endfacet
  facet normal -0.00432155 0.282068 -0.959385
    outer loop
      vertex 62.1389 62.9995 29.4234
      vertex 62.1389 63.2699 29.5029
      vertex 62.15 63.1347 29.4631
    endloop
  endfacet
  facet normal 0.000588117 0.28207 -0.959394
    outer loop
      vertex 62.1059 62.8676 29.3846
      vertex 62.1389 63.2699 29.5029
      vertex 62.1389 62.9995 29.4234
    endloop
  endfacet
  facet normal -0.000941653 0.282186 -0.959359
    outer loop
      vertex 62.1059 62.8676 29.3846
      vertex 62.1059 63.4017 29.5417
      vertex 62.1389 63.2699 29.5029
    endloop
  endfacet
  facet normal -0.000467017 0.282186 -0.95936
    outer loop
      vertex 62.0519 62.7424 29.3478
      vertex 62.1059 63.4017 29.5417
      vertex 62.1059 62.8676 29.3846
    endloop
  endfacet
  facet normal 0.000164143 0.282138 -0.959374
    outer loop
      vertex 62.0053 63.6 29.6
      vertex 62.1059 63.4017 29.5417
      vertex 62.0519 62.7424 29.3478
    endloop
  endfacet
  facet normal -0.00382046 0.280275 -0.959912
    outer loop
      vertex 62.1059 63.4017 29.5417
      vertex 62.0053 63.6 29.6
      vertex 62.0519 63.527 29.5785
    endloop
  endfacet
  facet normal 0.000902617 0.282175 -0.959363
    outer loop
      vertex 61.9781 62.6267 29.3137
      vertex 62.0053 63.6 29.6
      vertex 62.0519 62.7424 29.3478
    endloop
  endfacet
  facet normal -0.000294529 0.282206 -0.959354
    outer loop
      vertex 61.8864 62.5236 29.2834
      vertex 62.0053 63.6 29.6
      vertex 61.9781 62.6267 29.3137
    endloop
  endfacet
  facet normal 0.000163876 0.282159 -0.959368
    outer loop
      vertex 61.779 62.4356 29.2575
      vertex 62.0053 63.6 29.6
      vertex 61.8864 62.5236 29.2834
    endloop
  endfacet
  facet normal -0.000492459 0.282277 -0.959333
    outer loop
      vertex 61.6586 62.3647 29.2367
      vertex 62.0053 63.6 29.6
      vertex 61.779 62.4356 29.2575
    endloop
  endfacet
  facet normal 0.000300252 0.282072 -0.959393
    outer loop
      vertex 61.5281 62.3128 29.2214
      vertex 62.0053 63.6 29.6
      vertex 61.6586 62.3647 29.2367
    endloop
  endfacet
  facet normal 4.27301e-05 0.28216 -0.959367
    outer loop
      vertex 61.3908 62.2812 29.2121
      vertex 62.0053 63.6 29.6
      vertex 61.5281 62.3128 29.2214
    endloop
  endfacet
  facet normal -0.00033341 0.282321 -0.95932
    outer loop
      vertex 61.25 62.2705 29.209
      vertex 62.0053 63.6 29.6
      vertex 61.3908 62.2812 29.2121
    endloop
  endfacet
  facet normal 0.000305844 0.281987 -0.959418
    outer loop
      vertex 61.1092 62.2812 29.2121
      vertex 62.0053 63.6 29.6
      vertex 61.25 62.2705 29.209
    endloop
  endfacet
  facet normal -4.27301e-05 0.28216 -0.959367
    outer loop
      vertex 60.4947 63.6 29.6
      vertex 61.1092 62.2812 29.2121
      vertex 60.9719 62.3128 29.2214
    endloop
  endfacet
  facet normal -0.000300252 0.282072 -0.959393
    outer loop
      vertex 60.4947 63.6 29.6
      vertex 60.9719 62.3128 29.2214
      vertex 60.8414 62.3647 29.2367
    endloop
  endfacet
  facet normal 0.000492459 0.282277 -0.959333
    outer loop
      vertex 60.4947 63.6 29.6
      vertex 60.8414 62.3647 29.2367
      vertex 60.721 62.4356 29.2575
    endloop
  endfacet
  facet normal -0.000163876 0.282159 -0.959368
    outer loop
      vertex 60.4947 63.6 29.6
      vertex 60.721 62.4356 29.2575
      vertex 60.6136 62.5236 29.2834
    endloop
  endfacet
  facet normal 0.000294529 0.282206 -0.959354
    outer loop
      vertex 60.4947 63.6 29.6
      vertex 60.6136 62.5236 29.2834
      vertex 60.5219 62.6267 29.3137
    endloop
  endfacet
  facet normal 0 0.282178 -0.959362
    outer loop
      vertex 61.1092 62.2812 29.2121
      vertex 60.4947 63.6 29.6
      vertex 62.0053 63.6 29.6
    endloop
  endfacet
  facet normal -0.000902617 0.282175 -0.959363
    outer loop
      vertex 60.4481 62.7424 29.3478
      vertex 60.4947 63.6 29.6
      vertex 60.5219 62.6267 29.3137
    endloop
  endfacet
  facet normal 0.000289959 0.282115 -0.95938
    outer loop
      vertex 60.3941 62.8676 29.3846
      vertex 60.4947 63.6 29.6
      vertex 60.4481 62.7424 29.3478
    endloop
  endfacet
  facet normal -0.00026604 0.282186 -0.95936
    outer loop
      vertex 60.3941 63.4017 29.5417
      vertex 60.4947 63.6 29.6
      vertex 60.3941 62.8676 29.3846
    endloop
  endfacet
  facet normal 0.00382046 0.280275 -0.959912
    outer loop
      vertex 60.4947 63.6 29.6
      vertex 60.3941 63.4017 29.5417
      vertex 60.4481 63.527 29.5785
    endloop
  endfacet
  facet normal -8.6545e-05 0.282186 -0.95936
    outer loop
      vertex 60.3611 62.9995 29.4234
      vertex 60.3941 63.4017 29.5417
      vertex 60.3941 62.8676 29.3846
    endloop
  endfacet
  facet normal 0.00144287 0.28207 -0.959393
    outer loop
      vertex 60.3611 62.9995 29.4234
      vertex 60.3611 63.2699 29.5029
      vertex 60.3941 63.4017 29.5417
    endloop
  endfacet
  facet normal 0.00432155 0.282068 -0.959385
    outer loop
      vertex 60.3611 63.2699 29.5029
      vertex 60.3611 62.9995 29.4234
      vertex 60.35 63.1347 29.4631
    endloop
  endfacet
  facet normal -0.923836 -0.38279 0
    outer loop
      vertex 89.4532 67.5271 0
      vertex 89.273 67.962 29.6
      vertex 89.273 67.962 0
    endloop
  endfacet
  facet normal -0.923836 -0.38279 0
    outer loop
      vertex 89.273 67.962 29.6
      vertex 89.4532 67.5271 0
      vertex 89.4532 67.5271 29.6
    endloop
  endfacet
  facet normal 0 1 -0
    outer loop
      vertex 86.6 2.4 0
      vertex 5.4 2.4 11.6
      vertex 86.6 2.4 11.6
    endloop
  endfacet
  facet normal 0 1 0
    outer loop
      vertex 5.4 2.4 11.6
      vertex 86.6 2.4 0
      vertex 5.4 2.4 0
    endloop
  endfacet
  facet normal 0.996918 0.0784491 0
    outer loop
      vertex 2.43693 4.9307 11.6
      vertex 2.4 5.4 0
      vertex 2.4 5.4 11.6
    endloop
  endfacet
  facet normal 0.996918 0.0784491 0
    outer loop
      vertex 2.4 5.4 0
      vertex 2.43693 4.9307 11.6
      vertex 2.43693 4.9307 0
    endloop
  endfacet
  facet normal 0.313728 0.267952 -0.910921
    outer loop
      vertex 2.97295 3.63664 11.6
      vertex 3.27868 3.98035 11.8064
      vertex 3.27868 3.27868 11.6
    endloop
  endfacet
  facet normal 0.313836 0.267852 -0.910913
    outer loop
      vertex 3.27868 3.98035 11.8064
      vertex 2.97295 3.63664 11.6
      vertex 3.2707 3.9897 11.8064
    endloop
  endfacet
  facet normal 0.313772 0.267909 -0.910918
    outer loop
      vertex 3.2707 3.9897 11.8064
      vertex 2.97295 3.63664 11.6
      vertex 3.00423 4.42453 11.8425
    endloop
  endfacet
  facet normal 0.312845 0.268033 -0.911201
    outer loop
      vertex 3.00423 4.42453 11.8425
      vertex 2.97295 3.63664 11.6
      vertex 2.97723 4.4897 11.8524
    endloop
  endfacet
  facet normal 0.313695 0.267924 -0.91094
    outer loop
      vertex 3.27868 64.4787 29.6
      vertex 3.27868 4.63868 12
      vertex 2.97974 4.98869 12
    endloop
  endfacet
  facet normal 0.760349 -0.649515 0
    outer loop
      vertex 2.97295 68.3634 29.6
      vertex 3.27868 68.7213 0
      vertex 3.27868 68.7213 29.6
    endloop
  endfacet
  facet normal 0.760349 -0.649515 0
    outer loop
      vertex 3.27868 68.7213 0
      vertex 2.97295 68.3634 29.6
      vertex 2.97295 68.3634 0
    endloop
  endfacet
  facet normal 1 -0 0
    outer loop
      vertex 2.4 5.4 11.6
      vertex 2.4 66.6 0
      vertex 2.4 66.6 29.6
    endloop
  endfacet
  facet normal 1 0 0
    outer loop
      vertex 2.4 66.6 0
      vertex 2.4 5.4 11.6
      vertex 2.4 5.4 0
    endloop
  endfacet
  facet normal -0.022163 0.282147 -0.959115
    outer loop
      vertex 87.0693 2.43693 11.6
      vertex 86.6084 2.69001 11.6851
      vertex 87.0693 2.80066 11.707
    endloop
  endfacet
  facet normal -0.022198 0.282089 -0.959131
    outer loop
      vertex 86.6 2.4 11.6
      vertex 86.6084 2.69001 11.6851
      vertex 87.0693 2.43693 11.6
    endloop
  endfacet
  facet normal -0.0221641 0.282088 -0.959132
    outer loop
      vertex 86.6084 2.69001 11.6851
      vertex 86.6 2.4 11.6
      vertex 86.6 2.68935 11.6851
    endloop
  endfacet
  facet normal -0.0222047 0.282097 -0.959129
    outer loop
      vertex 86.6 63.6 29.6
      vertex 87.0693 3.79694 12
      vertex 86.6 3.76 12
    endloop
  endfacet
  facet normal -0.0221807 0.282097 -0.959129
    outer loop
      vertex 87.0693 3.79694 12
      vertex 86.6 63.6 29.6
      vertex 87.0693 63.6369 29.6
    endloop
  endfacet
  facet normal -0.562957 0.233206 -0.792903
    outer loop
      vertex 89.4532 65.673 29.6
      vertex 89.4532 4.47295 11.6
      vertex 89.273 65.238 29.6
    endloop
  endfacet
  facet normal 0.326982 0.266613 -0.906642
    outer loop
      vertex 2.97295 4.50005 11.8539
      vertex 2.97723 4.4897 11.8524
      vertex 2.97295 3.63664 11.6
    endloop
  endfacet
  facet normal 0.314049 0.267889 -0.910829
    outer loop
      vertex 2.97295 4.99665 12
      vertex 3.27868 64.4787 29.6
      vertex 2.97974 4.98869 12
    endloop
  endfacet
  facet normal 0.313648 0.267928 -0.910955
    outer loop
      vertex 3.27868 64.4787 29.6
      vertex 2.97295 4.99665 12
      vertex 2.97295 64.8366 29.6
    endloop
  endfacet
  facet normal 0.852648 -0.522486 0
    outer loop
      vertex 2.72698 67.962 29.6
      vertex 2.97295 68.3634 0
      vertex 2.97295 68.3634 29.6
    endloop
  endfacet
  facet normal 0.852648 -0.522486 0
    outer loop
      vertex 2.97295 68.3634 0
      vertex 2.72698 67.962 29.6
      vertex 2.72698 67.962 0
    endloop
  endfacet
  facet normal -0.522378 -0.852714 0
    outer loop
      vertex 87.962 69.273 0
      vertex 88.3634 69.0271 29.6
      vertex 87.962 69.273 29.6
    endloop
  endfacet
  facet normal -0.522378 -0.852714 -0
    outer loop
      vertex 88.3634 69.0271 29.6
      vertex 87.962 69.273 0
      vertex 88.3634 69.0271 0
    endloop
  endfacet
  facet normal -0.422462 0.25575 -0.86955
    outer loop
      vertex 89.0271 64.8366 29.6
      vertex 89.0325 5.00557 12
      vertex 89.0271 4.99665 12
    endloop
  endfacet
  facet normal -0.418356 0.256287 -0.871375
    outer loop
      vertex 89.0325 5.00557 12
      vertex 89.0271 64.8366 29.6
      vertex 89.273 65.238 29.6
    endloop
  endfacet
  facet normal -0.426301 0.255202 -0.867836
    outer loop
      vertex 89.0271 4.50005 11.8539
      vertex 89.0305 4.50845 11.8547
      vertex 89.0271 3.63664 11.6
    endloop
  endfacet
  facet normal 0.562975 0.233192 -0.792894
    outer loop
      vertex 2.54683 4.47295 11.6
      vertex 2.72698 5.23761 11.9528
      vertex 2.72698 4.03803 11.6
    endloop
  endfacet
  facet normal 0.562483 0.233437 -0.793171
    outer loop
      vertex 2.72698 5.23761 11.9528
      vertex 2.54683 4.47295 11.6
      vertex 2.69001 5.39159 11.9719
    endloop
  endfacet
  facet normal 0.564063 0.23281 -0.792233
    outer loop
      vertex 2.69001 5.39159 11.9719
      vertex 2.54683 4.47295 11.6
      vertex 2.68072 5.50972 12
    endloop
  endfacet
  facet normal 0.563023 0.233194 -0.792859
    outer loop
      vertex 2.68072 5.50972 12
      vertex 2.72698 65.238 29.6
      vertex 2.72698 5.39803 12
    endloop
  endfacet
  facet normal 0.562982 0.233202 -0.792886
    outer loop
      vertex 2.72698 65.238 29.6
      vertex 2.68072 5.50972 12
      vertex 2.54683 4.47295 11.6
    endloop
  endfacet
  facet normal -0.418246 0.256301 -0.871424
    outer loop
      vertex 89.273 65.238 29.6
      vertex 89.273 5.39803 12
      vertex 89.0325 5.00557 12
    endloop
  endfacet
  facet normal -0.418705 0.25623 -0.871225
    outer loop
      vertex 89.273 4.03803 11.6
      vertex 89.1909 4.8957 11.8917
      vertex 89.273 5.23761 11.9528
    endloop
  endfacet
  facet normal -0.417983 0.2564 -0.871521
    outer loop
      vertex 89.273 4.03803 11.6
      vertex 89.0305 4.50845 11.8547
      vertex 89.1909 4.8957 11.8917
    endloop
  endfacet
  facet normal -0.418244 0.256225 -0.871447
    outer loop
      vertex 89.0305 4.50845 11.8547
      vertex 89.273 4.03803 11.6
      vertex 89.0271 3.63664 11.6
    endloop
  endfacet
  facet normal 0.760403 0.649452 0
    outer loop
      vertex 3.27868 3.27868 11.6
      vertex 2.97295 3.63664 0
      vertex 2.97295 3.63664 11.6
    endloop
  endfacet
  facet normal 0.760403 0.649452 0
    outer loop
      vertex 2.97295 3.63664 0
      vertex 3.27868 3.27868 11.6
      vertex 3.27868 3.27868 0
    endloop
  endfacet
  facet normal -0.972374 -0.233429 0
    outer loop
      vertex 89.5631 67.0693 0
      vertex 89.4532 67.5271 29.6
      vertex 89.4532 67.5271 0
    endloop
  endfacet
  facet normal -0.972374 -0.233429 0
    outer loop
      vertex 89.4532 67.5271 29.6
      vertex 89.5631 67.0693 0
      vertex 89.5631 67.0693 29.6
    endloop
  endfacet
  facet normal 0.563063 0.233186 -0.792833
    outer loop
      vertex 2.54683 65.673 29.6
      vertex 2.72698 65.238 29.6
      vertex 2.54683 4.47295 11.6
    endloop
  endfacet
  facet normal -0.38279 -0.923836 0
    outer loop
      vertex 87.5271 69.4532 0
      vertex 87.962 69.273 29.6
      vertex 87.5271 69.4532 29.6
    endloop
  endfacet
  facet normal -0.38279 -0.923836 -0
    outer loop
      vertex 87.962 69.273 29.6
      vertex 87.5271 69.4532 0
      vertex 87.962 69.273 0
    endloop
  endfacet
  facet normal 0.418232 0.256262 -0.871442
    outer loop
      vertex 2.97295 4.50005 11.8539
      vertex 2.97295 3.63664 11.6
      vertex 2.96947 4.50845 11.8547
    endloop
  endfacet
  facet normal 0.418005 0.256333 -0.87153
    outer loop
      vertex 2.96748 5.00557 12
      vertex 2.97295 64.8366 29.6
      vertex 2.97295 4.99665 12
    endloop
  endfacet
  facet normal 0.418257 0.2563 -0.871419
    outer loop
      vertex 2.97295 64.8366 29.6
      vertex 2.96748 5.00557 12
      vertex 2.72698 65.238 29.6
    endloop
  endfacet
  facet normal 0.0783858 -0.996923 0
    outer loop
      vertex 4.9307 69.5631 0
      vertex 5.4 69.6 29.6
      vertex 4.9307 69.5631 29.6
    endloop
  endfacet
  facet normal 0.0783858 -0.996923 0
    outer loop
      vertex 5.4 69.6 29.6
      vertex 4.9307 69.5631 0
      vertex 5.4 69.6 0
    endloop
  endfacet
  facet normal 0.382775 -0.923842 0
    outer loop
      vertex 4.03803 69.273 0
      vertex 4.47295 69.4532 29.6
      vertex 4.03803 69.273 29.6
    endloop
  endfacet
  facet normal 0.382775 -0.923842 0
    outer loop
      vertex 4.47295 69.4532 29.6
      vertex 4.03803 69.273 0
      vertex 4.47295 69.4532 0
    endloop
  endfacet
  facet normal 0.649538 -0.760329 0
    outer loop
      vertex 3.27868 68.7213 0
      vertex 3.63664 69.0271 29.6
      vertex 3.27868 68.7213 29.6
    endloop
  endfacet
  facet normal 0.649538 -0.760329 0
    outer loop
      vertex 3.63664 69.0271 29.6
      vertex 3.27868 68.7213 0
      vertex 3.63664 69.0271 0
    endloop
  endfacet
  facet normal 0.0221377 0.282088 -0.959133
    outer loop
      vertex 5.4 2.4 11.6
      vertex 5.39159 2.69001 11.6851
      vertex 5.4 2.68935 11.6851
    endloop
  endfacet
  facet normal 0.0221981 0.282089 -0.959131
    outer loop
      vertex 4.9307 2.43693 11.6
      vertex 5.39159 2.69001 11.6851
      vertex 5.4 2.4 11.6
    endloop
  endfacet
  facet normal 0.0221635 0.282147 -0.959115
    outer loop
      vertex 5.39159 2.69001 11.6851
      vertex 4.9307 2.43693 11.6
      vertex 4.9307 2.80066 11.707
    endloop
  endfacet
  facet normal 0.0222047 0.282097 -0.959129
    outer loop
      vertex 4.9307 3.79694 12
      vertex 5.4 63.6 29.6
      vertex 5.4 3.76 12
    endloop
  endfacet
  facet normal 0.0221807 0.282097 -0.959129
    outer loop
      vertex 5.4 63.6 29.6
      vertex 4.9307 3.79694 12
      vertex 4.9307 63.6369 29.6
    endloop
  endfacet
  facet normal 0.382684 0.923879 -0
    outer loop
      vertex 4.47295 2.54683 0
      vertex 4.03803 2.72698 11.6
      vertex 4.47295 2.54683 11.6
    endloop
  endfacet
  facet normal 0.382684 0.923879 0
    outer loop
      vertex 4.03803 2.72698 11.6
      vertex 4.47295 2.54683 0
      vertex 4.03803 2.72698 0
    endloop
  endfacet
  facet normal 0.418193 0.256267 -0.87146
    outer loop
      vertex 2.72698 4.03803 11.6
      vertex 2.96947 4.50845 11.8547
      vertex 2.97295 3.63664 11.6
    endloop
  endfacet
  facet normal 0.417991 0.256402 -0.871517
    outer loop
      vertex 2.96947 4.50845 11.8547
      vertex 2.72698 4.03803 11.6
      vertex 2.80907 4.8957 11.8917
    endloop
  endfacet
  facet normal 0.418747 0.256224 -0.871206
    outer loop
      vertex 2.80907 4.8957 11.8917
      vertex 2.72698 4.03803 11.6
      vertex 2.72698 5.23761 11.9528
    endloop
  endfacet
  facet normal 0.418246 0.256301 -0.871424
    outer loop
      vertex 2.72698 65.238 29.6
      vertex 2.96748 5.00557 12
      vertex 2.72698 5.39803 12
    endloop
  endfacet
  facet normal 0.235127 0.274315 -0.932452
    outer loop
      vertex 3.63664 3.57223 11.7763
      vertex 3.63664 2.97295 11.6
      vertex 3.63314 3.57523 11.7763
    endloop
  endfacet
  facet normal 0.234287 0.274313 -0.932664
    outer loop
      vertex 3.62869 4.33974 12
      vertex 3.63664 64.173 29.6
      vertex 3.63664 4.33295 12
    endloop
  endfacet
  facet normal 0.234266 0.274314 -0.932669
    outer loop
      vertex 3.63664 64.173 29.6
      vertex 3.62869 4.33974 12
      vertex 3.27868 64.4787 29.6
    endloop
  endfacet
  facet normal 0.170498 0.278034 -0.945319
    outer loop
      vertex 3.63664 4.33295 12
      vertex 4.03803 63.927 29.6
      vertex 3.64556 4.32748 12
    endloop
  endfacet
  facet normal 0.170402 0.278039 -0.945334
    outer loop
      vertex 4.03803 63.927 29.6
      vertex 3.63664 4.33295 12
      vertex 3.63664 64.173 29.6
    endloop
  endfacet
  facet normal 0.165048 0.278356 -0.946191
    outer loop
      vertex 3.63664 3.57223 11.7763
      vertex 3.64057 3.56888 11.776
      vertex 3.63664 2.97295 11.6
    endloop
  endfacet
  facet normal -0.170337 0.278051 -0.945343
    outer loop
      vertex 88.3634 2.97295 11.6
      vertex 88.0103 3.2707 11.7512
      vertex 88.3594 3.56888 11.776
    endloop
  endfacet
  facet normal -0.170372 0.278031 -0.945342
    outer loop
      vertex 87.962 3.24108 11.7512
      vertex 88.3634 2.97295 11.6
      vertex 87.962 2.72698 11.6
    endloop
  endfacet
  facet normal -0.170443 0.277934 -0.945358
    outer loop
      vertex 88.3634 2.97295 11.6
      vertex 87.962 3.24108 11.7512
      vertex 88.0103 3.2707 11.7512
    endloop
  endfacet
  facet normal -0.170409 0.278039 -0.945333
    outer loop
      vertex 87.962 63.927 29.6
      vertex 88.3544 4.32748 12
      vertex 87.962 4.08698 12
    endloop
  endfacet
  facet normal 0.923873 -0.382699 0
    outer loop
      vertex 2.54683 67.5271 29.6
      vertex 2.72698 67.962 0
      vertex 2.72698 67.962 29.6
    endloop
  endfacet
  facet normal 0.923873 -0.382699 0
    outer loop
      vertex 2.72698 67.962 0
      vertex 2.54683 67.5271 29.6
      vertex 2.54683 67.5271 0
    endloop
  endfacet
  facet normal 0.963243 0.0757992 -0.257717
    outer loop
      vertex 2.43693 66.1307 29.6
      vertex 2.4 5.4 11.6
      vertex 2.4 66.6 29.6
    endloop
  endfacet
  facet normal 0.963243 0.0757992 -0.257717
    outer loop
      vertex 2.4 5.4 11.6
      vertex 2.43693 66.1307 29.6
      vertex 2.43693 4.9307 11.6
    endloop
  endfacet
  facet normal -1 0 0
    outer loop
      vertex 89.6 5.4 11.6
      vertex 89.6 66.6 0
      vertex 89.6 5.4 0
    endloop
  endfacet
  facet normal -1 0 0
    outer loop
      vertex 89.6 66.6 0
      vertex 89.6 5.4 11.6
      vertex 89.6 66.6 29.6
    endloop
  endfacet
  facet normal 0.522387 -0.852708 0
    outer loop
      vertex 3.63664 69.0271 0
      vertex 4.03803 69.273 29.6
      vertex 3.63664 69.0271 29.6
    endloop
  endfacet
  facet normal 0.522387 -0.852708 0
    outer loop
      vertex 4.03803 69.273 29.6
      vertex 3.63664 69.0271 0
      vertex 4.03803 69.273 0
    endloop
  endfacet
  facet normal -0.116021 0.280251 -0.95289
    outer loop
      vertex 87.962 2.72698 11.6
      vertex 87.5755 3.00423 11.7286
      vertex 87.962 3.24108 11.7512
    endloop
  endfacet
  facet normal -0.116066 0.280194 -0.952901
    outer loop
      vertex 87.5271 2.54683 11.6
      vertex 87.5755 3.00423 11.7286
      vertex 87.962 2.72698 11.6
    endloop
  endfacet
  facet normal -0.116132 0.280198 -0.952892
    outer loop
      vertex 87.5755 3.00423 11.7286
      vertex 87.5271 2.54683 11.6
      vertex 87.5271 2.98417 11.7286
    endloop
  endfacet
  facet normal -0.116092 0.280259 -0.952879
    outer loop
      vertex 87.5271 63.7468 29.6
      vertex 87.962 4.08698 12
      vertex 87.5271 3.90683 12
    endloop
  endfacet
  facet normal -0.116124 0.280257 -0.952875
    outer loop
      vertex 87.962 4.08698 12
      vertex 87.5271 63.7468 29.6
      vertex 87.962 63.927 29.6
    endloop
  endfacet
  facet normal 0.852642 0.522495 0
    outer loop
      vertex 2.97295 3.63664 11.6
      vertex 2.72698 4.03803 0
      vertex 2.72698 4.03803 11.6
    endloop
  endfacet
  facet normal 0.852642 0.522495 0
    outer loop
      vertex 2.72698 4.03803 0
      vertex 2.97295 3.63664 11.6
      vertex 2.97295 3.63664 0
    endloop
  endfacet
  facet normal -0.649601 -0.760275 0
    outer loop
      vertex 88.3634 69.0271 0
      vertex 88.7213 68.7213 29.6
      vertex 88.3634 69.0271 29.6
    endloop
  endfacet
  facet normal -0.649601 -0.760275 -0
    outer loop
      vertex 88.7213 68.7213 29.6
      vertex 88.3634 69.0271 0
      vertex 88.7213 68.7213 0
    endloop
  endfacet
  facet normal -0.522486 0.852648 0
    outer loop
      vertex 88.3634 2.97295 0
      vertex 87.962 2.72698 11.6
      vertex 88.3634 2.97295 11.6
    endloop
  endfacet
  facet normal -0.522486 0.852648 0
    outer loop
      vertex 87.962 2.72698 11.6
      vertex 88.3634 2.97295 0
      vertex 87.962 2.72698 0
    endloop
  endfacet
  facet normal -0.972368 0.233453 0
    outer loop
      vertex 89.4532 4.47295 0
      vertex 89.5631 4.9307 11.6
      vertex 89.5631 4.9307 0
    endloop
  endfacet
  facet normal -0.972368 0.233453 0
    outer loop
      vertex 89.5631 4.9307 11.6
      vertex 89.4532 4.47295 0
      vertex 89.4532 4.47295 11.6
    endloop
  endfacet
  facet normal -0.233429 0.972374 0
    outer loop
      vertex 87.5271 2.54683 0
      vertex 87.0693 2.43693 11.6
      vertex 87.5271 2.54683 11.6
    endloop
  endfacet
  facet normal -0.233429 0.972374 0
    outer loop
      vertex 87.0693 2.43693 11.6
      vertex 87.5271 2.54683 0
      vertex 87.0693 2.43693 0
    endloop
  endfacet
  facet normal 0.761612 0.182853 -0.621701
    outer loop
      vertex 2.43693 66.1307 29.6
      vertex 2.54683 4.47295 11.6
      vertex 2.43693 4.9307 11.6
    endloop
  endfacet
  facet normal 0 -1 0
    outer loop
      vertex 5.4 69.6 29.6
      vertex 40.75 69.6 7.5
      vertex 86.6 69.6 29.6
    endloop
  endfacet
  facet normal 0 -1 0
    outer loop
      vertex 5.4 69.6 0
      vertex 40.75 69.6 7.5
      vertex 5.4 69.6 29.6
    endloop
  endfacet
  facet normal 0 -1 -0
    outer loop
      vertex 40.75 69.6 2.5
      vertex 5.4 69.6 0
      vertex 51.25 69.6 2.5
    endloop
  endfacet
  facet normal 0 -1 -0
    outer loop
      vertex 40.75 69.6 7.5
      vertex 5.4 69.6 0
      vertex 40.75 69.6 2.5
    endloop
  endfacet
  facet normal 0 -1 0
    outer loop
      vertex 51.25 69.6 7.5
      vertex 86.6 69.6 29.6
      vertex 40.75 69.6 7.5
    endloop
  endfacet
  facet normal 0 -1 0
    outer loop
      vertex 86.6 69.6 0
      vertex 51.25 69.6 7.5
      vertex 51.25 69.6 2.5
    endloop
  endfacet
  facet normal 0 -1 0
    outer loop
      vertex 51.25 69.6 7.5
      vertex 86.6 69.6 0
      vertex 86.6 69.6 29.6
    endloop
  endfacet
  facet normal 0 -1 0
    outer loop
      vertex 86.6 69.6 0
      vertex 51.25 69.6 2.5
      vertex 5.4 69.6 0
    endloop
  endfacet
  facet normal -0.233429 -0.972374 0
    outer loop
      vertex 87.0693 69.5631 0
      vertex 87.5271 69.4532 29.6
      vertex 87.0693 69.5631 29.6
    endloop
  endfacet
  facet normal -0.233429 -0.972374 -0
    outer loop
      vertex 87.5271 69.4532 29.6
      vertex 87.0693 69.5631 0
      vertex 87.5271 69.4532 0
    endloop
  endfacet
  facet normal 0.761576 0.182865 -0.621741
    outer loop
      vertex 2.54683 65.673 29.6
      vertex 2.54683 4.47295 11.6
      vertex 2.43693 66.1307 29.6
    endloop
  endfacet
  facet normal 0.233453 0.972368 -0
    outer loop
      vertex 4.9307 2.43693 0
      vertex 4.47295 2.54683 11.6
      vertex 4.9307 2.43693 11.6
    endloop
  endfacet
  facet normal 0.233453 0.972368 0
    outer loop
      vertex 4.47295 2.54683 11.6
      vertex 4.9307 2.43693 0
      vertex 4.47295 2.54683 0
    endloop
  endfacet
  facet normal -0.0784491 0.996918 0
    outer loop
      vertex 87.0693 2.43693 0
      vertex 86.6 2.4 11.6
      vertex 87.0693 2.43693 11.6
    endloop
  endfacet
  facet normal -0.0784491 0.996918 0
    outer loop
      vertex 86.6 2.4 11.6
      vertex 87.0693 2.43693 0
      vertex 86.6 2.4 0
    endloop
  endfacet
  facet normal 0.234332 0.274364 -0.932638
    outer loop
      vertex 3.27868 3.27868 11.6
      vertex 3.63314 3.57523 11.7763
      vertex 3.63664 2.97295 11.6
    endloop
  endfacet
  facet normal 0.23428 0.274424 -0.932633
    outer loop
      vertex 3.63314 3.57523 11.7763
      vertex 3.27868 3.27868 11.6
      vertex 3.6019 3.6019 11.7763
    endloop
  endfacet
  facet normal 0.234365 0.27434 -0.932636
    outer loop
      vertex 3.6019 3.6019 11.7763
      vertex 3.27868 3.27868 11.6
      vertex 3.27868 3.98035 11.8064
    endloop
  endfacet
  facet normal 0.234288 0.274313 -0.932664
    outer loop
      vertex 3.27868 64.4787 29.6
      vertex 3.62869 4.33974 12
      vertex 3.27868 4.63868 12
    endloop
  endfacet
  facet normal 0.233453 -0.972368 0
    outer loop
      vertex 4.47295 69.4532 0
      vertex 4.9307 69.5631 29.6
      vertex 4.47295 69.4532 29.6
    endloop
  endfacet
  facet normal 0.233453 -0.972368 0
    outer loop
      vertex 4.9307 69.5631 29.6
      vertex 4.47295 69.4532 0
      vertex 4.9307 69.5631 0
    endloop
  endfacet
  facet normal -0.0676645 0.28146 -0.957184
    outer loop
      vertex 87.5271 2.54683 11.6
      vertex 87.1043 2.80907 11.707
      vertex 87.5271 2.98417 11.7286
    endloop
  endfacet
  facet normal -0.0675929 0.281565 -0.957158
    outer loop
      vertex 87.0693 2.43693 11.6
      vertex 87.1043 2.80907 11.707
      vertex 87.5271 2.54683 11.6
    endloop
  endfacet
  facet normal -0.0676572 0.28157 -0.957153
    outer loop
      vertex 87.1043 2.80907 11.707
      vertex 87.0693 2.43693 11.6
      vertex 87.0693 2.80066 11.707
    endloop
  endfacet
  facet normal -0.0675762 0.281521 -0.957172
    outer loop
      vertex 87.0693 63.6369 29.6
      vertex 87.5271 3.90683 12
      vertex 87.0693 3.79694 12
    endloop
  endfacet
  facet normal -0.0675823 0.281521 -0.957172
    outer loop
      vertex 87.5271 3.90683 12
      vertex 87.0693 63.6369 29.6
      vertex 87.5271 63.7468 29.6
    endloop
  endfacet
  facet normal -0.852714 -0.522378 0
    outer loop
      vertex 89.273 67.962 0
      vertex 89.0271 68.3634 29.6
      vertex 89.0271 68.3634 0
    endloop
  endfacet
  facet normal -0.852714 -0.522378 0
    outer loop
      vertex 89.0271 68.3634 29.6
      vertex 89.273 67.962 0
      vertex 89.273 67.962 29.6
    endloop
  endfacet
  facet normal -0.760275 -0.649601 0
    outer loop
      vertex 89.0271 68.3634 0
      vertex 88.7213 68.7213 29.6
      vertex 88.7213 68.7213 0
    endloop
  endfacet
  facet normal -0.760275 -0.649601 0
    outer loop
      vertex 88.7213 68.7213 29.6
      vertex 89.0271 68.3634 0
      vertex 89.0271 68.3634 29.6
    endloop
  endfacet
  facet normal -0.382699 0.923873 0
    outer loop
      vertex 87.962 2.72698 0
      vertex 87.5271 2.54683 11.6
      vertex 87.962 2.72698 11.6
    endloop
  endfacet
  facet normal -0.382699 0.923873 0
    outer loop
      vertex 87.5271 2.54683 11.6
      vertex 87.962 2.72698 0
      vertex 87.5271 2.54683 0
    endloop
  endfacet
  facet normal 0.923879 0.382684 0
    outer loop
      vertex 2.72698 4.03803 11.6
      vertex 2.54683 4.47295 0
      vertex 2.54683 4.47295 11.6
    endloop
  endfacet
  facet normal 0.923879 0.382684 0
    outer loop
      vertex 2.54683 4.47295 0
      vertex 2.72698 4.03803 11.6
      vertex 2.72698 4.03803 0
    endloop
  endfacet
  facet normal 0.972368 0.233453 0
    outer loop
      vertex 2.54683 4.47295 11.6
      vertex 2.43693 4.9307 0
      vertex 2.43693 4.9307 11.6
    endloop
  endfacet
  facet normal 0.972368 0.233453 0
    outer loop
      vertex 2.43693 4.9307 0
      vertex 2.54683 4.47295 11.6
      vertex 2.54683 4.47295 0
    endloop
  endfacet
  facet normal -0.996923 -0.0783858 0
    outer loop
      vertex 89.6 66.6 0
      vertex 89.5631 67.0693 29.6
      vertex 89.5631 67.0693 0
    endloop
  endfacet
  facet normal -0.996923 -0.0783858 0
    outer loop
      vertex 89.5631 67.0693 29.6
      vertex 89.6 66.6 0
      vertex 89.6 66.6 29.6
    endloop
  endfacet
  facet normal -0.649515 0.760349 0
    outer loop
      vertex 88.7213 3.27868 0
      vertex 88.3634 2.97295 11.6
      vertex 88.7213 3.27868 11.6
    endloop
  endfacet
  facet normal -0.649515 0.760349 0
    outer loop
      vertex 88.3634 2.97295 11.6
      vertex 88.7213 3.27868 0
      vertex 88.3634 2.97295 0
    endloop
  endfacet
  facet normal 0.116084 0.2802 -0.952897
    outer loop
      vertex 4.47295 2.54683 11.6
      vertex 4.42453 3.00423 11.7286
      vertex 4.47295 2.98417 11.7286
    endloop
  endfacet
  facet normal 0.116062 0.280198 -0.9529
    outer loop
      vertex 4.03803 2.72698 11.6
      vertex 4.42453 3.00423 11.7286
      vertex 4.47295 2.54683 11.6
    endloop
  endfacet
  facet normal 0.116021 0.280251 -0.95289
    outer loop
      vertex 4.42453 3.00423 11.7286
      vertex 4.03803 2.72698 11.6
      vertex 4.03803 3.24108 11.7512
    endloop
  endfacet
  facet normal 0.116087 0.280259 -0.952879
    outer loop
      vertex 4.03803 4.08698 12
      vertex 4.47295 63.7468 29.6
      vertex 4.47295 3.90683 12
    endloop
  endfacet
  facet normal 0.116119 0.280257 -0.952876
    outer loop
      vertex 4.47295 63.7468 29.6
      vertex 4.03803 4.08698 12
      vertex 4.03803 63.927 29.6
    endloop
  endfacet
  facet normal 0.996918 -0.0784491 0
    outer loop
      vertex 2.4 66.6 29.6
      vertex 2.43693 67.0693 0
      vertex 2.43693 67.0693 29.6
    endloop
  endfacet
  facet normal 0.996918 -0.0784491 0
    outer loop
      vertex 2.43693 67.0693 0
      vertex 2.4 66.6 29.6
      vertex 2.4 66.6 0
    endloop
  endfacet
  facet normal -0.996923 0.0783858 0
    outer loop
      vertex 89.5631 4.9307 0
      vertex 89.6 5.4 11.6
      vertex 89.6 5.4 0
    endloop
  endfacet
  facet normal -0.996923 0.0783858 0
    outer loop
      vertex 89.6 5.4 11.6
      vertex 89.5631 4.9307 0
      vertex 89.5631 4.9307 11.6
    endloop
  endfacet
  facet normal -0.852708 0.522387 0
    outer loop
      vertex 89.0271 3.63664 0
      vertex 89.273 4.03803 11.6
      vertex 89.273 4.03803 0
    endloop
  endfacet
  facet normal -0.852708 0.522387 0
    outer loop
      vertex 89.273 4.03803 11.6
      vertex 89.0271 3.63664 0
      vertex 89.0271 3.63664 11.6
    endloop
  endfacet
  facet normal -0.761576 0.182865 -0.621741
    outer loop
      vertex 89.4532 65.673 29.6
      vertex 89.5631 66.1307 29.6
      vertex 89.4532 4.47295 11.6
    endloop
  endfacet
  facet normal -0.760329 0.649538 0
    outer loop
      vertex 88.7213 3.27868 0
      vertex 89.0271 3.63664 11.6
      vertex 89.0271 3.63664 0
    endloop
  endfacet
  facet normal -0.760329 0.649538 0
    outer loop
      vertex 89.0271 3.63664 11.6
      vertex 88.7213 3.27868 0
      vertex 88.7213 3.27868 11.6
    endloop
  endfacet
  facet normal 0.522495 0.852642 -0
    outer loop
      vertex 4.03803 2.72698 0
      vertex 3.63664 2.97295 11.6
      vertex 4.03803 2.72698 11.6
    endloop
  endfacet
  facet normal 0.522495 0.852642 0
    outer loop
      vertex 3.63664 2.97295 11.6
      vertex 4.03803 2.72698 0
      vertex 3.63664 2.97295 0
    endloop
  endfacet
  facet normal -0.235688 0.274217 -0.932339
    outer loop
      vertex 88.3634 64.173 29.6
      vertex 88.3713 4.33974 12
      vertex 88.3634 4.33295 12
    endloop
  endfacet
  facet normal -0.234303 0.274312 -0.93266
    outer loop
      vertex 88.3713 4.33974 12
      vertex 88.3634 64.173 29.6
      vertex 88.7213 64.4787 29.6
    endloop
  endfacet
  facet normal -0.235127 0.274315 -0.932452
    outer loop
      vertex 88.3634 3.57223 11.7763
      vertex 88.3669 3.57523 11.7763
      vertex 88.3634 2.97295 11.6
    endloop
  endfacet
  facet normal -0.923842 0.382775 0
    outer loop
      vertex 89.273 4.03803 0
      vertex 89.4532 4.47295 11.6
      vertex 89.4532 4.47295 0
    endloop
  endfacet
  facet normal -0.923842 0.382775 0
    outer loop
      vertex 89.4532 4.47295 11.6
      vertex 89.273 4.03803 0
      vertex 89.273 4.03803 11.6
    endloop
  endfacet
  facet normal 0.972374 -0.233429 0
    outer loop
      vertex 2.43693 67.0693 29.6
      vertex 2.54683 67.5271 0
      vertex 2.54683 67.5271 29.6
    endloop
  endfacet
  facet normal 0.972374 -0.233429 0
    outer loop
      vertex 2.54683 67.5271 0
      vertex 2.43693 67.0693 29.6
      vertex 2.43693 67.0693 0
    endloop
  endfacet
  facet normal -0.761612 0.182853 -0.621701
    outer loop
      vertex 89.5631 66.1307 29.6
      vertex 89.5631 4.9307 11.6
      vertex 89.4532 4.47295 11.6
    endloop
  endfacet
  facet normal -0.31283 0.268028 -0.911207
    outer loop
      vertex 89.0271 3.63664 11.6
      vertex 88.9958 4.42453 11.8425
      vertex 89.0228 4.4897 11.8524
    endloop
  endfacet
  facet normal -0.313731 0.267907 -0.910933
    outer loop
      vertex 89.0271 3.63664 11.6
      vertex 88.7293 3.9897 11.8064
      vertex 88.9958 4.42453 11.8425
    endloop
  endfacet
  facet normal -0.313664 0.267958 -0.910941
    outer loop
      vertex 88.7213 3.98035 11.8064
      vertex 89.0271 3.63664 11.6
      vertex 88.7213 3.27868 11.6
    endloop
  endfacet
  facet normal -0.31343 0.268176 -0.910957
    outer loop
      vertex 89.0271 3.63664 11.6
      vertex 88.7213 3.98035 11.8064
      vertex 88.7293 3.9897 11.8064
    endloop
  endfacet
  facet normal -0.313638 0.267929 -0.910958
    outer loop
      vertex 88.7213 64.4787 29.6
      vertex 89.0203 4.98869 12
      vertex 88.7213 4.63868 12
    endloop
  endfacet
  facet normal -0.234294 0.274312 -0.932662
    outer loop
      vertex 88.7213 64.4787 29.6
      vertex 88.7213 4.63868 12
      vertex 88.3713 4.33974 12
    endloop
  endfacet
  facet normal -0.234379 0.274339 -0.932633
    outer loop
      vertex 88.7213 3.27868 11.6
      vertex 88.3981 3.6019 11.7763
      vertex 88.7213 3.98035 11.8064
    endloop
  endfacet
  facet normal -0.234449 0.274271 -0.932636
    outer loop
      vertex 88.7213 3.27868 11.6
      vertex 88.3669 3.57523 11.7763
      vertex 88.3981 3.6019 11.7763
    endloop
  endfacet
  facet normal -0.234369 0.274362 -0.932629
    outer loop
      vertex 88.3669 3.57523 11.7763
      vertex 88.7213 3.27868 11.6
      vertex 88.3634 2.97295 11.6
    endloop
  endfacet
  facet normal -0.169032 0.278115 -0.945558
    outer loop
      vertex 87.962 63.927 29.6
      vertex 88.3634 4.33295 12
      vertex 88.3544 4.32748 12
    endloop
  endfacet
  facet normal -0.170398 0.27804 -0.945335
    outer loop
      vertex 88.3634 4.33295 12
      vertex 87.962 63.927 29.6
      vertex 88.3634 64.173 29.6
    endloop
  endfacet
  facet normal -0.162236 0.278488 -0.946638
    outer loop
      vertex 88.3634 3.57223 11.7763
      vertex 88.3634 2.97295 11.6
      vertex 88.3594 3.56888 11.776
    endloop
  endfacet
  facet normal 0 0 -1
    outer loop
      vertex 89.5631 66.1307 29.6
      vertex 89.5631 67.0693 29.6
      vertex 89.6 66.6 29.6
    endloop
  endfacet
  facet normal 0 0 -1
    outer loop
      vertex 89.4532 65.673 29.6
      vertex 89.5631 67.0693 29.6
      vertex 89.5631 66.1307 29.6
    endloop
  endfacet
  facet normal 0 0 -1
    outer loop
      vertex 89.4532 65.673 29.6
      vertex 89.4532 67.5271 29.6
      vertex 89.5631 67.0693 29.6
    endloop
  endfacet
  facet normal 0 0 -1
    outer loop
      vertex 89.273 65.238 29.6
      vertex 89.4532 67.5271 29.6
      vertex 89.4532 65.673 29.6
    endloop
  endfacet
  facet normal 0 0 -1
    outer loop
      vertex 89.273 65.238 29.6
      vertex 89.273 67.962 29.6
      vertex 89.4532 67.5271 29.6
    endloop
  endfacet
  facet normal 0 0 -1
    outer loop
      vertex 89.0271 64.8366 29.6
      vertex 89.273 67.962 29.6
      vertex 89.273 65.238 29.6
    endloop
  endfacet
  facet normal 0 0 -1
    outer loop
      vertex 89.0271 64.8366 29.6
      vertex 89.0271 68.3634 29.6
      vertex 89.273 67.962 29.6
    endloop
  endfacet
  facet normal 0 0 -1
    outer loop
      vertex 88.7213 64.4787 29.6
      vertex 89.0271 68.3634 29.6
      vertex 89.0271 64.8366 29.6
    endloop
  endfacet
  facet normal 0 0 -1
    outer loop
      vertex 88.7213 64.4787 29.6
      vertex 88.7213 68.7213 29.6
      vertex 89.0271 68.3634 29.6
    endloop
  endfacet
  facet normal 0 0 -1
    outer loop
      vertex 88.3634 64.173 29.6
      vertex 88.7213 68.7213 29.6
      vertex 88.7213 64.4787 29.6
    endloop
  endfacet
  facet normal 0 0 -1
    outer loop
      vertex 88.3634 64.173 29.6
      vertex 88.3634 69.0271 29.6
      vertex 88.7213 68.7213 29.6
    endloop
  endfacet
  facet normal 0 0 -1
    outer loop
      vertex 87.962 63.927 29.6
      vertex 88.3634 69.0271 29.6
      vertex 88.3634 64.173 29.6
    endloop
  endfacet
  facet normal 0 0 -1
    outer loop
      vertex 87.962 63.927 29.6
      vertex 87.962 69.273 29.6
      vertex 88.3634 69.0271 29.6
    endloop
  endfacet
  facet normal 0 0 -1
    outer loop
      vertex 87.5271 63.7468 29.6
      vertex 87.962 69.273 29.6
      vertex 87.962 63.927 29.6
    endloop
  endfacet
  facet normal 0 0 -1
    outer loop
      vertex 87.5271 63.7468 29.6
      vertex 87.5271 69.4532 29.6
      vertex 87.962 69.273 29.6
    endloop
  endfacet
  facet normal 0 0 -1
    outer loop
      vertex 87.0693 63.6369 29.6
      vertex 87.5271 69.4532 29.6
      vertex 87.5271 63.7468 29.6
    endloop
  endfacet
  facet normal 0 0 -1
    outer loop
      vertex 87.0693 63.6369 29.6
      vertex 87.0693 69.5631 29.6
      vertex 87.5271 69.4532 29.6
    endloop
  endfacet
  facet normal 0 0 -1
    outer loop
      vertex 86.6 63.6 29.6
      vertex 87.0693 69.5631 29.6
      vertex 87.0693 63.6369 29.6
    endloop
  endfacet
  facet normal 0 0 -1
    outer loop
      vertex 86.6 63.6 29.6
      vertex 86.6 69.6 29.6
      vertex 87.0693 69.5631 29.6
    endloop
  endfacet
  facet normal 0 0 -1
    outer loop
      vertex 63.3899 63.8172 29.6
      vertex 86.6 63.6 29.6
      vertex 63.4405 63.6 29.6
    endloop
  endfacet
  facet normal 0 0 -1
    outer loop
      vertex 86.6 63.6 29.6
      vertex 63.3899 63.8172 29.6
      vertex 86.6 69.6 29.6
    endloop
  endfacet
  facet normal 0 0 -1
    outer loop
      vertex 63.2548 64.1534 29.6
      vertex 86.6 69.6 29.6
      vertex 63.3899 63.8172 29.6
    endloop
  endfacet
  facet normal 0 0 -1
    outer loop
      vertex 63.0703 64.4637 29.6
      vertex 86.6 69.6 29.6
      vertex 63.2548 64.1534 29.6
    endloop
  endfacet
  facet normal 0 0 -1
    outer loop
      vertex 62.841 64.7404 29.6
      vertex 86.6 69.6 29.6
      vertex 63.0703 64.4637 29.6
    endloop
  endfacet
  facet normal 0 0 -1
    outer loop
      vertex 62.5725 64.9768 29.6
      vertex 86.6 69.6 29.6
      vertex 62.841 64.7404 29.6
    endloop
  endfacet
  facet normal 0 0 -1
    outer loop
      vertex 62.2715 65.1669 29.6
      vertex 86.6 69.6 29.6
      vertex 62.5725 64.9768 29.6
    endloop
  endfacet
  facet normal 0 0 -1
    outer loop
      vertex 61.9453 65.3062 29.6
      vertex 86.6 69.6 29.6
      vertex 62.2715 65.1669 29.6
    endloop
  endfacet
  facet normal 0 0 -1
    outer loop
      vertex 61.602 65.3912 29.6
      vertex 86.6 69.6 29.6
      vertex 61.9453 65.3062 29.6
    endloop
  endfacet
  facet normal 0 0 -1
    outer loop
      vertex 61.25 65.4197 29.6
      vertex 86.6 69.6 29.6
      vertex 61.602 65.3912 29.6
    endloop
  endfacet
  facet normal 0 0 -1
    outer loop
      vertex 60.898 65.3912 29.6
      vertex 86.6 69.6 29.6
      vertex 61.25 65.4197 29.6
    endloop
  endfacet
  facet normal 0 0 -1
    outer loop
      vertex 32.9405 63.6 29.6
      vertex 59.1101 63.8172 29.6
      vertex 59.0595 63.6 29.6
    endloop
  endfacet
  facet normal 0 0 -1
    outer loop
      vertex 32.8899 63.8172 29.6
      vertex 59.1101 63.8172 29.6
      vertex 32.9405 63.6 29.6
    endloop
  endfacet
  facet normal 0 0 -1
    outer loop
      vertex 59.1101 63.8172 29.6
      vertex 32.8899 63.8172 29.6
      vertex 59.2452 64.1534 29.6
    endloop
  endfacet
  facet normal 0 0 -1
    outer loop
      vertex 32.7548 64.1534 29.6
      vertex 59.2452 64.1534 29.6
      vertex 32.8899 63.8172 29.6
    endloop
  endfacet
  facet normal 0 0 -1
    outer loop
      vertex 59.2452 64.1534 29.6
      vertex 32.7548 64.1534 29.6
      vertex 59.4297 64.4637 29.6
    endloop
  endfacet
  facet normal 0 0 -1
    outer loop
      vertex 32.5703 64.4637 29.6
      vertex 59.4297 64.4637 29.6
      vertex 32.7548 64.1534 29.6
    endloop
  endfacet
  facet normal 0 0 -1
    outer loop
      vertex 59.4297 64.4637 29.6
      vertex 32.5703 64.4637 29.6
      vertex 59.659 64.7404 29.6
    endloop
  endfacet
  facet normal 0 0 -1
    outer loop
      vertex 32.341 64.7404 29.6
      vertex 59.659 64.7404 29.6
      vertex 32.5703 64.4637 29.6
    endloop
  endfacet
  facet normal 0 0 -1
    outer loop
      vertex 59.659 64.7404 29.6
      vertex 32.341 64.7404 29.6
      vertex 59.9275 64.9768 29.6
    endloop
  endfacet
  facet normal 0 0 -1
    outer loop
      vertex 32.0725 64.9768 29.6
      vertex 59.9275 64.9768 29.6
      vertex 32.341 64.7404 29.6
    endloop
  endfacet
  facet normal 0 0 -1
    outer loop
      vertex 59.9275 64.9768 29.6
      vertex 32.0725 64.9768 29.6
      vertex 60.2285 65.1669 29.6
    endloop
  endfacet
  facet normal 0 0 -1
    outer loop
      vertex 31.7715 65.1669 29.6
      vertex 60.2285 65.1669 29.6
      vertex 32.0725 64.9768 29.6
    endloop
  endfacet
  facet normal 0 0 -1
    outer loop
      vertex 60.2285 65.1669 29.6
      vertex 31.7715 65.1669 29.6
      vertex 60.5547 65.3062 29.6
    endloop
  endfacet
  facet normal 0 0 -1
    outer loop
      vertex 31.4453 65.3062 29.6
      vertex 60.5547 65.3062 29.6
      vertex 31.7715 65.1669 29.6
    endloop
  endfacet
  facet normal 0 0 -1
    outer loop
      vertex 60.5547 65.3062 29.6
      vertex 31.4453 65.3062 29.6
      vertex 60.898 65.3912 29.6
    endloop
  endfacet
  facet normal 0 0 -1
    outer loop
      vertex 31.102 65.3912 29.6
      vertex 60.898 65.3912 29.6
      vertex 31.4453 65.3062 29.6
    endloop
  endfacet
  facet normal 0 0 -1
    outer loop
      vertex 60.898 65.3912 29.6
      vertex 31.102 65.3912 29.6
      vertex 86.6 69.6 29.6
    endloop
  endfacet
  facet normal 0 0 -1
    outer loop
      vertex 30.75 65.4197 29.6
      vertex 86.6 69.6 29.6
      vertex 31.102 65.3912 29.6
    endloop
  endfacet
  facet normal 0 0 -1
    outer loop
      vertex 5.4 63.6 29.6
      vertex 28.6101 63.8172 29.6
      vertex 28.5595 63.6 29.6
    endloop
  endfacet
  facet normal 0 0 -1
    outer loop
      vertex 5.4 69.6 29.6
      vertex 28.6101 63.8172 29.6
      vertex 5.4 63.6 29.6
    endloop
  endfacet
  facet normal 0 0 -1
    outer loop
      vertex 28.6101 63.8172 29.6
      vertex 5.4 69.6 29.6
      vertex 28.7452 64.1534 29.6
    endloop
  endfacet
  facet normal 0 0 -1
    outer loop
      vertex 28.7452 64.1534 29.6
      vertex 5.4 69.6 29.6
      vertex 28.9297 64.4637 29.6
    endloop
  endfacet
  facet normal 0 0 -1
    outer loop
      vertex 28.9297 64.4637 29.6
      vertex 5.4 69.6 29.6
      vertex 29.159 64.7404 29.6
    endloop
  endfacet
  facet normal 0 0 -1
    outer loop
      vertex 29.159 64.7404 29.6
      vertex 5.4 69.6 29.6
      vertex 29.4275 64.9768 29.6
    endloop
  endfacet
  facet normal 0 0 -1
    outer loop
      vertex 29.4275 64.9768 29.6
      vertex 5.4 69.6 29.6
      vertex 29.7285 65.1669 29.6
    endloop
  endfacet
  facet normal 0 0 -1
    outer loop
      vertex 29.7285 65.1669 29.6
      vertex 5.4 69.6 29.6
      vertex 30.0547 65.3062 29.6
    endloop
  endfacet
  facet normal 0 0 -1
    outer loop
      vertex 30.0547 65.3062 29.6
      vertex 5.4 69.6 29.6
      vertex 30.398 65.3912 29.6
    endloop
  endfacet
  facet normal 0 0 -1
    outer loop
      vertex 30.398 65.3912 29.6
      vertex 5.4 69.6 29.6
      vertex 30.75 65.4197 29.6
    endloop
  endfacet
  facet normal 0 0 -1
    outer loop
      vertex 30.75 65.4197 29.6
      vertex 5.4 69.6 29.6
      vertex 86.6 69.6 29.6
    endloop
  endfacet
  facet normal 0 0 -1
    outer loop
      vertex 4.9307 63.6369 29.6
      vertex 5.4 69.6 29.6
      vertex 5.4 63.6 29.6
    endloop
  endfacet
  facet normal 0 0 -1
    outer loop
      vertex 4.9307 63.6369 29.6
      vertex 4.9307 69.5631 29.6
      vertex 5.4 69.6 29.6
    endloop
  endfacet
  facet normal 0 0 -1
    outer loop
      vertex 4.47295 63.7468 29.6
      vertex 4.9307 69.5631 29.6
      vertex 4.9307 63.6369 29.6
    endloop
  endfacet
  facet normal 0 0 -1
    outer loop
      vertex 4.47295 63.7468 29.6
      vertex 4.47295 69.4532 29.6
      vertex 4.9307 69.5631 29.6
    endloop
  endfacet
  facet normal 0 0 -1
    outer loop
      vertex 4.03803 63.927 29.6
      vertex 4.47295 69.4532 29.6
      vertex 4.47295 63.7468 29.6
    endloop
  endfacet
  facet normal 0 0 -1
    outer loop
      vertex 4.03803 63.927 29.6
      vertex 4.03803 69.273 29.6
      vertex 4.47295 69.4532 29.6
    endloop
  endfacet
  facet normal 0 0 -1
    outer loop
      vertex 3.63664 64.173 29.6
      vertex 4.03803 69.273 29.6
      vertex 4.03803 63.927 29.6
    endloop
  endfacet
  facet normal 0 0 -1
    outer loop
      vertex 3.63664 64.173 29.6
      vertex 3.63664 69.0271 29.6
      vertex 4.03803 69.273 29.6
    endloop
  endfacet
  facet normal 0 0 -1
    outer loop
      vertex 3.27868 64.4787 29.6
      vertex 3.63664 69.0271 29.6
      vertex 3.63664 64.173 29.6
    endloop
  endfacet
  facet normal 0 0 -1
    outer loop
      vertex 3.27868 64.4787 29.6
      vertex 3.27868 68.7213 29.6
      vertex 3.63664 69.0271 29.6
    endloop
  endfacet
  facet normal 0 0 -1
    outer loop
      vertex 2.97295 64.8366 29.6
      vertex 3.27868 68.7213 29.6
      vertex 3.27868 64.4787 29.6
    endloop
  endfacet
  facet normal 0 0 -1
    outer loop
      vertex 2.97295 64.8366 29.6
      vertex 2.97295 68.3634 29.6
      vertex 3.27868 68.7213 29.6
    endloop
  endfacet
  facet normal 0 0 -1
    outer loop
      vertex 2.72698 65.238 29.6
      vertex 2.97295 68.3634 29.6
      vertex 2.97295 64.8366 29.6
    endloop
  endfacet
  facet normal 0 0 -1
    outer loop
      vertex 2.72698 65.238 29.6
      vertex 2.72698 67.962 29.6
      vertex 2.97295 68.3634 29.6
    endloop
  endfacet
  facet normal 0 0 -1
    outer loop
      vertex 2.54683 65.673 29.6
      vertex 2.72698 67.962 29.6
      vertex 2.72698 65.238 29.6
    endloop
  endfacet
  facet normal 0 0 -1
    outer loop
      vertex 2.54683 65.673 29.6
      vertex 2.54683 67.5271 29.6
      vertex 2.72698 67.962 29.6
    endloop
  endfacet
  facet normal 0 0 -1
    outer loop
      vertex 2.43693 66.1307 29.6
      vertex 2.54683 67.5271 29.6
      vertex 2.54683 65.673 29.6
    endloop
  endfacet
  facet normal 0 0 -1
    outer loop
      vertex 2.43693 66.1307 29.6
      vertex 2.43693 67.0693 29.6
      vertex 2.54683 67.5271 29.6
    endloop
  endfacet
  facet normal 0 -0 -1
    outer loop
      vertex 2.43693 67.0693 29.6
      vertex 2.43693 66.1307 29.6
      vertex 2.4 66.6 29.6
    endloop
  endfacet
  facet normal 0 0 -1
    outer loop
      vertex 31.5053 63.6 29.6
      vertex 31.3864 63.7564 29.6
      vertex 31.4781 63.6458 29.6
    endloop
  endfacet
  facet normal 0 0 -1
    outer loop
      vertex 31.5053 63.6 29.6
      vertex 31.279 63.851 29.6
      vertex 31.3864 63.7564 29.6
    endloop
  endfacet
  facet normal 0 0 -1
    outer loop
      vertex 31.5053 63.6 29.6
      vertex 31.1586 63.9271 29.6
      vertex 31.279 63.851 29.6
    endloop
  endfacet
  facet normal 0 0 -1
    outer loop
      vertex 31.5053 63.6 29.6
      vertex 31.0281 63.9828 29.6
      vertex 31.1586 63.9271 29.6
    endloop
  endfacet
  facet normal 0 0 -1
    outer loop
      vertex 31.5053 63.6 29.6
      vertex 30.8908 64.0167 29.6
      vertex 31.0281 63.9828 29.6
    endloop
  endfacet
  facet normal 0 0 -1
    outer loop
      vertex 31.5053 63.6 29.6
      vertex 30.75 64.0282 29.6
      vertex 30.8908 64.0167 29.6
    endloop
  endfacet
  facet normal 0 0 -1
    outer loop
      vertex 31.5053 63.6 29.6
      vertex 30.6092 64.0167 29.6
      vertex 30.75 64.0282 29.6
    endloop
  endfacet
  facet normal 0 0 -1
    outer loop
      vertex 31.5053 63.6 29.6
      vertex 30.4719 63.9828 29.6
      vertex 30.6092 64.0167 29.6
    endloop
  endfacet
  facet normal 0 0 -1
    outer loop
      vertex 31.5053 63.6 29.6
      vertex 30.3414 63.9271 29.6
      vertex 30.4719 63.9828 29.6
    endloop
  endfacet
  facet normal 0 0 -1
    outer loop
      vertex 31.5053 63.6 29.6
      vertex 30.221 63.851 29.6
      vertex 30.3414 63.9271 29.6
    endloop
  endfacet
  facet normal 0 0 -1
    outer loop
      vertex 31.5053 63.6 29.6
      vertex 30.1136 63.7564 29.6
      vertex 30.221 63.851 29.6
    endloop
  endfacet
  facet normal 0 0 -1
    outer loop
      vertex 29.9947 63.6 29.6
      vertex 30.1136 63.7564 29.6
      vertex 31.5053 63.6 29.6
    endloop
  endfacet
  facet normal 0 0 -1
    outer loop
      vertex 30.1136 63.7564 29.6
      vertex 29.9947 63.6 29.6
      vertex 30.0219 63.6458 29.6
    endloop
  endfacet
  facet normal 0 0 -1
    outer loop
      vertex 62.0053 63.6 29.6
      vertex 61.8864 63.7564 29.6
      vertex 61.9781 63.6458 29.6
    endloop
  endfacet
  facet normal 0 0 -1
    outer loop
      vertex 62.0053 63.6 29.6
      vertex 61.779 63.851 29.6
      vertex 61.8864 63.7564 29.6
    endloop
  endfacet
  facet normal 0 0 -1
    outer loop
      vertex 62.0053 63.6 29.6
      vertex 61.6586 63.9271 29.6
      vertex 61.779 63.851 29.6
    endloop
  endfacet
  facet normal 0 0 -1
    outer loop
      vertex 62.0053 63.6 29.6
      vertex 61.5281 63.9828 29.6
      vertex 61.6586 63.9271 29.6
    endloop
  endfacet
  facet normal 0 0 -1
    outer loop
      vertex 62.0053 63.6 29.6
      vertex 61.3908 64.0167 29.6
      vertex 61.5281 63.9828 29.6
    endloop
  endfacet
  facet normal 0 0 -1
    outer loop
      vertex 62.0053 63.6 29.6
      vertex 61.25 64.0282 29.6
      vertex 61.3908 64.0167 29.6
    endloop
  endfacet
  facet normal 0 0 -1
    outer loop
      vertex 62.0053 63.6 29.6
      vertex 61.1092 64.0167 29.6
      vertex 61.25 64.0282 29.6
    endloop
  endfacet
  facet normal 0 0 -1
    outer loop
      vertex 62.0053 63.6 29.6
      vertex 60.9719 63.9828 29.6
      vertex 61.1092 64.0167 29.6
    endloop
  endfacet
  facet normal 0 0 -1
    outer loop
      vertex 62.0053 63.6 29.6
      vertex 60.8414 63.9271 29.6
      vertex 60.9719 63.9828 29.6
    endloop
  endfacet
  facet normal 0 0 -1
    outer loop
      vertex 62.0053 63.6 29.6
      vertex 60.721 63.851 29.6
      vertex 60.8414 63.9271 29.6
    endloop
  endfacet
  facet normal 0 0 -1
    outer loop
      vertex 62.0053 63.6 29.6
      vertex 60.6136 63.7564 29.6
      vertex 60.721 63.851 29.6
    endloop
  endfacet
  facet normal 0 0 -1
    outer loop
      vertex 60.4947 63.6 29.6
      vertex 60.6136 63.7564 29.6
      vertex 62.0053 63.6 29.6
    endloop
  endfacet
  facet normal 0 0 -1
    outer loop
      vertex 60.6136 63.7564 29.6
      vertex 60.4947 63.6 29.6
      vertex 60.5219 63.6458 29.6
    endloop
  endfacet
  facet normal -0.325623 0.266746 -0.907092
    outer loop
      vertex 89.0271 4.50005 11.8539
      vertex 89.0271 3.63664 11.6
      vertex 89.0228 4.4897 11.8524
    endloop
  endfacet
  facet normal -0.313635 0.267929 -0.910959
    outer loop
      vertex 88.7213 64.4787 29.6
      vertex 89.0271 4.99665 12
      vertex 89.0203 4.98869 12
    endloop
  endfacet
  facet normal -0.313583 0.267934 -0.910976
    outer loop
      vertex 89.0271 4.99665 12
      vertex 88.7213 64.4787 29.6
      vertex 89.0271 64.8366 29.6
    endloop
  endfacet
  facet normal -0.563885 0.23287 -0.792342
    outer loop
      vertex 89.4532 4.47295 11.6
      vertex 89.31 5.39159 11.9719
      vertex 89.3193 5.50972 12
    endloop
  endfacet
  facet normal -0.562869 0.233213 -0.792963
    outer loop
      vertex 89.273 5.23761 11.9528
      vertex 89.4532 4.47295 11.6
      vertex 89.273 4.03803 11.6
    endloop
  endfacet
  facet normal -0.562268 0.233511 -0.793302
    outer loop
      vertex 89.4532 4.47295 11.6
      vertex 89.273 5.23761 11.9528
      vertex 89.31 5.39159 11.9719
    endloop
  endfacet
  facet normal -0.562955 0.233207 -0.792904
    outer loop
      vertex 89.3193 5.50972 12
      vertex 89.273 65.238 29.6
      vertex 89.4532 4.47295 11.6
    endloop
  endfacet
  facet normal -0.562691 0.233258 -0.793076
    outer loop
      vertex 89.273 65.238 29.6
      vertex 89.3193 5.50972 12
      vertex 89.273 5.39803 12
    endloop
  endfacet
  facet normal -1 0 0
    outer loop
      vertex 51.25 69.6 2.5
      vertex 51.25 72 7.5
      vertex 51.25 72 2.5
    endloop
  endfacet
  facet normal -1 -0 0
    outer loop
      vertex 51.25 72 7.5
      vertex 51.25 69.6 2.5
      vertex 51.25 69.6 7.5
    endloop
  endfacet
  facet normal 0 0 -1
    outer loop
      vertex 40.75 69.6 7.5
      vertex 51.25 72 7.5
      vertex 51.25 69.6 7.5
    endloop
  endfacet
  facet normal -0 0 -1
    outer loop
      vertex 51.25 72 7.5
      vertex 40.75 69.6 7.5
      vertex 40.75 72 7.5
    endloop
  endfacet
  facet normal -0 0 1
    outer loop
      vertex 40.75 72 2.5
      vertex 51.25 69.6 2.5
      vertex 51.25 72 2.5
    endloop
  endfacet
  facet normal 0 0 1
    outer loop
      vertex 51.25 69.6 2.5
      vertex 40.75 72 2.5
      vertex 40.75 69.6 2.5
    endloop
  endfacet
  facet normal 1 -0 0
    outer loop
      vertex 40.75 69.6 7.5
      vertex 40.75 72 2.5
      vertex 40.75 72 7.5
    endloop
  endfacet
  facet normal 1 0 0
    outer loop
      vertex 40.75 72 2.5
      vertex 40.75 69.6 7.5
      vertex 40.75 69.6 2.5
    endloop
  endfacet
  facet normal -0.649187 -0.760427 0.0175177
    outer loop
      vertex 3.64057 3.56888 11.776
      vertex 3.63314 3.57523 11.7763
      vertex 3.6019 3.6019 11.7763
    endloop
  endfacet
  facet normal -0.650074 -0.758419 -0.0469498
    outer loop
      vertex 3.63314 3.57523 11.7763
      vertex 3.64057 3.56888 11.776
      vertex 3.63664 3.57223 11.7763
    endloop
  endfacet
  facet normal -0.649354 -0.760483 0.00209021
    outer loop
      vertex 3.6019 3.6019 11.7763
      vertex 3.9897 3.2707 11.7512
      vertex 3.64057 3.56888 11.776
    endloop
  endfacet
  facet normal -0.649434 -0.760418 0
    outer loop
      vertex 3.6019 3.6019 0
      vertex 3.9897 3.2707 11.7512
      vertex 3.6019 3.6019 11.7763
    endloop
  endfacet
  facet normal -0.649434 -0.760418 -0
    outer loop
      vertex 3.9897 3.2707 11.7512
      vertex 3.6019 3.6019 0
      vertex 3.9897 3.2707 0
    endloop
  endfacet
  facet normal 0.972367 0.233459 0
    outer loop
      vertex 9.10999 6.40841 12
      vertex 8.99093 6.9043 0
      vertex 8.99093 6.9043 12
    endloop
  endfacet
  facet normal 0.972367 0.233459 0
    outer loop
      vertex 8.99093 6.9043 0
      vertex 9.10999 6.40841 12
      vertex 9.10999 6.40841 0
    endloop
  endfacet
  facet normal 0.996918 0.0784538 0
    outer loop
      vertex 9.15 5.9 12
      vertex 9.10999 6.40841 0
      vertex 9.10999 6.40841 12
    endloop
  endfacet
  facet normal 0.996918 0.0784538 0
    outer loop
      vertex 9.10999 6.40841 0
      vertex 9.15 5.9 12
      vertex 9.15 5.9 0
    endloop
  endfacet
  facet normal 0.923883 0.382675 0
    outer loop
      vertex 8.99093 6.9043 12
      vertex 8.79577 7.37547 0
      vertex 8.79577 7.37547 12
    endloop
  endfacet
  facet normal 0.923883 0.382675 0
    outer loop
      vertex 8.79577 7.37547 0
      vertex 8.99093 6.9043 12
      vertex 8.99093 6.9043 0
    endloop
  endfacet
  facet normal 0.233459 0.972367 -0
    outer loop
      vertex 6.9043 8.99093 0
      vertex 6.40841 9.10999 12
      vertex 6.9043 8.99093 12
    endloop
  endfacet
  facet normal 0.233459 0.972367 0
    outer loop
      vertex 6.40841 9.10999 12
      vertex 6.9043 8.99093 0
      vertex 6.40841 9.10999 0
    endloop
  endfacet
  facet normal 0.760418 0.649434 0
    outer loop
      vertex 8.5293 7.8103 12
      vertex 8.1981 8.1981 0
      vertex 8.1981 8.1981 12
    endloop
  endfacet
  facet normal 0.760418 0.649434 0
    outer loop
      vertex 8.1981 8.1981 0
      vertex 8.5293 7.8103 12
      vertex 8.5293 7.8103 0
    endloop
  endfacet
  facet normal -0.382744 -0.923853 -0.00178698
    outer loop
      vertex 4.42453 3.00423 11.7286
      vertex 4.8957 2.80907 11.707
      vertex 4.47295 2.98417 11.7286
    endloop
  endfacet
  facet normal -0.382675 -0.923883 0
    outer loop
      vertex 4.42453 3.00423 0
      vertex 4.8957 2.80907 11.707
      vertex 4.42453 3.00423 11.7286
    endloop
  endfacet
  facet normal -0.382675 -0.923883 -0
    outer loop
      vertex 4.8957 2.80907 11.707
      vertex 4.42453 3.00423 0
      vertex 4.8957 2.80907 0
    endloop
  endfacet
  facet normal -0.649434 0.760418 0
    outer loop
      vertex 3.9897 8.5293 0
      vertex 3.6019 8.1981 12
      vertex 3.9897 8.5293 12
    endloop
  endfacet
  facet normal -0.649434 0.760418 0
    outer loop
      vertex 3.6019 8.1981 12
      vertex 3.9897 8.5293 0
      vertex 3.6019 8.1981 0
    endloop
  endfacet
  facet normal 0.382675 -0.923883 0
    outer loop
      vertex 7.37547 3.00423 0
      vertex 6.9043 2.80907 11.7203
      vertex 6.9043 2.80907 0
    endloop
  endfacet
  facet normal 0.382675 -0.923883 0
    outer loop
      vertex 6.9043 2.80907 11.7203
      vertex 7.37547 3.00423 0
      vertex 7.37547 3.00423 11.7777
    endloop
  endfacet
  facet normal -0.996918 0.0784538 0
    outer loop
      vertex 2.65 5.9 0
      vertex 2.69001 6.40841 12
      vertex 2.69001 6.40841 0
    endloop
  endfacet
  facet normal -0.996918 0.0784538 0
    outer loop
      vertex 2.69001 6.40841 12
      vertex 2.65 5.9 0
      vertex 2.65 5.9 12
    endloop
  endfacet
  facet normal -0.996918 -0.0784538 0
    outer loop
      vertex 2.69001 5.39159 11.9719
      vertex 2.65 5.9 12
      vertex 2.65 5.9 0
    endloop
  endfacet
  facet normal -0.996918 -0.0784538 -0
    outer loop
      vertex 2.69001 5.39159 11.9719
      vertex 2.65 5.9 0
      vertex 2.69001 5.39159 0
    endloop
  endfacet
  facet normal -0.996916 -0.07847 0.000295652
    outer loop
      vertex 2.65 5.9 12
      vertex 2.69001 5.39159 11.9719
      vertex 2.68072 5.50972 12
    endloop
  endfacet
  facet normal 0.233459 -0.972367 0
    outer loop
      vertex 6.9043 2.80907 0
      vertex 6.40841 2.69001 11.6853
      vertex 6.40841 2.69001 0
    endloop
  endfacet
  facet normal 0.233459 -0.972367 0
    outer loop
      vertex 6.40841 2.69001 11.6853
      vertex 6.9043 2.80907 0
      vertex 6.9043 2.80907 11.7203
    endloop
  endfacet
  facet normal -0.382675 0.923883 0
    outer loop
      vertex 4.8957 8.99093 0
      vertex 4.42453 8.79577 12
      vertex 4.8957 8.99093 12
    endloop
  endfacet
  facet normal -0.382675 0.923883 0
    outer loop
      vertex 4.42453 8.79577 12
      vertex 4.8957 8.99093 0
      vertex 4.42453 8.79577 0
    endloop
  endfacet
  facet normal 0.760426 -0.649424 -0.000136265
    outer loop
      vertex 8.1981 3.6019 11.9535
      vertex 8.5293 3.9897 12
      vertex 8.33313 3.76 12
    endloop
  endfacet
  facet normal 0.760418 -0.649434 0
    outer loop
      vertex 8.5293 3.9897 12
      vertex 8.1981 3.6019 11.9535
      vertex 8.5293 3.9897 0
    endloop
  endfacet
  facet normal 0.760418 -0.649434 0
    outer loop
      vertex 8.5293 3.9897 0
      vertex 8.1981 3.6019 11.9535
      vertex 8.1981 3.6019 0
    endloop
  endfacet
  facet normal -0.852635 0.522507 0
    outer loop
      vertex 3.00423 7.37547 0
      vertex 3.2707 7.8103 12
      vertex 3.2707 7.8103 0
    endloop
  endfacet
  facet normal -0.852635 0.522507 0
    outer loop
      vertex 3.2707 7.8103 12
      vertex 3.00423 7.37547 0
      vertex 3.00423 7.37547 12
    endloop
  endfacet
  facet normal 0.0784538 -0.996918 0
    outer loop
      vertex 6.40841 2.69001 0
      vertex 5.9 2.65 11.6735
      vertex 5.9 2.65 0
    endloop
  endfacet
  facet normal 0.0784538 -0.996918 0
    outer loop
      vertex 5.9 2.65 11.6735
      vertex 6.40841 2.69001 0
      vertex 6.40841 2.69001 11.6853
    endloop
  endfacet
  facet normal -0.972367 -0.233459 0
    outer loop
      vertex 2.80907 4.8957 11.8917
      vertex 2.69001 5.39159 11.9719
      vertex 2.69001 5.39159 0
    endloop
  endfacet
  facet normal -0.972367 -0.233459 -0
    outer loop
      vertex 2.80907 4.8957 11.8917
      vertex 2.69001 5.39159 0
      vertex 2.80907 4.8957 0
    endloop
  endfacet
  facet normal -0.972364 -0.233469 6.57209e-05
    outer loop
      vertex 2.69001 5.39159 11.9719
      vertex 2.80907 4.8957 11.8917
      vertex 2.72698 5.23761 11.9528
    endloop
  endfacet
  facet normal -0.522507 0.852635 0
    outer loop
      vertex 4.42453 8.79577 0
      vertex 3.9897 8.5293 12
      vertex 4.42453 8.79577 12
    endloop
  endfacet
  facet normal -0.522507 0.852635 0
    outer loop
      vertex 3.9897 8.5293 12
      vertex 4.42453 8.79577 0
      vertex 3.9897 8.5293 0
    endloop
  endfacet
  facet normal 0.649434 -0.760418 0
    outer loop
      vertex 8.1981 3.6019 0
      vertex 7.8103 3.2707 11.8561
      vertex 7.8103 3.2707 0
    endloop
  endfacet
  facet normal 0.649434 -0.760418 0
    outer loop
      vertex 7.8103 3.2707 11.8561
      vertex 8.1981 3.6019 0
      vertex 8.1981 3.6019 11.9535
    endloop
  endfacet
  facet normal 0.522507 0.852635 -0
    outer loop
      vertex 7.8103 8.5293 0
      vertex 7.37547 8.79577 12
      vertex 7.8103 8.5293 12
    endloop
  endfacet
  facet normal 0.522507 0.852635 0
    outer loop
      vertex 7.37547 8.79577 12
      vertex 7.8103 8.5293 0
      vertex 7.37547 8.79577 0
    endloop
  endfacet
  facet normal 0.382675 0.923883 -0
    outer loop
      vertex 7.37547 8.79577 0
      vertex 6.9043 8.99093 12
      vertex 7.37547 8.79577 12
    endloop
  endfacet
  facet normal 0.382675 0.923883 0
    outer loop
      vertex 6.9043 8.99093 12
      vertex 7.37547 8.79577 0
      vertex 6.9043 8.99093 0
    endloop
  endfacet
  facet normal 0.852635 0.522507 0
    outer loop
      vertex 8.79577 7.37547 12
      vertex 8.5293 7.8103 0
      vertex 8.5293 7.8103 12
    endloop
  endfacet
  facet normal 0.852635 0.522507 0
    outer loop
      vertex 8.5293 7.8103 0
      vertex 8.79577 7.37547 12
      vertex 8.79577 7.37547 0
    endloop
  endfacet
  facet normal -0.923883 -0.382675 0
    outer loop
      vertex 3.00423 4.42453 11.8425
      vertex 2.80907 4.8957 11.8917
      vertex 2.80907 4.8957 0
    endloop
  endfacet
  facet normal -0.923884 -0.382673 -2.39613e-05
    outer loop
      vertex 2.80907 4.8957 11.8917
      vertex 3.00423 4.42453 11.8425
      vertex 2.96947 4.50845 11.8547
    endloop
  endfacet
  facet normal -0.923288 -0.383849 0.0141058
    outer loop
      vertex 2.96947 4.50845 11.8547
      vertex 2.97723 4.4897 11.8524
      vertex 2.97295 4.50005 11.8539
    endloop
  endfacet
  facet normal -0.923883 -0.382675 -0
    outer loop
      vertex 3.00423 4.42453 11.8425
      vertex 2.80907 4.8957 0
      vertex 3.00423 4.42453 0
    endloop
  endfacet
  facet normal -0.9245 -0.380935 -0.0137327
    outer loop
      vertex 2.96947 4.50845 11.8547
      vertex 3.00423 4.42453 11.8425
      vertex 2.97723 4.4897 11.8524
    endloop
  endfacet
  facet normal 0.649434 0.760418 -0
    outer loop
      vertex 8.1981 8.1981 0
      vertex 7.8103 8.5293 12
      vertex 8.1981 8.1981 12
    endloop
  endfacet
  facet normal 0.649434 0.760418 0
    outer loop
      vertex 7.8103 8.5293 12
      vertex 8.1981 8.1981 0
      vertex 7.8103 8.5293 0
    endloop
  endfacet
  facet normal 0.996918 -0.0784538 0
    outer loop
      vertex 9.10999 5.39159 12
      vertex 9.15 5.9 0
      vertex 9.15 5.9 12
    endloop
  endfacet
  facet normal 0.996918 -0.0784538 0
    outer loop
      vertex 9.15 5.9 0
      vertex 9.10999 5.39159 12
      vertex 9.10999 5.39159 0
    endloop
  endfacet
  facet normal 0.972367 -0.233459 0
    outer loop
      vertex 8.99093 4.8957 12
      vertex 9.10999 5.39159 0
      vertex 9.10999 5.39159 12
    endloop
  endfacet
  facet normal 0.972367 -0.233459 0
    outer loop
      vertex 9.10999 5.39159 0
      vertex 8.99093 4.8957 12
      vertex 8.99093 4.8957 0
    endloop
  endfacet
  facet normal 0 0 -1
    outer loop
      vertex 7.3 5.9 0
      vertex 9.15 5.9 0
      vertex 9.10999 5.39159 0
    endloop
  endfacet
  facet normal 0 0 -1
    outer loop
      vertex 7.28276 5.68099 0
      vertex 9.10999 5.39159 0
      vertex 8.99093 4.8957 0
    endloop
  endfacet
  facet normal 0 0 -1
    outer loop
      vertex 9.15 5.9 0
      vertex 7.3 5.9 0
      vertex 9.10999 6.40841 0
    endloop
  endfacet
  facet normal 0 0 -1
    outer loop
      vertex 7.23148 5.46738 0
      vertex 8.99093 4.8957 0
      vertex 8.79577 4.42453 0
    endloop
  endfacet
  facet normal 0 0 -1
    outer loop
      vertex 7.28276 6.11901 0
      vertex 9.10999 6.40841 0
      vertex 7.3 5.9 0
    endloop
  endfacet
  facet normal 0 0 -1
    outer loop
      vertex 7.14741 5.26441 0
      vertex 8.79577 4.42453 0
      vertex 8.5293 3.9897 0
    endloop
  endfacet
  facet normal -0 0 -1
    outer loop
      vertex 9.10999 6.40841 0
      vertex 7.28276 6.11901 0
      vertex 8.99093 6.9043 0
    endloop
  endfacet
  facet normal 0 0 -1
    outer loop
      vertex 7.03262 5.0771 0
      vertex 8.5293 3.9897 0
      vertex 8.1981 3.6019 0
    endloop
  endfacet
  facet normal 0 0 -1
    outer loop
      vertex 7.23148 6.33262 0
      vertex 8.99093 6.9043 0
      vertex 7.28276 6.11901 0
    endloop
  endfacet
  facet normal 0 0 -1
    outer loop
      vertex 6.88995 4.91005 0
      vertex 8.1981 3.6019 0
      vertex 7.8103 3.2707 0
    endloop
  endfacet
  facet normal -0 0 -1
    outer loop
      vertex 8.99093 6.9043 0
      vertex 7.23148 6.33262 0
      vertex 8.79577 7.37547 0
    endloop
  endfacet
  facet normal 0 0 -1
    outer loop
      vertex 6.7229 4.76738 0
      vertex 7.8103 3.2707 0
      vertex 7.37547 3.00423 0
    endloop
  endfacet
  facet normal 0 0 -1
    outer loop
      vertex 7.14741 6.53559 0
      vertex 8.79577 7.37547 0
      vertex 7.23148 6.33262 0
    endloop
  endfacet
  facet normal -0 0 -1
    outer loop
      vertex 8.79577 7.37547 0
      vertex 7.14741 6.53559 0
      vertex 8.5293 7.8103 0
    endloop
  endfacet
  facet normal 0 0 -1
    outer loop
      vertex 9.10999 5.39159 0
      vertex 7.28276 5.68099 0
      vertex 7.3 5.9 0
    endloop
  endfacet
  facet normal 0 0 -1
    outer loop
      vertex 8.99093 4.8957 0
      vertex 7.23148 5.46738 0
      vertex 7.28276 5.68099 0
    endloop
  endfacet
  facet normal 0 0 -1
    outer loop
      vertex 8.79577 4.42453 0
      vertex 7.14741 5.26441 0
      vertex 7.23148 5.46738 0
    endloop
  endfacet
  facet normal 0 0 -1
    outer loop
      vertex 8.5293 3.9897 0
      vertex 7.03262 5.0771 0
      vertex 7.14741 5.26441 0
    endloop
  endfacet
  facet normal 0 0 -1
    outer loop
      vertex 6.53559 4.65259 0
      vertex 7.37547 3.00423 0
      vertex 6.9043 2.80907 0
    endloop
  endfacet
  facet normal 0 0 -1
    outer loop
      vertex 8.1981 3.6019 0
      vertex 6.88995 4.91005 0
      vertex 7.03262 5.0771 0
    endloop
  endfacet
  facet normal 0 0 -1
    outer loop
      vertex 7.8103 3.2707 0
      vertex 6.7229 4.76738 0
      vertex 6.88995 4.91005 0
    endloop
  endfacet
  facet normal 0 0 -1
    outer loop
      vertex 7.37547 3.00423 0
      vertex 6.53559 4.65259 0
      vertex 6.7229 4.76738 0
    endloop
  endfacet
  facet normal 0 0 -1
    outer loop
      vertex 6.33262 4.56852 0
      vertex 6.9043 2.80907 0
      vertex 6.40841 2.69001 0
    endloop
  endfacet
  facet normal 0 0 -1
    outer loop
      vertex 6.9043 2.80907 0
      vertex 6.33262 4.56852 0
      vertex 6.53559 4.65259 0
    endloop
  endfacet
  facet normal 0 0 -1
    outer loop
      vertex 6.40841 2.69001 0
      vertex 6.11901 4.51724 0
      vertex 6.33262 4.56852 0
    endloop
  endfacet
  facet normal 0 0 -1
    outer loop
      vertex 5.9 2.65 0
      vertex 6.11901 4.51724 0
      vertex 6.40841 2.69001 0
    endloop
  endfacet
  facet normal 0 0 -1
    outer loop
      vertex 5.9 2.65 0
      vertex 5.9 4.5 0
      vertex 6.11901 4.51724 0
    endloop
  endfacet
  facet normal 0 0 -1
    outer loop
      vertex 5.9 2.65 0
      vertex 5.68099 4.51724 0
      vertex 5.9 4.5 0
    endloop
  endfacet
  facet normal 0 0 -1
    outer loop
      vertex 5.39159 2.69001 0
      vertex 5.68099 4.51724 0
      vertex 5.9 2.65 0
    endloop
  endfacet
  facet normal -0 0 -1
    outer loop
      vertex 5.68099 4.51724 0
      vertex 5.39159 2.69001 0
      vertex 5.46738 4.56852 0
    endloop
  endfacet
  facet normal 0 0 -1
    outer loop
      vertex 4.8957 2.80907 0
      vertex 5.46738 4.56852 0
      vertex 5.39159 2.69001 0
    endloop
  endfacet
  facet normal -0 0 -1
    outer loop
      vertex 5.46738 4.56852 0
      vertex 4.8957 2.80907 0
      vertex 5.26441 4.65259 0
    endloop
  endfacet
  facet normal 0 0 -1
    outer loop
      vertex 4.42453 3.00423 0
      vertex 5.26441 4.65259 0
      vertex 4.8957 2.80907 0
    endloop
  endfacet
  facet normal -0 0 -1
    outer loop
      vertex 5.26441 4.65259 0
      vertex 4.42453 3.00423 0
      vertex 5.0771 4.76738 0
    endloop
  endfacet
  facet normal 0 0 -1
    outer loop
      vertex 3.9897 3.2707 0
      vertex 5.0771 4.76738 0
      vertex 4.42453 3.00423 0
    endloop
  endfacet
  facet normal -0 0 -1
    outer loop
      vertex 5.0771 4.76738 0
      vertex 3.9897 3.2707 0
      vertex 4.91005 4.91005 0
    endloop
  endfacet
  facet normal 0 0 -1
    outer loop
      vertex 3.6019 3.6019 0
      vertex 4.91005 4.91005 0
      vertex 3.9897 3.2707 0
    endloop
  endfacet
  facet normal -0 0 -1
    outer loop
      vertex 4.91005 4.91005 0
      vertex 3.6019 3.6019 0
      vertex 4.76738 5.0771 0
    endloop
  endfacet
  facet normal -0 0 -1
    outer loop
      vertex 4.76738 5.0771 0
      vertex 3.2707 3.9897 0
      vertex 4.65259 5.26441 0
    endloop
  endfacet
  facet normal 0 0 -1
    outer loop
      vertex 3.2707 3.9897 0
      vertex 4.76738 5.0771 0
      vertex 3.6019 3.6019 0
    endloop
  endfacet
  facet normal 0 0 -1
    outer loop
      vertex 7.03262 6.7229 0
      vertex 8.5293 7.8103 0
      vertex 7.14741 6.53559 0
    endloop
  endfacet
  facet normal -0 0 -1
    outer loop
      vertex 8.5293 7.8103 0
      vertex 7.03262 6.7229 0
      vertex 8.1981 8.1981 0
    endloop
  endfacet
  facet normal 0 0 -1
    outer loop
      vertex 6.88995 6.88995 0
      vertex 8.1981 8.1981 0
      vertex 7.03262 6.7229 0
    endloop
  endfacet
  facet normal -0 0 -1
    outer loop
      vertex 8.1981 8.1981 0
      vertex 6.88995 6.88995 0
      vertex 7.8103 8.5293 0
    endloop
  endfacet
  facet normal 0 0 -1
    outer loop
      vertex 6.7229 7.03262 0
      vertex 7.8103 8.5293 0
      vertex 6.88995 6.88995 0
    endloop
  endfacet
  facet normal -0 0 -1
    outer loop
      vertex 7.8103 8.5293 0
      vertex 6.7229 7.03262 0
      vertex 7.37547 8.79577 0
    endloop
  endfacet
  facet normal 0 0 -1
    outer loop
      vertex 6.53559 7.14741 0
      vertex 7.37547 8.79577 0
      vertex 6.7229 7.03262 0
    endloop
  endfacet
  facet normal -0 0 -1
    outer loop
      vertex 7.37547 8.79577 0
      vertex 6.53559 7.14741 0
      vertex 6.9043 8.99093 0
    endloop
  endfacet
  facet normal 0 0 -1
    outer loop
      vertex 6.33262 7.23148 0
      vertex 6.9043 8.99093 0
      vertex 6.53559 7.14741 0
    endloop
  endfacet
  facet normal -0 0 -1
    outer loop
      vertex 6.9043 8.99093 0
      vertex 6.33262 7.23148 0
      vertex 6.40841 9.10999 0
    endloop
  endfacet
  facet normal 0 0 -1
    outer loop
      vertex 6.11901 7.28276 0
      vertex 6.40841 9.10999 0
      vertex 6.33262 7.23148 0
    endloop
  endfacet
  facet normal 0 0 -1
    outer loop
      vertex 5.9 7.3 0
      vertex 6.40841 9.10999 0
      vertex 6.11901 7.28276 0
    endloop
  endfacet
  facet normal 0 0 -1
    outer loop
      vertex 5.9 7.3 0
      vertex 5.9 9.15 0
      vertex 6.40841 9.10999 0
    endloop
  endfacet
  facet normal 0 0 -1
    outer loop
      vertex 5.68099 7.28276 0
      vertex 5.9 9.15 0
      vertex 5.9 7.3 0
    endloop
  endfacet
  facet normal 0 0 -1
    outer loop
      vertex 5.39159 9.10999 0
      vertex 5.68099 7.28276 0
      vertex 5.46738 7.23148 0
    endloop
  endfacet
  facet normal 0 0 -1
    outer loop
      vertex 5.68099 7.28276 0
      vertex 5.39159 9.10999 0
      vertex 5.9 9.15 0
    endloop
  endfacet
  facet normal 0 0 -1
    outer loop
      vertex 4.8957 8.99093 0
      vertex 5.46738 7.23148 0
      vertex 5.26441 7.14741 0
    endloop
  endfacet
  facet normal 0 0 -1
    outer loop
      vertex 4.42453 8.79577 0
      vertex 5.26441 7.14741 0
      vertex 5.0771 7.03262 0
    endloop
  endfacet
  facet normal 0 0 -1
    outer loop
      vertex 3.9897 8.5293 0
      vertex 5.0771 7.03262 0
      vertex 4.91005 6.88995 0
    endloop
  endfacet
  facet normal 0 0 -1
    outer loop
      vertex 5.46738 7.23148 0
      vertex 4.8957 8.99093 0
      vertex 5.39159 9.10999 0
    endloop
  endfacet
  facet normal 0 0 -1
    outer loop
      vertex 3.6019 8.1981 0
      vertex 4.91005 6.88995 0
      vertex 4.76738 6.7229 0
    endloop
  endfacet
  facet normal 0 0 -1
    outer loop
      vertex 3.2707 7.8103 0
      vertex 4.76738 6.7229 0
      vertex 4.65259 6.53559 0
    endloop
  endfacet
  facet normal 0 0 -1
    outer loop
      vertex 3.00423 7.37547 0
      vertex 4.65259 6.53559 0
      vertex 4.56852 6.33262 0
    endloop
  endfacet
  facet normal 0 0 -1
    outer loop
      vertex 2.80907 6.9043 0
      vertex 4.56852 6.33262 0
      vertex 4.51724 6.11901 0
    endloop
  endfacet
  facet normal 0 0 -1
    outer loop
      vertex 5.26441 7.14741 0
      vertex 4.42453 8.79577 0
      vertex 4.8957 8.99093 0
    endloop
  endfacet
  facet normal 0 0 -1
    outer loop
      vertex 2.69001 6.40841 0
      vertex 4.51724 6.11901 0
      vertex 4.5 5.9 0
    endloop
  endfacet
  facet normal 0 0 -1
    outer loop
      vertex 3.00423 4.42453 0
      vertex 4.65259 5.26441 0
      vertex 3.2707 3.9897 0
    endloop
  endfacet
  facet normal -0 0 -1
    outer loop
      vertex 4.65259 5.26441 0
      vertex 3.00423 4.42453 0
      vertex 4.56852 5.46738 0
    endloop
  endfacet
  facet normal 0 0 -1
    outer loop
      vertex 5.0771 7.03262 0
      vertex 3.9897 8.5293 0
      vertex 4.42453 8.79577 0
    endloop
  endfacet
  facet normal 0 0 -1
    outer loop
      vertex 2.80907 4.8957 0
      vertex 4.56852 5.46738 0
      vertex 3.00423 4.42453 0
    endloop
  endfacet
  facet normal 0 0 -1
    outer loop
      vertex 4.91005 6.88995 0
      vertex 3.6019 8.1981 0
      vertex 3.9897 8.5293 0
    endloop
  endfacet
  facet normal -0 0 -1
    outer loop
      vertex 4.56852 5.46738 0
      vertex 2.80907 4.8957 0
      vertex 4.51724 5.68099 0
    endloop
  endfacet
  facet normal 0 0 -1
    outer loop
      vertex 4.76738 6.7229 0
      vertex 3.2707 7.8103 0
      vertex 3.6019 8.1981 0
    endloop
  endfacet
  facet normal 0 0 -1
    outer loop
      vertex 2.69001 5.39159 0
      vertex 4.51724 5.68099 0
      vertex 2.80907 4.8957 0
    endloop
  endfacet
  facet normal 0 0 -1
    outer loop
      vertex 4.65259 6.53559 0
      vertex 3.00423 7.37547 0
      vertex 3.2707 7.8103 0
    endloop
  endfacet
  facet normal -0 0 -1
    outer loop
      vertex 4.51724 5.68099 0
      vertex 2.69001 5.39159 0
      vertex 4.5 5.9 0
    endloop
  endfacet
  facet normal 0 0 -1
    outer loop
      vertex 4.56852 6.33262 0
      vertex 2.80907 6.9043 0
      vertex 3.00423 7.37547 0
    endloop
  endfacet
  facet normal 0 0 -1
    outer loop
      vertex 2.65 5.9 0
      vertex 4.5 5.9 0
      vertex 2.69001 5.39159 0
    endloop
  endfacet
  facet normal 0 0 -1
    outer loop
      vertex 4.51724 6.11901 0
      vertex 2.69001 6.40841 0
      vertex 2.80907 6.9043 0
    endloop
  endfacet
  facet normal 0 0 -1
    outer loop
      vertex 4.5 5.9 0
      vertex 2.65 5.9 0
      vertex 2.69001 6.40841 0
    endloop
  endfacet
  facet normal -0.0784538 0.996918 0
    outer loop
      vertex 5.9 9.15 0
      vertex 5.39159 9.10999 12
      vertex 5.9 9.15 12
    endloop
  endfacet
  facet normal -0.0784538 0.996918 0
    outer loop
      vertex 5.39159 9.10999 12
      vertex 5.9 9.15 0
      vertex 5.39159 9.10999 0
    endloop
  endfacet
  facet normal -0.852635 -0.522507 -0
    outer loop
      vertex 3.2707 3.9897 11.8064
      vertex 3.00423 4.42453 0
      vertex 3.2707 3.9897 0
    endloop
  endfacet
  facet normal -0.852635 -0.522507 0
    outer loop
      vertex 3.00423 4.42453 0
      vertex 3.2707 3.9897 11.8064
      vertex 3.00423 4.42453 11.8425
    endloop
  endfacet
  facet normal -0.923883 0.382675 0
    outer loop
      vertex 2.80907 6.9043 0
      vertex 3.00423 7.37547 12
      vertex 3.00423 7.37547 0
    endloop
  endfacet
  facet normal -0.923883 0.382675 0
    outer loop
      vertex 3.00423 7.37547 12
      vertex 2.80907 6.9043 0
      vertex 2.80907 6.9043 12
    endloop
  endfacet
  facet normal 0.923883 -0.382675 0
    outer loop
      vertex 8.79577 4.42453 12
      vertex 8.99093 4.8957 0
      vertex 8.99093 4.8957 12
    endloop
  endfacet
  facet normal 0.923883 -0.382675 0
    outer loop
      vertex 8.99093 4.8957 0
      vertex 8.79577 4.42453 12
      vertex 8.79577 4.42453 0
    endloop
  endfacet
  facet normal -0.760418 -0.649434 0
    outer loop
      vertex 3.6019 3.6019 11.7763
      vertex 3.2707 3.9897 11.8064
      vertex 3.2707 3.9897 0
    endloop
  endfacet
  facet normal -0.760418 -0.649434 -0
    outer loop
      vertex 3.6019 3.6019 11.7763
      vertex 3.2707 3.9897 0
      vertex 3.6019 3.6019 0
    endloop
  endfacet
  facet normal -0.760621 -0.649172 -0.00561071
    outer loop
      vertex 3.2707 3.9897 11.8064
      vertex 3.6019 3.6019 11.7763
      vertex 3.27868 3.98035 11.8064
    endloop
  endfacet
  facet normal 0.522507 -0.852635 0
    outer loop
      vertex 7.8103 3.2707 0
      vertex 7.37547 3.00423 11.7777
      vertex 7.37547 3.00423 0
    endloop
  endfacet
  facet normal 0.522507 -0.852635 0
    outer loop
      vertex 7.37547 3.00423 11.7777
      vertex 7.8103 3.2707 0
      vertex 7.8103 3.2707 11.8561
    endloop
  endfacet
  facet normal 0 0 1
    outer loop
      vertex 9.10999 6.40841 12
      vertex 7.28276 6.11901 12
      vertex 7.3 5.9 12
    endloop
  endfacet
  facet normal 0 0 1
    outer loop
      vertex 7.8103 8.5293 12
      vertex 7.23148 6.33262 12
      vertex 7.28276 6.11901 12
    endloop
  endfacet
  facet normal 0 0 1
    outer loop
      vertex 7.8103 8.5293 12
      vertex 7.14741 6.53559 12
      vertex 7.23148 6.33262 12
    endloop
  endfacet
  facet normal 0 0 1
    outer loop
      vertex 7.8103 8.5293 12
      vertex 7.03262 6.7229 12
      vertex 7.14741 6.53559 12
    endloop
  endfacet
  facet normal 0 0 1
    outer loop
      vertex 6.53559 7.14741 12
      vertex 7.37547 8.79577 12
      vertex 6.9043 8.99093 12
    endloop
  endfacet
  facet normal 0 0 1
    outer loop
      vertex 7.8103 8.5293 12
      vertex 6.88995 6.88995 12
      vertex 7.03262 6.7229 12
    endloop
  endfacet
  facet normal 0 0 1
    outer loop
      vertex 7.8103 8.5293 12
      vertex 6.7229 7.03262 12
      vertex 6.88995 6.88995 12
    endloop
  endfacet
  facet normal 0 0 1
    outer loop
      vertex 7.37547 8.79577 12
      vertex 6.53559 7.14741 12
      vertex 6.7229 7.03262 12
    endloop
  endfacet
  facet normal 0 0 1
    outer loop
      vertex 6.33262 7.23148 12
      vertex 6.9043 8.99093 12
      vertex 6.40841 9.10999 12
    endloop
  endfacet
  facet normal 0 0 1
    outer loop
      vertex 6.9043 8.99093 12
      vertex 6.33262 7.23148 12
      vertex 6.53559 7.14741 12
    endloop
  endfacet
  facet normal 0 0 1
    outer loop
      vertex 6.40841 9.10999 12
      vertex 6.11901 7.28276 12
      vertex 6.33262 7.23148 12
    endloop
  endfacet
  facet normal 0 0 1
    outer loop
      vertex 5.9 9.15 12
      vertex 6.11901 7.28276 12
      vertex 6.40841 9.10999 12
    endloop
  endfacet
  facet normal 0 0 1
    outer loop
      vertex 5.9 9.15 12
      vertex 5.9 7.3 12
      vertex 6.11901 7.28276 12
    endloop
  endfacet
  facet normal 0 0 1
    outer loop
      vertex 5.9 9.15 12
      vertex 5.68099 7.28276 12
      vertex 5.9 7.3 12
    endloop
  endfacet
  facet normal -0 0 1
    outer loop
      vertex 5.39159 9.10999 12
      vertex 5.68099 7.28276 12
      vertex 5.9 9.15 12
    endloop
  endfacet
  facet normal 0 0 1
    outer loop
      vertex 5.68099 7.28276 12
      vertex 5.39159 9.10999 12
      vertex 5.46738 7.23148 12
    endloop
  endfacet
  facet normal -0 0 1
    outer loop
      vertex 4.8957 8.99093 12
      vertex 5.46738 7.23148 12
      vertex 5.39159 9.10999 12
    endloop
  endfacet
  facet normal 0 0 1
    outer loop
      vertex 5.46738 7.23148 12
      vertex 4.8957 8.99093 12
      vertex 5.26441 7.14741 12
    endloop
  endfacet
  facet normal -0 0 1
    outer loop
      vertex 4.42453 8.79577 12
      vertex 5.26441 7.14741 12
      vertex 4.8957 8.99093 12
    endloop
  endfacet
  facet normal 0 0 1
    outer loop
      vertex 5.26441 7.14741 12
      vertex 4.42453 8.79577 12
      vertex 5.0771 7.03262 12
    endloop
  endfacet
  facet normal -0 0 1
    outer loop
      vertex 3.9897 8.5293 12
      vertex 5.0771 7.03262 12
      vertex 4.42453 8.79577 12
    endloop
  endfacet
  facet normal 0 0 1
    outer loop
      vertex 5.0771 7.03262 12
      vertex 3.9897 8.5293 12
      vertex 4.91005 6.88995 12
    endloop
  endfacet
  facet normal -0 0 1
    outer loop
      vertex 3.6019 8.1981 12
      vertex 4.91005 6.88995 12
      vertex 3.9897 8.5293 12
    endloop
  endfacet
  facet normal 0 0 1
    outer loop
      vertex 4.91005 6.88995 12
      vertex 3.6019 8.1981 12
      vertex 4.76738 6.7229 12
    endloop
  endfacet
  facet normal -0 0 1
    outer loop
      vertex 3.2707 7.8103 12
      vertex 4.76738 6.7229 12
      vertex 3.6019 8.1981 12
    endloop
  endfacet
  facet normal 0 0 1
    outer loop
      vertex 4.76738 6.7229 12
      vertex 3.2707 7.8103 12
      vertex 4.65259 6.53559 12
    endloop
  endfacet
  facet normal -0 0 1
    outer loop
      vertex 3.00423 7.37547 12
      vertex 4.65259 6.53559 12
      vertex 3.2707 7.8103 12
    endloop
  endfacet
  facet normal 0 0 1
    outer loop
      vertex 4.65259 6.53559 12
      vertex 3.00423 7.37547 12
      vertex 4.56852 6.33262 12
    endloop
  endfacet
  facet normal -0 0 1
    outer loop
      vertex 2.80907 6.9043 12
      vertex 4.56852 6.33262 12
      vertex 3.00423 7.37547 12
    endloop
  endfacet
  facet normal 0 0 1
    outer loop
      vertex 4.56852 6.33262 12
      vertex 2.80907 6.9043 12
      vertex 4.51724 6.11901 12
    endloop
  endfacet
  facet normal -0 0 1
    outer loop
      vertex 2.69001 6.40841 12
      vertex 4.51724 6.11901 12
      vertex 2.80907 6.9043 12
    endloop
  endfacet
  facet normal 0 0 1
    outer loop
      vertex 4.5 5.9 12
      vertex 4.03803 4.08698 12
      vertex 4.47295 3.90683 12
    endloop
  endfacet
  facet normal 0 0 1
    outer loop
      vertex 4.5 5.9 12
      vertex 3.64556 4.32748 12
      vertex 4.03803 4.08698 12
    endloop
  endfacet
  facet normal 0 0 1
    outer loop
      vertex 3.64556 4.32748 12
      vertex 3.62869 4.33974 12
      vertex 3.63664 4.33295 12
    endloop
  endfacet
  facet normal 0 0 1
    outer loop
      vertex 4.51724 6.11901 12
      vertex 2.69001 6.40841 12
      vertex 4.5 5.9 12
    endloop
  endfacet
  facet normal 0 0 1
    outer loop
      vertex 4.5 5.9 12
      vertex 3.62869 4.33974 12
      vertex 3.64556 4.32748 12
    endloop
  endfacet
  facet normal 0 0 1
    outer loop
      vertex 4.5 5.9 12
      vertex 3.27868 4.63868 12
      vertex 3.62869 4.33974 12
    endloop
  endfacet
  facet normal 0 0 1
    outer loop
      vertex 2.65 5.9 12
      vertex 4.5 5.9 12
      vertex 2.69001 6.40841 12
    endloop
  endfacet
  facet normal 0 0 1
    outer loop
      vertex 4.5 5.9 12
      vertex 2.97974 4.98869 12
      vertex 3.27868 4.63868 12
    endloop
  endfacet
  facet normal 0 0 1
    outer loop
      vertex 4.5 5.9 12
      vertex 2.96748 5.00557 12
      vertex 2.97974 4.98869 12
    endloop
  endfacet
  facet normal 0 0 1
    outer loop
      vertex 2.97974 4.98869 12
      vertex 2.96748 5.00557 12
      vertex 2.97295 4.99665 12
    endloop
  endfacet
  facet normal 0 -0 1
    outer loop
      vertex 2.72698 5.39803 12
      vertex 4.5 5.9 12
      vertex 2.65 5.9 12
    endloop
  endfacet
  facet normal 0 0 1
    outer loop
      vertex 4.5 5.9 12
      vertex 2.72698 5.39803 12
      vertex 2.96748 5.00557 12
    endloop
  endfacet
  facet normal 0 0 1
    outer loop
      vertex 2.72698 5.39803 12
      vertex 2.65 5.9 12
      vertex 2.68072 5.50972 12
    endloop
  endfacet
  facet normal 0 0 1
    outer loop
      vertex 7.3 5.9 12
      vertex 9.15 5.9 12
      vertex 9.10999 6.40841 12
    endloop
  endfacet
  facet normal 0 0 1
    outer loop
      vertex 7.28276 6.11901 12
      vertex 9.10999 6.40841 12
      vertex 8.99093 6.9043 12
    endloop
  endfacet
  facet normal 0 0 1
    outer loop
      vertex 9.15 5.9 12
      vertex 7.3 5.9 12
      vertex 9.10999 5.39159 12
    endloop
  endfacet
  facet normal 0 0 1
    outer loop
      vertex 7.28276 6.11901 12
      vertex 8.99093 6.9043 12
      vertex 8.79577 7.37547 12
    endloop
  endfacet
  facet normal -0 0 1
    outer loop
      vertex 7.28276 5.68099 12
      vertex 9.10999 5.39159 12
      vertex 7.3 5.9 12
    endloop
  endfacet
  facet normal 0 0 1
    outer loop
      vertex 7.28276 6.11901 12
      vertex 8.79577 7.37547 12
      vertex 8.5293 7.8103 12
    endloop
  endfacet
  facet normal 0 0 1
    outer loop
      vertex 9.10999 5.39159 12
      vertex 7.28276 5.68099 12
      vertex 8.99093 4.8957 12
    endloop
  endfacet
  facet normal -0 0 1
    outer loop
      vertex 7.23148 5.46738 12
      vertex 8.99093 4.8957 12
      vertex 7.28276 5.68099 12
    endloop
  endfacet
  facet normal 0 0 1
    outer loop
      vertex 7.28276 6.11901 12
      vertex 8.5293 7.8103 12
      vertex 8.1981 8.1981 12
    endloop
  endfacet
  facet normal 0 0 1
    outer loop
      vertex 7.28276 6.11901 12
      vertex 8.1981 8.1981 12
      vertex 7.8103 8.5293 12
    endloop
  endfacet
  facet normal 0 0 1
    outer loop
      vertex 6.7229 7.03262 12
      vertex 7.8103 8.5293 12
      vertex 7.37547 8.79577 12
    endloop
  endfacet
  facet normal 0 0 1
    outer loop
      vertex 8.99093 4.8957 12
      vertex 7.23148 5.46738 12
      vertex 8.79577 4.42453 12
    endloop
  endfacet
  facet normal -0 0 1
    outer loop
      vertex 7.14741 5.26441 12
      vertex 8.79577 4.42453 12
      vertex 7.23148 5.46738 12
    endloop
  endfacet
  facet normal 0 0 1
    outer loop
      vertex 8.79577 4.42453 12
      vertex 7.14741 5.26441 12
      vertex 8.5293 3.9897 12
    endloop
  endfacet
  facet normal -0 0 1
    outer loop
      vertex 7.03262 5.0771 12
      vertex 8.5293 3.9897 12
      vertex 7.14741 5.26441 12
    endloop
  endfacet
  facet normal 0 0 1
    outer loop
      vertex 8.5293 3.9897 12
      vertex 7.03262 5.0771 12
      vertex 8.33313 3.76 12
    endloop
  endfacet
  facet normal -0 0 1
    outer loop
      vertex 6.88995 4.91005 12
      vertex 8.33313 3.76 12
      vertex 7.03262 5.0771 12
    endloop
  endfacet
  facet normal -0 0 1
    outer loop
      vertex 6.7229 4.76738 12
      vertex 8.33313 3.76 12
      vertex 6.88995 4.91005 12
    endloop
  endfacet
  facet normal -0 0 1
    outer loop
      vertex 6.53559 4.65259 12
      vertex 8.33313 3.76 12
      vertex 6.7229 4.76738 12
    endloop
  endfacet
  facet normal -0 0 1
    outer loop
      vertex 6.33262 4.56852 12
      vertex 8.33313 3.76 12
      vertex 6.53559 4.65259 12
    endloop
  endfacet
  facet normal 0 0 1
    outer loop
      vertex 5.4 3.76 12
      vertex 6.33262 4.56852 12
      vertex 6.11901 4.51724 12
    endloop
  endfacet
  facet normal 0 0 1
    outer loop
      vertex 5.4 3.76 12
      vertex 6.11901 4.51724 12
      vertex 5.9 4.5 12
    endloop
  endfacet
  facet normal 0 0 1
    outer loop
      vertex 5.4 3.76 12
      vertex 5.9 4.5 12
      vertex 5.68099 4.51724 12
    endloop
  endfacet
  facet normal 0 0 1
    outer loop
      vertex 5.4 3.76 12
      vertex 5.68099 4.51724 12
      vertex 5.46738 4.56852 12
    endloop
  endfacet
  facet normal 0 0 1
    outer loop
      vertex 6.33262 4.56852 12
      vertex 5.4 3.76 12
      vertex 8.33313 3.76 12
    endloop
  endfacet
  facet normal 0 0 1
    outer loop
      vertex 4.9307 3.79694 12
      vertex 5.46738 4.56852 12
      vertex 5.26441 4.65259 12
    endloop
  endfacet
  facet normal 0 0 1
    outer loop
      vertex 4.9307 3.79694 12
      vertex 5.26441 4.65259 12
      vertex 5.0771 4.76738 12
    endloop
  endfacet
  facet normal 0 0 1
    outer loop
      vertex 5.46738 4.56852 12
      vertex 4.9307 3.79694 12
      vertex 5.4 3.76 12
    endloop
  endfacet
  facet normal 0 0 1
    outer loop
      vertex 4.47295 3.90683 12
      vertex 5.0771 4.76738 12
      vertex 4.91005 4.91005 12
    endloop
  endfacet
  facet normal 0 0 1
    outer loop
      vertex 4.47295 3.90683 12
      vertex 4.91005 4.91005 12
      vertex 4.76738 5.0771 12
    endloop
  endfacet
  facet normal 0 0 1
    outer loop
      vertex 4.47295 3.90683 12
      vertex 4.76738 5.0771 12
      vertex 4.65259 5.26441 12
    endloop
  endfacet
  facet normal 0 0 1
    outer loop
      vertex 4.47295 3.90683 12
      vertex 4.65259 5.26441 12
      vertex 4.56852 5.46738 12
    endloop
  endfacet
  facet normal 0 0 1
    outer loop
      vertex 4.47295 3.90683 12
      vertex 4.56852 5.46738 12
      vertex 4.51724 5.68099 12
    endloop
  endfacet
  facet normal 0 0 1
    outer loop
      vertex 5.0771 4.76738 12
      vertex 4.47295 3.90683 12
      vertex 4.9307 3.79694 12
    endloop
  endfacet
  facet normal 0 0 1
    outer loop
      vertex 4.47295 3.90683 12
      vertex 4.51724 5.68099 12
      vertex 4.5 5.9 12
    endloop
  endfacet
  facet normal -0.233459 0.972367 0
    outer loop
      vertex 5.39159 9.10999 0
      vertex 4.8957 8.99093 12
      vertex 5.39159 9.10999 12
    endloop
  endfacet
  facet normal -0.233459 0.972367 0
    outer loop
      vertex 4.8957 8.99093 12
      vertex 5.39159 9.10999 0
      vertex 4.8957 8.99093 0
    endloop
  endfacet
  facet normal -0.233634 -0.972316 -0.00423037
    outer loop
      vertex 4.8957 2.80907 11.707
      vertex 5.39159 2.69001 11.6851
      vertex 4.9307 2.80066 11.707
    endloop
  endfacet
  facet normal -0.233459 -0.972367 0
    outer loop
      vertex 4.8957 2.80907 0
      vertex 5.39159 2.69001 11.6851
      vertex 4.8957 2.80907 11.707
    endloop
  endfacet
  facet normal -0.233459 -0.972367 -0
    outer loop
      vertex 5.39159 2.69001 11.6851
      vertex 4.8957 2.80907 0
      vertex 5.39159 2.69001 0
    endloop
  endfacet
  facet normal 0.852635 -0.522507 0
    outer loop
      vertex 8.5293 3.9897 12
      vertex 8.79577 4.42453 0
      vertex 8.79577 4.42453 12
    endloop
  endfacet
  facet normal 0.852635 -0.522507 0
    outer loop
      vertex 8.79577 4.42453 0
      vertex 8.5293 3.9897 12
      vertex 8.5293 3.9897 0
    endloop
  endfacet
  facet normal 0.0784538 0.996918 -0
    outer loop
      vertex 6.40841 9.10999 0
      vertex 5.9 9.15 12
      vertex 6.40841 9.10999 12
    endloop
  endfacet
  facet normal 0.0784538 0.996918 0
    outer loop
      vertex 5.9 9.15 12
      vertex 6.40841 9.10999 0
      vertex 5.9 9.15 0
    endloop
  endfacet
  facet normal -0.972367 0.233459 0
    outer loop
      vertex 2.69001 6.40841 0
      vertex 2.80907 6.9043 12
      vertex 2.80907 6.9043 0
    endloop
  endfacet
  facet normal -0.972367 0.233459 0
    outer loop
      vertex 2.80907 6.9043 12
      vertex 2.69001 6.40841 0
      vertex 2.69001 6.40841 12
    endloop
  endfacet
  facet normal -0.0782374 -0.996935 0
    outer loop
      vertex 5.39159 2.69001 0
      vertex 5.4 2.68935 11.6851
      vertex 5.39159 2.69001 11.6851
    endloop
  endfacet
  facet normal -0.0784574 -0.996917 1.59281e-07
    outer loop
      vertex 5.4 2.68935 11.6851
      vertex 5.39159 2.69001 0
      vertex 5.9 2.65 11.6735
    endloop
  endfacet
  facet normal -0.0784538 -0.996918 -0
    outer loop
      vertex 5.9 2.65 11.6735
      vertex 5.39159 2.69001 0
      vertex 5.9 2.65 0
    endloop
  endfacet
  facet normal -0.522541 -0.852614 -0.000912908
    outer loop
      vertex 3.9897 3.2707 11.7512
      vertex 4.42453 3.00423 11.7286
      vertex 4.03803 3.24108 11.7512
    endloop
  endfacet
  facet normal -0.522507 -0.852635 0
    outer loop
      vertex 3.9897 3.2707 0
      vertex 4.42453 3.00423 11.7286
      vertex 3.9897 3.2707 11.7512
    endloop
  endfacet
  facet normal -0.522507 -0.852635 -0
    outer loop
      vertex 4.42453 3.00423 11.7286
      vertex 3.9897 3.2707 0
      vertex 4.42453 3.00423 0
    endloop
  endfacet
  facet normal -0.760418 0.649434 0
    outer loop
      vertex 3.2707 7.8103 0
      vertex 3.6019 8.1981 12
      vertex 3.6019 8.1981 0
    endloop
  endfacet
  facet normal -0.760418 0.649434 0
    outer loop
      vertex 3.6019 8.1981 12
      vertex 3.2707 7.8103 0
      vertex 3.2707 7.8103 12
    endloop
  endfacet
  facet normal -0.649437 0.760415 0
    outer loop
      vertex 6.88995 4.91005 0
      vertex 6.7229 4.76738 12
      vertex 6.88995 4.91005 12
    endloop
  endfacet
  facet normal -0.649437 0.760415 0
    outer loop
      vertex 6.7229 4.76738 12
      vertex 6.88995 4.91005 0
      vertex 6.7229 4.76738 0
    endloop
  endfacet
  facet normal 0.923884 0.382672 0
    outer loop
      vertex 4.65259 5.26441 12
      vertex 4.56852 5.46738 0
      vertex 4.56852 5.46738 12
    endloop
  endfacet
  facet normal 0.923884 0.382672 0
    outer loop
      vertex 4.56852 5.46738 0
      vertex 4.65259 5.26441 12
      vertex 4.65259 5.26441 0
    endloop
  endfacet
  facet normal 0.996916 -0.0784751 0
    outer loop
      vertex 4.5 5.9 12
      vertex 4.51724 6.11901 0
      vertex 4.51724 6.11901 12
    endloop
  endfacet
  facet normal 0.996916 -0.0784751 0
    outer loop
      vertex 4.51724 6.11901 0
      vertex 4.5 5.9 12
      vertex 4.5 5.9 0
    endloop
  endfacet
  facet normal -0.972373 -0.233431 0
    outer loop
      vertex 7.28276 6.11901 0
      vertex 7.23148 6.33262 12
      vertex 7.23148 6.33262 0
    endloop
  endfacet
  facet normal -0.972373 -0.233431 0
    outer loop
      vertex 7.23148 6.33262 12
      vertex 7.28276 6.11901 0
      vertex 7.28276 6.11901 12
    endloop
  endfacet
  facet normal -0.233431 0.972373 0
    outer loop
      vertex 6.33262 4.56852 0
      vertex 6.11901 4.51724 12
      vertex 6.33262 4.56852 12
    endloop
  endfacet
  facet normal -0.233431 0.972373 0
    outer loop
      vertex 6.11901 4.51724 12
      vertex 6.33262 4.56852 0
      vertex 6.11901 4.51724 0
    endloop
  endfacet
  facet normal -0.760415 -0.649437 0
    outer loop
      vertex 7.03262 6.7229 0
      vertex 6.88995 6.88995 12
      vertex 6.88995 6.88995 0
    endloop
  endfacet
  facet normal -0.760415 -0.649437 0
    outer loop
      vertex 6.88995 6.88995 12
      vertex 7.03262 6.7229 0
      vertex 7.03262 6.7229 12
    endloop
  endfacet
  facet normal -0.760415 0.649437 0
    outer loop
      vertex 6.88995 4.91005 0
      vertex 7.03262 5.0771 12
      vertex 7.03262 5.0771 0
    endloop
  endfacet
  facet normal -0.760415 0.649437 0
    outer loop
      vertex 7.03262 5.0771 12
      vertex 6.88995 4.91005 0
      vertex 6.88995 4.91005 12
    endloop
  endfacet
  facet normal 0.649437 -0.760415 0
    outer loop
      vertex 4.91005 6.88995 0
      vertex 5.0771 7.03262 12
      vertex 4.91005 6.88995 12
    endloop
  endfacet
  facet normal 0.649437 -0.760415 0
    outer loop
      vertex 5.0771 7.03262 12
      vertex 4.91005 6.88995 0
      vertex 5.0771 7.03262 0
    endloop
  endfacet
  facet normal -0.0784751 0.996916 0
    outer loop
      vertex 6.11901 4.51724 0
      vertex 5.9 4.5 12
      vertex 6.11901 4.51724 12
    endloop
  endfacet
  facet normal -0.0784751 0.996916 0
    outer loop
      vertex 5.9 4.5 12
      vertex 6.11901 4.51724 0
      vertex 5.9 4.5 0
    endloop
  endfacet
  facet normal 0.996916 0.0784751 0
    outer loop
      vertex 4.51724 5.68099 12
      vertex 4.5 5.9 0
      vertex 4.5 5.9 12
    endloop
  endfacet
  facet normal 0.996916 0.0784751 0
    outer loop
      vertex 4.5 5.9 0
      vertex 4.51724 5.68099 12
      vertex 4.51724 5.68099 0
    endloop
  endfacet
  facet normal -0.382672 -0.923884 0
    outer loop
      vertex 6.33262 7.23148 0
      vertex 6.53559 7.14741 12
      vertex 6.33262 7.23148 12
    endloop
  endfacet
  facet normal -0.382672 -0.923884 -0
    outer loop
      vertex 6.53559 7.14741 12
      vertex 6.33262 7.23148 0
      vertex 6.53559 7.14741 0
    endloop
  endfacet
  facet normal -0.996916 -0.0784751 0
    outer loop
      vertex 7.3 5.9 0
      vertex 7.28276 6.11901 12
      vertex 7.28276 6.11901 0
    endloop
  endfacet
  facet normal -0.996916 -0.0784751 0
    outer loop
      vertex 7.28276 6.11901 12
      vertex 7.3 5.9 0
      vertex 7.3 5.9 12
    endloop
  endfacet
  facet normal 0.852627 0.522519 0
    outer loop
      vertex 4.76738 5.0771 12
      vertex 4.65259 5.26441 0
      vertex 4.65259 5.26441 12
    endloop
  endfacet
  facet normal 0.852627 0.522519 0
    outer loop
      vertex 4.65259 5.26441 0
      vertex 4.76738 5.0771 12
      vertex 4.76738 5.0771 0
    endloop
  endfacet
  facet normal 0.972373 0.233431 0
    outer loop
      vertex 4.56852 5.46738 12
      vertex 4.51724 5.68099 0
      vertex 4.51724 5.68099 12
    endloop
  endfacet
  facet normal 0.972373 0.233431 0
    outer loop
      vertex 4.51724 5.68099 0
      vertex 4.56852 5.46738 12
      vertex 4.56852 5.46738 0
    endloop
  endfacet
  facet normal -0.522519 -0.852627 0
    outer loop
      vertex 6.53559 7.14741 0
      vertex 6.7229 7.03262 12
      vertex 6.53559 7.14741 12
    endloop
  endfacet
  facet normal -0.522519 -0.852627 -0
    outer loop
      vertex 6.7229 7.03262 12
      vertex 6.53559 7.14741 0
      vertex 6.7229 7.03262 0
    endloop
  endfacet
  facet normal 0.0784751 -0.996916 0
    outer loop
      vertex 5.68099 7.28276 0
      vertex 5.9 7.3 12
      vertex 5.68099 7.28276 12
    endloop
  endfacet
  facet normal 0.0784751 -0.996916 0
    outer loop
      vertex 5.9 7.3 12
      vertex 5.68099 7.28276 0
      vertex 5.9 7.3 0
    endloop
  endfacet
  facet normal -0.923884 -0.382672 0
    outer loop
      vertex 7.23148 6.33262 0
      vertex 7.14741 6.53559 12
      vertex 7.14741 6.53559 0
    endloop
  endfacet
  facet normal -0.923884 -0.382672 0
    outer loop
      vertex 7.14741 6.53559 12
      vertex 7.23148 6.33262 0
      vertex 7.23148 6.33262 12
    endloop
  endfacet
  facet normal -0.852627 0.522519 0
    outer loop
      vertex 7.03262 5.0771 0
      vertex 7.14741 5.26441 12
      vertex 7.14741 5.26441 0
    endloop
  endfacet
  facet normal -0.852627 0.522519 0
    outer loop
      vertex 7.14741 5.26441 12
      vertex 7.03262 5.0771 0
      vertex 7.03262 5.0771 12
    endloop
  endfacet
  facet normal 0.382672 -0.923884 0
    outer loop
      vertex 5.26441 7.14741 0
      vertex 5.46738 7.23148 12
      vertex 5.26441 7.14741 12
    endloop
  endfacet
  facet normal 0.382672 -0.923884 0
    outer loop
      vertex 5.46738 7.23148 12
      vertex 5.26441 7.14741 0
      vertex 5.46738 7.23148 0
    endloop
  endfacet
  facet normal -0.233431 -0.972373 0
    outer loop
      vertex 6.11901 7.28276 0
      vertex 6.33262 7.23148 12
      vertex 6.11901 7.28276 12
    endloop
  endfacet
  facet normal -0.233431 -0.972373 -0
    outer loop
      vertex 6.33262 7.23148 12
      vertex 6.11901 7.28276 0
      vertex 6.33262 7.23148 0
    endloop
  endfacet
  facet normal 0.233431 0.972373 -0
    outer loop
      vertex 5.68099 4.51724 0
      vertex 5.46738 4.56852 12
      vertex 5.68099 4.51724 12
    endloop
  endfacet
  facet normal 0.233431 0.972373 0
    outer loop
      vertex 5.46738 4.56852 12
      vertex 5.68099 4.51724 0
      vertex 5.46738 4.56852 0
    endloop
  endfacet
  facet normal 0.649437 0.760415 -0
    outer loop
      vertex 5.0771 4.76738 0
      vertex 4.91005 4.91005 12
      vertex 5.0771 4.76738 12
    endloop
  endfacet
  facet normal 0.649437 0.760415 0
    outer loop
      vertex 4.91005 4.91005 12
      vertex 5.0771 4.76738 0
      vertex 4.91005 4.91005 0
    endloop
  endfacet
  facet normal -0.852627 -0.522519 0
    outer loop
      vertex 7.14741 6.53559 0
      vertex 7.03262 6.7229 12
      vertex 7.03262 6.7229 0
    endloop
  endfacet
  facet normal -0.852627 -0.522519 0
    outer loop
      vertex 7.03262 6.7229 12
      vertex 7.14741 6.53559 0
      vertex 7.14741 6.53559 12
    endloop
  endfacet
  facet normal -0.649437 -0.760415 0
    outer loop
      vertex 6.7229 7.03262 0
      vertex 6.88995 6.88995 12
      vertex 6.7229 7.03262 12
    endloop
  endfacet
  facet normal -0.649437 -0.760415 -0
    outer loop
      vertex 6.88995 6.88995 12
      vertex 6.7229 7.03262 0
      vertex 6.88995 6.88995 0
    endloop
  endfacet
  facet normal 0.972373 -0.233431 0
    outer loop
      vertex 4.51724 6.11901 12
      vertex 4.56852 6.33262 0
      vertex 4.56852 6.33262 12
    endloop
  endfacet
  facet normal 0.972373 -0.233431 0
    outer loop
      vertex 4.56852 6.33262 0
      vertex 4.51724 6.11901 12
      vertex 4.51724 6.11901 0
    endloop
  endfacet
  facet normal 0.760415 -0.649437 0
    outer loop
      vertex 4.76738 6.7229 12
      vertex 4.91005 6.88995 0
      vertex 4.91005 6.88995 12
    endloop
  endfacet
  facet normal 0.760415 -0.649437 0
    outer loop
      vertex 4.91005 6.88995 0
      vertex 4.76738 6.7229 12
      vertex 4.76738 6.7229 0
    endloop
  endfacet
  facet normal 0.233431 -0.972373 0
    outer loop
      vertex 5.46738 7.23148 0
      vertex 5.68099 7.28276 12
      vertex 5.46738 7.23148 12
    endloop
  endfacet
  facet normal 0.233431 -0.972373 0
    outer loop
      vertex 5.68099 7.28276 12
      vertex 5.46738 7.23148 0
      vertex 5.68099 7.28276 0
    endloop
  endfacet
  facet normal -0.382672 0.923884 0
    outer loop
      vertex 6.53559 4.65259 0
      vertex 6.33262 4.56852 12
      vertex 6.53559 4.65259 12
    endloop
  endfacet
  facet normal -0.382672 0.923884 0
    outer loop
      vertex 6.33262 4.56852 12
      vertex 6.53559 4.65259 0
      vertex 6.33262 4.56852 0
    endloop
  endfacet
  facet normal 0.760415 0.649437 0
    outer loop
      vertex 4.91005 4.91005 12
      vertex 4.76738 5.0771 0
      vertex 4.76738 5.0771 12
    endloop
  endfacet
  facet normal 0.760415 0.649437 0
    outer loop
      vertex 4.76738 5.0771 0
      vertex 4.91005 4.91005 12
      vertex 4.91005 4.91005 0
    endloop
  endfacet
  facet normal -0.996916 0.0784751 0
    outer loop
      vertex 7.28276 5.68099 0
      vertex 7.3 5.9 12
      vertex 7.3 5.9 0
    endloop
  endfacet
  facet normal -0.996916 0.0784751 0
    outer loop
      vertex 7.3 5.9 12
      vertex 7.28276 5.68099 0
      vertex 7.28276 5.68099 12
    endloop
  endfacet
  facet normal 0.852627 -0.522519 0
    outer loop
      vertex 4.65259 6.53559 12
      vertex 4.76738 6.7229 0
      vertex 4.76738 6.7229 12
    endloop
  endfacet
  facet normal 0.852627 -0.522519 0
    outer loop
      vertex 4.76738 6.7229 0
      vertex 4.65259 6.53559 12
      vertex 4.65259 6.53559 0
    endloop
  endfacet
  facet normal -0.972373 0.233431 0
    outer loop
      vertex 7.23148 5.46738 0
      vertex 7.28276 5.68099 12
      vertex 7.28276 5.68099 0
    endloop
  endfacet
  facet normal -0.972373 0.233431 0
    outer loop
      vertex 7.28276 5.68099 12
      vertex 7.23148 5.46738 0
      vertex 7.23148 5.46738 12
    endloop
  endfacet
  facet normal 0.522519 0.852627 -0
    outer loop
      vertex 5.26441 4.65259 0
      vertex 5.0771 4.76738 12
      vertex 5.26441 4.65259 12
    endloop
  endfacet
  facet normal 0.522519 0.852627 0
    outer loop
      vertex 5.0771 4.76738 12
      vertex 5.26441 4.65259 0
      vertex 5.0771 4.76738 0
    endloop
  endfacet
  facet normal -0.923884 0.382672 0
    outer loop
      vertex 7.14741 5.26441 0
      vertex 7.23148 5.46738 12
      vertex 7.23148 5.46738 0
    endloop
  endfacet
  facet normal -0.923884 0.382672 0
    outer loop
      vertex 7.23148 5.46738 12
      vertex 7.14741 5.26441 0
      vertex 7.14741 5.26441 12
    endloop
  endfacet
  facet normal -0.0784751 -0.996916 0
    outer loop
      vertex 5.9 7.3 0
      vertex 6.11901 7.28276 12
      vertex 5.9 7.3 12
    endloop
  endfacet
  facet normal -0.0784751 -0.996916 -0
    outer loop
      vertex 6.11901 7.28276 12
      vertex 5.9 7.3 0
      vertex 6.11901 7.28276 0
    endloop
  endfacet
  facet normal 0.382672 0.923884 -0
    outer loop
      vertex 5.46738 4.56852 0
      vertex 5.26441 4.65259 12
      vertex 5.46738 4.56852 12
    endloop
  endfacet
  facet normal 0.382672 0.923884 0
    outer loop
      vertex 5.26441 4.65259 12
      vertex 5.46738 4.56852 0
      vertex 5.26441 4.65259 0
    endloop
  endfacet
  facet normal 0.522519 -0.852627 0
    outer loop
      vertex 5.0771 7.03262 0
      vertex 5.26441 7.14741 12
      vertex 5.0771 7.03262 12
    endloop
  endfacet
  facet normal 0.522519 -0.852627 0
    outer loop
      vertex 5.26441 7.14741 12
      vertex 5.0771 7.03262 0
      vertex 5.26441 7.14741 0
    endloop
  endfacet
  facet normal 0.923884 -0.382672 0
    outer loop
      vertex 4.56852 6.33262 12
      vertex 4.65259 6.53559 0
      vertex 4.65259 6.53559 12
    endloop
  endfacet
  facet normal 0.923884 -0.382672 0
    outer loop
      vertex 4.65259 6.53559 0
      vertex 4.56852 6.33262 12
      vertex 4.56852 6.33262 0
    endloop
  endfacet
  facet normal 0.0784751 0.996916 -0
    outer loop
      vertex 5.9 4.5 0
      vertex 5.68099 4.51724 12
      vertex 5.9 4.5 12
    endloop
  endfacet
  facet normal 0.0784751 0.996916 0
    outer loop
      vertex 5.68099 4.51724 12
      vertex 5.9 4.5 0
      vertex 5.68099 4.51724 0
    endloop
  endfacet
  facet normal -0.522519 0.852627 0
    outer loop
      vertex 6.7229 4.76738 0
      vertex 6.53559 4.65259 12
      vertex 6.7229 4.76738 12
    endloop
  endfacet
  facet normal -0.522519 0.852627 0
    outer loop
      vertex 6.53559 4.65259 12
      vertex 6.7229 4.76738 0
      vertex 6.53559 4.65259 0
    endloop
  endfacet
  facet normal -0.649434 -0.760418 0
    outer loop
      vertex 83.8019 3.6019 0
      vertex 84.1897 3.2707 11.8561
      vertex 83.8019 3.6019 11.9535
    endloop
  endfacet
  facet normal -0.649434 -0.760418 -0
    outer loop
      vertex 84.1897 3.2707 11.8561
      vertex 83.8019 3.6019 0
      vertex 84.1897 3.2707 0
    endloop
  endfacet
  facet normal 0.972349 0.233533 0
    outer loop
      vertex 89.31 6.40841 12
      vertex 89.1909 6.9043 0
      vertex 89.1909 6.9043 12
    endloop
  endfacet
  facet normal 0.972349 0.233533 0
    outer loop
      vertex 89.1909 6.9043 0
      vertex 89.31 6.40841 12
      vertex 89.31 6.40841 0
    endloop
  endfacet
  facet normal 0.996919 0.0784343 0
    outer loop
      vertex 89.35 5.9 12
      vertex 89.31 6.40841 0
      vertex 89.31 6.40841 12
    endloop
  endfacet
  facet normal 0.996919 0.0784343 0
    outer loop
      vertex 89.31 6.40841 0
      vertex 89.35 5.9 12
      vertex 89.35 5.9 0
    endloop
  endfacet
  facet normal 0.923925 0.382575 0
    outer loop
      vertex 89.1909 6.9043 12
      vertex 88.9958 7.37547 0
      vertex 88.9958 7.37547 12
    endloop
  endfacet
  facet normal 0.923925 0.382575 0
    outer loop
      vertex 88.9958 7.37547 0
      vertex 89.1909 6.9043 12
      vertex 89.1909 6.9043 0
    endloop
  endfacet
  facet normal 0.233455 0.972368 -0
    outer loop
      vertex 87.1043 8.99093 0
      vertex 86.6084 9.10999 12
      vertex 87.1043 8.99093 12
    endloop
  endfacet
  facet normal 0.233455 0.972368 0
    outer loop
      vertex 86.6084 9.10999 12
      vertex 87.1043 8.99093 0
      vertex 86.6084 9.10999 0
    endloop
  endfacet
  facet normal 0.760418 0.649434 0
    outer loop
      vertex 88.7293 7.8103 12
      vertex 88.3981 8.1981 0
      vertex 88.3981 8.1981 12
    endloop
  endfacet
  facet normal 0.760418 0.649434 0
    outer loop
      vertex 88.3981 8.1981 0
      vertex 88.7293 7.8103 12
      vertex 88.7293 7.8103 0
    endloop
  endfacet
  facet normal -0.382654 -0.923892 0
    outer loop
      vertex 84.6245 3.00423 0
      vertex 85.0957 2.80907 11.7203
      vertex 84.6245 3.00423 11.7777
    endloop
  endfacet
  facet normal -0.382654 -0.923892 -0
    outer loop
      vertex 85.0957 2.80907 11.7203
      vertex 84.6245 3.00423 0
      vertex 85.0957 2.80907 0
    endloop
  endfacet
  facet normal -0.649434 0.760418 0
    outer loop
      vertex 84.1897 8.5293 0
      vertex 83.8019 8.1981 12
      vertex 84.1897 8.5293 12
    endloop
  endfacet
  facet normal -0.649434 0.760418 0
    outer loop
      vertex 83.8019 8.1981 12
      vertex 84.1897 8.5293 0
      vertex 83.8019 8.1981 0
    endloop
  endfacet
  facet normal 0.382874 -0.923783 -0.00576834
    outer loop
      vertex 87.1043 2.80907 11.707
      vertex 87.5755 3.00423 11.7286
      vertex 87.5271 2.98417 11.7286
    endloop
  endfacet
  facet normal 0.382654 -0.923892 0
    outer loop
      vertex 87.5755 3.00423 0
      vertex 87.1043 2.80907 11.707
      vertex 87.1043 2.80907 0
    endloop
  endfacet
  facet normal 0.382654 -0.923892 0
    outer loop
      vertex 87.1043 2.80907 11.707
      vertex 87.5755 3.00423 0
      vertex 87.5755 3.00423 11.7286
    endloop
  endfacet
  facet normal -0.996919 0.0784343 0
    outer loop
      vertex 82.85 5.9 0
      vertex 82.89 6.40841 12
      vertex 82.89 6.40841 0
    endloop
  endfacet
  facet normal -0.996919 0.0784343 0
    outer loop
      vertex 82.89 6.40841 12
      vertex 82.85 5.9 0
      vertex 82.85 5.9 12
    endloop
  endfacet
  facet normal -0.996919 -0.0784343 0
    outer loop
      vertex 82.89 5.39159 0
      vertex 82.85 5.9 12
      vertex 82.85 5.9 0
    endloop
  endfacet
  facet normal -0.996919 -0.0784343 0
    outer loop
      vertex 82.85 5.9 12
      vertex 82.89 5.39159 0
      vertex 82.89 5.39159 12
    endloop
  endfacet
  facet normal 0.233633 -0.972315 -0.00433705
    outer loop
      vertex 86.6084 2.69001 11.6851
      vertex 87.1043 2.80907 11.707
      vertex 87.0693 2.80066 11.707
    endloop
  endfacet
  facet normal 0.233455 -0.972368 0
    outer loop
      vertex 87.1043 2.80907 0
      vertex 86.6084 2.69001 11.6851
      vertex 86.6084 2.69001 0
    endloop
  endfacet
  facet normal 0.233455 -0.972368 0
    outer loop
      vertex 86.6084 2.69001 11.6851
      vertex 87.1043 2.80907 0
      vertex 87.1043 2.80907 11.707
    endloop
  endfacet
  facet normal -0.382654 0.923892 0
    outer loop
      vertex 85.0957 8.99093 0
      vertex 84.6245 8.79577 12
      vertex 85.0957 8.99093 12
    endloop
  endfacet
  facet normal -0.382654 0.923892 0
    outer loop
      vertex 84.6245 8.79577 12
      vertex 85.0957 8.99093 0
      vertex 84.6245 8.79577 0
    endloop
  endfacet
  facet normal 0.759741 -0.650045 0.0153333
    outer loop
      vertex 88.3981 3.6019 11.7763
      vertex 88.7293 3.9897 11.8064
      vertex 88.7213 3.98035 11.8064
    endloop
  endfacet
  facet normal 0.760418 -0.649434 0
    outer loop
      vertex 88.7293 3.9897 11.8064
      vertex 88.3981 3.6019 11.7763
      vertex 88.7293 3.9897 0
    endloop
  endfacet
  facet normal 0.760418 -0.649434 0
    outer loop
      vertex 88.7293 3.9897 0
      vertex 88.3981 3.6019 11.7763
      vertex 88.3981 3.6019 0
    endloop
  endfacet
  facet normal -0.852609 0.52255 0
    outer loop
      vertex 83.2042 7.37547 0
      vertex 83.4707 7.8103 12
      vertex 83.4707 7.8103 0
    endloop
  endfacet
  facet normal -0.852609 0.52255 0
    outer loop
      vertex 83.4707 7.8103 12
      vertex 83.2042 7.37547 0
      vertex 83.2042 7.37547 12
    endloop
  endfacet
  facet normal 0.0784574 -0.996917 9.2139e-08
    outer loop
      vertex 86.6084 2.69001 0
      vertex 86.6 2.68935 11.6851
      vertex 86.1 2.65 11.6735
    endloop
  endfacet
  facet normal 0.0784553 -0.996918 0
    outer loop
      vertex 86.6084 2.69001 0
      vertex 86.1 2.65 11.6735
      vertex 86.1 2.65 0
    endloop
  endfacet
  facet normal 0.07833 -0.996927 0
    outer loop
      vertex 86.6 2.68935 11.6851
      vertex 86.6084 2.69001 0
      vertex 86.6084 2.69001 11.6851
    endloop
  endfacet
  facet normal -0.972349 -0.233533 0
    outer loop
      vertex 83.0091 4.8957 0
      vertex 82.89 5.39159 12
      vertex 82.89 5.39159 0
    endloop
  endfacet
  facet normal -0.972349 -0.233533 0
    outer loop
      vertex 82.89 5.39159 12
      vertex 83.0091 4.8957 0
      vertex 83.0091 4.8957 12
    endloop
  endfacet
  facet normal -0.522533 0.852619 0
    outer loop
      vertex 84.6245 8.79577 0
      vertex 84.1897 8.5293 12
      vertex 84.6245 8.79577 12
    endloop
  endfacet
  facet normal -0.522533 0.852619 0
    outer loop
      vertex 84.1897 8.5293 12
      vertex 84.6245 8.79577 0
      vertex 84.1897 8.5293 0
    endloop
  endfacet
  facet normal 0.638294 -0.744676 -0.195034
    outer loop
      vertex 88.3594 3.56888 11.776
      vertex 88.3669 3.57523 11.7763
      vertex 88.3634 3.57223 11.7763
    endloop
  endfacet
  facet normal 0.642129 -0.751197 -0.152888
    outer loop
      vertex 88.3669 3.57523 11.7763
      vertex 88.3594 3.56888 11.776
      vertex 88.3981 3.6019 11.7763
    endloop
  endfacet
  facet normal 0.648986 -0.760722 0.0109291
    outer loop
      vertex 88.0103 3.2707 11.7512
      vertex 88.3981 3.6019 11.7763
      vertex 88.3594 3.56888 11.776
    endloop
  endfacet
  facet normal 0.649434 -0.760418 0
    outer loop
      vertex 88.3981 3.6019 0
      vertex 88.0103 3.2707 11.7512
      vertex 88.0103 3.2707 0
    endloop
  endfacet
  facet normal 0.649434 -0.760418 0
    outer loop
      vertex 88.0103 3.2707 11.7512
      vertex 88.3981 3.6019 0
      vertex 88.3981 3.6019 11.7763
    endloop
  endfacet
  facet normal 0.522533 0.852619 -0
    outer loop
      vertex 88.0103 8.5293 0
      vertex 87.5755 8.79577 12
      vertex 88.0103 8.5293 12
    endloop
  endfacet
  facet normal 0.522533 0.852619 0
    outer loop
      vertex 87.5755 8.79577 12
      vertex 88.0103 8.5293 0
      vertex 87.5755 8.79577 0
    endloop
  endfacet
  facet normal 0.382654 0.923892 -0
    outer loop
      vertex 87.5755 8.79577 0
      vertex 87.1043 8.99093 12
      vertex 87.5755 8.79577 12
    endloop
  endfacet
  facet normal 0.382654 0.923892 0
    outer loop
      vertex 87.1043 8.99093 12
      vertex 87.5755 8.79577 0
      vertex 87.1043 8.99093 0
    endloop
  endfacet
  facet normal 0.852609 0.52255 0
    outer loop
      vertex 88.9958 7.37547 12
      vertex 88.7293 7.8103 0
      vertex 88.7293 7.8103 12
    endloop
  endfacet
  facet normal 0.852609 0.52255 0
    outer loop
      vertex 88.7293 7.8103 0
      vertex 88.9958 7.37547 12
      vertex 88.9958 7.37547 0
    endloop
  endfacet
  facet normal -0.923925 -0.382575 0
    outer loop
      vertex 83.2042 4.42453 0
      vertex 83.0091 4.8957 12
      vertex 83.0091 4.8957 0
    endloop
  endfacet
  facet normal -0.923925 -0.382575 0
    outer loop
      vertex 83.0091 4.8957 12
      vertex 83.2042 4.42453 0
      vertex 83.2042 4.42453 12
    endloop
  endfacet
  facet normal 0.649434 0.760418 -0
    outer loop
      vertex 88.3981 8.1981 0
      vertex 88.0103 8.5293 12
      vertex 88.3981 8.1981 12
    endloop
  endfacet
  facet normal 0.649434 0.760418 0
    outer loop
      vertex 88.0103 8.5293 12
      vertex 88.3981 8.1981 0
      vertex 88.0103 8.5293 0
    endloop
  endfacet
  facet normal 0.99692 -0.0784192 -0.000273891
    outer loop
      vertex 89.31 5.39159 11.9719
      vertex 89.35 5.9 12
      vertex 89.3193 5.50972 12
    endloop
  endfacet
  facet normal 0.996919 -0.0784343 0
    outer loop
      vertex 89.35 5.9 12
      vertex 89.31 5.39159 11.9719
      vertex 89.35 5.9 0
    endloop
  endfacet
  facet normal 0.996919 -0.0784343 0
    outer loop
      vertex 89.35 5.9 0
      vertex 89.31 5.39159 11.9719
      vertex 89.31 5.39159 0
    endloop
  endfacet
  facet normal 0.972234 -0.233992 0.00301093
    outer loop
      vertex 89.1909 4.8957 11.8917
      vertex 89.31 5.39159 11.9719
      vertex 89.273 5.23761 11.9528
    endloop
  endfacet
  facet normal 0.972349 -0.233533 0
    outer loop
      vertex 89.31 5.39159 11.9719
      vertex 89.1909 4.8957 11.8917
      vertex 89.31 5.39159 0
    endloop
  endfacet
  facet normal 0.972349 -0.233533 0
    outer loop
      vertex 89.31 5.39159 0
      vertex 89.1909 4.8957 11.8917
      vertex 89.1909 4.8957 0
    endloop
  endfacet
  facet normal 0 0 -1
    outer loop
      vertex 87.5 5.9 0
      vertex 89.35 5.9 0
      vertex 89.31 5.39159 0
    endloop
  endfacet
  facet normal 0 0 -1
    outer loop
      vertex 87.4828 5.68099 0
      vertex 89.31 5.39159 0
      vertex 89.1909 4.8957 0
    endloop
  endfacet
  facet normal 0 0 -1
    outer loop
      vertex 89.35 5.9 0
      vertex 87.5 5.9 0
      vertex 89.31 6.40841 0
    endloop
  endfacet
  facet normal 0 0 -1
    outer loop
      vertex 87.4315 5.46738 0
      vertex 89.1909 4.8957 0
      vertex 88.9958 4.42453 0
    endloop
  endfacet
  facet normal 0 0 -1
    outer loop
      vertex 87.4828 6.11901 0
      vertex 89.31 6.40841 0
      vertex 87.5 5.9 0
    endloop
  endfacet
  facet normal 0 0 -1
    outer loop
      vertex 87.3474 5.26441 0
      vertex 88.9958 4.42453 0
      vertex 88.7293 3.9897 0
    endloop
  endfacet
  facet normal -0 0 -1
    outer loop
      vertex 89.31 6.40841 0
      vertex 87.4828 6.11901 0
      vertex 89.1909 6.9043 0
    endloop
  endfacet
  facet normal 0 0 -1
    outer loop
      vertex 87.2326 5.0771 0
      vertex 88.7293 3.9897 0
      vertex 88.3981 3.6019 0
    endloop
  endfacet
  facet normal 0 0 -1
    outer loop
      vertex 87.4315 6.33262 0
      vertex 89.1909 6.9043 0
      vertex 87.4828 6.11901 0
    endloop
  endfacet
  facet normal 0 0 -1
    outer loop
      vertex 87.09 4.91005 0
      vertex 88.3981 3.6019 0
      vertex 88.0103 3.2707 0
    endloop
  endfacet
  facet normal -0 0 -1
    outer loop
      vertex 89.1909 6.9043 0
      vertex 87.4315 6.33262 0
      vertex 88.9958 7.37547 0
    endloop
  endfacet
  facet normal 0 0 -1
    outer loop
      vertex 86.9229 4.76738 0
      vertex 88.0103 3.2707 0
      vertex 87.5755 3.00423 0
    endloop
  endfacet
  facet normal 0 0 -1
    outer loop
      vertex 87.3474 6.53559 0
      vertex 88.9958 7.37547 0
      vertex 87.4315 6.33262 0
    endloop
  endfacet
  facet normal -0 0 -1
    outer loop
      vertex 88.9958 7.37547 0
      vertex 87.3474 6.53559 0
      vertex 88.7293 7.8103 0
    endloop
  endfacet
  facet normal 0 0 -1
    outer loop
      vertex 89.31 5.39159 0
      vertex 87.4828 5.68099 0
      vertex 87.5 5.9 0
    endloop
  endfacet
  facet normal 0 0 -1
    outer loop
      vertex 89.1909 4.8957 0
      vertex 87.4315 5.46738 0
      vertex 87.4828 5.68099 0
    endloop
  endfacet
  facet normal 0 0 -1
    outer loop
      vertex 88.9958 4.42453 0
      vertex 87.3474 5.26441 0
      vertex 87.4315 5.46738 0
    endloop
  endfacet
  facet normal 0 0 -1
    outer loop
      vertex 88.7293 3.9897 0
      vertex 87.2326 5.0771 0
      vertex 87.3474 5.26441 0
    endloop
  endfacet
  facet normal 0 0 -1
    outer loop
      vertex 86.7356 4.65259 0
      vertex 87.5755 3.00423 0
      vertex 87.1043 2.80907 0
    endloop
  endfacet
  facet normal 0 0 -1
    outer loop
      vertex 88.3981 3.6019 0
      vertex 87.09 4.91005 0
      vertex 87.2326 5.0771 0
    endloop
  endfacet
  facet normal 0 0 -1
    outer loop
      vertex 88.0103 3.2707 0
      vertex 86.9229 4.76738 0
      vertex 87.09 4.91005 0
    endloop
  endfacet
  facet normal 0 0 -1
    outer loop
      vertex 87.5755 3.00423 0
      vertex 86.7356 4.65259 0
      vertex 86.9229 4.76738 0
    endloop
  endfacet
  facet normal 0 0 -1
    outer loop
      vertex 86.5326 4.56852 0
      vertex 87.1043 2.80907 0
      vertex 86.6084 2.69001 0
    endloop
  endfacet
  facet normal 0 0 -1
    outer loop
      vertex 87.1043 2.80907 0
      vertex 86.5326 4.56852 0
      vertex 86.7356 4.65259 0
    endloop
  endfacet
  facet normal 0 0 -1
    outer loop
      vertex 86.6084 2.69001 0
      vertex 86.319 4.51724 0
      vertex 86.5326 4.56852 0
    endloop
  endfacet
  facet normal 0 0 -1
    outer loop
      vertex 86.1 2.65 0
      vertex 86.319 4.51724 0
      vertex 86.6084 2.69001 0
    endloop
  endfacet
  facet normal 0 0 -1
    outer loop
      vertex 86.1 2.65 0
      vertex 86.1 4.5 0
      vertex 86.319 4.51724 0
    endloop
  endfacet
  facet normal 0 0 -1
    outer loop
      vertex 86.1 2.65 0
      vertex 85.881 4.51724 0
      vertex 86.1 4.5 0
    endloop
  endfacet
  facet normal 0 0 -1
    outer loop
      vertex 85.5916 2.69001 0
      vertex 85.881 4.51724 0
      vertex 86.1 2.65 0
    endloop
  endfacet
  facet normal -0 0 -1
    outer loop
      vertex 85.881 4.51724 0
      vertex 85.5916 2.69001 0
      vertex 85.6674 4.56852 0
    endloop
  endfacet
  facet normal 0 0 -1
    outer loop
      vertex 85.0957 2.80907 0
      vertex 85.6674 4.56852 0
      vertex 85.5916 2.69001 0
    endloop
  endfacet
  facet normal -0 0 -1
    outer loop
      vertex 85.6674 4.56852 0
      vertex 85.0957 2.80907 0
      vertex 85.4644 4.65259 0
    endloop
  endfacet
  facet normal 0 0 -1
    outer loop
      vertex 84.6245 3.00423 0
      vertex 85.4644 4.65259 0
      vertex 85.0957 2.80907 0
    endloop
  endfacet
  facet normal -0 0 -1
    outer loop
      vertex 85.4644 4.65259 0
      vertex 84.6245 3.00423 0
      vertex 85.2771 4.76738 0
    endloop
  endfacet
  facet normal 0 0 -1
    outer loop
      vertex 84.1897 3.2707 0
      vertex 85.2771 4.76738 0
      vertex 84.6245 3.00423 0
    endloop
  endfacet
  facet normal -0 0 -1
    outer loop
      vertex 85.2771 4.76738 0
      vertex 84.1897 3.2707 0
      vertex 85.1101 4.91005 0
    endloop
  endfacet
  facet normal 0 0 -1
    outer loop
      vertex 83.8019 3.6019 0
      vertex 85.1101 4.91005 0
      vertex 84.1897 3.2707 0
    endloop
  endfacet
  facet normal -0 0 -1
    outer loop
      vertex 85.1101 4.91005 0
      vertex 83.8019 3.6019 0
      vertex 84.9674 5.0771 0
    endloop
  endfacet
  facet normal -0 0 -1
    outer loop
      vertex 84.9674 5.0771 0
      vertex 83.4707 3.9897 0
      vertex 84.8526 5.26441 0
    endloop
  endfacet
  facet normal 0 0 -1
    outer loop
      vertex 83.4707 3.9897 0
      vertex 84.9674 5.0771 0
      vertex 83.8019 3.6019 0
    endloop
  endfacet
  facet normal 0 0 -1
    outer loop
      vertex 87.2326 6.7229 0
      vertex 88.7293 7.8103 0
      vertex 87.3474 6.53559 0
    endloop
  endfacet
  facet normal -0 0 -1
    outer loop
      vertex 88.7293 7.8103 0
      vertex 87.2326 6.7229 0
      vertex 88.3981 8.1981 0
    endloop
  endfacet
  facet normal 0 0 -1
    outer loop
      vertex 87.09 6.88995 0
      vertex 88.3981 8.1981 0
      vertex 87.2326 6.7229 0
    endloop
  endfacet
  facet normal -0 0 -1
    outer loop
      vertex 88.3981 8.1981 0
      vertex 87.09 6.88995 0
      vertex 88.0103 8.5293 0
    endloop
  endfacet
  facet normal 0 0 -1
    outer loop
      vertex 86.9229 7.03262 0
      vertex 88.0103 8.5293 0
      vertex 87.09 6.88995 0
    endloop
  endfacet
  facet normal -0 0 -1
    outer loop
      vertex 88.0103 8.5293 0
      vertex 86.9229 7.03262 0
      vertex 87.5755 8.79577 0
    endloop
  endfacet
  facet normal 0 0 -1
    outer loop
      vertex 86.7356 7.14741 0
      vertex 87.5755 8.79577 0
      vertex 86.9229 7.03262 0
    endloop
  endfacet
  facet normal -0 0 -1
    outer loop
      vertex 87.5755 8.79577 0
      vertex 86.7356 7.14741 0
      vertex 87.1043 8.99093 0
    endloop
  endfacet
  facet normal 0 0 -1
    outer loop
      vertex 86.5326 7.23148 0
      vertex 87.1043 8.99093 0
      vertex 86.7356 7.14741 0
    endloop
  endfacet
  facet normal -0 0 -1
    outer loop
      vertex 87.1043 8.99093 0
      vertex 86.5326 7.23148 0
      vertex 86.6084 9.10999 0
    endloop
  endfacet
  facet normal 0 0 -1
    outer loop
      vertex 86.319 7.28276 0
      vertex 86.6084 9.10999 0
      vertex 86.5326 7.23148 0
    endloop
  endfacet
  facet normal 0 0 -1
    outer loop
      vertex 86.1 7.3 0
      vertex 86.6084 9.10999 0
      vertex 86.319 7.28276 0
    endloop
  endfacet
  facet normal 0 0 -1
    outer loop
      vertex 86.1 7.3 0
      vertex 86.1 9.15 0
      vertex 86.6084 9.10999 0
    endloop
  endfacet
  facet normal 0 0 -1
    outer loop
      vertex 85.881 7.28276 0
      vertex 86.1 9.15 0
      vertex 86.1 7.3 0
    endloop
  endfacet
  facet normal 0 0 -1
    outer loop
      vertex 85.5916 9.10999 0
      vertex 85.881 7.28276 0
      vertex 85.6674 7.23148 0
    endloop
  endfacet
  facet normal 0 0 -1
    outer loop
      vertex 85.881 7.28276 0
      vertex 85.5916 9.10999 0
      vertex 86.1 9.15 0
    endloop
  endfacet
  facet normal 0 0 -1
    outer loop
      vertex 85.0957 8.99093 0
      vertex 85.6674 7.23148 0
      vertex 85.4644 7.14741 0
    endloop
  endfacet
  facet normal 0 0 -1
    outer loop
      vertex 84.6245 8.79577 0
      vertex 85.4644 7.14741 0
      vertex 85.2771 7.03262 0
    endloop
  endfacet
  facet normal 0 0 -1
    outer loop
      vertex 84.1897 8.5293 0
      vertex 85.2771 7.03262 0
      vertex 85.1101 6.88995 0
    endloop
  endfacet
  facet normal 0 0 -1
    outer loop
      vertex 85.6674 7.23148 0
      vertex 85.0957 8.99093 0
      vertex 85.5916 9.10999 0
    endloop
  endfacet
  facet normal 0 0 -1
    outer loop
      vertex 83.8019 8.1981 0
      vertex 85.1101 6.88995 0
      vertex 84.9674 6.7229 0
    endloop
  endfacet
  facet normal 0 0 -1
    outer loop
      vertex 83.4707 7.8103 0
      vertex 84.9674 6.7229 0
      vertex 84.8526 6.53559 0
    endloop
  endfacet
  facet normal 0 0 -1
    outer loop
      vertex 83.2042 7.37547 0
      vertex 84.8526 6.53559 0
      vertex 84.7685 6.33262 0
    endloop
  endfacet
  facet normal 0 0 -1
    outer loop
      vertex 83.0091 6.9043 0
      vertex 84.7685 6.33262 0
      vertex 84.7172 6.11901 0
    endloop
  endfacet
  facet normal 0 0 -1
    outer loop
      vertex 85.4644 7.14741 0
      vertex 84.6245 8.79577 0
      vertex 85.0957 8.99093 0
    endloop
  endfacet
  facet normal 0 0 -1
    outer loop
      vertex 82.89 6.40841 0
      vertex 84.7172 6.11901 0
      vertex 84.7 5.9 0
    endloop
  endfacet
  facet normal 0 0 -1
    outer loop
      vertex 83.2042 4.42453 0
      vertex 84.8526 5.26441 0
      vertex 83.4707 3.9897 0
    endloop
  endfacet
  facet normal -0 0 -1
    outer loop
      vertex 84.8526 5.26441 0
      vertex 83.2042 4.42453 0
      vertex 84.7685 5.46738 0
    endloop
  endfacet
  facet normal 0 0 -1
    outer loop
      vertex 85.2771 7.03262 0
      vertex 84.1897 8.5293 0
      vertex 84.6245 8.79577 0
    endloop
  endfacet
  facet normal 0 0 -1
    outer loop
      vertex 83.0091 4.8957 0
      vertex 84.7685 5.46738 0
      vertex 83.2042 4.42453 0
    endloop
  endfacet
  facet normal 0 0 -1
    outer loop
      vertex 85.1101 6.88995 0
      vertex 83.8019 8.1981 0
      vertex 84.1897 8.5293 0
    endloop
  endfacet
  facet normal -0 0 -1
    outer loop
      vertex 84.7685 5.46738 0
      vertex 83.0091 4.8957 0
      vertex 84.7172 5.68099 0
    endloop
  endfacet
  facet normal 0 0 -1
    outer loop
      vertex 84.9674 6.7229 0
      vertex 83.4707 7.8103 0
      vertex 83.8019 8.1981 0
    endloop
  endfacet
  facet normal 0 0 -1
    outer loop
      vertex 82.89 5.39159 0
      vertex 84.7172 5.68099 0
      vertex 83.0091 4.8957 0
    endloop
  endfacet
  facet normal 0 0 -1
    outer loop
      vertex 84.8526 6.53559 0
      vertex 83.2042 7.37547 0
      vertex 83.4707 7.8103 0
    endloop
  endfacet
  facet normal -0 0 -1
    outer loop
      vertex 84.7172 5.68099 0
      vertex 82.89 5.39159 0
      vertex 84.7 5.9 0
    endloop
  endfacet
  facet normal 0 0 -1
    outer loop
      vertex 84.7685 6.33262 0
      vertex 83.0091 6.9043 0
      vertex 83.2042 7.37547 0
    endloop
  endfacet
  facet normal 0 0 -1
    outer loop
      vertex 82.85 5.9 0
      vertex 84.7 5.9 0
      vertex 82.89 5.39159 0
    endloop
  endfacet
  facet normal 0 0 -1
    outer loop
      vertex 84.7172 6.11901 0
      vertex 82.89 6.40841 0
      vertex 83.0091 6.9043 0
    endloop
  endfacet
  facet normal 0 0 -1
    outer loop
      vertex 84.7 5.9 0
      vertex 82.85 5.9 0
      vertex 82.89 6.40841 0
    endloop
  endfacet
  facet normal -0.0784553 0.996918 0
    outer loop
      vertex 86.1 9.15 0
      vertex 85.5916 9.10999 12
      vertex 86.1 9.15 12
    endloop
  endfacet
  facet normal -0.0784553 0.996918 0
    outer loop
      vertex 85.5916 9.10999 12
      vertex 86.1 9.15 0
      vertex 85.5916 9.10999 0
    endloop
  endfacet
  facet normal -0.852609 -0.52255 0
    outer loop
      vertex 83.4707 3.9897 0
      vertex 83.2042 4.42453 12
      vertex 83.2042 4.42453 0
    endloop
  endfacet
  facet normal -0.852609 -0.52255 0
    outer loop
      vertex 83.2042 4.42453 12
      vertex 83.4707 3.9897 0
      vertex 83.4707 3.9897 12
    endloop
  endfacet
  facet normal -0.923925 0.382575 0
    outer loop
      vertex 83.0091 6.9043 0
      vertex 83.2042 7.37547 12
      vertex 83.2042 7.37547 0
    endloop
  endfacet
  facet normal -0.923925 0.382575 0
    outer loop
      vertex 83.2042 7.37547 12
      vertex 83.0091 6.9043 0
      vertex 83.0091 6.9043 12
    endloop
  endfacet
  facet normal 0.923355 -0.38372 0.0132242
    outer loop
      vertex 88.9958 4.42453 11.8425
      vertex 89.1909 4.8957 11.8917
      vertex 89.0305 4.50845 11.8547
    endloop
  endfacet
  facet normal 0.915162 -0.351659 -0.197014
    outer loop
      vertex 89.0228 4.4897 11.8524
      vertex 89.0305 4.50845 11.8547
      vertex 89.0271 4.50005 11.8539
    endloop
  endfacet
  facet normal 0.923789 -0.365286 -0.114808
    outer loop
      vertex 88.9958 4.42453 11.8425
      vertex 89.0305 4.50845 11.8547
      vertex 89.0228 4.4897 11.8524
    endloop
  endfacet
  facet normal 0.923925 -0.382575 0
    outer loop
      vertex 89.1909 4.8957 11.8917
      vertex 88.9958 4.42453 11.8425
      vertex 89.1909 4.8957 0
    endloop
  endfacet
  facet normal 0.923925 -0.382575 0
    outer loop
      vertex 89.1909 4.8957 0
      vertex 88.9958 4.42453 11.8425
      vertex 88.9958 4.42453 0
    endloop
  endfacet
  facet normal -0.760418 -0.649434 0
    outer loop
      vertex 83.8019 3.6019 11.9535
      vertex 83.4707 3.9897 12
      vertex 83.4707 3.9897 0
    endloop
  endfacet
  facet normal -0.760418 -0.649434 -0
    outer loop
      vertex 83.8019 3.6019 11.9535
      vertex 83.4707 3.9897 0
      vertex 83.8019 3.6019 0
    endloop
  endfacet
  facet normal -0.760377 -0.649482 0.00069196
    outer loop
      vertex 83.4707 3.9897 12
      vertex 83.8019 3.6019 11.9535
      vertex 83.6669 3.76 12
    endloop
  endfacet
  facet normal 0.522766 -0.852452 -0.00646223
    outer loop
      vertex 87.5755 3.00423 11.7286
      vertex 88.0103 3.2707 11.7512
      vertex 87.962 3.24108 11.7512
    endloop
  endfacet
  facet normal 0.522533 -0.852619 0
    outer loop
      vertex 88.0103 3.2707 0
      vertex 87.5755 3.00423 11.7286
      vertex 87.5755 3.00423 0
    endloop
  endfacet
  facet normal 0.522533 -0.852619 0
    outer loop
      vertex 87.5755 3.00423 11.7286
      vertex 88.0103 3.2707 0
      vertex 88.0103 3.2707 11.7512
    endloop
  endfacet
  facet normal 0 0 1
    outer loop
      vertex 87.5 5.9 12
      vertex 89.35 5.9 12
      vertex 89.31 6.40841 12
    endloop
  endfacet
  facet normal 0 -0 1
    outer loop
      vertex 89.273 5.39803 12
      vertex 89.35 5.9 12
      vertex 87.5 5.9 12
    endloop
  endfacet
  facet normal 0 0 1
    outer loop
      vertex 87.4828 6.11901 12
      vertex 89.31 6.40841 12
      vertex 89.1909 6.9043 12
    endloop
  endfacet
  facet normal 0 -0 1
    outer loop
      vertex 87.5 5.9 12
      vertex 89.31 6.40841 12
      vertex 87.4828 6.11901 12
    endloop
  endfacet
  facet normal -0 0 1
    outer loop
      vertex 87.4828 5.68099 12
      vertex 89.273 5.39803 12
      vertex 87.5 5.9 12
    endloop
  endfacet
  facet normal 0 0 1
    outer loop
      vertex 89.273 5.39803 12
      vertex 87.4828 5.68099 12
      vertex 89.0325 5.00557 12
    endloop
  endfacet
  facet normal 0 0 1
    outer loop
      vertex 87.4315 6.33262 12
      vertex 89.1909 6.9043 12
      vertex 88.9958 7.37547 12
    endloop
  endfacet
  facet normal 0 0 1
    outer loop
      vertex 87.3474 6.53559 12
      vertex 88.9958 7.37547 12
      vertex 88.7293 7.8103 12
    endloop
  endfacet
  facet normal 0 0 1
    outer loop
      vertex 89.35 5.9 12
      vertex 89.273 5.39803 12
      vertex 89.3193 5.50972 12
    endloop
  endfacet
  facet normal 0 0 1
    outer loop
      vertex 87.2326 6.7229 12
      vertex 88.7293 7.8103 12
      vertex 88.3981 8.1981 12
    endloop
  endfacet
  facet normal 0 -0 1
    outer loop
      vertex 89.0203 4.98869 12
      vertex 89.0325 5.00557 12
      vertex 87.4828 5.68099 12
    endloop
  endfacet
  facet normal 0 0 1
    outer loop
      vertex 89.0325 5.00557 12
      vertex 89.0203 4.98869 12
      vertex 89.0271 4.99665 12
    endloop
  endfacet
  facet normal -0 0 1
    outer loop
      vertex 87.4315 5.46738 12
      vertex 89.0203 4.98869 12
      vertex 87.4828 5.68099 12
    endloop
  endfacet
  facet normal 0 0 1
    outer loop
      vertex 87.09 6.88995 12
      vertex 88.3981 8.1981 12
      vertex 88.0103 8.5293 12
    endloop
  endfacet
  facet normal 0 0 1
    outer loop
      vertex 89.0203 4.98869 12
      vertex 87.4315 5.46738 12
      vertex 88.7213 4.63868 12
    endloop
  endfacet
  facet normal 0 0 1
    outer loop
      vertex 86.9229 7.03262 12
      vertex 88.0103 8.5293 12
      vertex 87.5755 8.79577 12
    endloop
  endfacet
  facet normal -0 0 1
    outer loop
      vertex 87.3474 5.26441 12
      vertex 88.7213 4.63868 12
      vertex 87.4315 5.46738 12
    endloop
  endfacet
  facet normal 0 -0 1
    outer loop
      vertex 88.3544 4.32748 12
      vertex 88.3713 4.33974 12
      vertex 87.3474 5.26441 12
    endloop
  endfacet
  facet normal 0 0 1
    outer loop
      vertex 88.7213 4.63868 12
      vertex 87.3474 5.26441 12
      vertex 88.3713 4.33974 12
    endloop
  endfacet
  facet normal 0 0 1
    outer loop
      vertex 89.1909 6.9043 12
      vertex 87.4315 6.33262 12
      vertex 87.4828 6.11901 12
    endloop
  endfacet
  facet normal 0 0 1
    outer loop
      vertex 88.9958 7.37547 12
      vertex 87.3474 6.53559 12
      vertex 87.4315 6.33262 12
    endloop
  endfacet
  facet normal 0 0 1
    outer loop
      vertex 88.7293 7.8103 12
      vertex 87.2326 6.7229 12
      vertex 87.3474 6.53559 12
    endloop
  endfacet
  facet normal 0 0 1
    outer loop
      vertex 86.7356 7.14741 12
      vertex 87.5755 8.79577 12
      vertex 87.1043 8.99093 12
    endloop
  endfacet
  facet normal 0 0 1
    outer loop
      vertex 88.3981 8.1981 12
      vertex 87.09 6.88995 12
      vertex 87.2326 6.7229 12
    endloop
  endfacet
  facet normal 0 0 1
    outer loop
      vertex 88.0103 8.5293 12
      vertex 86.9229 7.03262 12
      vertex 87.09 6.88995 12
    endloop
  endfacet
  facet normal 0 0 1
    outer loop
      vertex 87.5755 8.79577 12
      vertex 86.7356 7.14741 12
      vertex 86.9229 7.03262 12
    endloop
  endfacet
  facet normal 0 0 1
    outer loop
      vertex 86.5326 7.23148 12
      vertex 87.1043 8.99093 12
      vertex 86.6084 9.10999 12
    endloop
  endfacet
  facet normal 0 0 1
    outer loop
      vertex 87.1043 8.99093 12
      vertex 86.5326 7.23148 12
      vertex 86.7356 7.14741 12
    endloop
  endfacet
  facet normal 0 0 1
    outer loop
      vertex 86.6084 9.10999 12
      vertex 86.319 7.28276 12
      vertex 86.5326 7.23148 12
    endloop
  endfacet
  facet normal 0 0 1
    outer loop
      vertex 86.1 9.15 12
      vertex 86.319 7.28276 12
      vertex 86.6084 9.10999 12
    endloop
  endfacet
  facet normal 0 0 1
    outer loop
      vertex 86.1 9.15 12
      vertex 86.1 7.3 12
      vertex 86.319 7.28276 12
    endloop
  endfacet
  facet normal 0 0 1
    outer loop
      vertex 86.1 9.15 12
      vertex 85.881 7.28276 12
      vertex 86.1 7.3 12
    endloop
  endfacet
  facet normal -0 0 1
    outer loop
      vertex 85.5916 9.10999 12
      vertex 85.881 7.28276 12
      vertex 86.1 9.15 12
    endloop
  endfacet
  facet normal 0 0 1
    outer loop
      vertex 85.881 7.28276 12
      vertex 85.5916 9.10999 12
      vertex 85.6674 7.23148 12
    endloop
  endfacet
  facet normal -0 0 1
    outer loop
      vertex 85.0957 8.99093 12
      vertex 85.6674 7.23148 12
      vertex 85.5916 9.10999 12
    endloop
  endfacet
  facet normal 0 0 1
    outer loop
      vertex 85.6674 7.23148 12
      vertex 85.0957 8.99093 12
      vertex 85.4644 7.14741 12
    endloop
  endfacet
  facet normal -0 0 1
    outer loop
      vertex 84.6245 8.79577 12
      vertex 85.4644 7.14741 12
      vertex 85.0957 8.99093 12
    endloop
  endfacet
  facet normal 0 0 1
    outer loop
      vertex 85.4644 7.14741 12
      vertex 84.6245 8.79577 12
      vertex 85.2771 7.03262 12
    endloop
  endfacet
  facet normal -0 0 1
    outer loop
      vertex 84.1897 8.5293 12
      vertex 85.2771 7.03262 12
      vertex 84.6245 8.79577 12
    endloop
  endfacet
  facet normal 0 0 1
    outer loop
      vertex 85.2771 7.03262 12
      vertex 84.1897 8.5293 12
      vertex 85.1101 6.88995 12
    endloop
  endfacet
  facet normal -0 0 1
    outer loop
      vertex 83.8019 8.1981 12
      vertex 85.1101 6.88995 12
      vertex 84.1897 8.5293 12
    endloop
  endfacet
  facet normal 0 0 1
    outer loop
      vertex 85.1101 6.88995 12
      vertex 83.8019 8.1981 12
      vertex 84.9674 6.7229 12
    endloop
  endfacet
  facet normal 0 0 1
    outer loop
      vertex 84.9674 6.7229 12
      vertex 83.4707 7.8103 12
      vertex 84.8526 6.53559 12
    endloop
  endfacet
  facet normal -0 0 1
    outer loop
      vertex 83.4707 7.8103 12
      vertex 84.9674 6.7229 12
      vertex 83.8019 8.1981 12
    endloop
  endfacet
  facet normal 0 0 1
    outer loop
      vertex 88.3713 4.33974 12
      vertex 88.3544 4.32748 12
      vertex 88.3634 4.33295 12
    endloop
  endfacet
  facet normal -0 0 1
    outer loop
      vertex 87.2326 5.0771 12
      vertex 88.3544 4.32748 12
      vertex 87.3474 5.26441 12
    endloop
  endfacet
  facet normal 0 0 1
    outer loop
      vertex 88.3544 4.32748 12
      vertex 87.2326 5.0771 12
      vertex 87.962 4.08698 12
    endloop
  endfacet
  facet normal -0 0 1
    outer loop
      vertex 87.09 4.91005 12
      vertex 87.962 4.08698 12
      vertex 87.2326 5.0771 12
    endloop
  endfacet
  facet normal 0 0 1
    outer loop
      vertex 87.962 4.08698 12
      vertex 87.09 4.91005 12
      vertex 87.5271 3.90683 12
    endloop
  endfacet
  facet normal -0 0 1
    outer loop
      vertex 86.9229 4.76738 12
      vertex 87.5271 3.90683 12
      vertex 87.09 4.91005 12
    endloop
  endfacet
  facet normal 0 0 1
    outer loop
      vertex 87.5271 3.90683 12
      vertex 86.9229 4.76738 12
      vertex 87.0693 3.79694 12
    endloop
  endfacet
  facet normal -0 0 1
    outer loop
      vertex 86.7356 4.65259 12
      vertex 87.0693 3.79694 12
      vertex 86.9229 4.76738 12
    endloop
  endfacet
  facet normal -0 0 1
    outer loop
      vertex 86.5326 4.56852 12
      vertex 87.0693 3.79694 12
      vertex 86.7356 4.65259 12
    endloop
  endfacet
  facet normal 0 0 1
    outer loop
      vertex 87.0693 3.79694 12
      vertex 86.5326 4.56852 12
      vertex 86.6 3.76 12
    endloop
  endfacet
  facet normal -0 0 1
    outer loop
      vertex 86.319 4.51724 12
      vertex 86.6 3.76 12
      vertex 86.5326 4.56852 12
    endloop
  endfacet
  facet normal -0 0 1
    outer loop
      vertex 86.1 4.5 12
      vertex 86.6 3.76 12
      vertex 86.319 4.51724 12
    endloop
  endfacet
  facet normal 0 0 1
    outer loop
      vertex 85.881 4.51724 12
      vertex 86.6 3.76 12
      vertex 86.1 4.5 12
    endloop
  endfacet
  facet normal 0 0 1
    outer loop
      vertex 85.6674 4.56852 12
      vertex 86.6 3.76 12
      vertex 85.881 4.51724 12
    endloop
  endfacet
  facet normal 0 0 1
    outer loop
      vertex 83.6669 3.76 12
      vertex 85.6674 4.56852 12
      vertex 85.4644 4.65259 12
    endloop
  endfacet
  facet normal 0 0 1
    outer loop
      vertex 83.6669 3.76 12
      vertex 85.4644 4.65259 12
      vertex 85.2771 4.76738 12
    endloop
  endfacet
  facet normal -0 0 1
    outer loop
      vertex 83.2042 7.37547 12
      vertex 84.8526 6.53559 12
      vertex 83.4707 7.8103 12
    endloop
  endfacet
  facet normal 0 0 1
    outer loop
      vertex 84.8526 6.53559 12
      vertex 83.2042 7.37547 12
      vertex 84.7685 6.33262 12
    endloop
  endfacet
  facet normal -0 0 1
    outer loop
      vertex 83.0091 6.9043 12
      vertex 84.7685 6.33262 12
      vertex 83.2042 7.37547 12
    endloop
  endfacet
  facet normal 0 0 1
    outer loop
      vertex 84.7685 6.33262 12
      vertex 83.0091 6.9043 12
      vertex 84.7172 6.11901 12
    endloop
  endfacet
  facet normal 0 0 1
    outer loop
      vertex 85.6674 4.56852 12
      vertex 83.6669 3.76 12
      vertex 86.6 3.76 12
    endloop
  endfacet
  facet normal 0 0 1
    outer loop
      vertex 85.1101 4.91005 12
      vertex 83.6669 3.76 12
      vertex 85.2771 4.76738 12
    endloop
  endfacet
  facet normal 0 0 1
    outer loop
      vertex 84.9674 5.0771 12
      vertex 83.6669 3.76 12
      vertex 85.1101 4.91005 12
    endloop
  endfacet
  facet normal 0 0 1
    outer loop
      vertex 83.4707 3.9897 12
      vertex 84.9674 5.0771 12
      vertex 84.8526 5.26441 12
    endloop
  endfacet
  facet normal 0 0 1
    outer loop
      vertex 83.2042 4.42453 12
      vertex 84.8526 5.26441 12
      vertex 84.7685 5.46738 12
    endloop
  endfacet
  facet normal -0 0 1
    outer loop
      vertex 82.89 6.40841 12
      vertex 84.7172 6.11901 12
      vertex 83.0091 6.9043 12
    endloop
  endfacet
  facet normal 0 0 1
    outer loop
      vertex 84.7172 6.11901 12
      vertex 82.89 6.40841 12
      vertex 84.7 5.9 12
    endloop
  endfacet
  facet normal 0 0 1
    outer loop
      vertex 82.85 5.9 12
      vertex 84.7 5.9 12
      vertex 82.89 6.40841 12
    endloop
  endfacet
  facet normal 0 0 1
    outer loop
      vertex 84.8526 5.26441 12
      vertex 83.2042 4.42453 12
      vertex 83.4707 3.9897 12
    endloop
  endfacet
  facet normal 0 0 1
    outer loop
      vertex 84.9674 5.0771 12
      vertex 83.4707 3.9897 12
      vertex 83.6669 3.76 12
    endloop
  endfacet
  facet normal 0 0 1
    outer loop
      vertex 84.7 5.9 12
      vertex 82.85 5.9 12
      vertex 84.7172 5.68099 12
    endloop
  endfacet
  facet normal 0 0 1
    outer loop
      vertex 84.7685 5.46738 12
      vertex 83.0091 4.8957 12
      vertex 83.2042 4.42453 12
    endloop
  endfacet
  facet normal 0 -0 1
    outer loop
      vertex 82.89 5.39159 12
      vertex 84.7172 5.68099 12
      vertex 82.85 5.9 12
    endloop
  endfacet
  facet normal 0 0 1
    outer loop
      vertex 84.7685 5.46738 12
      vertex 82.89 5.39159 12
      vertex 83.0091 4.8957 12
    endloop
  endfacet
  facet normal 0 0 1
    outer loop
      vertex 84.7172 5.68099 12
      vertex 82.89 5.39159 12
      vertex 84.7685 5.46738 12
    endloop
  endfacet
  facet normal -0.233455 0.972368 0
    outer loop
      vertex 85.5916 9.10999 0
      vertex 85.0957 8.99093 12
      vertex 85.5916 9.10999 12
    endloop
  endfacet
  facet normal -0.233455 0.972368 0
    outer loop
      vertex 85.0957 8.99093 12
      vertex 85.5916 9.10999 0
      vertex 85.0957 8.99093 0
    endloop
  endfacet
  facet normal -0.233455 -0.972368 0
    outer loop
      vertex 85.0957 2.80907 0
      vertex 85.5916 2.69001 11.6853
      vertex 85.0957 2.80907 11.7203
    endloop
  endfacet
  facet normal -0.233455 -0.972368 -0
    outer loop
      vertex 85.5916 2.69001 11.6853
      vertex 85.0957 2.80907 0
      vertex 85.5916 2.69001 0
    endloop
  endfacet
  facet normal 0.852609 -0.52255 0
    outer loop
      vertex 88.7293 3.9897 11.8064
      vertex 88.9958 4.42453 0
      vertex 88.9958 4.42453 11.8425
    endloop
  endfacet
  facet normal 0.852609 -0.52255 0
    outer loop
      vertex 88.9958 4.42453 0
      vertex 88.7293 3.9897 11.8064
      vertex 88.7293 3.9897 0
    endloop
  endfacet
  facet normal 0.0784553 0.996918 -0
    outer loop
      vertex 86.6084 9.10999 0
      vertex 86.1 9.15 12
      vertex 86.6084 9.10999 12
    endloop
  endfacet
  facet normal 0.0784553 0.996918 0
    outer loop
      vertex 86.1 9.15 12
      vertex 86.6084 9.10999 0
      vertex 86.1 9.15 0
    endloop
  endfacet
  facet normal -0.972349 0.233533 0
    outer loop
      vertex 82.89 6.40841 0
      vertex 83.0091 6.9043 12
      vertex 83.0091 6.9043 0
    endloop
  endfacet
  facet normal -0.972349 0.233533 0
    outer loop
      vertex 83.0091 6.9043 12
      vertex 82.89 6.40841 0
      vertex 82.89 6.40841 12
    endloop
  endfacet
  facet normal -0.0784553 -0.996918 0
    outer loop
      vertex 85.5916 2.69001 0
      vertex 86.1 2.65 11.6735
      vertex 85.5916 2.69001 11.6853
    endloop
  endfacet
  facet normal -0.0784553 -0.996918 -0
    outer loop
      vertex 86.1 2.65 11.6735
      vertex 85.5916 2.69001 0
      vertex 86.1 2.65 0
    endloop
  endfacet
  facet normal -0.522533 -0.852619 0
    outer loop
      vertex 84.1897 3.2707 0
      vertex 84.6245 3.00423 11.7777
      vertex 84.1897 3.2707 11.8561
    endloop
  endfacet
  facet normal -0.522533 -0.852619 -0
    outer loop
      vertex 84.6245 3.00423 11.7777
      vertex 84.1897 3.2707 0
      vertex 84.6245 3.00423 0
    endloop
  endfacet
  facet normal -0.760418 0.649434 0
    outer loop
      vertex 83.4707 7.8103 0
      vertex 83.8019 8.1981 12
      vertex 83.8019 8.1981 0
    endloop
  endfacet
  facet normal -0.760418 0.649434 0
    outer loop
      vertex 83.8019 8.1981 12
      vertex 83.4707 7.8103 0
      vertex 83.4707 7.8103 12
    endloop
  endfacet
  facet normal -0.649325 0.760511 0
    outer loop
      vertex 87.09 4.91005 0
      vertex 86.9229 4.76738 12
      vertex 87.09 4.91005 12
    endloop
  endfacet
  facet normal -0.649325 0.760511 0
    outer loop
      vertex 86.9229 4.76738 12
      vertex 87.09 4.91005 0
      vertex 86.9229 4.76738 0
    endloop
  endfacet
  facet normal 0.923836 0.382789 0
    outer loop
      vertex 84.8526 5.26441 12
      vertex 84.7685 5.46738 0
      vertex 84.7685 5.46738 12
    endloop
  endfacet
  facet normal 0.923836 0.382789 0
    outer loop
      vertex 84.7685 5.46738 0
      vertex 84.8526 5.26441 12
      vertex 84.8526 5.26441 0
    endloop
  endfacet
  facet normal 0.99693 -0.0782941 0
    outer loop
      vertex 84.7 5.9 12
      vertex 84.7172 6.11901 0
      vertex 84.7172 6.11901 12
    endloop
  endfacet
  facet normal 0.99693 -0.0782941 0
    outer loop
      vertex 84.7172 6.11901 0
      vertex 84.7 5.9 12
      vertex 84.7 5.9 0
    endloop
  endfacet
  facet normal -0.972353 -0.233518 0
    outer loop
      vertex 87.4828 6.11901 0
      vertex 87.4315 6.33262 12
      vertex 87.4315 6.33262 0
    endloop
  endfacet
  facet normal -0.972353 -0.233518 0
    outer loop
      vertex 87.4315 6.33262 12
      vertex 87.4828 6.11901 0
      vertex 87.4828 6.11901 12
    endloop
  endfacet
  facet normal -0.233442 0.972371 0
    outer loop
      vertex 86.5326 4.56852 0
      vertex 86.319 4.51724 12
      vertex 86.5326 4.56852 12
    endloop
  endfacet
  facet normal -0.233442 0.972371 0
    outer loop
      vertex 86.319 4.51724 12
      vertex 86.5326 4.56852 0
      vertex 86.319 4.51724 0
    endloop
  endfacet
  facet normal -0.760573 -0.649253 0
    outer loop
      vertex 87.2326 6.7229 0
      vertex 87.09 6.88995 12
      vertex 87.09 6.88995 0
    endloop
  endfacet
  facet normal -0.760573 -0.649253 0
    outer loop
      vertex 87.09 6.88995 12
      vertex 87.2326 6.7229 0
      vertex 87.2326 6.7229 12
    endloop
  endfacet
  facet normal -0.760573 0.649253 0
    outer loop
      vertex 87.09 4.91005 0
      vertex 87.2326 5.0771 12
      vertex 87.2326 5.0771 0
    endloop
  endfacet
  facet normal -0.760573 0.649253 0
    outer loop
      vertex 87.2326 5.0771 12
      vertex 87.09 4.91005 0
      vertex 87.09 4.91005 12
    endloop
  endfacet
  facet normal 0.649549 -0.760319 0
    outer loop
      vertex 85.1101 6.88995 0
      vertex 85.2771 7.03262 12
      vertex 85.1101 6.88995 12
    endloop
  endfacet
  facet normal 0.649549 -0.760319 0
    outer loop
      vertex 85.2771 7.03262 12
      vertex 85.1101 6.88995 0
      vertex 85.2771 7.03262 0
    endloop
  endfacet
  facet normal -0.0784787 0.996916 0
    outer loop
      vertex 86.319 4.51724 0
      vertex 86.1 4.5 12
      vertex 86.319 4.51724 12
    endloop
  endfacet
  facet normal -0.0784787 0.996916 0
    outer loop
      vertex 86.1 4.5 12
      vertex 86.319 4.51724 0
      vertex 86.1 4.5 0
    endloop
  endfacet
  facet normal 0.99693 0.0782941 0
    outer loop
      vertex 84.7172 5.68099 12
      vertex 84.7 5.9 0
      vertex 84.7 5.9 12
    endloop
  endfacet
  facet normal 0.99693 0.0782941 0
    outer loop
      vertex 84.7 5.9 0
      vertex 84.7172 5.68099 12
      vertex 84.7172 5.68099 0
    endloop
  endfacet
  facet normal -0.382624 -0.923904 0
    outer loop
      vertex 86.5326 7.23148 0
      vertex 86.7356 7.14741 12
      vertex 86.5326 7.23148 12
    endloop
  endfacet
  facet normal -0.382624 -0.923904 -0
    outer loop
      vertex 86.7356 7.14741 12
      vertex 86.5326 7.23148 0
      vertex 86.7356 7.14741 0
    endloop
  endfacet
  facet normal -0.99693 -0.0782941 0
    outer loop
      vertex 87.5 5.9 0
      vertex 87.4828 6.11901 12
      vertex 87.4828 6.11901 0
    endloop
  endfacet
  facet normal -0.99693 -0.0782941 0
    outer loop
      vertex 87.4828 6.11901 12
      vertex 87.5 5.9 0
      vertex 87.5 5.9 12
    endloop
  endfacet
  facet normal 0.852607 0.522552 0
    outer loop
      vertex 84.9674 5.0771 12
      vertex 84.8526 5.26441 0
      vertex 84.8526 5.26441 12
    endloop
  endfacet
  facet normal 0.852607 0.522552 0
    outer loop
      vertex 84.8526 5.26441 0
      vertex 84.9674 5.0771 12
      vertex 84.9674 5.0771 0
    endloop
  endfacet
  facet normal 0.972353 0.233518 0
    outer loop
      vertex 84.7685 5.46738 12
      vertex 84.7172 5.68099 0
      vertex 84.7172 5.68099 12
    endloop
  endfacet
  facet normal 0.972353 0.233518 0
    outer loop
      vertex 84.7172 5.68099 0
      vertex 84.7685 5.46738 12
      vertex 84.7685 5.46738 0
    endloop
  endfacet
  facet normal -0.52254 -0.852615 0
    outer loop
      vertex 86.7356 7.14741 0
      vertex 86.9229 7.03262 12
      vertex 86.7356 7.14741 12
    endloop
  endfacet
  facet normal -0.52254 -0.852615 -0
    outer loop
      vertex 86.9229 7.03262 12
      vertex 86.7356 7.14741 0
      vertex 86.9229 7.03262 0
    endloop
  endfacet
  facet normal 0.0784787 -0.996916 0
    outer loop
      vertex 85.881 7.28276 0
      vertex 86.1 7.3 12
      vertex 85.881 7.28276 12
    endloop
  endfacet
  facet normal 0.0784787 -0.996916 0
    outer loop
      vertex 86.1 7.3 12
      vertex 85.881 7.28276 0
      vertex 86.1 7.3 0
    endloop
  endfacet
  facet normal -0.923836 -0.382789 0
    outer loop
      vertex 87.4315 6.33262 0
      vertex 87.3474 6.53559 12
      vertex 87.3474 6.53559 0
    endloop
  endfacet
  facet normal -0.923836 -0.382789 0
    outer loop
      vertex 87.3474 6.53559 12
      vertex 87.4315 6.33262 0
      vertex 87.4315 6.33262 12
    endloop
  endfacet
  facet normal -0.852607 0.522552 0
    outer loop
      vertex 87.2326 5.0771 0
      vertex 87.3474 5.26441 12
      vertex 87.3474 5.26441 0
    endloop
  endfacet
  facet normal -0.852607 0.522552 0
    outer loop
      vertex 87.3474 5.26441 12
      vertex 87.2326 5.0771 0
      vertex 87.2326 5.0771 12
    endloop
  endfacet
  facet normal 0.382624 -0.923904 0
    outer loop
      vertex 85.4644 7.14741 0
      vertex 85.6674 7.23148 12
      vertex 85.4644 7.14741 12
    endloop
  endfacet
  facet normal 0.382624 -0.923904 0
    outer loop
      vertex 85.6674 7.23148 12
      vertex 85.4644 7.14741 0
      vertex 85.6674 7.23148 0
    endloop
  endfacet
  facet normal -0.233442 -0.972371 0
    outer loop
      vertex 86.319 7.28276 0
      vertex 86.5326 7.23148 12
      vertex 86.319 7.28276 12
    endloop
  endfacet
  facet normal -0.233442 -0.972371 -0
    outer loop
      vertex 86.5326 7.23148 12
      vertex 86.319 7.28276 0
      vertex 86.5326 7.23148 0
    endloop
  endfacet
  facet normal 0.233442 0.972371 -0
    outer loop
      vertex 85.881 4.51724 0
      vertex 85.6674 4.56852 12
      vertex 85.881 4.51724 12
    endloop
  endfacet
  facet normal 0.233442 0.972371 0
    outer loop
      vertex 85.6674 4.56852 12
      vertex 85.881 4.51724 0
      vertex 85.6674 4.56852 0
    endloop
  endfacet
  facet normal 0.649549 0.760319 -0
    outer loop
      vertex 85.2771 4.76738 0
      vertex 85.1101 4.91005 12
      vertex 85.2771 4.76738 12
    endloop
  endfacet
  facet normal 0.649549 0.760319 0
    outer loop
      vertex 85.1101 4.91005 12
      vertex 85.2771 4.76738 0
      vertex 85.1101 4.91005 0
    endloop
  endfacet
  facet normal -0.852607 -0.522552 0
    outer loop
      vertex 87.3474 6.53559 0
      vertex 87.2326 6.7229 12
      vertex 87.2326 6.7229 0
    endloop
  endfacet
  facet normal -0.852607 -0.522552 0
    outer loop
      vertex 87.2326 6.7229 12
      vertex 87.3474 6.53559 0
      vertex 87.3474 6.53559 12
    endloop
  endfacet
  facet normal -0.649325 -0.760511 0
    outer loop
      vertex 86.9229 7.03262 0
      vertex 87.09 6.88995 12
      vertex 86.9229 7.03262 12
    endloop
  endfacet
  facet normal -0.649325 -0.760511 -0
    outer loop
      vertex 87.09 6.88995 12
      vertex 86.9229 7.03262 0
      vertex 87.09 6.88995 0
    endloop
  endfacet
  facet normal 0.972353 -0.233518 0
    outer loop
      vertex 84.7172 6.11901 12
      vertex 84.7685 6.33262 0
      vertex 84.7685 6.33262 12
    endloop
  endfacet
  facet normal 0.972353 -0.233518 0
    outer loop
      vertex 84.7685 6.33262 0
      vertex 84.7172 6.11901 12
      vertex 84.7172 6.11901 0
    endloop
  endfacet
  facet normal 0.760348 -0.649516 0
    outer loop
      vertex 84.9674 6.7229 12
      vertex 85.1101 6.88995 0
      vertex 85.1101 6.88995 12
    endloop
  endfacet
  facet normal 0.760348 -0.649516 0
    outer loop
      vertex 85.1101 6.88995 0
      vertex 84.9674 6.7229 12
      vertex 84.9674 6.7229 0
    endloop
  endfacet
  facet normal 0.233442 -0.972371 0
    outer loop
      vertex 85.6674 7.23148 0
      vertex 85.881 7.28276 12
      vertex 85.6674 7.23148 12
    endloop
  endfacet
  facet normal 0.233442 -0.972371 0
    outer loop
      vertex 85.881 7.28276 12
      vertex 85.6674 7.23148 0
      vertex 85.881 7.28276 0
    endloop
  endfacet
  facet normal -0.382624 0.923904 0
    outer loop
      vertex 86.7356 4.65259 0
      vertex 86.5326 4.56852 12
      vertex 86.7356 4.65259 12
    endloop
  endfacet
  facet normal -0.382624 0.923904 0
    outer loop
      vertex 86.5326 4.56852 12
      vertex 86.7356 4.65259 0
      vertex 86.5326 4.56852 0
    endloop
  endfacet
  facet normal 0.760348 0.649516 0
    outer loop
      vertex 85.1101 4.91005 12
      vertex 84.9674 5.0771 0
      vertex 84.9674 5.0771 12
    endloop
  endfacet
  facet normal 0.760348 0.649516 0
    outer loop
      vertex 84.9674 5.0771 0
      vertex 85.1101 4.91005 12
      vertex 85.1101 4.91005 0
    endloop
  endfacet
  facet normal -0.99693 0.0782941 0
    outer loop
      vertex 87.4828 5.68099 0
      vertex 87.5 5.9 12
      vertex 87.5 5.9 0
    endloop
  endfacet
  facet normal -0.99693 0.0782941 0
    outer loop
      vertex 87.5 5.9 12
      vertex 87.4828 5.68099 0
      vertex 87.4828 5.68099 12
    endloop
  endfacet
  facet normal 0.852607 -0.522552 0
    outer loop
      vertex 84.8526 6.53559 12
      vertex 84.9674 6.7229 0
      vertex 84.9674 6.7229 12
    endloop
  endfacet
  facet normal 0.852607 -0.522552 0
    outer loop
      vertex 84.9674 6.7229 0
      vertex 84.8526 6.53559 12
      vertex 84.8526 6.53559 0
    endloop
  endfacet
  facet normal -0.972353 0.233518 0
    outer loop
      vertex 87.4315 5.46738 0
      vertex 87.4828 5.68099 12
      vertex 87.4828 5.68099 0
    endloop
  endfacet
  facet normal -0.972353 0.233518 0
    outer loop
      vertex 87.4828 5.68099 12
      vertex 87.4315 5.46738 0
      vertex 87.4315 5.46738 12
    endloop
  endfacet
  facet normal 0.52254 0.852615 -0
    outer loop
      vertex 85.4644 4.65259 0
      vertex 85.2771 4.76738 12
      vertex 85.4644 4.65259 12
    endloop
  endfacet
  facet normal 0.52254 0.852615 0
    outer loop
      vertex 85.2771 4.76738 12
      vertex 85.4644 4.65259 0
      vertex 85.2771 4.76738 0
    endloop
  endfacet
  facet normal -0.923836 0.382789 0
    outer loop
      vertex 87.3474 5.26441 0
      vertex 87.4315 5.46738 12
      vertex 87.4315 5.46738 0
    endloop
  endfacet
  facet normal -0.923836 0.382789 0
    outer loop
      vertex 87.4315 5.46738 12
      vertex 87.3474 5.26441 0
      vertex 87.3474 5.26441 12
    endloop
  endfacet
  facet normal -0.0784787 -0.996916 0
    outer loop
      vertex 86.1 7.3 0
      vertex 86.319 7.28276 12
      vertex 86.1 7.3 12
    endloop
  endfacet
  facet normal -0.0784787 -0.996916 -0
    outer loop
      vertex 86.319 7.28276 12
      vertex 86.1 7.3 0
      vertex 86.319 7.28276 0
    endloop
  endfacet
  facet normal 0.382624 0.923904 -0
    outer loop
      vertex 85.6674 4.56852 0
      vertex 85.4644 4.65259 12
      vertex 85.6674 4.56852 12
    endloop
  endfacet
  facet normal 0.382624 0.923904 0
    outer loop
      vertex 85.4644 4.65259 12
      vertex 85.6674 4.56852 0
      vertex 85.4644 4.65259 0
    endloop
  endfacet
  facet normal 0.52254 -0.852615 0
    outer loop
      vertex 85.2771 7.03262 0
      vertex 85.4644 7.14741 12
      vertex 85.2771 7.03262 12
    endloop
  endfacet
  facet normal 0.52254 -0.852615 0
    outer loop
      vertex 85.4644 7.14741 12
      vertex 85.2771 7.03262 0
      vertex 85.4644 7.14741 0
    endloop
  endfacet
  facet normal 0.923836 -0.382789 0
    outer loop
      vertex 84.7685 6.33262 12
      vertex 84.8526 6.53559 0
      vertex 84.8526 6.53559 12
    endloop
  endfacet
  facet normal 0.923836 -0.382789 0
    outer loop
      vertex 84.8526 6.53559 0
      vertex 84.7685 6.33262 12
      vertex 84.7685 6.33262 0
    endloop
  endfacet
  facet normal 0.0784787 0.996916 -0
    outer loop
      vertex 86.1 4.5 0
      vertex 85.881 4.51724 12
      vertex 86.1 4.5 12
    endloop
  endfacet
  facet normal 0.0784787 0.996916 0
    outer loop
      vertex 85.881 4.51724 12
      vertex 86.1 4.5 0
      vertex 85.881 4.51724 0
    endloop
  endfacet
  facet normal -0.52254 0.852615 0
    outer loop
      vertex 86.9229 4.76738 0
      vertex 86.7356 4.65259 12
      vertex 86.9229 4.76738 12
    endloop
  endfacet
  facet normal -0.52254 0.852615 0
    outer loop
      vertex 86.7356 4.65259 12
      vertex 86.9229 4.76738 0
      vertex 86.7356 4.65259 0
    endloop
  endfacet
  facet normal -0.649434 -0.760418 0
    outer loop
      vertex 83.8019 63.8019 0
      vertex 84.1897 63.4707 12
      vertex 83.8019 63.8019 12
    endloop
  endfacet
  facet normal -0.649434 -0.760418 -0
    outer loop
      vertex 84.1897 63.4707 12
      vertex 83.8019 63.8019 0
      vertex 84.1897 63.4707 0
    endloop
  endfacet
  facet normal 0.97235 0.233529 0
    outer loop
      vertex 89.31 66.6084 12
      vertex 89.1909 67.1043 0
      vertex 89.1909 67.1043 12
    endloop
  endfacet
  facet normal 0.97235 0.233529 0
    outer loop
      vertex 89.1909 67.1043 0
      vertex 89.31 66.6084 12
      vertex 89.31 66.6084 0
    endloop
  endfacet
  facet normal 0.996919 0.0784358 0
    outer loop
      vertex 89.35 66.1 12
      vertex 89.31 66.6084 0
      vertex 89.31 66.6084 12
    endloop
  endfacet
  facet normal 0.996919 0.0784358 0
    outer loop
      vertex 89.31 66.6084 0
      vertex 89.35 66.1 12
      vertex 89.35 66.1 0
    endloop
  endfacet
  facet normal 0.923933 0.382554 0
    outer loop
      vertex 89.1909 67.1043 12
      vertex 88.9958 67.5755 0
      vertex 88.9958 67.5755 12
    endloop
  endfacet
  facet normal 0.923933 0.382554 0
    outer loop
      vertex 88.9958 67.5755 0
      vertex 89.1909 67.1043 12
      vertex 89.1909 67.1043 0
    endloop
  endfacet
  facet normal 0.233529 0.97235 -0
    outer loop
      vertex 87.1043 69.1909 0
      vertex 86.6084 69.31 12
      vertex 87.1043 69.1909 12
    endloop
  endfacet
  facet normal 0.233529 0.97235 0
    outer loop
      vertex 86.6084 69.31 12
      vertex 87.1043 69.1909 0
      vertex 86.6084 69.31 0
    endloop
  endfacet
  facet normal 0.760418 0.649434 0
    outer loop
      vertex 88.7293 68.0103 12
      vertex 88.3981 68.3981 0
      vertex 88.3981 68.3981 12
    endloop
  endfacet
  facet normal 0.760418 0.649434 0
    outer loop
      vertex 88.3981 68.3981 0
      vertex 88.7293 68.0103 12
      vertex 88.7293 68.0103 0
    endloop
  endfacet
  facet normal -0.382554 -0.923933 0
    outer loop
      vertex 84.6245 63.2042 0
      vertex 85.0957 63.0091 12
      vertex 84.6245 63.2042 12
    endloop
  endfacet
  facet normal -0.382554 -0.923933 -0
    outer loop
      vertex 85.0957 63.0091 12
      vertex 84.6245 63.2042 0
      vertex 85.0957 63.0091 0
    endloop
  endfacet
  facet normal -0.649434 0.760418 0
    outer loop
      vertex 84.1897 68.7293 0
      vertex 83.8019 68.3981 12
      vertex 84.1897 68.7293 12
    endloop
  endfacet
  facet normal -0.649434 0.760418 0
    outer loop
      vertex 83.8019 68.3981 12
      vertex 84.1897 68.7293 0
      vertex 83.8019 68.3981 0
    endloop
  endfacet
  facet normal 0.382554 -0.923933 0
    outer loop
      vertex 87.1043 63.0091 0
      vertex 87.5755 63.2042 12
      vertex 87.1043 63.0091 12
    endloop
  endfacet
  facet normal 0.382554 -0.923933 0
    outer loop
      vertex 87.5755 63.2042 12
      vertex 87.1043 63.0091 0
      vertex 87.5755 63.2042 0
    endloop
  endfacet
  facet normal -0.996919 0.0784358 0
    outer loop
      vertex 82.85 66.1 0
      vertex 82.89 66.6084 12
      vertex 82.89 66.6084 0
    endloop
  endfacet
  facet normal -0.996919 0.0784358 0
    outer loop
      vertex 82.89 66.6084 12
      vertex 82.85 66.1 0
      vertex 82.85 66.1 12
    endloop
  endfacet
  facet normal -0.996919 -0.0784358 0
    outer loop
      vertex 82.89 65.5916 0
      vertex 82.85 66.1 12
      vertex 82.85 66.1 0
    endloop
  endfacet
  facet normal -0.996919 -0.0784358 0
    outer loop
      vertex 82.85 66.1 12
      vertex 82.89 65.5916 0
      vertex 82.89 65.5916 12
    endloop
  endfacet
  facet normal 0.233529 -0.97235 0
    outer loop
      vertex 86.6084 62.89 0
      vertex 87.1043 63.0091 12
      vertex 86.6084 62.89 12
    endloop
  endfacet
  facet normal 0.233529 -0.97235 0
    outer loop
      vertex 87.1043 63.0091 12
      vertex 86.6084 62.89 0
      vertex 87.1043 63.0091 0
    endloop
  endfacet
  facet normal -0.382554 0.923933 0
    outer loop
      vertex 85.0957 69.1909 0
      vertex 84.6245 68.9958 12
      vertex 85.0957 69.1909 12
    endloop
  endfacet
  facet normal -0.382554 0.923933 0
    outer loop
      vertex 84.6245 68.9958 12
      vertex 85.0957 69.1909 0
      vertex 84.6245 68.9958 0
    endloop
  endfacet
  facet normal 0.760418 -0.649434 0
    outer loop
      vertex 88.3981 63.8019 12
      vertex 88.7293 64.1897 0
      vertex 88.7293 64.1897 12
    endloop
  endfacet
  facet normal 0.760418 -0.649434 0
    outer loop
      vertex 88.7293 64.1897 0
      vertex 88.3981 63.8019 12
      vertex 88.3981 63.8019 0
    endloop
  endfacet
  facet normal -0.852593 0.522576 0
    outer loop
      vertex 83.2042 67.5755 0
      vertex 83.4707 68.0103 12
      vertex 83.4707 68.0103 0
    endloop
  endfacet
  facet normal -0.852593 0.522576 0
    outer loop
      vertex 83.4707 68.0103 12
      vertex 83.2042 67.5755 0
      vertex 83.2042 67.5755 12
    endloop
  endfacet
  facet normal 0.0784358 -0.996919 0
    outer loop
      vertex 86.1 62.85 0
      vertex 86.6084 62.89 12
      vertex 86.1 62.85 12
    endloop
  endfacet
  facet normal 0.0784358 -0.996919 0
    outer loop
      vertex 86.6084 62.89 12
      vertex 86.1 62.85 0
      vertex 86.6084 62.89 0
    endloop
  endfacet
  facet normal -0.97235 -0.233529 0
    outer loop
      vertex 83.0091 65.0957 0
      vertex 82.89 65.5916 12
      vertex 82.89 65.5916 0
    endloop
  endfacet
  facet normal -0.97235 -0.233529 0
    outer loop
      vertex 82.89 65.5916 12
      vertex 83.0091 65.0957 0
      vertex 83.0091 65.0957 12
    endloop
  endfacet
  facet normal -0.522576 0.852593 0
    outer loop
      vertex 84.6245 68.9958 0
      vertex 84.1897 68.7293 12
      vertex 84.6245 68.9958 12
    endloop
  endfacet
  facet normal -0.522576 0.852593 0
    outer loop
      vertex 84.1897 68.7293 12
      vertex 84.6245 68.9958 0
      vertex 84.1897 68.7293 0
    endloop
  endfacet
  facet normal 0.649434 -0.760418 0
    outer loop
      vertex 88.0103 63.4707 0
      vertex 88.3981 63.8019 12
      vertex 88.0103 63.4707 12
    endloop
  endfacet
  facet normal 0.649434 -0.760418 0
    outer loop
      vertex 88.3981 63.8019 12
      vertex 88.0103 63.4707 0
      vertex 88.3981 63.8019 0
    endloop
  endfacet
  facet normal 0.522576 0.852593 -0
    outer loop
      vertex 88.0103 68.7293 0
      vertex 87.5755 68.9958 12
      vertex 88.0103 68.7293 12
    endloop
  endfacet
  facet normal 0.522576 0.852593 0
    outer loop
      vertex 87.5755 68.9958 12
      vertex 88.0103 68.7293 0
      vertex 87.5755 68.9958 0
    endloop
  endfacet
  facet normal 0.382554 0.923933 -0
    outer loop
      vertex 87.5755 68.9958 0
      vertex 87.1043 69.1909 12
      vertex 87.5755 68.9958 12
    endloop
  endfacet
  facet normal 0.382554 0.923933 0
    outer loop
      vertex 87.1043 69.1909 12
      vertex 87.5755 68.9958 0
      vertex 87.1043 69.1909 0
    endloop
  endfacet
  facet normal 0.852593 0.522576 0
    outer loop
      vertex 88.9958 67.5755 12
      vertex 88.7293 68.0103 0
      vertex 88.7293 68.0103 12
    endloop
  endfacet
  facet normal 0.852593 0.522576 0
    outer loop
      vertex 88.7293 68.0103 0
      vertex 88.9958 67.5755 12
      vertex 88.9958 67.5755 0
    endloop
  endfacet
  facet normal -0.923933 -0.382554 0
    outer loop
      vertex 83.2042 64.6245 0
      vertex 83.0091 65.0957 12
      vertex 83.0091 65.0957 0
    endloop
  endfacet
  facet normal -0.923933 -0.382554 0
    outer loop
      vertex 83.0091 65.0957 12
      vertex 83.2042 64.6245 0
      vertex 83.2042 64.6245 12
    endloop
  endfacet
  facet normal 0.649434 0.760418 -0
    outer loop
      vertex 88.3981 68.3981 0
      vertex 88.0103 68.7293 12
      vertex 88.3981 68.3981 12
    endloop
  endfacet
  facet normal 0.649434 0.760418 0
    outer loop
      vertex 88.0103 68.7293 12
      vertex 88.3981 68.3981 0
      vertex 88.0103 68.7293 0
    endloop
  endfacet
  facet normal 0.996919 -0.0784358 0
    outer loop
      vertex 89.31 65.5916 12
      vertex 89.35 66.1 0
      vertex 89.35 66.1 12
    endloop
  endfacet
  facet normal 0.996919 -0.0784358 0
    outer loop
      vertex 89.35 66.1 0
      vertex 89.31 65.5916 12
      vertex 89.31 65.5916 0
    endloop
  endfacet
  facet normal 0.97235 -0.233529 0
    outer loop
      vertex 89.1909 65.0957 12
      vertex 89.31 65.5916 0
      vertex 89.31 65.5916 12
    endloop
  endfacet
  facet normal 0.97235 -0.233529 0
    outer loop
      vertex 89.31 65.5916 0
      vertex 89.1909 65.0957 12
      vertex 89.1909 65.0957 0
    endloop
  endfacet
  facet normal 0 0 -1
    outer loop
      vertex 87.5 66.1 0
      vertex 89.35 66.1 0
      vertex 89.31 65.5916 0
    endloop
  endfacet
  facet normal 0 0 -1
    outer loop
      vertex 87.4828 65.881 0
      vertex 89.31 65.5916 0
      vertex 89.1909 65.0957 0
    endloop
  endfacet
  facet normal 0 0 -1
    outer loop
      vertex 89.35 66.1 0
      vertex 87.5 66.1 0
      vertex 89.31 66.6084 0
    endloop
  endfacet
  facet normal 0 0 -1
    outer loop
      vertex 87.4315 65.6674 0
      vertex 89.1909 65.0957 0
      vertex 88.9958 64.6245 0
    endloop
  endfacet
  facet normal 0 0 -1
    outer loop
      vertex 87.4828 66.319 0
      vertex 89.31 66.6084 0
      vertex 87.5 66.1 0
    endloop
  endfacet
  facet normal 0 0 -1
    outer loop
      vertex 87.3474 65.4644 0
      vertex 88.9958 64.6245 0
      vertex 88.7293 64.1897 0
    endloop
  endfacet
  facet normal -0 0 -1
    outer loop
      vertex 89.31 66.6084 0
      vertex 87.4828 66.319 0
      vertex 89.1909 67.1043 0
    endloop
  endfacet
  facet normal 0 0 -1
    outer loop
      vertex 87.2326 65.2771 0
      vertex 88.7293 64.1897 0
      vertex 88.3981 63.8019 0
    endloop
  endfacet
  facet normal 0 0 -1
    outer loop
      vertex 87.4315 66.5326 0
      vertex 89.1909 67.1043 0
      vertex 87.4828 66.319 0
    endloop
  endfacet
  facet normal 0 0 -1
    outer loop
      vertex 87.09 65.1101 0
      vertex 88.3981 63.8019 0
      vertex 88.0103 63.4707 0
    endloop
  endfacet
  facet normal -0 0 -1
    outer loop
      vertex 89.1909 67.1043 0
      vertex 87.4315 66.5326 0
      vertex 88.9958 67.5755 0
    endloop
  endfacet
  facet normal 0 0 -1
    outer loop
      vertex 86.9229 64.9674 0
      vertex 88.0103 63.4707 0
      vertex 87.5755 63.2042 0
    endloop
  endfacet
  facet normal 0 0 -1
    outer loop
      vertex 87.3474 66.7356 0
      vertex 88.9958 67.5755 0
      vertex 87.4315 66.5326 0
    endloop
  endfacet
  facet normal -0 0 -1
    outer loop
      vertex 88.9958 67.5755 0
      vertex 87.3474 66.7356 0
      vertex 88.7293 68.0103 0
    endloop
  endfacet
  facet normal 0 0 -1
    outer loop
      vertex 89.31 65.5916 0
      vertex 87.4828 65.881 0
      vertex 87.5 66.1 0
    endloop
  endfacet
  facet normal 0 0 -1
    outer loop
      vertex 89.1909 65.0957 0
      vertex 87.4315 65.6674 0
      vertex 87.4828 65.881 0
    endloop
  endfacet
  facet normal 0 0 -1
    outer loop
      vertex 88.9958 64.6245 0
      vertex 87.3474 65.4644 0
      vertex 87.4315 65.6674 0
    endloop
  endfacet
  facet normal 0 0 -1
    outer loop
      vertex 88.7293 64.1897 0
      vertex 87.2326 65.2771 0
      vertex 87.3474 65.4644 0
    endloop
  endfacet
  facet normal 0 0 -1
    outer loop
      vertex 86.7356 64.8526 0
      vertex 87.5755 63.2042 0
      vertex 87.1043 63.0091 0
    endloop
  endfacet
  facet normal 0 0 -1
    outer loop
      vertex 88.3981 63.8019 0
      vertex 87.09 65.1101 0
      vertex 87.2326 65.2771 0
    endloop
  endfacet
  facet normal 0 0 -1
    outer loop
      vertex 88.0103 63.4707 0
      vertex 86.9229 64.9674 0
      vertex 87.09 65.1101 0
    endloop
  endfacet
  facet normal 0 0 -1
    outer loop
      vertex 87.5755 63.2042 0
      vertex 86.7356 64.8526 0
      vertex 86.9229 64.9674 0
    endloop
  endfacet
  facet normal 0 0 -1
    outer loop
      vertex 86.5326 64.7685 0
      vertex 87.1043 63.0091 0
      vertex 86.6084 62.89 0
    endloop
  endfacet
  facet normal 0 0 -1
    outer loop
      vertex 87.1043 63.0091 0
      vertex 86.5326 64.7685 0
      vertex 86.7356 64.8526 0
    endloop
  endfacet
  facet normal 0 0 -1
    outer loop
      vertex 86.6084 62.89 0
      vertex 86.319 64.7172 0
      vertex 86.5326 64.7685 0
    endloop
  endfacet
  facet normal 0 0 -1
    outer loop
      vertex 86.1 62.85 0
      vertex 86.319 64.7172 0
      vertex 86.6084 62.89 0
    endloop
  endfacet
  facet normal 0 0 -1
    outer loop
      vertex 86.1 62.85 0
      vertex 86.1 64.7 0
      vertex 86.319 64.7172 0
    endloop
  endfacet
  facet normal 0 0 -1
    outer loop
      vertex 86.1 62.85 0
      vertex 85.881 64.7172 0
      vertex 86.1 64.7 0
    endloop
  endfacet
  facet normal 0 0 -1
    outer loop
      vertex 85.5916 62.89 0
      vertex 85.881 64.7172 0
      vertex 86.1 62.85 0
    endloop
  endfacet
  facet normal -0 0 -1
    outer loop
      vertex 85.881 64.7172 0
      vertex 85.5916 62.89 0
      vertex 85.6674 64.7685 0
    endloop
  endfacet
  facet normal 0 0 -1
    outer loop
      vertex 85.0957 63.0091 0
      vertex 85.6674 64.7685 0
      vertex 85.5916 62.89 0
    endloop
  endfacet
  facet normal -0 0 -1
    outer loop
      vertex 85.6674 64.7685 0
      vertex 85.0957 63.0091 0
      vertex 85.4644 64.8526 0
    endloop
  endfacet
  facet normal 0 0 -1
    outer loop
      vertex 84.6245 63.2042 0
      vertex 85.4644 64.8526 0
      vertex 85.0957 63.0091 0
    endloop
  endfacet
  facet normal -0 0 -1
    outer loop
      vertex 85.4644 64.8526 0
      vertex 84.6245 63.2042 0
      vertex 85.2771 64.9674 0
    endloop
  endfacet
  facet normal 0 0 -1
    outer loop
      vertex 84.1897 63.4707 0
      vertex 85.2771 64.9674 0
      vertex 84.6245 63.2042 0
    endloop
  endfacet
  facet normal -0 0 -1
    outer loop
      vertex 85.2771 64.9674 0
      vertex 84.1897 63.4707 0
      vertex 85.1101 65.1101 0
    endloop
  endfacet
  facet normal 0 0 -1
    outer loop
      vertex 83.8019 63.8019 0
      vertex 85.1101 65.1101 0
      vertex 84.1897 63.4707 0
    endloop
  endfacet
  facet normal -0 0 -1
    outer loop
      vertex 85.1101 65.1101 0
      vertex 83.8019 63.8019 0
      vertex 84.9674 65.2771 0
    endloop
  endfacet
  facet normal -0 0 -1
    outer loop
      vertex 84.9674 65.2771 0
      vertex 83.4707 64.1897 0
      vertex 84.8526 65.4644 0
    endloop
  endfacet
  facet normal 0 0 -1
    outer loop
      vertex 83.4707 64.1897 0
      vertex 84.9674 65.2771 0
      vertex 83.8019 63.8019 0
    endloop
  endfacet
  facet normal 0 0 -1
    outer loop
      vertex 87.2326 66.9229 0
      vertex 88.7293 68.0103 0
      vertex 87.3474 66.7356 0
    endloop
  endfacet
  facet normal -0 0 -1
    outer loop
      vertex 88.7293 68.0103 0
      vertex 87.2326 66.9229 0
      vertex 88.3981 68.3981 0
    endloop
  endfacet
  facet normal 0 0 -1
    outer loop
      vertex 87.09 67.09 0
      vertex 88.3981 68.3981 0
      vertex 87.2326 66.9229 0
    endloop
  endfacet
  facet normal -0 0 -1
    outer loop
      vertex 88.3981 68.3981 0
      vertex 87.09 67.09 0
      vertex 88.0103 68.7293 0
    endloop
  endfacet
  facet normal 0 0 -1
    outer loop
      vertex 86.9229 67.2326 0
      vertex 88.0103 68.7293 0
      vertex 87.09 67.09 0
    endloop
  endfacet
  facet normal -0 0 -1
    outer loop
      vertex 88.0103 68.7293 0
      vertex 86.9229 67.2326 0
      vertex 87.5755 68.9958 0
    endloop
  endfacet
  facet normal 0 0 -1
    outer loop
      vertex 86.7356 67.3474 0
      vertex 87.5755 68.9958 0
      vertex 86.9229 67.2326 0
    endloop
  endfacet
  facet normal -0 0 -1
    outer loop
      vertex 87.5755 68.9958 0
      vertex 86.7356 67.3474 0
      vertex 87.1043 69.1909 0
    endloop
  endfacet
  facet normal 0 0 -1
    outer loop
      vertex 86.5326 67.4315 0
      vertex 87.1043 69.1909 0
      vertex 86.7356 67.3474 0
    endloop
  endfacet
  facet normal -0 0 -1
    outer loop
      vertex 87.1043 69.1909 0
      vertex 86.5326 67.4315 0
      vertex 86.6084 69.31 0
    endloop
  endfacet
  facet normal 0 0 -1
    outer loop
      vertex 86.319 67.4828 0
      vertex 86.6084 69.31 0
      vertex 86.5326 67.4315 0
    endloop
  endfacet
  facet normal 0 0 -1
    outer loop
      vertex 86.1 67.5 0
      vertex 86.6084 69.31 0
      vertex 86.319 67.4828 0
    endloop
  endfacet
  facet normal 0 0 -1
    outer loop
      vertex 86.1 67.5 0
      vertex 86.1 69.35 0
      vertex 86.6084 69.31 0
    endloop
  endfacet
  facet normal 0 0 -1
    outer loop
      vertex 85.881 67.4828 0
      vertex 86.1 69.35 0
      vertex 86.1 67.5 0
    endloop
  endfacet
  facet normal 0 0 -1
    outer loop
      vertex 85.5916 69.31 0
      vertex 85.881 67.4828 0
      vertex 85.6674 67.4315 0
    endloop
  endfacet
  facet normal 0 0 -1
    outer loop
      vertex 85.881 67.4828 0
      vertex 85.5916 69.31 0
      vertex 86.1 69.35 0
    endloop
  endfacet
  facet normal 0 0 -1
    outer loop
      vertex 85.0957 69.1909 0
      vertex 85.6674 67.4315 0
      vertex 85.4644 67.3474 0
    endloop
  endfacet
  facet normal 0 0 -1
    outer loop
      vertex 84.6245 68.9958 0
      vertex 85.4644 67.3474 0
      vertex 85.2771 67.2326 0
    endloop
  endfacet
  facet normal 0 0 -1
    outer loop
      vertex 84.1897 68.7293 0
      vertex 85.2771 67.2326 0
      vertex 85.1101 67.09 0
    endloop
  endfacet
  facet normal 0 0 -1
    outer loop
      vertex 85.6674 67.4315 0
      vertex 85.0957 69.1909 0
      vertex 85.5916 69.31 0
    endloop
  endfacet
  facet normal 0 0 -1
    outer loop
      vertex 83.8019 68.3981 0
      vertex 85.1101 67.09 0
      vertex 84.9674 66.9229 0
    endloop
  endfacet
  facet normal 0 0 -1
    outer loop
      vertex 83.4707 68.0103 0
      vertex 84.9674 66.9229 0
      vertex 84.8526 66.7356 0
    endloop
  endfacet
  facet normal 0 0 -1
    outer loop
      vertex 83.2042 67.5755 0
      vertex 84.8526 66.7356 0
      vertex 84.7685 66.5326 0
    endloop
  endfacet
  facet normal 0 0 -1
    outer loop
      vertex 83.0091 67.1043 0
      vertex 84.7685 66.5326 0
      vertex 84.7172 66.319 0
    endloop
  endfacet
  facet normal 0 0 -1
    outer loop
      vertex 85.4644 67.3474 0
      vertex 84.6245 68.9958 0
      vertex 85.0957 69.1909 0
    endloop
  endfacet
  facet normal 0 0 -1
    outer loop
      vertex 82.89 66.6084 0
      vertex 84.7172 66.319 0
      vertex 84.7 66.1 0
    endloop
  endfacet
  facet normal 0 0 -1
    outer loop
      vertex 83.2042 64.6245 0
      vertex 84.8526 65.4644 0
      vertex 83.4707 64.1897 0
    endloop
  endfacet
  facet normal -0 0 -1
    outer loop
      vertex 84.8526 65.4644 0
      vertex 83.2042 64.6245 0
      vertex 84.7685 65.6674 0
    endloop
  endfacet
  facet normal 0 0 -1
    outer loop
      vertex 85.2771 67.2326 0
      vertex 84.1897 68.7293 0
      vertex 84.6245 68.9958 0
    endloop
  endfacet
  facet normal 0 0 -1
    outer loop
      vertex 83.0091 65.0957 0
      vertex 84.7685 65.6674 0
      vertex 83.2042 64.6245 0
    endloop
  endfacet
  facet normal 0 0 -1
    outer loop
      vertex 85.1101 67.09 0
      vertex 83.8019 68.3981 0
      vertex 84.1897 68.7293 0
    endloop
  endfacet
  facet normal -0 0 -1
    outer loop
      vertex 84.7685 65.6674 0
      vertex 83.0091 65.0957 0
      vertex 84.7172 65.881 0
    endloop
  endfacet
  facet normal 0 0 -1
    outer loop
      vertex 84.9674 66.9229 0
      vertex 83.4707 68.0103 0
      vertex 83.8019 68.3981 0
    endloop
  endfacet
  facet normal 0 0 -1
    outer loop
      vertex 82.89 65.5916 0
      vertex 84.7172 65.881 0
      vertex 83.0091 65.0957 0
    endloop
  endfacet
  facet normal 0 0 -1
    outer loop
      vertex 84.8526 66.7356 0
      vertex 83.2042 67.5755 0
      vertex 83.4707 68.0103 0
    endloop
  endfacet
  facet normal -0 0 -1
    outer loop
      vertex 84.7172 65.881 0
      vertex 82.89 65.5916 0
      vertex 84.7 66.1 0
    endloop
  endfacet
  facet normal 0 0 -1
    outer loop
      vertex 84.7685 66.5326 0
      vertex 83.0091 67.1043 0
      vertex 83.2042 67.5755 0
    endloop
  endfacet
  facet normal 0 0 -1
    outer loop
      vertex 82.85 66.1 0
      vertex 84.7 66.1 0
      vertex 82.89 65.5916 0
    endloop
  endfacet
  facet normal 0 0 -1
    outer loop
      vertex 84.7172 66.319 0
      vertex 82.89 66.6084 0
      vertex 83.0091 67.1043 0
    endloop
  endfacet
  facet normal 0 0 -1
    outer loop
      vertex 84.7 66.1 0
      vertex 82.85 66.1 0
      vertex 82.89 66.6084 0
    endloop
  endfacet
  facet normal -0.0784358 0.996919 0
    outer loop
      vertex 86.1 69.35 0
      vertex 85.5916 69.31 12
      vertex 86.1 69.35 12
    endloop
  endfacet
  facet normal -0.0784358 0.996919 0
    outer loop
      vertex 85.5916 69.31 12
      vertex 86.1 69.35 0
      vertex 85.5916 69.31 0
    endloop
  endfacet
  facet normal -0.852593 -0.522576 0
    outer loop
      vertex 83.4707 64.1897 0
      vertex 83.2042 64.6245 12
      vertex 83.2042 64.6245 0
    endloop
  endfacet
  facet normal -0.852593 -0.522576 0
    outer loop
      vertex 83.2042 64.6245 12
      vertex 83.4707 64.1897 0
      vertex 83.4707 64.1897 12
    endloop
  endfacet
  facet normal -0.923933 0.382554 0
    outer loop
      vertex 83.0091 67.1043 0
      vertex 83.2042 67.5755 12
      vertex 83.2042 67.5755 0
    endloop
  endfacet
  facet normal -0.923933 0.382554 0
    outer loop
      vertex 83.2042 67.5755 12
      vertex 83.0091 67.1043 0
      vertex 83.0091 67.1043 12
    endloop
  endfacet
  facet normal 0.923933 -0.382554 0
    outer loop
      vertex 88.9958 64.6245 12
      vertex 89.1909 65.0957 0
      vertex 89.1909 65.0957 12
    endloop
  endfacet
  facet normal 0.923933 -0.382554 0
    outer loop
      vertex 89.1909 65.0957 0
      vertex 88.9958 64.6245 12
      vertex 88.9958 64.6245 0
    endloop
  endfacet
  facet normal -0.760418 -0.649434 0
    outer loop
      vertex 83.8019 63.8019 0
      vertex 83.4707 64.1897 12
      vertex 83.4707 64.1897 0
    endloop
  endfacet
  facet normal -0.760418 -0.649434 0
    outer loop
      vertex 83.4707 64.1897 12
      vertex 83.8019 63.8019 0
      vertex 83.8019 63.8019 12
    endloop
  endfacet
  facet normal 0.522576 -0.852593 0
    outer loop
      vertex 87.5755 63.2042 0
      vertex 88.0103 63.4707 12
      vertex 87.5755 63.2042 12
    endloop
  endfacet
  facet normal 0.522576 -0.852593 0
    outer loop
      vertex 88.0103 63.4707 12
      vertex 87.5755 63.2042 0
      vertex 88.0103 63.4707 0
    endloop
  endfacet
  facet normal 0 0 1
    outer loop
      vertex 87.5 66.1 12
      vertex 89.35 66.1 12
      vertex 89.31 66.6084 12
    endloop
  endfacet
  facet normal 0 0 1
    outer loop
      vertex 87.4828 66.319 12
      vertex 89.31 66.6084 12
      vertex 89.1909 67.1043 12
    endloop
  endfacet
  facet normal 0 0 1
    outer loop
      vertex 89.35 66.1 12
      vertex 87.5 66.1 12
      vertex 89.31 65.5916 12
    endloop
  endfacet
  facet normal 0 0 1
    outer loop
      vertex 87.4315 66.5326 12
      vertex 89.1909 67.1043 12
      vertex 88.9958 67.5755 12
    endloop
  endfacet
  facet normal -0 0 1
    outer loop
      vertex 87.4828 65.881 12
      vertex 89.31 65.5916 12
      vertex 87.5 66.1 12
    endloop
  endfacet
  facet normal 0 0 1
    outer loop
      vertex 87.3474 66.7356 12
      vertex 88.9958 67.5755 12
      vertex 88.7293 68.0103 12
    endloop
  endfacet
  facet normal 0 0 1
    outer loop
      vertex 89.31 65.5916 12
      vertex 87.4828 65.881 12
      vertex 89.1909 65.0957 12
    endloop
  endfacet
  facet normal 0 0 1
    outer loop
      vertex 87.2326 66.9229 12
      vertex 88.7293 68.0103 12
      vertex 88.3981 68.3981 12
    endloop
  endfacet
  facet normal -0 0 1
    outer loop
      vertex 87.4315 65.6674 12
      vertex 89.1909 65.0957 12
      vertex 87.4828 65.881 12
    endloop
  endfacet
  facet normal 0 0 1
    outer loop
      vertex 87.09 67.09 12
      vertex 88.3981 68.3981 12
      vertex 88.0103 68.7293 12
    endloop
  endfacet
  facet normal 0 0 1
    outer loop
      vertex 89.1909 65.0957 12
      vertex 87.4315 65.6674 12
      vertex 88.9958 64.6245 12
    endloop
  endfacet
  facet normal 0 0 1
    outer loop
      vertex 86.9229 67.2326 12
      vertex 88.0103 68.7293 12
      vertex 87.5755 68.9958 12
    endloop
  endfacet
  facet normal -0 0 1
    outer loop
      vertex 87.3474 65.4644 12
      vertex 88.9958 64.6245 12
      vertex 87.4315 65.6674 12
    endloop
  endfacet
  facet normal 0 0 1
    outer loop
      vertex 88.9958 64.6245 12
      vertex 87.3474 65.4644 12
      vertex 88.7293 64.1897 12
    endloop
  endfacet
  facet normal 0 0 1
    outer loop
      vertex 89.31 66.6084 12
      vertex 87.4828 66.319 12
      vertex 87.5 66.1 12
    endloop
  endfacet
  facet normal 0 0 1
    outer loop
      vertex 89.1909 67.1043 12
      vertex 87.4315 66.5326 12
      vertex 87.4828 66.319 12
    endloop
  endfacet
  facet normal 0 0 1
    outer loop
      vertex 88.9958 67.5755 12
      vertex 87.3474 66.7356 12
      vertex 87.4315 66.5326 12
    endloop
  endfacet
  facet normal 0 0 1
    outer loop
      vertex 88.7293 68.0103 12
      vertex 87.2326 66.9229 12
      vertex 87.3474 66.7356 12
    endloop
  endfacet
  facet normal 0 0 1
    outer loop
      vertex 86.7356 67.3474 12
      vertex 87.5755 68.9958 12
      vertex 87.1043 69.1909 12
    endloop
  endfacet
  facet normal 0 0 1
    outer loop
      vertex 88.3981 68.3981 12
      vertex 87.09 67.09 12
      vertex 87.2326 66.9229 12
    endloop
  endfacet
  facet normal 0 0 1
    outer loop
      vertex 88.0103 68.7293 12
      vertex 86.9229 67.2326 12
      vertex 87.09 67.09 12
    endloop
  endfacet
  facet normal 0 0 1
    outer loop
      vertex 87.5755 68.9958 12
      vertex 86.7356 67.3474 12
      vertex 86.9229 67.2326 12
    endloop
  endfacet
  facet normal 0 0 1
    outer loop
      vertex 86.5326 67.4315 12
      vertex 87.1043 69.1909 12
      vertex 86.6084 69.31 12
    endloop
  endfacet
  facet normal 0 0 1
    outer loop
      vertex 87.1043 69.1909 12
      vertex 86.5326 67.4315 12
      vertex 86.7356 67.3474 12
    endloop
  endfacet
  facet normal 0 0 1
    outer loop
      vertex 86.6084 69.31 12
      vertex 86.319 67.4828 12
      vertex 86.5326 67.4315 12
    endloop
  endfacet
  facet normal 0 0 1
    outer loop
      vertex 86.1 69.35 12
      vertex 86.319 67.4828 12
      vertex 86.6084 69.31 12
    endloop
  endfacet
  facet normal 0 0 1
    outer loop
      vertex 86.1 69.35 12
      vertex 86.1 67.5 12
      vertex 86.319 67.4828 12
    endloop
  endfacet
  facet normal 0 0 1
    outer loop
      vertex 86.1 69.35 12
      vertex 85.881 67.4828 12
      vertex 86.1 67.5 12
    endloop
  endfacet
  facet normal -0 0 1
    outer loop
      vertex 85.5916 69.31 12
      vertex 85.881 67.4828 12
      vertex 86.1 69.35 12
    endloop
  endfacet
  facet normal 0 0 1
    outer loop
      vertex 85.881 67.4828 12
      vertex 85.5916 69.31 12
      vertex 85.6674 67.4315 12
    endloop
  endfacet
  facet normal -0 0 1
    outer loop
      vertex 85.0957 69.1909 12
      vertex 85.6674 67.4315 12
      vertex 85.5916 69.31 12
    endloop
  endfacet
  facet normal 0 0 1
    outer loop
      vertex 85.6674 67.4315 12
      vertex 85.0957 69.1909 12
      vertex 85.4644 67.3474 12
    endloop
  endfacet
  facet normal -0 0 1
    outer loop
      vertex 84.6245 68.9958 12
      vertex 85.4644 67.3474 12
      vertex 85.0957 69.1909 12
    endloop
  endfacet
  facet normal 0 0 1
    outer loop
      vertex 85.4644 67.3474 12
      vertex 84.6245 68.9958 12
      vertex 85.2771 67.2326 12
    endloop
  endfacet
  facet normal -0 0 1
    outer loop
      vertex 84.1897 68.7293 12
      vertex 85.2771 67.2326 12
      vertex 84.6245 68.9958 12
    endloop
  endfacet
  facet normal 0 0 1
    outer loop
      vertex 85.2771 67.2326 12
      vertex 84.1897 68.7293 12
      vertex 85.1101 67.09 12
    endloop
  endfacet
  facet normal -0 0 1
    outer loop
      vertex 83.8019 68.3981 12
      vertex 85.1101 67.09 12
      vertex 84.1897 68.7293 12
    endloop
  endfacet
  facet normal 0 0 1
    outer loop
      vertex 85.1101 67.09 12
      vertex 83.8019 68.3981 12
      vertex 84.9674 66.9229 12
    endloop
  endfacet
  facet normal 0 0 1
    outer loop
      vertex 84.9674 66.9229 12
      vertex 83.4707 68.0103 12
      vertex 84.8526 66.7356 12
    endloop
  endfacet
  facet normal -0 0 1
    outer loop
      vertex 83.4707 68.0103 12
      vertex 84.9674 66.9229 12
      vertex 83.8019 68.3981 12
    endloop
  endfacet
  facet normal -0 0 1
    outer loop
      vertex 87.2326 65.2771 12
      vertex 88.7293 64.1897 12
      vertex 87.3474 65.4644 12
    endloop
  endfacet
  facet normal 0 0 1
    outer loop
      vertex 88.7293 64.1897 12
      vertex 87.2326 65.2771 12
      vertex 88.3981 63.8019 12
    endloop
  endfacet
  facet normal -0 0 1
    outer loop
      vertex 87.09 65.1101 12
      vertex 88.3981 63.8019 12
      vertex 87.2326 65.2771 12
    endloop
  endfacet
  facet normal 0 0 1
    outer loop
      vertex 88.3981 63.8019 12
      vertex 87.09 65.1101 12
      vertex 88.0103 63.4707 12
    endloop
  endfacet
  facet normal -0 0 1
    outer loop
      vertex 86.9229 64.9674 12
      vertex 88.0103 63.4707 12
      vertex 87.09 65.1101 12
    endloop
  endfacet
  facet normal 0 0 1
    outer loop
      vertex 88.0103 63.4707 12
      vertex 86.9229 64.9674 12
      vertex 87.5755 63.2042 12
    endloop
  endfacet
  facet normal -0 0 1
    outer loop
      vertex 86.7356 64.8526 12
      vertex 87.5755 63.2042 12
      vertex 86.9229 64.9674 12
    endloop
  endfacet
  facet normal 0 0 1
    outer loop
      vertex 87.5755 63.2042 12
      vertex 86.7356 64.8526 12
      vertex 87.1043 63.0091 12
    endloop
  endfacet
  facet normal -0 0 1
    outer loop
      vertex 86.5326 64.7685 12
      vertex 87.1043 63.0091 12
      vertex 86.7356 64.8526 12
    endloop
  endfacet
  facet normal 0 0 1
    outer loop
      vertex 87.1043 63.0091 12
      vertex 86.5326 64.7685 12
      vertex 86.6084 62.89 12
    endloop
  endfacet
  facet normal -0 0 1
    outer loop
      vertex 86.319 64.7172 12
      vertex 86.6084 62.89 12
      vertex 86.5326 64.7685 12
    endloop
  endfacet
  facet normal -0 0 1
    outer loop
      vertex 86.1 64.7 12
      vertex 86.6084 62.89 12
      vertex 86.319 64.7172 12
    endloop
  endfacet
  facet normal 0 0 1
    outer loop
      vertex 86.1 64.7 12
      vertex 86.1 62.85 12
      vertex 86.6084 62.89 12
    endloop
  endfacet
  facet normal 0 0 1
    outer loop
      vertex 85.881 64.7172 12
      vertex 86.1 62.85 12
      vertex 86.1 64.7 12
    endloop
  endfacet
  facet normal 0 0 1
    outer loop
      vertex 85.5916 62.89 12
      vertex 85.881 64.7172 12
      vertex 85.6674 64.7685 12
    endloop
  endfacet
  facet normal 0 0 1
    outer loop
      vertex 85.881 64.7172 12
      vertex 85.5916 62.89 12
      vertex 86.1 62.85 12
    endloop
  endfacet
  facet normal 0 0 1
    outer loop
      vertex 85.0957 63.0091 12
      vertex 85.6674 64.7685 12
      vertex 85.4644 64.8526 12
    endloop
  endfacet
  facet normal 0 0 1
    outer loop
      vertex 84.6245 63.2042 12
      vertex 85.4644 64.8526 12
      vertex 85.2771 64.9674 12
    endloop
  endfacet
  facet normal 0 0 1
    outer loop
      vertex 84.1897 63.4707 12
      vertex 85.2771 64.9674 12
      vertex 85.1101 65.1101 12
    endloop
  endfacet
  facet normal 0 0 1
    outer loop
      vertex 85.6674 64.7685 12
      vertex 85.0957 63.0091 12
      vertex 85.5916 62.89 12
    endloop
  endfacet
  facet normal 0 0 1
    outer loop
      vertex 83.8019 63.8019 12
      vertex 85.1101 65.1101 12
      vertex 84.9674 65.2771 12
    endloop
  endfacet
  facet normal 0 0 1
    outer loop
      vertex 83.4707 64.1897 12
      vertex 84.9674 65.2771 12
      vertex 84.8526 65.4644 12
    endloop
  endfacet
  facet normal 0 0 1
    outer loop
      vertex 83.2042 64.6245 12
      vertex 84.8526 65.4644 12
      vertex 84.7685 65.6674 12
    endloop
  endfacet
  facet normal 0 0 1
    outer loop
      vertex 83.0091 65.0957 12
      vertex 84.7685 65.6674 12
      vertex 84.7172 65.881 12
    endloop
  endfacet
  facet normal 0 0 1
    outer loop
      vertex 85.4644 64.8526 12
      vertex 84.6245 63.2042 12
      vertex 85.0957 63.0091 12
    endloop
  endfacet
  facet normal 0 0 1
    outer loop
      vertex 82.89 65.5916 12
      vertex 84.7172 65.881 12
      vertex 84.7 66.1 12
    endloop
  endfacet
  facet normal -0 0 1
    outer loop
      vertex 83.2042 67.5755 12
      vertex 84.8526 66.7356 12
      vertex 83.4707 68.0103 12
    endloop
  endfacet
  facet normal 0 0 1
    outer loop
      vertex 84.8526 66.7356 12
      vertex 83.2042 67.5755 12
      vertex 84.7685 66.5326 12
    endloop
  endfacet
  facet normal 0 0 1
    outer loop
      vertex 85.2771 64.9674 12
      vertex 84.1897 63.4707 12
      vertex 84.6245 63.2042 12
    endloop
  endfacet
  facet normal -0 0 1
    outer loop
      vertex 83.0091 67.1043 12
      vertex 84.7685 66.5326 12
      vertex 83.2042 67.5755 12
    endloop
  endfacet
  facet normal 0 0 1
    outer loop
      vertex 85.1101 65.1101 12
      vertex 83.8019 63.8019 12
      vertex 84.1897 63.4707 12
    endloop
  endfacet
  facet normal 0 0 1
    outer loop
      vertex 84.7685 66.5326 12
      vertex 83.0091 67.1043 12
      vertex 84.7172 66.319 12
    endloop
  endfacet
  facet normal 0 0 1
    outer loop
      vertex 84.9674 65.2771 12
      vertex 83.4707 64.1897 12
      vertex 83.8019 63.8019 12
    endloop
  endfacet
  facet normal -0 0 1
    outer loop
      vertex 82.89 66.6084 12
      vertex 84.7172 66.319 12
      vertex 83.0091 67.1043 12
    endloop
  endfacet
  facet normal 0 0 1
    outer loop
      vertex 84.8526 65.4644 12
      vertex 83.2042 64.6245 12
      vertex 83.4707 64.1897 12
    endloop
  endfacet
  facet normal 0 0 1
    outer loop
      vertex 84.7172 66.319 12
      vertex 82.89 66.6084 12
      vertex 84.7 66.1 12
    endloop
  endfacet
  facet normal 0 0 1
    outer loop
      vertex 84.7685 65.6674 12
      vertex 83.0091 65.0957 12
      vertex 83.2042 64.6245 12
    endloop
  endfacet
  facet normal 0 0 1
    outer loop
      vertex 82.85 66.1 12
      vertex 84.7 66.1 12
      vertex 82.89 66.6084 12
    endloop
  endfacet
  facet normal 0 0 1
    outer loop
      vertex 84.7172 65.881 12
      vertex 82.89 65.5916 12
      vertex 83.0091 65.0957 12
    endloop
  endfacet
  facet normal 0 0 1
    outer loop
      vertex 84.7 66.1 12
      vertex 82.85 66.1 12
      vertex 82.89 65.5916 12
    endloop
  endfacet
  facet normal -0.233529 0.97235 0
    outer loop
      vertex 85.5916 69.31 0
      vertex 85.0957 69.1909 12
      vertex 85.5916 69.31 12
    endloop
  endfacet
  facet normal -0.233529 0.97235 0
    outer loop
      vertex 85.0957 69.1909 12
      vertex 85.5916 69.31 0
      vertex 85.0957 69.1909 0
    endloop
  endfacet
  facet normal -0.233529 -0.97235 0
    outer loop
      vertex 85.0957 63.0091 0
      vertex 85.5916 62.89 12
      vertex 85.0957 63.0091 12
    endloop
  endfacet
  facet normal -0.233529 -0.97235 -0
    outer loop
      vertex 85.5916 62.89 12
      vertex 85.0957 63.0091 0
      vertex 85.5916 62.89 0
    endloop
  endfacet
  facet normal 0.852593 -0.522576 0
    outer loop
      vertex 88.7293 64.1897 12
      vertex 88.9958 64.6245 0
      vertex 88.9958 64.6245 12
    endloop
  endfacet
  facet normal 0.852593 -0.522576 0
    outer loop
      vertex 88.9958 64.6245 0
      vertex 88.7293 64.1897 12
      vertex 88.7293 64.1897 0
    endloop
  endfacet
  facet normal 0.0784358 0.996919 -0
    outer loop
      vertex 86.6084 69.31 0
      vertex 86.1 69.35 12
      vertex 86.6084 69.31 12
    endloop
  endfacet
  facet normal 0.0784358 0.996919 0
    outer loop
      vertex 86.1 69.35 12
      vertex 86.6084 69.31 0
      vertex 86.1 69.35 0
    endloop
  endfacet
  facet normal -0.97235 0.233529 0
    outer loop
      vertex 82.89 66.6084 0
      vertex 83.0091 67.1043 12
      vertex 83.0091 67.1043 0
    endloop
  endfacet
  facet normal -0.97235 0.233529 0
    outer loop
      vertex 83.0091 67.1043 12
      vertex 82.89 66.6084 0
      vertex 82.89 66.6084 12
    endloop
  endfacet
  facet normal -0.0784358 -0.996919 0
    outer loop
      vertex 85.5916 62.89 0
      vertex 86.1 62.85 12
      vertex 85.5916 62.89 12
    endloop
  endfacet
  facet normal -0.0784358 -0.996919 -0
    outer loop
      vertex 86.1 62.85 12
      vertex 85.5916 62.89 0
      vertex 86.1 62.85 0
    endloop
  endfacet
  facet normal -0.522576 -0.852593 0
    outer loop
      vertex 84.1897 63.4707 0
      vertex 84.6245 63.2042 12
      vertex 84.1897 63.4707 12
    endloop
  endfacet
  facet normal -0.522576 -0.852593 -0
    outer loop
      vertex 84.6245 63.2042 12
      vertex 84.1897 63.4707 0
      vertex 84.6245 63.2042 0
    endloop
  endfacet
  facet normal -0.760418 0.649434 0
    outer loop
      vertex 83.4707 68.0103 0
      vertex 83.8019 68.3981 12
      vertex 83.8019 68.3981 0
    endloop
  endfacet
  facet normal -0.760418 0.649434 0
    outer loop
      vertex 83.8019 68.3981 12
      vertex 83.4707 68.0103 0
      vertex 83.4707 68.0103 12
    endloop
  endfacet
  facet normal -0.649404 0.760444 0
    outer loop
      vertex 87.09 65.1101 0
      vertex 86.9229 64.9674 12
      vertex 87.09 65.1101 12
    endloop
  endfacet
  facet normal -0.649404 0.760444 0
    outer loop
      vertex 86.9229 64.9674 12
      vertex 87.09 65.1101 0
      vertex 86.9229 64.9674 0
    endloop
  endfacet
  facet normal 0.923856 0.38274 0
    outer loop
      vertex 84.8526 65.4644 12
      vertex 84.7685 65.6674 0
      vertex 84.7685 65.6674 12
    endloop
  endfacet
  facet normal 0.923856 0.38274 0
    outer loop
      vertex 84.7685 65.6674 0
      vertex 84.8526 65.4644 12
      vertex 84.8526 65.4644 0
    endloop
  endfacet
  facet normal 0.99693 -0.0782977 0
    outer loop
      vertex 84.7 66.1 12
      vertex 84.7172 66.319 0
      vertex 84.7172 66.319 12
    endloop
  endfacet
  facet normal 0.99693 -0.0782977 0
    outer loop
      vertex 84.7172 66.319 0
      vertex 84.7 66.1 12
      vertex 84.7 66.1 0
    endloop
  endfacet
  facet normal -0.97235 -0.233528 0
    outer loop
      vertex 87.4828 66.319 0
      vertex 87.4315 66.5326 12
      vertex 87.4315 66.5326 0
    endloop
  endfacet
  facet normal -0.97235 -0.233528 0
    outer loop
      vertex 87.4315 66.5326 12
      vertex 87.4828 66.319 0
      vertex 87.4828 66.319 12
    endloop
  endfacet
  facet normal -0.233528 0.97235 0
    outer loop
      vertex 86.5326 64.7685 0
      vertex 86.319 64.7172 12
      vertex 86.5326 64.7685 12
    endloop
  endfacet
  facet normal -0.233528 0.97235 0
    outer loop
      vertex 86.319 64.7172 12
      vertex 86.5326 64.7685 0
      vertex 86.319 64.7172 0
    endloop
  endfacet
  facet normal -0.760669 -0.64914 0
    outer loop
      vertex 87.2326 66.9229 0
      vertex 87.09 67.09 12
      vertex 87.09 67.09 0
    endloop
  endfacet
  facet normal -0.760669 -0.64914 0
    outer loop
      vertex 87.09 67.09 12
      vertex 87.2326 66.9229 0
      vertex 87.2326 66.9229 12
    endloop
  endfacet
  facet normal -0.760477 0.649365 0
    outer loop
      vertex 87.09 65.1101 0
      vertex 87.2326 65.2771 12
      vertex 87.2326 65.2771 0
    endloop
  endfacet
  facet normal -0.760477 0.649365 0
    outer loop
      vertex 87.2326 65.2771 12
      vertex 87.09 65.1101 0
      vertex 87.09 65.1101 12
    endloop
  endfacet
  facet normal 0.649365 -0.760477 0
    outer loop
      vertex 85.1101 67.09 0
      vertex 85.2771 67.2326 12
      vertex 85.1101 67.09 12
    endloop
  endfacet
  facet normal 0.649365 -0.760477 0
    outer loop
      vertex 85.2771 67.2326 12
      vertex 85.1101 67.09 0
      vertex 85.2771 67.2326 0
    endloop
  endfacet
  facet normal -0.0782977 0.99693 0
    outer loop
      vertex 86.319 64.7172 0
      vertex 86.1 64.7 12
      vertex 86.319 64.7172 12
    endloop
  endfacet
  facet normal -0.0782977 0.99693 0
    outer loop
      vertex 86.1 64.7 12
      vertex 86.319 64.7172 0
      vertex 86.1 64.7 0
    endloop
  endfacet
  facet normal 0.99693 0.0782977 0
    outer loop
      vertex 84.7172 65.881 12
      vertex 84.7 66.1 0
      vertex 84.7 66.1 12
    endloop
  endfacet
  facet normal 0.99693 0.0782977 0
    outer loop
      vertex 84.7 66.1 0
      vertex 84.7172 65.881 12
      vertex 84.7172 65.881 0
    endloop
  endfacet
  facet normal -0.38274 -0.923856 0
    outer loop
      vertex 86.5326 67.4315 0
      vertex 86.7356 67.3474 12
      vertex 86.5326 67.4315 12
    endloop
  endfacet
  facet normal -0.38274 -0.923856 -0
    outer loop
      vertex 86.7356 67.3474 12
      vertex 86.5326 67.4315 0
      vertex 86.7356 67.3474 0
    endloop
  endfacet
  facet normal -0.99693 -0.0782977 0
    outer loop
      vertex 87.5 66.1 0
      vertex 87.4828 66.319 12
      vertex 87.4828 66.319 0
    endloop
  endfacet
  facet normal -0.99693 -0.0782977 0
    outer loop
      vertex 87.4828 66.319 12
      vertex 87.5 66.1 0
      vertex 87.5 66.1 12
    endloop
  endfacet
  facet normal 0.852595 0.522573 0
    outer loop
      vertex 84.9674 65.2771 12
      vertex 84.8526 65.4644 0
      vertex 84.8526 65.4644 12
    endloop
  endfacet
  facet normal 0.852595 0.522573 0
    outer loop
      vertex 84.8526 65.4644 0
      vertex 84.9674 65.2771 12
      vertex 84.9674 65.2771 0
    endloop
  endfacet
  facet normal 0.97235 0.233528 0
    outer loop
      vertex 84.7685 65.6674 12
      vertex 84.7172 65.881 0
      vertex 84.7172 65.881 12
    endloop
  endfacet
  facet normal 0.97235 0.233528 0
    outer loop
      vertex 84.7172 65.881 0
      vertex 84.7685 65.6674 12
      vertex 84.7685 65.6674 0
    endloop
  endfacet
  facet normal -0.522573 -0.852595 0
    outer loop
      vertex 86.7356 67.3474 0
      vertex 86.9229 67.2326 12
      vertex 86.7356 67.3474 12
    endloop
  endfacet
  facet normal -0.522573 -0.852595 -0
    outer loop
      vertex 86.9229 67.2326 12
      vertex 86.7356 67.3474 0
      vertex 86.9229 67.2326 0
    endloop
  endfacet
  facet normal 0.0782977 -0.99693 0
    outer loop
      vertex 85.881 67.4828 0
      vertex 86.1 67.5 12
      vertex 85.881 67.4828 12
    endloop
  endfacet
  facet normal 0.0782977 -0.99693 0
    outer loop
      vertex 86.1 67.5 12
      vertex 85.881 67.4828 0
      vertex 86.1 67.5 0
    endloop
  endfacet
  facet normal -0.923856 -0.38274 0
    outer loop
      vertex 87.4315 66.5326 0
      vertex 87.3474 66.7356 12
      vertex 87.3474 66.7356 0
    endloop
  endfacet
  facet normal -0.923856 -0.38274 0
    outer loop
      vertex 87.3474 66.7356 12
      vertex 87.4315 66.5326 0
      vertex 87.4315 66.5326 12
    endloop
  endfacet
  facet normal -0.852595 0.522573 0
    outer loop
      vertex 87.2326 65.2771 0
      vertex 87.3474 65.4644 12
      vertex 87.3474 65.4644 0
    endloop
  endfacet
  facet normal -0.852595 0.522573 0
    outer loop
      vertex 87.3474 65.4644 12
      vertex 87.2326 65.2771 0
      vertex 87.2326 65.2771 12
    endloop
  endfacet
  facet normal 0.38274 -0.923856 0
    outer loop
      vertex 85.4644 67.3474 0
      vertex 85.6674 67.4315 12
      vertex 85.4644 67.3474 12
    endloop
  endfacet
  facet normal 0.38274 -0.923856 0
    outer loop
      vertex 85.6674 67.4315 12
      vertex 85.4644 67.3474 0
      vertex 85.6674 67.4315 0
    endloop
  endfacet
  facet normal -0.233528 -0.97235 0
    outer loop
      vertex 86.319 67.4828 0
      vertex 86.5326 67.4315 12
      vertex 86.319 67.4828 12
    endloop
  endfacet
  facet normal -0.233528 -0.97235 -0
    outer loop
      vertex 86.5326 67.4315 12
      vertex 86.319 67.4828 0
      vertex 86.5326 67.4315 0
    endloop
  endfacet
  facet normal 0.233528 0.97235 -0
    outer loop
      vertex 85.881 64.7172 0
      vertex 85.6674 64.7685 12
      vertex 85.881 64.7172 12
    endloop
  endfacet
  facet normal 0.233528 0.97235 0
    outer loop
      vertex 85.6674 64.7685 12
      vertex 85.881 64.7172 0
      vertex 85.6674 64.7685 0
    endloop
  endfacet
  facet normal 0.649628 0.760252 -0
    outer loop
      vertex 85.2771 64.9674 0
      vertex 85.1101 65.1101 12
      vertex 85.2771 64.9674 12
    endloop
  endfacet
  facet normal 0.649628 0.760252 0
    outer loop
      vertex 85.1101 65.1101 12
      vertex 85.2771 64.9674 0
      vertex 85.1101 65.1101 0
    endloop
  endfacet
  facet normal -0.852595 -0.522573 0
    outer loop
      vertex 87.3474 66.7356 0
      vertex 87.2326 66.9229 12
      vertex 87.2326 66.9229 0
    endloop
  endfacet
  facet normal -0.852595 -0.522573 0
    outer loop
      vertex 87.2326 66.9229 12
      vertex 87.3474 66.7356 0
      vertex 87.3474 66.7356 12
    endloop
  endfacet
  facet normal -0.64914 -0.760669 0
    outer loop
      vertex 86.9229 67.2326 0
      vertex 87.09 67.09 12
      vertex 86.9229 67.2326 12
    endloop
  endfacet
  facet normal -0.64914 -0.760669 -0
    outer loop
      vertex 87.09 67.09 12
      vertex 86.9229 67.2326 0
      vertex 87.09 67.09 0
    endloop
  endfacet
  facet normal 0.97235 -0.233528 0
    outer loop
      vertex 84.7172 66.319 12
      vertex 84.7685 66.5326 0
      vertex 84.7685 66.5326 12
    endloop
  endfacet
  facet normal 0.97235 -0.233528 0
    outer loop
      vertex 84.7685 66.5326 0
      vertex 84.7172 66.319 12
      vertex 84.7172 66.319 0
    endloop
  endfacet
  facet normal 0.760444 -0.649404 0
    outer loop
      vertex 84.9674 66.9229 12
      vertex 85.1101 67.09 0
      vertex 85.1101 67.09 12
    endloop
  endfacet
  facet normal 0.760444 -0.649404 0
    outer loop
      vertex 85.1101 67.09 0
      vertex 84.9674 66.9229 12
      vertex 84.9674 66.9229 0
    endloop
  endfacet
  facet normal 0.233528 -0.97235 0
    outer loop
      vertex 85.6674 67.4315 0
      vertex 85.881 67.4828 12
      vertex 85.6674 67.4315 12
    endloop
  endfacet
  facet normal 0.233528 -0.97235 0
    outer loop
      vertex 85.881 67.4828 12
      vertex 85.6674 67.4315 0
      vertex 85.881 67.4828 0
    endloop
  endfacet
  facet normal -0.38274 0.923856 0
    outer loop
      vertex 86.7356 64.8526 0
      vertex 86.5326 64.7685 12
      vertex 86.7356 64.8526 12
    endloop
  endfacet
  facet normal -0.38274 0.923856 0
    outer loop
      vertex 86.5326 64.7685 12
      vertex 86.7356 64.8526 0
      vertex 86.5326 64.7685 0
    endloop
  endfacet
  facet normal 0.760252 0.649628 0
    outer loop
      vertex 85.1101 65.1101 12
      vertex 84.9674 65.2771 0
      vertex 84.9674 65.2771 12
    endloop
  endfacet
  facet normal 0.760252 0.649628 0
    outer loop
      vertex 84.9674 65.2771 0
      vertex 85.1101 65.1101 12
      vertex 85.1101 65.1101 0
    endloop
  endfacet
  facet normal -0.99693 0.0782977 0
    outer loop
      vertex 87.4828 65.881 0
      vertex 87.5 66.1 12
      vertex 87.5 66.1 0
    endloop
  endfacet
  facet normal -0.99693 0.0782977 0
    outer loop
      vertex 87.5 66.1 12
      vertex 87.4828 65.881 0
      vertex 87.4828 65.881 12
    endloop
  endfacet
  facet normal 0.852595 -0.522573 0
    outer loop
      vertex 84.8526 66.7356 12
      vertex 84.9674 66.9229 0
      vertex 84.9674 66.9229 12
    endloop
  endfacet
  facet normal 0.852595 -0.522573 0
    outer loop
      vertex 84.9674 66.9229 0
      vertex 84.8526 66.7356 12
      vertex 84.8526 66.7356 0
    endloop
  endfacet
  facet normal -0.97235 0.233528 0
    outer loop
      vertex 87.4315 65.6674 0
      vertex 87.4828 65.881 12
      vertex 87.4828 65.881 0
    endloop
  endfacet
  facet normal -0.97235 0.233528 0
    outer loop
      vertex 87.4828 65.881 12
      vertex 87.4315 65.6674 0
      vertex 87.4315 65.6674 12
    endloop
  endfacet
  facet normal 0.522573 0.852595 -0
    outer loop
      vertex 85.4644 64.8526 0
      vertex 85.2771 64.9674 12
      vertex 85.4644 64.8526 12
    endloop
  endfacet
  facet normal 0.522573 0.852595 0
    outer loop
      vertex 85.2771 64.9674 12
      vertex 85.4644 64.8526 0
      vertex 85.2771 64.9674 0
    endloop
  endfacet
  facet normal -0.923856 0.38274 0
    outer loop
      vertex 87.3474 65.4644 0
      vertex 87.4315 65.6674 12
      vertex 87.4315 65.6674 0
    endloop
  endfacet
  facet normal -0.923856 0.38274 0
    outer loop
      vertex 87.4315 65.6674 12
      vertex 87.3474 65.4644 0
      vertex 87.3474 65.4644 12
    endloop
  endfacet
  facet normal -0.0782977 -0.99693 0
    outer loop
      vertex 86.1 67.5 0
      vertex 86.319 67.4828 12
      vertex 86.1 67.5 12
    endloop
  endfacet
  facet normal -0.0782977 -0.99693 -0
    outer loop
      vertex 86.319 67.4828 12
      vertex 86.1 67.5 0
      vertex 86.319 67.4828 0
    endloop
  endfacet
  facet normal 0.38274 0.923856 -0
    outer loop
      vertex 85.6674 64.7685 0
      vertex 85.4644 64.8526 12
      vertex 85.6674 64.7685 12
    endloop
  endfacet
  facet normal 0.38274 0.923856 0
    outer loop
      vertex 85.4644 64.8526 12
      vertex 85.6674 64.7685 0
      vertex 85.4644 64.8526 0
    endloop
  endfacet
  facet normal 0.522573 -0.852595 0
    outer loop
      vertex 85.2771 67.2326 0
      vertex 85.4644 67.3474 12
      vertex 85.2771 67.2326 12
    endloop
  endfacet
  facet normal 0.522573 -0.852595 0
    outer loop
      vertex 85.4644 67.3474 12
      vertex 85.2771 67.2326 0
      vertex 85.4644 67.3474 0
    endloop
  endfacet
  facet normal 0.923856 -0.38274 0
    outer loop
      vertex 84.7685 66.5326 12
      vertex 84.8526 66.7356 0
      vertex 84.8526 66.7356 12
    endloop
  endfacet
  facet normal 0.923856 -0.38274 0
    outer loop
      vertex 84.8526 66.7356 0
      vertex 84.7685 66.5326 12
      vertex 84.7685 66.5326 0
    endloop
  endfacet
  facet normal 0.0782977 0.99693 -0
    outer loop
      vertex 86.1 64.7 0
      vertex 85.881 64.7172 12
      vertex 86.1 64.7 12
    endloop
  endfacet
  facet normal 0.0782977 0.99693 0
    outer loop
      vertex 85.881 64.7172 12
      vertex 86.1 64.7 0
      vertex 85.881 64.7172 0
    endloop
  endfacet
  facet normal -0.522573 0.852595 0
    outer loop
      vertex 86.9229 64.9674 0
      vertex 86.7356 64.8526 12
      vertex 86.9229 64.9674 12
    endloop
  endfacet
  facet normal -0.522573 0.852595 0
    outer loop
      vertex 86.7356 64.8526 12
      vertex 86.9229 64.9674 0
      vertex 86.7356 64.8526 0
    endloop
  endfacet
  facet normal -0.649434 -0.760418 0
    outer loop
      vertex 3.6019 63.8019 0
      vertex 3.9897 63.4707 12
      vertex 3.6019 63.8019 12
    endloop
  endfacet
  facet normal -0.649434 -0.760418 -0
    outer loop
      vertex 3.9897 63.4707 12
      vertex 3.6019 63.8019 0
      vertex 3.9897 63.4707 0
    endloop
  endfacet
  facet normal 0.972368 0.233455 0
    outer loop
      vertex 9.10999 66.6084 12
      vertex 8.99093 67.1043 0
      vertex 8.99093 67.1043 12
    endloop
  endfacet
  facet normal 0.972368 0.233455 0
    outer loop
      vertex 8.99093 67.1043 0
      vertex 9.10999 66.6084 12
      vertex 9.10999 66.6084 0
    endloop
  endfacet
  facet normal 0.996918 0.0784553 0
    outer loop
      vertex 9.15 66.1 12
      vertex 9.10999 66.6084 0
      vertex 9.10999 66.6084 12
    endloop
  endfacet
  facet normal 0.996918 0.0784553 0
    outer loop
      vertex 9.10999 66.6084 0
      vertex 9.15 66.1 12
      vertex 9.15 66.1 0
    endloop
  endfacet
  facet normal 0.923892 0.382654 0
    outer loop
      vertex 8.99093 67.1043 12
      vertex 8.79577 67.5755 0
      vertex 8.79577 67.5755 12
    endloop
  endfacet
  facet normal 0.923892 0.382654 0
    outer loop
      vertex 8.79577 67.5755 0
      vertex 8.99093 67.1043 12
      vertex 8.99093 67.1043 0
    endloop
  endfacet
  facet normal 0.233533 0.972349 -0
    outer loop
      vertex 6.9043 69.1909 0
      vertex 6.40841 69.31 12
      vertex 6.9043 69.1909 12
    endloop
  endfacet
  facet normal 0.233533 0.972349 0
    outer loop
      vertex 6.40841 69.31 12
      vertex 6.9043 69.1909 0
      vertex 6.40841 69.31 0
    endloop
  endfacet
  facet normal 0.760418 0.649434 0
    outer loop
      vertex 8.5293 68.0103 12
      vertex 8.1981 68.3981 0
      vertex 8.1981 68.3981 12
    endloop
  endfacet
  facet normal 0.760418 0.649434 0
    outer loop
      vertex 8.1981 68.3981 0
      vertex 8.5293 68.0103 12
      vertex 8.5293 68.0103 0
    endloop
  endfacet
  facet normal -0.382575 -0.923925 0
    outer loop
      vertex 4.42453 63.2042 0
      vertex 4.8957 63.0091 12
      vertex 4.42453 63.2042 12
    endloop
  endfacet
  facet normal -0.382575 -0.923925 -0
    outer loop
      vertex 4.8957 63.0091 12
      vertex 4.42453 63.2042 0
      vertex 4.8957 63.0091 0
    endloop
  endfacet
  facet normal -0.649434 0.760418 0
    outer loop
      vertex 3.9897 68.7293 0
      vertex 3.6019 68.3981 12
      vertex 3.9897 68.7293 12
    endloop
  endfacet
  facet normal -0.649434 0.760418 0
    outer loop
      vertex 3.6019 68.3981 12
      vertex 3.9897 68.7293 0
      vertex 3.6019 68.3981 0
    endloop
  endfacet
  facet normal 0.382575 -0.923925 0
    outer loop
      vertex 6.9043 63.0091 0
      vertex 7.37547 63.2042 12
      vertex 6.9043 63.0091 12
    endloop
  endfacet
  facet normal 0.382575 -0.923925 0
    outer loop
      vertex 7.37547 63.2042 12
      vertex 6.9043 63.0091 0
      vertex 7.37547 63.2042 0
    endloop
  endfacet
  facet normal -0.996918 0.0784553 0
    outer loop
      vertex 2.65 66.1 0
      vertex 2.69001 66.6084 12
      vertex 2.69001 66.6084 0
    endloop
  endfacet
  facet normal -0.996918 0.0784553 0
    outer loop
      vertex 2.69001 66.6084 12
      vertex 2.65 66.1 0
      vertex 2.65 66.1 12
    endloop
  endfacet
  facet normal -0.996918 -0.0784553 0
    outer loop
      vertex 2.69001 65.5916 0
      vertex 2.65 66.1 12
      vertex 2.65 66.1 0
    endloop
  endfacet
  facet normal -0.996918 -0.0784553 0
    outer loop
      vertex 2.65 66.1 12
      vertex 2.69001 65.5916 0
      vertex 2.69001 65.5916 12
    endloop
  endfacet
  facet normal 0.233533 -0.972349 0
    outer loop
      vertex 6.40841 62.89 0
      vertex 6.9043 63.0091 12
      vertex 6.40841 62.89 12
    endloop
  endfacet
  facet normal 0.233533 -0.972349 0
    outer loop
      vertex 6.9043 63.0091 12
      vertex 6.40841 62.89 0
      vertex 6.9043 63.0091 0
    endloop
  endfacet
  facet normal -0.382575 0.923925 0
    outer loop
      vertex 4.8957 69.1909 0
      vertex 4.42453 68.9958 12
      vertex 4.8957 69.1909 12
    endloop
  endfacet
  facet normal -0.382575 0.923925 0
    outer loop
      vertex 4.42453 68.9958 12
      vertex 4.8957 69.1909 0
      vertex 4.42453 68.9958 0
    endloop
  endfacet
  facet normal 0.760418 -0.649434 0
    outer loop
      vertex 8.1981 63.8019 12
      vertex 8.5293 64.1897 0
      vertex 8.5293 64.1897 12
    endloop
  endfacet
  facet normal 0.760418 -0.649434 0
    outer loop
      vertex 8.5293 64.1897 0
      vertex 8.1981 63.8019 12
      vertex 8.1981 63.8019 0
    endloop
  endfacet
  facet normal -0.852619 0.522533 0
    outer loop
      vertex 3.00423 67.5755 0
      vertex 3.2707 68.0103 12
      vertex 3.2707 68.0103 0
    endloop
  endfacet
  facet normal -0.852619 0.522533 0
    outer loop
      vertex 3.2707 68.0103 12
      vertex 3.00423 67.5755 0
      vertex 3.00423 67.5755 12
    endloop
  endfacet
  facet normal 0.0784343 -0.996919 0
    outer loop
      vertex 5.9 62.85 0
      vertex 6.40841 62.89 12
      vertex 5.9 62.85 12
    endloop
  endfacet
  facet normal 0.0784343 -0.996919 0
    outer loop
      vertex 6.40841 62.89 12
      vertex 5.9 62.85 0
      vertex 6.40841 62.89 0
    endloop
  endfacet
  facet normal -0.972368 -0.233455 0
    outer loop
      vertex 2.80907 65.0957 0
      vertex 2.69001 65.5916 12
      vertex 2.69001 65.5916 0
    endloop
  endfacet
  facet normal -0.972368 -0.233455 0
    outer loop
      vertex 2.69001 65.5916 12
      vertex 2.80907 65.0957 0
      vertex 2.80907 65.0957 12
    endloop
  endfacet
  facet normal -0.52255 0.852609 0
    outer loop
      vertex 4.42453 68.9958 0
      vertex 3.9897 68.7293 12
      vertex 4.42453 68.9958 12
    endloop
  endfacet
  facet normal -0.52255 0.852609 0
    outer loop
      vertex 3.9897 68.7293 12
      vertex 4.42453 68.9958 0
      vertex 3.9897 68.7293 0
    endloop
  endfacet
  facet normal 0.649434 -0.760418 0
    outer loop
      vertex 7.8103 63.4707 0
      vertex 8.1981 63.8019 12
      vertex 7.8103 63.4707 12
    endloop
  endfacet
  facet normal 0.649434 -0.760418 0
    outer loop
      vertex 8.1981 63.8019 12
      vertex 7.8103 63.4707 0
      vertex 8.1981 63.8019 0
    endloop
  endfacet
  facet normal 0.52255 0.852609 -0
    outer loop
      vertex 7.8103 68.7293 0
      vertex 7.37547 68.9958 12
      vertex 7.8103 68.7293 12
    endloop
  endfacet
  facet normal 0.52255 0.852609 0
    outer loop
      vertex 7.37547 68.9958 12
      vertex 7.8103 68.7293 0
      vertex 7.37547 68.9958 0
    endloop
  endfacet
  facet normal 0.382575 0.923925 -0
    outer loop
      vertex 7.37547 68.9958 0
      vertex 6.9043 69.1909 12
      vertex 7.37547 68.9958 12
    endloop
  endfacet
  facet normal 0.382575 0.923925 0
    outer loop
      vertex 6.9043 69.1909 12
      vertex 7.37547 68.9958 0
      vertex 6.9043 69.1909 0
    endloop
  endfacet
  facet normal 0.852619 0.522533 0
    outer loop
      vertex 8.79577 67.5755 12
      vertex 8.5293 68.0103 0
      vertex 8.5293 68.0103 12
    endloop
  endfacet
  facet normal 0.852619 0.522533 0
    outer loop
      vertex 8.5293 68.0103 0
      vertex 8.79577 67.5755 12
      vertex 8.79577 67.5755 0
    endloop
  endfacet
  facet normal -0.923892 -0.382654 0
    outer loop
      vertex 3.00423 64.6245 0
      vertex 2.80907 65.0957 12
      vertex 2.80907 65.0957 0
    endloop
  endfacet
  facet normal -0.923892 -0.382654 0
    outer loop
      vertex 2.80907 65.0957 12
      vertex 3.00423 64.6245 0
      vertex 3.00423 64.6245 12
    endloop
  endfacet
  facet normal 0.649434 0.760418 -0
    outer loop
      vertex 8.1981 68.3981 0
      vertex 7.8103 68.7293 12
      vertex 8.1981 68.3981 12
    endloop
  endfacet
  facet normal 0.649434 0.760418 0
    outer loop
      vertex 7.8103 68.7293 12
      vertex 8.1981 68.3981 0
      vertex 7.8103 68.7293 0
    endloop
  endfacet
  facet normal 0.996918 -0.0784553 0
    outer loop
      vertex 9.10999 65.5916 12
      vertex 9.15 66.1 0
      vertex 9.15 66.1 12
    endloop
  endfacet
  facet normal 0.996918 -0.0784553 0
    outer loop
      vertex 9.15 66.1 0
      vertex 9.10999 65.5916 12
      vertex 9.10999 65.5916 0
    endloop
  endfacet
  facet normal 0.972368 -0.233455 0
    outer loop
      vertex 8.99093 65.0957 12
      vertex 9.10999 65.5916 0
      vertex 9.10999 65.5916 12
    endloop
  endfacet
  facet normal 0.972368 -0.233455 0
    outer loop
      vertex 9.10999 65.5916 0
      vertex 8.99093 65.0957 12
      vertex 8.99093 65.0957 0
    endloop
  endfacet
  facet normal 0 0 -1
    outer loop
      vertex 7.3 66.1 0
      vertex 9.15 66.1 0
      vertex 9.10999 65.5916 0
    endloop
  endfacet
  facet normal 0 0 -1
    outer loop
      vertex 7.28276 65.881 0
      vertex 9.10999 65.5916 0
      vertex 8.99093 65.0957 0
    endloop
  endfacet
  facet normal 0 0 -1
    outer loop
      vertex 9.15 66.1 0
      vertex 7.3 66.1 0
      vertex 9.10999 66.6084 0
    endloop
  endfacet
  facet normal 0 0 -1
    outer loop
      vertex 7.23148 65.6674 0
      vertex 8.99093 65.0957 0
      vertex 8.79577 64.6245 0
    endloop
  endfacet
  facet normal 0 0 -1
    outer loop
      vertex 7.28276 66.319 0
      vertex 9.10999 66.6084 0
      vertex 7.3 66.1 0
    endloop
  endfacet
  facet normal 0 0 -1
    outer loop
      vertex 7.14741 65.4644 0
      vertex 8.79577 64.6245 0
      vertex 8.5293 64.1897 0
    endloop
  endfacet
  facet normal -0 0 -1
    outer loop
      vertex 9.10999 66.6084 0
      vertex 7.28276 66.319 0
      vertex 8.99093 67.1043 0
    endloop
  endfacet
  facet normal 0 0 -1
    outer loop
      vertex 7.03262 65.2771 0
      vertex 8.5293 64.1897 0
      vertex 8.1981 63.8019 0
    endloop
  endfacet
  facet normal 0 0 -1
    outer loop
      vertex 7.23148 66.5326 0
      vertex 8.99093 67.1043 0
      vertex 7.28276 66.319 0
    endloop
  endfacet
  facet normal 0 0 -1
    outer loop
      vertex 6.88995 65.1101 0
      vertex 8.1981 63.8019 0
      vertex 7.8103 63.4707 0
    endloop
  endfacet
  facet normal -0 0 -1
    outer loop
      vertex 8.99093 67.1043 0
      vertex 7.23148 66.5326 0
      vertex 8.79577 67.5755 0
    endloop
  endfacet
  facet normal 0 0 -1
    outer loop
      vertex 6.7229 64.9674 0
      vertex 7.8103 63.4707 0
      vertex 7.37547 63.2042 0
    endloop
  endfacet
  facet normal 0 0 -1
    outer loop
      vertex 7.14741 66.7356 0
      vertex 8.79577 67.5755 0
      vertex 7.23148 66.5326 0
    endloop
  endfacet
  facet normal -0 0 -1
    outer loop
      vertex 8.79577 67.5755 0
      vertex 7.14741 66.7356 0
      vertex 8.5293 68.0103 0
    endloop
  endfacet
  facet normal 0 0 -1
    outer loop
      vertex 9.10999 65.5916 0
      vertex 7.28276 65.881 0
      vertex 7.3 66.1 0
    endloop
  endfacet
  facet normal 0 0 -1
    outer loop
      vertex 8.99093 65.0957 0
      vertex 7.23148 65.6674 0
      vertex 7.28276 65.881 0
    endloop
  endfacet
  facet normal 0 0 -1
    outer loop
      vertex 8.79577 64.6245 0
      vertex 7.14741 65.4644 0
      vertex 7.23148 65.6674 0
    endloop
  endfacet
  facet normal 0 0 -1
    outer loop
      vertex 8.5293 64.1897 0
      vertex 7.03262 65.2771 0
      vertex 7.14741 65.4644 0
    endloop
  endfacet
  facet normal 0 0 -1
    outer loop
      vertex 6.53559 64.8526 0
      vertex 7.37547 63.2042 0
      vertex 6.9043 63.0091 0
    endloop
  endfacet
  facet normal 0 0 -1
    outer loop
      vertex 8.1981 63.8019 0
      vertex 6.88995 65.1101 0
      vertex 7.03262 65.2771 0
    endloop
  endfacet
  facet normal 0 0 -1
    outer loop
      vertex 7.8103 63.4707 0
      vertex 6.7229 64.9674 0
      vertex 6.88995 65.1101 0
    endloop
  endfacet
  facet normal 0 0 -1
    outer loop
      vertex 7.37547 63.2042 0
      vertex 6.53559 64.8526 0
      vertex 6.7229 64.9674 0
    endloop
  endfacet
  facet normal 0 0 -1
    outer loop
      vertex 6.33262 64.7685 0
      vertex 6.9043 63.0091 0
      vertex 6.40841 62.89 0
    endloop
  endfacet
  facet normal 0 0 -1
    outer loop
      vertex 6.9043 63.0091 0
      vertex 6.33262 64.7685 0
      vertex 6.53559 64.8526 0
    endloop
  endfacet
  facet normal 0 0 -1
    outer loop
      vertex 6.40841 62.89 0
      vertex 6.11901 64.7172 0
      vertex 6.33262 64.7685 0
    endloop
  endfacet
  facet normal 0 0 -1
    outer loop
      vertex 5.9 62.85 0
      vertex 6.11901 64.7172 0
      vertex 6.40841 62.89 0
    endloop
  endfacet
  facet normal 0 0 -1
    outer loop
      vertex 5.9 62.85 0
      vertex 5.9 64.7 0
      vertex 6.11901 64.7172 0
    endloop
  endfacet
  facet normal 0 0 -1
    outer loop
      vertex 5.9 62.85 0
      vertex 5.68099 64.7172 0
      vertex 5.9 64.7 0
    endloop
  endfacet
  facet normal 0 0 -1
    outer loop
      vertex 5.39159 62.89 0
      vertex 5.68099 64.7172 0
      vertex 5.9 62.85 0
    endloop
  endfacet
  facet normal -0 0 -1
    outer loop
      vertex 5.68099 64.7172 0
      vertex 5.39159 62.89 0
      vertex 5.46738 64.7685 0
    endloop
  endfacet
  facet normal 0 0 -1
    outer loop
      vertex 4.8957 63.0091 0
      vertex 5.46738 64.7685 0
      vertex 5.39159 62.89 0
    endloop
  endfacet
  facet normal -0 0 -1
    outer loop
      vertex 5.46738 64.7685 0
      vertex 4.8957 63.0091 0
      vertex 5.26441 64.8526 0
    endloop
  endfacet
  facet normal 0 0 -1
    outer loop
      vertex 4.42453 63.2042 0
      vertex 5.26441 64.8526 0
      vertex 4.8957 63.0091 0
    endloop
  endfacet
  facet normal -0 0 -1
    outer loop
      vertex 5.26441 64.8526 0
      vertex 4.42453 63.2042 0
      vertex 5.0771 64.9674 0
    endloop
  endfacet
  facet normal 0 0 -1
    outer loop
      vertex 3.9897 63.4707 0
      vertex 5.0771 64.9674 0
      vertex 4.42453 63.2042 0
    endloop
  endfacet
  facet normal -0 0 -1
    outer loop
      vertex 5.0771 64.9674 0
      vertex 3.9897 63.4707 0
      vertex 4.91005 65.1101 0
    endloop
  endfacet
  facet normal 0 0 -1
    outer loop
      vertex 3.6019 63.8019 0
      vertex 4.91005 65.1101 0
      vertex 3.9897 63.4707 0
    endloop
  endfacet
  facet normal -0 0 -1
    outer loop
      vertex 4.91005 65.1101 0
      vertex 3.6019 63.8019 0
      vertex 4.76738 65.2771 0
    endloop
  endfacet
  facet normal -0 0 -1
    outer loop
      vertex 4.76738 65.2771 0
      vertex 3.2707 64.1897 0
      vertex 4.65259 65.4644 0
    endloop
  endfacet
  facet normal 0 0 -1
    outer loop
      vertex 3.2707 64.1897 0
      vertex 4.76738 65.2771 0
      vertex 3.6019 63.8019 0
    endloop
  endfacet
  facet normal 0 0 -1
    outer loop
      vertex 7.03262 66.9229 0
      vertex 8.5293 68.0103 0
      vertex 7.14741 66.7356 0
    endloop
  endfacet
  facet normal -0 0 -1
    outer loop
      vertex 8.5293 68.0103 0
      vertex 7.03262 66.9229 0
      vertex 8.1981 68.3981 0
    endloop
  endfacet
  facet normal 0 0 -1
    outer loop
      vertex 6.88995 67.09 0
      vertex 8.1981 68.3981 0
      vertex 7.03262 66.9229 0
    endloop
  endfacet
  facet normal -0 0 -1
    outer loop
      vertex 8.1981 68.3981 0
      vertex 6.88995 67.09 0
      vertex 7.8103 68.7293 0
    endloop
  endfacet
  facet normal 0 0 -1
    outer loop
      vertex 6.7229 67.2326 0
      vertex 7.8103 68.7293 0
      vertex 6.88995 67.09 0
    endloop
  endfacet
  facet normal -0 0 -1
    outer loop
      vertex 7.8103 68.7293 0
      vertex 6.7229 67.2326 0
      vertex 7.37547 68.9958 0
    endloop
  endfacet
  facet normal 0 0 -1
    outer loop
      vertex 6.53559 67.3474 0
      vertex 7.37547 68.9958 0
      vertex 6.7229 67.2326 0
    endloop
  endfacet
  facet normal -0 0 -1
    outer loop
      vertex 7.37547 68.9958 0
      vertex 6.53559 67.3474 0
      vertex 6.9043 69.1909 0
    endloop
  endfacet
  facet normal 0 0 -1
    outer loop
      vertex 6.33262 67.4315 0
      vertex 6.9043 69.1909 0
      vertex 6.53559 67.3474 0
    endloop
  endfacet
  facet normal -0 0 -1
    outer loop
      vertex 6.9043 69.1909 0
      vertex 6.33262 67.4315 0
      vertex 6.40841 69.31 0
    endloop
  endfacet
  facet normal 0 0 -1
    outer loop
      vertex 6.11901 67.4828 0
      vertex 6.40841 69.31 0
      vertex 6.33262 67.4315 0
    endloop
  endfacet
  facet normal 0 0 -1
    outer loop
      vertex 5.9 67.5 0
      vertex 6.40841 69.31 0
      vertex 6.11901 67.4828 0
    endloop
  endfacet
  facet normal 0 0 -1
    outer loop
      vertex 5.9 67.5 0
      vertex 5.9 69.35 0
      vertex 6.40841 69.31 0
    endloop
  endfacet
  facet normal 0 0 -1
    outer loop
      vertex 5.68099 67.4828 0
      vertex 5.9 69.35 0
      vertex 5.9 67.5 0
    endloop
  endfacet
  facet normal 0 0 -1
    outer loop
      vertex 5.39159 69.31 0
      vertex 5.68099 67.4828 0
      vertex 5.46738 67.4315 0
    endloop
  endfacet
  facet normal 0 0 -1
    outer loop
      vertex 5.68099 67.4828 0
      vertex 5.39159 69.31 0
      vertex 5.9 69.35 0
    endloop
  endfacet
  facet normal 0 0 -1
    outer loop
      vertex 4.8957 69.1909 0
      vertex 5.46738 67.4315 0
      vertex 5.26441 67.3474 0
    endloop
  endfacet
  facet normal 0 0 -1
    outer loop
      vertex 4.42453 68.9958 0
      vertex 5.26441 67.3474 0
      vertex 5.0771 67.2326 0
    endloop
  endfacet
  facet normal 0 0 -1
    outer loop
      vertex 3.9897 68.7293 0
      vertex 5.0771 67.2326 0
      vertex 4.91005 67.09 0
    endloop
  endfacet
  facet normal 0 0 -1
    outer loop
      vertex 5.46738 67.4315 0
      vertex 4.8957 69.1909 0
      vertex 5.39159 69.31 0
    endloop
  endfacet
  facet normal 0 0 -1
    outer loop
      vertex 3.6019 68.3981 0
      vertex 4.91005 67.09 0
      vertex 4.76738 66.9229 0
    endloop
  endfacet
  facet normal 0 0 -1
    outer loop
      vertex 3.2707 68.0103 0
      vertex 4.76738 66.9229 0
      vertex 4.65259 66.7356 0
    endloop
  endfacet
  facet normal 0 0 -1
    outer loop
      vertex 3.00423 67.5755 0
      vertex 4.65259 66.7356 0
      vertex 4.56852 66.5326 0
    endloop
  endfacet
  facet normal 0 0 -1
    outer loop
      vertex 2.80907 67.1043 0
      vertex 4.56852 66.5326 0
      vertex 4.51724 66.319 0
    endloop
  endfacet
  facet normal 0 0 -1
    outer loop
      vertex 5.26441 67.3474 0
      vertex 4.42453 68.9958 0
      vertex 4.8957 69.1909 0
    endloop
  endfacet
  facet normal 0 0 -1
    outer loop
      vertex 2.69001 66.6084 0
      vertex 4.51724 66.319 0
      vertex 4.5 66.1 0
    endloop
  endfacet
  facet normal 0 0 -1
    outer loop
      vertex 3.00423 64.6245 0
      vertex 4.65259 65.4644 0
      vertex 3.2707 64.1897 0
    endloop
  endfacet
  facet normal -0 0 -1
    outer loop
      vertex 4.65259 65.4644 0
      vertex 3.00423 64.6245 0
      vertex 4.56852 65.6674 0
    endloop
  endfacet
  facet normal 0 0 -1
    outer loop
      vertex 5.0771 67.2326 0
      vertex 3.9897 68.7293 0
      vertex 4.42453 68.9958 0
    endloop
  endfacet
  facet normal 0 0 -1
    outer loop
      vertex 2.80907 65.0957 0
      vertex 4.56852 65.6674 0
      vertex 3.00423 64.6245 0
    endloop
  endfacet
  facet normal 0 0 -1
    outer loop
      vertex 4.91005 67.09 0
      vertex 3.6019 68.3981 0
      vertex 3.9897 68.7293 0
    endloop
  endfacet
  facet normal -0 0 -1
    outer loop
      vertex 4.56852 65.6674 0
      vertex 2.80907 65.0957 0
      vertex 4.51724 65.881 0
    endloop
  endfacet
  facet normal 0 0 -1
    outer loop
      vertex 4.76738 66.9229 0
      vertex 3.2707 68.0103 0
      vertex 3.6019 68.3981 0
    endloop
  endfacet
  facet normal 0 0 -1
    outer loop
      vertex 2.69001 65.5916 0
      vertex 4.51724 65.881 0
      vertex 2.80907 65.0957 0
    endloop
  endfacet
  facet normal 0 0 -1
    outer loop
      vertex 4.65259 66.7356 0
      vertex 3.00423 67.5755 0
      vertex 3.2707 68.0103 0
    endloop
  endfacet
  facet normal -0 0 -1
    outer loop
      vertex 4.51724 65.881 0
      vertex 2.69001 65.5916 0
      vertex 4.5 66.1 0
    endloop
  endfacet
  facet normal 0 0 -1
    outer loop
      vertex 4.56852 66.5326 0
      vertex 2.80907 67.1043 0
      vertex 3.00423 67.5755 0
    endloop
  endfacet
  facet normal 0 0 -1
    outer loop
      vertex 2.65 66.1 0
      vertex 4.5 66.1 0
      vertex 2.69001 65.5916 0
    endloop
  endfacet
  facet normal 0 0 -1
    outer loop
      vertex 4.51724 66.319 0
      vertex 2.69001 66.6084 0
      vertex 2.80907 67.1043 0
    endloop
  endfacet
  facet normal 0 0 -1
    outer loop
      vertex 4.5 66.1 0
      vertex 2.65 66.1 0
      vertex 2.69001 66.6084 0
    endloop
  endfacet
  facet normal -0.0784343 0.996919 0
    outer loop
      vertex 5.9 69.35 0
      vertex 5.39159 69.31 12
      vertex 5.9 69.35 12
    endloop
  endfacet
  facet normal -0.0784343 0.996919 0
    outer loop
      vertex 5.39159 69.31 12
      vertex 5.9 69.35 0
      vertex 5.39159 69.31 0
    endloop
  endfacet
  facet normal -0.852619 -0.522533 0
    outer loop
      vertex 3.2707 64.1897 0
      vertex 3.00423 64.6245 12
      vertex 3.00423 64.6245 0
    endloop
  endfacet
  facet normal -0.852619 -0.522533 0
    outer loop
      vertex 3.00423 64.6245 12
      vertex 3.2707 64.1897 0
      vertex 3.2707 64.1897 12
    endloop
  endfacet
  facet normal -0.923892 0.382654 0
    outer loop
      vertex 2.80907 67.1043 0
      vertex 3.00423 67.5755 12
      vertex 3.00423 67.5755 0
    endloop
  endfacet
  facet normal -0.923892 0.382654 0
    outer loop
      vertex 3.00423 67.5755 12
      vertex 2.80907 67.1043 0
      vertex 2.80907 67.1043 12
    endloop
  endfacet
  facet normal 0.923892 -0.382654 0
    outer loop
      vertex 8.79577 64.6245 12
      vertex 8.99093 65.0957 0
      vertex 8.99093 65.0957 12
    endloop
  endfacet
  facet normal 0.923892 -0.382654 0
    outer loop
      vertex 8.99093 65.0957 0
      vertex 8.79577 64.6245 12
      vertex 8.79577 64.6245 0
    endloop
  endfacet
  facet normal -0.760418 -0.649434 0
    outer loop
      vertex 3.6019 63.8019 0
      vertex 3.2707 64.1897 12
      vertex 3.2707 64.1897 0
    endloop
  endfacet
  facet normal -0.760418 -0.649434 0
    outer loop
      vertex 3.2707 64.1897 12
      vertex 3.6019 63.8019 0
      vertex 3.6019 63.8019 12
    endloop
  endfacet
  facet normal 0.52255 -0.852609 0
    outer loop
      vertex 7.37547 63.2042 0
      vertex 7.8103 63.4707 12
      vertex 7.37547 63.2042 12
    endloop
  endfacet
  facet normal 0.52255 -0.852609 0
    outer loop
      vertex 7.8103 63.4707 12
      vertex 7.37547 63.2042 0
      vertex 7.8103 63.4707 0
    endloop
  endfacet
  facet normal 0 0 1
    outer loop
      vertex 7.3 66.1 12
      vertex 9.15 66.1 12
      vertex 9.10999 66.6084 12
    endloop
  endfacet
  facet normal 0 0 1
    outer loop
      vertex 7.28276 66.319 12
      vertex 9.10999 66.6084 12
      vertex 8.99093 67.1043 12
    endloop
  endfacet
  facet normal 0 0 1
    outer loop
      vertex 9.15 66.1 12
      vertex 7.3 66.1 12
      vertex 9.10999 65.5916 12
    endloop
  endfacet
  facet normal 0 0 1
    outer loop
      vertex 7.23148 66.5326 12
      vertex 8.99093 67.1043 12
      vertex 8.79577 67.5755 12
    endloop
  endfacet
  facet normal -0 0 1
    outer loop
      vertex 7.28276 65.881 12
      vertex 9.10999 65.5916 12
      vertex 7.3 66.1 12
    endloop
  endfacet
  facet normal 0 0 1
    outer loop
      vertex 7.14741 66.7356 12
      vertex 8.79577 67.5755 12
      vertex 8.5293 68.0103 12
    endloop
  endfacet
  facet normal 0 0 1
    outer loop
      vertex 9.10999 65.5916 12
      vertex 7.28276 65.881 12
      vertex 8.99093 65.0957 12
    endloop
  endfacet
  facet normal 0 0 1
    outer loop
      vertex 7.03262 66.9229 12
      vertex 8.5293 68.0103 12
      vertex 8.1981 68.3981 12
    endloop
  endfacet
  facet normal -0 0 1
    outer loop
      vertex 7.23148 65.6674 12
      vertex 8.99093 65.0957 12
      vertex 7.28276 65.881 12
    endloop
  endfacet
  facet normal 0 0 1
    outer loop
      vertex 6.88995 67.09 12
      vertex 8.1981 68.3981 12
      vertex 7.8103 68.7293 12
    endloop
  endfacet
  facet normal 0 0 1
    outer loop
      vertex 8.99093 65.0957 12
      vertex 7.23148 65.6674 12
      vertex 8.79577 64.6245 12
    endloop
  endfacet
  facet normal 0 0 1
    outer loop
      vertex 6.7229 67.2326 12
      vertex 7.8103 68.7293 12
      vertex 7.37547 68.9958 12
    endloop
  endfacet
  facet normal -0 0 1
    outer loop
      vertex 7.14741 65.4644 12
      vertex 8.79577 64.6245 12
      vertex 7.23148 65.6674 12
    endloop
  endfacet
  facet normal 0 0 1
    outer loop
      vertex 8.79577 64.6245 12
      vertex 7.14741 65.4644 12
      vertex 8.5293 64.1897 12
    endloop
  endfacet
  facet normal 0 0 1
    outer loop
      vertex 9.10999 66.6084 12
      vertex 7.28276 66.319 12
      vertex 7.3 66.1 12
    endloop
  endfacet
  facet normal 0 0 1
    outer loop
      vertex 8.99093 67.1043 12
      vertex 7.23148 66.5326 12
      vertex 7.28276 66.319 12
    endloop
  endfacet
  facet normal 0 0 1
    outer loop
      vertex 8.79577 67.5755 12
      vertex 7.14741 66.7356 12
      vertex 7.23148 66.5326 12
    endloop
  endfacet
  facet normal 0 0 1
    outer loop
      vertex 8.5293 68.0103 12
      vertex 7.03262 66.9229 12
      vertex 7.14741 66.7356 12
    endloop
  endfacet
  facet normal 0 0 1
    outer loop
      vertex 6.53559 67.3474 12
      vertex 7.37547 68.9958 12
      vertex 6.9043 69.1909 12
    endloop
  endfacet
  facet normal 0 0 1
    outer loop
      vertex 8.1981 68.3981 12
      vertex 6.88995 67.09 12
      vertex 7.03262 66.9229 12
    endloop
  endfacet
  facet normal 0 0 1
    outer loop
      vertex 7.8103 68.7293 12
      vertex 6.7229 67.2326 12
      vertex 6.88995 67.09 12
    endloop
  endfacet
  facet normal 0 0 1
    outer loop
      vertex 7.37547 68.9958 12
      vertex 6.53559 67.3474 12
      vertex 6.7229 67.2326 12
    endloop
  endfacet
  facet normal 0 0 1
    outer loop
      vertex 6.33262 67.4315 12
      vertex 6.9043 69.1909 12
      vertex 6.40841 69.31 12
    endloop
  endfacet
  facet normal 0 0 1
    outer loop
      vertex 6.9043 69.1909 12
      vertex 6.33262 67.4315 12
      vertex 6.53559 67.3474 12
    endloop
  endfacet
  facet normal 0 0 1
    outer loop
      vertex 6.40841 69.31 12
      vertex 6.11901 67.4828 12
      vertex 6.33262 67.4315 12
    endloop
  endfacet
  facet normal 0 0 1
    outer loop
      vertex 5.9 69.35 12
      vertex 6.11901 67.4828 12
      vertex 6.40841 69.31 12
    endloop
  endfacet
  facet normal 0 0 1
    outer loop
      vertex 5.9 69.35 12
      vertex 5.9 67.5 12
      vertex 6.11901 67.4828 12
    endloop
  endfacet
  facet normal 0 0 1
    outer loop
      vertex 5.9 69.35 12
      vertex 5.68099 67.4828 12
      vertex 5.9 67.5 12
    endloop
  endfacet
  facet normal -0 0 1
    outer loop
      vertex 5.39159 69.31 12
      vertex 5.68099 67.4828 12
      vertex 5.9 69.35 12
    endloop
  endfacet
  facet normal 0 0 1
    outer loop
      vertex 5.68099 67.4828 12
      vertex 5.39159 69.31 12
      vertex 5.46738 67.4315 12
    endloop
  endfacet
  facet normal -0 0 1
    outer loop
      vertex 4.8957 69.1909 12
      vertex 5.46738 67.4315 12
      vertex 5.39159 69.31 12
    endloop
  endfacet
  facet normal 0 0 1
    outer loop
      vertex 5.46738 67.4315 12
      vertex 4.8957 69.1909 12
      vertex 5.26441 67.3474 12
    endloop
  endfacet
  facet normal -0 0 1
    outer loop
      vertex 4.42453 68.9958 12
      vertex 5.26441 67.3474 12
      vertex 4.8957 69.1909 12
    endloop
  endfacet
  facet normal 0 0 1
    outer loop
      vertex 5.26441 67.3474 12
      vertex 4.42453 68.9958 12
      vertex 5.0771 67.2326 12
    endloop
  endfacet
  facet normal -0 0 1
    outer loop
      vertex 3.9897 68.7293 12
      vertex 5.0771 67.2326 12
      vertex 4.42453 68.9958 12
    endloop
  endfacet
  facet normal 0 0 1
    outer loop
      vertex 5.0771 67.2326 12
      vertex 3.9897 68.7293 12
      vertex 4.91005 67.09 12
    endloop
  endfacet
  facet normal -0 0 1
    outer loop
      vertex 3.6019 68.3981 12
      vertex 4.91005 67.09 12
      vertex 3.9897 68.7293 12
    endloop
  endfacet
  facet normal 0 0 1
    outer loop
      vertex 4.91005 67.09 12
      vertex 3.6019 68.3981 12
      vertex 4.76738 66.9229 12
    endloop
  endfacet
  facet normal 0 0 1
    outer loop
      vertex 4.76738 66.9229 12
      vertex 3.2707 68.0103 12
      vertex 4.65259 66.7356 12
    endloop
  endfacet
  facet normal -0 0 1
    outer loop
      vertex 3.2707 68.0103 12
      vertex 4.76738 66.9229 12
      vertex 3.6019 68.3981 12
    endloop
  endfacet
  facet normal -0 0 1
    outer loop
      vertex 7.03262 65.2771 12
      vertex 8.5293 64.1897 12
      vertex 7.14741 65.4644 12
    endloop
  endfacet
  facet normal 0 0 1
    outer loop
      vertex 8.5293 64.1897 12
      vertex 7.03262 65.2771 12
      vertex 8.1981 63.8019 12
    endloop
  endfacet
  facet normal -0 0 1
    outer loop
      vertex 6.88995 65.1101 12
      vertex 8.1981 63.8019 12
      vertex 7.03262 65.2771 12
    endloop
  endfacet
  facet normal 0 0 1
    outer loop
      vertex 8.1981 63.8019 12
      vertex 6.88995 65.1101 12
      vertex 7.8103 63.4707 12
    endloop
  endfacet
  facet normal -0 0 1
    outer loop
      vertex 6.7229 64.9674 12
      vertex 7.8103 63.4707 12
      vertex 6.88995 65.1101 12
    endloop
  endfacet
  facet normal 0 0 1
    outer loop
      vertex 7.8103 63.4707 12
      vertex 6.7229 64.9674 12
      vertex 7.37547 63.2042 12
    endloop
  endfacet
  facet normal -0 0 1
    outer loop
      vertex 6.53559 64.8526 12
      vertex 7.37547 63.2042 12
      vertex 6.7229 64.9674 12
    endloop
  endfacet
  facet normal 0 0 1
    outer loop
      vertex 7.37547 63.2042 12
      vertex 6.53559 64.8526 12
      vertex 6.9043 63.0091 12
    endloop
  endfacet
  facet normal -0 0 1
    outer loop
      vertex 6.33262 64.7685 12
      vertex 6.9043 63.0091 12
      vertex 6.53559 64.8526 12
    endloop
  endfacet
  facet normal 0 0 1
    outer loop
      vertex 6.9043 63.0091 12
      vertex 6.33262 64.7685 12
      vertex 6.40841 62.89 12
    endloop
  endfacet
  facet normal -0 0 1
    outer loop
      vertex 6.11901 64.7172 12
      vertex 6.40841 62.89 12
      vertex 6.33262 64.7685 12
    endloop
  endfacet
  facet normal -0 0 1
    outer loop
      vertex 5.9 64.7 12
      vertex 6.40841 62.89 12
      vertex 6.11901 64.7172 12
    endloop
  endfacet
  facet normal 0 0 1
    outer loop
      vertex 5.9 64.7 12
      vertex 5.9 62.85 12
      vertex 6.40841 62.89 12
    endloop
  endfacet
  facet normal 0 0 1
    outer loop
      vertex 5.68099 64.7172 12
      vertex 5.9 62.85 12
      vertex 5.9 64.7 12
    endloop
  endfacet
  facet normal 0 0 1
    outer loop
      vertex 5.39159 62.89 12
      vertex 5.68099 64.7172 12
      vertex 5.46738 64.7685 12
    endloop
  endfacet
  facet normal 0 0 1
    outer loop
      vertex 5.68099 64.7172 12
      vertex 5.39159 62.89 12
      vertex 5.9 62.85 12
    endloop
  endfacet
  facet normal 0 0 1
    outer loop
      vertex 4.8957 63.0091 12
      vertex 5.46738 64.7685 12
      vertex 5.26441 64.8526 12
    endloop
  endfacet
  facet normal 0 0 1
    outer loop
      vertex 4.42453 63.2042 12
      vertex 5.26441 64.8526 12
      vertex 5.0771 64.9674 12
    endloop
  endfacet
  facet normal 0 0 1
    outer loop
      vertex 3.9897 63.4707 12
      vertex 5.0771 64.9674 12
      vertex 4.91005 65.1101 12
    endloop
  endfacet
  facet normal 0 0 1
    outer loop
      vertex 5.46738 64.7685 12
      vertex 4.8957 63.0091 12
      vertex 5.39159 62.89 12
    endloop
  endfacet
  facet normal 0 0 1
    outer loop
      vertex 3.6019 63.8019 12
      vertex 4.91005 65.1101 12
      vertex 4.76738 65.2771 12
    endloop
  endfacet
  facet normal 0 0 1
    outer loop
      vertex 3.2707 64.1897 12
      vertex 4.76738 65.2771 12
      vertex 4.65259 65.4644 12
    endloop
  endfacet
  facet normal 0 0 1
    outer loop
      vertex 3.00423 64.6245 12
      vertex 4.65259 65.4644 12
      vertex 4.56852 65.6674 12
    endloop
  endfacet
  facet normal 0 0 1
    outer loop
      vertex 2.80907 65.0957 12
      vertex 4.56852 65.6674 12
      vertex 4.51724 65.881 12
    endloop
  endfacet
  facet normal 0 0 1
    outer loop
      vertex 5.26441 64.8526 12
      vertex 4.42453 63.2042 12
      vertex 4.8957 63.0091 12
    endloop
  endfacet
  facet normal 0 0 1
    outer loop
      vertex 2.69001 65.5916 12
      vertex 4.51724 65.881 12
      vertex 4.5 66.1 12
    endloop
  endfacet
  facet normal -0 0 1
    outer loop
      vertex 3.00423 67.5755 12
      vertex 4.65259 66.7356 12
      vertex 3.2707 68.0103 12
    endloop
  endfacet
  facet normal 0 0 1
    outer loop
      vertex 4.65259 66.7356 12
      vertex 3.00423 67.5755 12
      vertex 4.56852 66.5326 12
    endloop
  endfacet
  facet normal 0 0 1
    outer loop
      vertex 5.0771 64.9674 12
      vertex 3.9897 63.4707 12
      vertex 4.42453 63.2042 12
    endloop
  endfacet
  facet normal -0 0 1
    outer loop
      vertex 2.80907 67.1043 12
      vertex 4.56852 66.5326 12
      vertex 3.00423 67.5755 12
    endloop
  endfacet
  facet normal 0 0 1
    outer loop
      vertex 4.91005 65.1101 12
      vertex 3.6019 63.8019 12
      vertex 3.9897 63.4707 12
    endloop
  endfacet
  facet normal 0 0 1
    outer loop
      vertex 4.56852 66.5326 12
      vertex 2.80907 67.1043 12
      vertex 4.51724 66.319 12
    endloop
  endfacet
  facet normal 0 0 1
    outer loop
      vertex 4.76738 65.2771 12
      vertex 3.2707 64.1897 12
      vertex 3.6019 63.8019 12
    endloop
  endfacet
  facet normal -0 0 1
    outer loop
      vertex 2.69001 66.6084 12
      vertex 4.51724 66.319 12
      vertex 2.80907 67.1043 12
    endloop
  endfacet
  facet normal 0 0 1
    outer loop
      vertex 4.65259 65.4644 12
      vertex 3.00423 64.6245 12
      vertex 3.2707 64.1897 12
    endloop
  endfacet
  facet normal 0 0 1
    outer loop
      vertex 4.51724 66.319 12
      vertex 2.69001 66.6084 12
      vertex 4.5 66.1 12
    endloop
  endfacet
  facet normal 0 0 1
    outer loop
      vertex 4.56852 65.6674 12
      vertex 2.80907 65.0957 12
      vertex 3.00423 64.6245 12
    endloop
  endfacet
  facet normal 0 0 1
    outer loop
      vertex 2.65 66.1 12
      vertex 4.5 66.1 12
      vertex 2.69001 66.6084 12
    endloop
  endfacet
  facet normal 0 0 1
    outer loop
      vertex 4.51724 65.881 12
      vertex 2.69001 65.5916 12
      vertex 2.80907 65.0957 12
    endloop
  endfacet
  facet normal 0 0 1
    outer loop
      vertex 4.5 66.1 12
      vertex 2.65 66.1 12
      vertex 2.69001 65.5916 12
    endloop
  endfacet
  facet normal -0.233533 0.972349 0
    outer loop
      vertex 5.39159 69.31 0
      vertex 4.8957 69.1909 12
      vertex 5.39159 69.31 12
    endloop
  endfacet
  facet normal -0.233533 0.972349 0
    outer loop
      vertex 4.8957 69.1909 12
      vertex 5.39159 69.31 0
      vertex 4.8957 69.1909 0
    endloop
  endfacet
  facet normal -0.233533 -0.972349 0
    outer loop
      vertex 4.8957 63.0091 0
      vertex 5.39159 62.89 12
      vertex 4.8957 63.0091 12
    endloop
  endfacet
  facet normal -0.233533 -0.972349 -0
    outer loop
      vertex 5.39159 62.89 12
      vertex 4.8957 63.0091 0
      vertex 5.39159 62.89 0
    endloop
  endfacet
  facet normal 0.852619 -0.522533 0
    outer loop
      vertex 8.5293 64.1897 12
      vertex 8.79577 64.6245 0
      vertex 8.79577 64.6245 12
    endloop
  endfacet
  facet normal 0.852619 -0.522533 0
    outer loop
      vertex 8.79577 64.6245 0
      vertex 8.5293 64.1897 12
      vertex 8.5293 64.1897 0
    endloop
  endfacet
  facet normal 0.0784343 0.996919 -0
    outer loop
      vertex 6.40841 69.31 0
      vertex 5.9 69.35 12
      vertex 6.40841 69.31 12
    endloop
  endfacet
  facet normal 0.0784343 0.996919 0
    outer loop
      vertex 5.9 69.35 12
      vertex 6.40841 69.31 0
      vertex 5.9 69.35 0
    endloop
  endfacet
  facet normal -0.972368 0.233455 0
    outer loop
      vertex 2.69001 66.6084 0
      vertex 2.80907 67.1043 12
      vertex 2.80907 67.1043 0
    endloop
  endfacet
  facet normal -0.972368 0.233455 0
    outer loop
      vertex 2.80907 67.1043 12
      vertex 2.69001 66.6084 0
      vertex 2.69001 66.6084 12
    endloop
  endfacet
  facet normal -0.0784343 -0.996919 0
    outer loop
      vertex 5.39159 62.89 0
      vertex 5.9 62.85 12
      vertex 5.39159 62.89 12
    endloop
  endfacet
  facet normal -0.0784343 -0.996919 -0
    outer loop
      vertex 5.9 62.85 12
      vertex 5.39159 62.89 0
      vertex 5.9 62.85 0
    endloop
  endfacet
  facet normal -0.52255 -0.852609 0
    outer loop
      vertex 3.9897 63.4707 0
      vertex 4.42453 63.2042 12
      vertex 3.9897 63.4707 12
    endloop
  endfacet
  facet normal -0.52255 -0.852609 -0
    outer loop
      vertex 4.42453 63.2042 12
      vertex 3.9897 63.4707 0
      vertex 4.42453 63.2042 0
    endloop
  endfacet
  facet normal -0.760418 0.649434 0
    outer loop
      vertex 3.2707 68.0103 0
      vertex 3.6019 68.3981 12
      vertex 3.6019 68.3981 0
    endloop
  endfacet
  facet normal -0.760418 0.649434 0
    outer loop
      vertex 3.6019 68.3981 12
      vertex 3.2707 68.0103 0
      vertex 3.2707 68.0103 12
    endloop
  endfacet
  facet normal -0.649516 0.760348 0
    outer loop
      vertex 6.88995 65.1101 0
      vertex 6.7229 64.9674 12
      vertex 6.88995 65.1101 12
    endloop
  endfacet
  facet normal -0.649516 0.760348 0
    outer loop
      vertex 6.7229 64.9674 12
      vertex 6.88995 65.1101 0
      vertex 6.7229 64.9674 0
    endloop
  endfacet
  facet normal 0.923904 0.382624 0
    outer loop
      vertex 4.65259 65.4644 12
      vertex 4.56852 65.6674 0
      vertex 4.56852 65.6674 12
    endloop
  endfacet
  facet normal 0.923904 0.382624 0
    outer loop
      vertex 4.56852 65.6674 0
      vertex 4.65259 65.4644 12
      vertex 4.65259 65.4644 0
    endloop
  endfacet
  facet normal 0.996916 -0.0784787 0
    outer loop
      vertex 4.5 66.1 12
      vertex 4.51724 66.319 0
      vertex 4.51724 66.319 12
    endloop
  endfacet
  facet normal 0.996916 -0.0784787 0
    outer loop
      vertex 4.51724 66.319 0
      vertex 4.5 66.1 12
      vertex 4.5 66.1 0
    endloop
  endfacet
  facet normal -0.972371 -0.233442 0
    outer loop
      vertex 7.28276 66.319 0
      vertex 7.23148 66.5326 12
      vertex 7.23148 66.5326 0
    endloop
  endfacet
  facet normal -0.972371 -0.233442 0
    outer loop
      vertex 7.23148 66.5326 12
      vertex 7.28276 66.319 0
      vertex 7.28276 66.319 12
    endloop
  endfacet
  facet normal -0.233518 0.972353 0
    outer loop
      vertex 6.33262 64.7685 0
      vertex 6.11901 64.7172 12
      vertex 6.33262 64.7685 12
    endloop
  endfacet
  facet normal -0.233518 0.972353 0
    outer loop
      vertex 6.11901 64.7172 12
      vertex 6.33262 64.7685 0
      vertex 6.11901 64.7172 0
    endloop
  endfacet
  facet normal -0.760511 -0.649325 0
    outer loop
      vertex 7.03262 66.9229 0
      vertex 6.88995 67.09 12
      vertex 6.88995 67.09 0
    endloop
  endfacet
  facet normal -0.760511 -0.649325 0
    outer loop
      vertex 6.88995 67.09 12
      vertex 7.03262 66.9229 0
      vertex 7.03262 66.9229 12
    endloop
  endfacet
  facet normal -0.760319 0.649549 0
    outer loop
      vertex 6.88995 65.1101 0
      vertex 7.03262 65.2771 12
      vertex 7.03262 65.2771 0
    endloop
  endfacet
  facet normal -0.760319 0.649549 0
    outer loop
      vertex 7.03262 65.2771 12
      vertex 6.88995 65.1101 0
      vertex 6.88995 65.1101 12
    endloop
  endfacet
  facet normal 0.649253 -0.760573 0
    outer loop
      vertex 4.91005 67.09 0
      vertex 5.0771 67.2326 12
      vertex 4.91005 67.09 12
    endloop
  endfacet
  facet normal 0.649253 -0.760573 0
    outer loop
      vertex 5.0771 67.2326 12
      vertex 4.91005 67.09 0
      vertex 5.0771 67.2326 0
    endloop
  endfacet
  facet normal -0.0782941 0.99693 0
    outer loop
      vertex 6.11901 64.7172 0
      vertex 5.9 64.7 12
      vertex 6.11901 64.7172 12
    endloop
  endfacet
  facet normal -0.0782941 0.99693 0
    outer loop
      vertex 5.9 64.7 12
      vertex 6.11901 64.7172 0
      vertex 5.9 64.7 0
    endloop
  endfacet
  facet normal 0.996916 0.0784787 0
    outer loop
      vertex 4.51724 65.881 12
      vertex 4.5 66.1 0
      vertex 4.5 66.1 12
    endloop
  endfacet
  facet normal 0.996916 0.0784787 0
    outer loop
      vertex 4.5 66.1 0
      vertex 4.51724 65.881 12
      vertex 4.51724 65.881 0
    endloop
  endfacet
  facet normal -0.382789 -0.923836 0
    outer loop
      vertex 6.33262 67.4315 0
      vertex 6.53559 67.3474 12
      vertex 6.33262 67.4315 12
    endloop
  endfacet
  facet normal -0.382789 -0.923836 -0
    outer loop
      vertex 6.53559 67.3474 12
      vertex 6.33262 67.4315 0
      vertex 6.53559 67.3474 0
    endloop
  endfacet
  facet normal -0.996916 -0.0784787 0
    outer loop
      vertex 7.3 66.1 0
      vertex 7.28276 66.319 12
      vertex 7.28276 66.319 0
    endloop
  endfacet
  facet normal -0.996916 -0.0784787 0
    outer loop
      vertex 7.28276 66.319 12
      vertex 7.3 66.1 0
      vertex 7.3 66.1 12
    endloop
  endfacet
  facet normal 0.852615 0.52254 0
    outer loop
      vertex 4.76738 65.2771 12
      vertex 4.65259 65.4644 0
      vertex 4.65259 65.4644 12
    endloop
  endfacet
  facet normal 0.852615 0.52254 0
    outer loop
      vertex 4.65259 65.4644 0
      vertex 4.76738 65.2771 12
      vertex 4.76738 65.2771 0
    endloop
  endfacet
  facet normal 0.972371 0.233442 0
    outer loop
      vertex 4.56852 65.6674 12
      vertex 4.51724 65.881 0
      vertex 4.51724 65.881 12
    endloop
  endfacet
  facet normal 0.972371 0.233442 0
    outer loop
      vertex 4.51724 65.881 0
      vertex 4.56852 65.6674 12
      vertex 4.56852 65.6674 0
    endloop
  endfacet
  facet normal -0.522552 -0.852607 0
    outer loop
      vertex 6.53559 67.3474 0
      vertex 6.7229 67.2326 12
      vertex 6.53559 67.3474 12
    endloop
  endfacet
  facet normal -0.522552 -0.852607 -0
    outer loop
      vertex 6.7229 67.2326 12
      vertex 6.53559 67.3474 0
      vertex 6.7229 67.2326 0
    endloop
  endfacet
  facet normal 0.0782941 -0.99693 0
    outer loop
      vertex 5.68099 67.4828 0
      vertex 5.9 67.5 12
      vertex 5.68099 67.4828 12
    endloop
  endfacet
  facet normal 0.0782941 -0.99693 0
    outer loop
      vertex 5.9 67.5 12
      vertex 5.68099 67.4828 0
      vertex 5.9 67.5 0
    endloop
  endfacet
  facet normal -0.923904 -0.382624 0
    outer loop
      vertex 7.23148 66.5326 0
      vertex 7.14741 66.7356 12
      vertex 7.14741 66.7356 0
    endloop
  endfacet
  facet normal -0.923904 -0.382624 0
    outer loop
      vertex 7.14741 66.7356 12
      vertex 7.23148 66.5326 0
      vertex 7.23148 66.5326 12
    endloop
  endfacet
  facet normal -0.852615 0.52254 0
    outer loop
      vertex 7.03262 65.2771 0
      vertex 7.14741 65.4644 12
      vertex 7.14741 65.4644 0
    endloop
  endfacet
  facet normal -0.852615 0.52254 0
    outer loop
      vertex 7.14741 65.4644 12
      vertex 7.03262 65.2771 0
      vertex 7.03262 65.2771 12
    endloop
  endfacet
  facet normal 0.382789 -0.923836 0
    outer loop
      vertex 5.26441 67.3474 0
      vertex 5.46738 67.4315 12
      vertex 5.26441 67.3474 12
    endloop
  endfacet
  facet normal 0.382789 -0.923836 0
    outer loop
      vertex 5.46738 67.4315 12
      vertex 5.26441 67.3474 0
      vertex 5.46738 67.4315 0
    endloop
  endfacet
  facet normal -0.233518 -0.972353 0
    outer loop
      vertex 6.11901 67.4828 0
      vertex 6.33262 67.4315 12
      vertex 6.11901 67.4828 12
    endloop
  endfacet
  facet normal -0.233518 -0.972353 -0
    outer loop
      vertex 6.33262 67.4315 12
      vertex 6.11901 67.4828 0
      vertex 6.33262 67.4315 0
    endloop
  endfacet
  facet normal 0.233518 0.972353 -0
    outer loop
      vertex 5.68099 64.7172 0
      vertex 5.46738 64.7685 12
      vertex 5.68099 64.7172 12
    endloop
  endfacet
  facet normal 0.233518 0.972353 0
    outer loop
      vertex 5.46738 64.7685 12
      vertex 5.68099 64.7172 0
      vertex 5.46738 64.7685 0
    endloop
  endfacet
  facet normal 0.649516 0.760348 -0
    outer loop
      vertex 5.0771 64.9674 0
      vertex 4.91005 65.1101 12
      vertex 5.0771 64.9674 12
    endloop
  endfacet
  facet normal 0.649516 0.760348 0
    outer loop
      vertex 4.91005 65.1101 12
      vertex 5.0771 64.9674 0
      vertex 4.91005 65.1101 0
    endloop
  endfacet
  facet normal -0.852615 -0.52254 0
    outer loop
      vertex 7.14741 66.7356 0
      vertex 7.03262 66.9229 12
      vertex 7.03262 66.9229 0
    endloop
  endfacet
  facet normal -0.852615 -0.52254 0
    outer loop
      vertex 7.03262 66.9229 12
      vertex 7.14741 66.7356 0
      vertex 7.14741 66.7356 12
    endloop
  endfacet
  facet normal -0.649253 -0.760573 0
    outer loop
      vertex 6.7229 67.2326 0
      vertex 6.88995 67.09 12
      vertex 6.7229 67.2326 12
    endloop
  endfacet
  facet normal -0.649253 -0.760573 -0
    outer loop
      vertex 6.88995 67.09 12
      vertex 6.7229 67.2326 0
      vertex 6.88995 67.09 0
    endloop
  endfacet
  facet normal 0.972371 -0.233442 0
    outer loop
      vertex 4.51724 66.319 12
      vertex 4.56852 66.5326 0
      vertex 4.56852 66.5326 12
    endloop
  endfacet
  facet normal 0.972371 -0.233442 0
    outer loop
      vertex 4.56852 66.5326 0
      vertex 4.51724 66.319 12
      vertex 4.51724 66.319 0
    endloop
  endfacet
  facet normal 0.760511 -0.649325 0
    outer loop
      vertex 4.76738 66.9229 12
      vertex 4.91005 67.09 0
      vertex 4.91005 67.09 12
    endloop
  endfacet
  facet normal 0.760511 -0.649325 0
    outer loop
      vertex 4.91005 67.09 0
      vertex 4.76738 66.9229 12
      vertex 4.76738 66.9229 0
    endloop
  endfacet
  facet normal 0.233518 -0.972353 0
    outer loop
      vertex 5.46738 67.4315 0
      vertex 5.68099 67.4828 12
      vertex 5.46738 67.4315 12
    endloop
  endfacet
  facet normal 0.233518 -0.972353 0
    outer loop
      vertex 5.68099 67.4828 12
      vertex 5.46738 67.4315 0
      vertex 5.68099 67.4828 0
    endloop
  endfacet
  facet normal -0.382789 0.923836 0
    outer loop
      vertex 6.53559 64.8526 0
      vertex 6.33262 64.7685 12
      vertex 6.53559 64.8526 12
    endloop
  endfacet
  facet normal -0.382789 0.923836 0
    outer loop
      vertex 6.33262 64.7685 12
      vertex 6.53559 64.8526 0
      vertex 6.33262 64.7685 0
    endloop
  endfacet
  facet normal 0.760319 0.649549 0
    outer loop
      vertex 4.91005 65.1101 12
      vertex 4.76738 65.2771 0
      vertex 4.76738 65.2771 12
    endloop
  endfacet
  facet normal 0.760319 0.649549 0
    outer loop
      vertex 4.76738 65.2771 0
      vertex 4.91005 65.1101 12
      vertex 4.91005 65.1101 0
    endloop
  endfacet
  facet normal -0.996916 0.0784787 0
    outer loop
      vertex 7.28276 65.881 0
      vertex 7.3 66.1 12
      vertex 7.3 66.1 0
    endloop
  endfacet
  facet normal -0.996916 0.0784787 0
    outer loop
      vertex 7.3 66.1 12
      vertex 7.28276 65.881 0
      vertex 7.28276 65.881 12
    endloop
  endfacet
  facet normal 0.852615 -0.52254 0
    outer loop
      vertex 4.65259 66.7356 12
      vertex 4.76738 66.9229 0
      vertex 4.76738 66.9229 12
    endloop
  endfacet
  facet normal 0.852615 -0.52254 0
    outer loop
      vertex 4.76738 66.9229 0
      vertex 4.65259 66.7356 12
      vertex 4.65259 66.7356 0
    endloop
  endfacet
  facet normal -0.972371 0.233442 0
    outer loop
      vertex 7.23148 65.6674 0
      vertex 7.28276 65.881 12
      vertex 7.28276 65.881 0
    endloop
  endfacet
  facet normal -0.972371 0.233442 0
    outer loop
      vertex 7.28276 65.881 12
      vertex 7.23148 65.6674 0
      vertex 7.23148 65.6674 12
    endloop
  endfacet
  facet normal 0.522552 0.852607 -0
    outer loop
      vertex 5.26441 64.8526 0
      vertex 5.0771 64.9674 12
      vertex 5.26441 64.8526 12
    endloop
  endfacet
  facet normal 0.522552 0.852607 0
    outer loop
      vertex 5.0771 64.9674 12
      vertex 5.26441 64.8526 0
      vertex 5.0771 64.9674 0
    endloop
  endfacet
  facet normal -0.923904 0.382624 0
    outer loop
      vertex 7.14741 65.4644 0
      vertex 7.23148 65.6674 12
      vertex 7.23148 65.6674 0
    endloop
  endfacet
  facet normal -0.923904 0.382624 0
    outer loop
      vertex 7.23148 65.6674 12
      vertex 7.14741 65.4644 0
      vertex 7.14741 65.4644 12
    endloop
  endfacet
  facet normal -0.0782941 -0.99693 0
    outer loop
      vertex 5.9 67.5 0
      vertex 6.11901 67.4828 12
      vertex 5.9 67.5 12
    endloop
  endfacet
  facet normal -0.0782941 -0.99693 -0
    outer loop
      vertex 6.11901 67.4828 12
      vertex 5.9 67.5 0
      vertex 6.11901 67.4828 0
    endloop
  endfacet
  facet normal 0.382789 0.923836 -0
    outer loop
      vertex 5.46738 64.7685 0
      vertex 5.26441 64.8526 12
      vertex 5.46738 64.7685 12
    endloop
  endfacet
  facet normal 0.382789 0.923836 0
    outer loop
      vertex 5.26441 64.8526 12
      vertex 5.46738 64.7685 0
      vertex 5.26441 64.8526 0
    endloop
  endfacet
  facet normal 0.522552 -0.852607 0
    outer loop
      vertex 5.0771 67.2326 0
      vertex 5.26441 67.3474 12
      vertex 5.0771 67.2326 12
    endloop
  endfacet
  facet normal 0.522552 -0.852607 0
    outer loop
      vertex 5.26441 67.3474 12
      vertex 5.0771 67.2326 0
      vertex 5.26441 67.3474 0
    endloop
  endfacet
  facet normal 0.923904 -0.382624 0
    outer loop
      vertex 4.56852 66.5326 12
      vertex 4.65259 66.7356 0
      vertex 4.65259 66.7356 12
    endloop
  endfacet
  facet normal 0.923904 -0.382624 0
    outer loop
      vertex 4.65259 66.7356 0
      vertex 4.56852 66.5326 12
      vertex 4.56852 66.5326 0
    endloop
  endfacet
  facet normal 0.0782941 0.99693 -0
    outer loop
      vertex 5.9 64.7 0
      vertex 5.68099 64.7172 12
      vertex 5.9 64.7 12
    endloop
  endfacet
  facet normal 0.0782941 0.99693 0
    outer loop
      vertex 5.68099 64.7172 12
      vertex 5.9 64.7 0
      vertex 5.68099 64.7172 0
    endloop
  endfacet
  facet normal -0.522552 0.852607 0
    outer loop
      vertex 6.7229 64.9674 0
      vertex 6.53559 64.8526 12
      vertex 6.7229 64.9674 12
    endloop
  endfacet
  facet normal -0.522552 0.852607 0
    outer loop
      vertex 6.53559 64.8526 12
      vertex 6.7229 64.9674 0
      vertex 6.53559 64.8526 0
    endloop
  endfacet
  facet normal 0.760304 -0.630171 -0.157554
    outer loop
      vertex 32.341 33.762 20.8241
      vertex 32.5703 34.7335 18.0449
      vertex 32.5703 34.0197 20.8999
    endloop
  endfacet
  facet normal 0.760332 -0.630139 -0.15754
    outer loop
      vertex 32.5703 34.7335 18.0449
      vertex 32.341 33.762 20.8241
      vertex 32.341 34.4731 17.9798
    endloop
  endfacet
  facet normal 0.760419 0.630042 0.157511
    outer loop
      vertex 32.5703 36.5594 21.6469
      vertex 32.341 37.56 18.7515
      vertex 32.341 36.8172 21.7227
    endloop
  endfacet
  facet normal 0.760332 0.630137 0.15755
    outer loop
      vertex 32.341 37.56 18.7515
      vertex 32.5703 36.5594 21.6469
      vertex 32.5703 37.2996 18.6864
    endloop
  endfacet
  facet normal 0.649443 -0.737705 -0.184433
    outer loop
      vertex 32.0725 33.5418 20.7594
      vertex 32.341 34.4731 17.9798
      vertex 32.341 33.762 20.8241
    endloop
  endfacet
  facet normal 0.649482 -0.737674 -0.184418
    outer loop
      vertex 32.341 34.4731 17.9798
      vertex 32.0725 33.5418 20.7594
      vertex 32.0725 34.2506 17.9242
    endloop
  endfacet
  facet normal 0.97238 0.226435 0.0566106
    outer loop
      vertex 32.9723 35.6276 21.3728
      vertex 32.8899 36.6911 18.5343
      vertex 32.8899 35.9572 21.4698
    endloop
  endfacet
  facet normal 0.972391 0.226391 0.0565938
    outer loop
      vertex 32.8899 36.6911 18.5343
      vertex 32.9723 35.6276 21.3728
      vertex 32.9723 36.358 18.451
    endloop
  endfacet
  facet normal -0.92387 0.371279 0.0928228
    outer loop
      vertex 28.6101 35.9572 21.4698
      vertex 28.7452 37.0075 18.6134
      vertex 28.6101 36.6911 18.5343
    endloop
  endfacet
  facet normal -0.92389 0.371233 0.0928051
    outer loop
      vertex 28.7452 37.0075 18.6134
      vertex 28.6101 35.9572 21.4698
      vertex 28.7452 36.2704 21.5619
    endloop
  endfacet
  facet normal 0.0784438 -0.967151 -0.241796
    outer loop
      vertex 30.75 33.1292 20.638
      vertex 31.102 33.8606 17.8267
      vertex 31.102 33.1558 20.6458
    endloop
  endfacet
  facet normal 0.0785803 -0.967145 -0.241778
    outer loop
      vertex 31.102 33.8606 17.8267
      vertex 30.75 33.1292 20.638
      vertex 30.75 33.8337 17.8199
    endloop
  endfacet
  facet normal 0.382859 -0.89623 -0.224034
    outer loop
      vertex 31.4453 33.2349 20.6691
      vertex 31.7715 34.0716 17.8794
      vertex 31.7715 33.3647 20.7073
    endloop
  endfacet
  facet normal 0.382508 -0.89636 -0.224114
    outer loop
      vertex 31.7715 34.0716 17.8794
      vertex 31.4453 33.2349 20.6691
      vertex 31.4453 33.9406 17.8466
    endloop
  endfacet
  facet normal -0.996916 -0.0761304 -0.0190346
    outer loop
      vertex 28.5277 34.9516 21.174
      vertex 28.5 36.0165 18.3656
      vertex 28.5277 35.6751 18.2803
    endloop
  endfacet
  facet normal -0.996918 -0.0761052 -0.019025
    outer loop
      vertex 28.5 36.0165 18.3656
      vertex 28.5277 34.9516 21.174
      vertex 28.5 35.2896 21.2734
    endloop
  endfacet
  facet normal 0.852646 -0.506887 -0.126731
    outer loop
      vertex 32.5703 34.0197 20.8999
      vertex 32.7548 35.0256 18.1179
      vertex 32.7548 34.3088 20.9849
    endloop
  endfacet
  facet normal 0.852646 -0.506887 -0.126731
    outer loop
      vertex 32.7548 35.0256 18.1179
      vertex 32.5703 34.0197 20.8999
      vertex 32.5703 34.7335 18.0449
    endloop
  endfacet
  facet normal 0.92389 0.371233 0.0928051
    outer loop
      vertex 32.8899 35.9572 21.4698
      vertex 32.7548 37.0075 18.6134
      vertex 32.7548 36.2704 21.5619
    endloop
  endfacet
  facet normal 0.92387 0.371279 0.0928228
    outer loop
      vertex 32.7548 37.0075 18.6134
      vertex 32.8899 35.9572 21.4698
      vertex 32.8899 36.6911 18.5343
    endloop
  endfacet
  facet normal -0.972391 0.226391 0.0565938
    outer loop
      vertex 28.5277 35.6276 21.3728
      vertex 28.6101 36.6911 18.5343
      vertex 28.5277 36.358 18.451
    endloop
  endfacet
  facet normal -0.97238 0.226435 0.0566106
    outer loop
      vertex 28.6101 36.6911 18.5343
      vertex 28.5277 35.6276 21.3728
      vertex 28.6101 35.9572 21.4698
    endloop
  endfacet
  facet normal 0.996918 -0.0761052 -0.019025
    outer loop
      vertex 32.9723 34.9516 21.174
      vertex 33 36.0165 18.3656
      vertex 33 35.2896 21.2734
    endloop
  endfacet
  facet normal 0.996916 -0.0761304 -0.0190346
    outer loop
      vertex 33 36.0165 18.3656
      vertex 32.9723 34.9516 21.174
      vertex 32.9723 35.6751 18.2803
    endloop
  endfacet
  facet normal 0.996918 0.0761052 0.019025
    outer loop
      vertex 33 35.2896 21.2734
      vertex 32.9723 36.358 18.451
      vertex 32.9723 35.6276 21.3728
    endloop
  endfacet
  facet normal 0.996918 0.0761051 0.019025
    outer loop
      vertex 32.9723 36.358 18.451
      vertex 33 35.2896 21.2734
      vertex 33 36.0165 18.3656
    endloop
  endfacet
  facet normal -0.233366 0.943356 0.235839
    outer loop
      vertex 30.398 38.1725 18.9046
      vertex 30.0547 37.3443 21.8777
      vertex 30.398 37.4234 21.901
    endloop
  endfacet
  facet normal -0.233561 0.943316 0.235805
    outer loop
      vertex 30.0547 37.3443 21.8777
      vertex 30.398 38.1725 18.9046
      vertex 30.0547 38.0925 18.8846
    endloop
  endfacet
  facet normal -0.0784438 0.967151 0.241796
    outer loop
      vertex 30.75 38.1994 18.9113
      vertex 30.398 37.4234 21.901
      vertex 30.75 37.45 21.9088
    endloop
  endfacet
  facet normal -0.0785121 0.967148 0.241787
    outer loop
      vertex 30.398 37.4234 21.901
      vertex 30.75 38.1994 18.9113
      vertex 30.398 38.1725 18.9046
    endloop
  endfacet
  facet normal -0.92387 -0.371278 -0.0928259
    outer loop
      vertex 28.7452 34.3088 20.9849
      vertex 28.6101 35.342 18.197
      vertex 28.7452 35.0256 18.1179
    endloop
  endfacet
  facet normal -0.9239 -0.37121 -0.0927992
    outer loop
      vertex 28.6101 35.342 18.197
      vertex 28.7452 34.3088 20.9849
      vertex 28.6101 34.622 21.0771
    endloop
  endfacet
  facet normal -0.522489 0.82719 0.206791
    outer loop
      vertex 29.7285 37.9614 18.8519
      vertex 29.4275 37.0374 21.7875
      vertex 29.7285 37.2145 21.8396
    endloop
  endfacet
  facet normal -0.522439 0.827218 0.206804
    outer loop
      vertex 29.4275 37.0374 21.7875
      vertex 29.7285 37.9614 18.8519
      vertex 29.4275 37.7825 18.8071
    endloop
  endfacet
  facet normal -0.522489 -0.827188 -0.206797
    outer loop
      vertex 29.4275 34.2506 17.9242
      vertex 29.7285 33.3647 20.7073
      vertex 29.4275 33.5418 20.7594
    endloop
  endfacet
  facet normal -0.522639 -0.827104 -0.206754
    outer loop
      vertex 29.7285 33.3647 20.7073
      vertex 29.4275 34.2506 17.9242
      vertex 29.7285 34.0716 17.8794
    endloop
  endfacet
  facet normal 0.972376 -0.226449 -0.0566181
    outer loop
      vertex 32.8899 34.622 21.0771
      vertex 32.9723 35.6751 18.2803
      vertex 32.9723 34.9516 21.174
    endloop
  endfacet
  facet normal 0.972391 -0.22639 -0.0565956
    outer loop
      vertex 32.9723 35.6751 18.2803
      vertex 32.8899 34.622 21.0771
      vertex 32.8899 35.342 18.197
    endloop
  endfacet
  facet normal -0.233366 -0.94335 -0.235863
    outer loop
      vertex 30.0547 33.9406 17.8466
      vertex 30.398 33.1558 20.6458
      vertex 30.0547 33.2349 20.6691
    endloop
  endfacet
  facet normal -0.233496 -0.943324 -0.235839
    outer loop
      vertex 30.398 33.1558 20.6458
      vertex 30.0547 33.9406 17.8466
      vertex 30.398 33.8606 17.8267
    endloop
  endfacet
  facet normal 0.0784438 0.967151 0.241796
    outer loop
      vertex 31.102 37.4234 21.901
      vertex 30.75 38.1994 18.9113
      vertex 30.75 37.45 21.9088
    endloop
  endfacet
  facet normal 0.0785121 0.967148 0.241787
    outer loop
      vertex 30.75 38.1994 18.9113
      vertex 31.102 37.4234 21.901
      vertex 31.102 38.1725 18.9046
    endloop
  endfacet
  facet normal 0.852571 0.507005 0.126764
    outer loop
      vertex 32.7548 36.2704 21.5619
      vertex 32.5703 37.2996 18.6864
      vertex 32.5703 36.5594 21.6469
    endloop
  endfacet
  facet normal 0.852646 0.50689 0.126718
    outer loop
      vertex 32.5703 37.2996 18.6864
      vertex 32.7548 36.2704 21.5619
      vertex 32.7548 37.0075 18.6134
    endloop
  endfacet
  facet normal -0.649482 0.737674 0.184418
    outer loop
      vertex 29.4275 37.7825 18.8071
      vertex 29.159 36.8172 21.7227
      vertex 29.4275 37.0374 21.7875
    endloop
  endfacet
  facet normal -0.649482 0.737674 0.184418
    outer loop
      vertex 29.159 36.8172 21.7227
      vertex 29.4275 37.7825 18.8071
      vertex 29.159 37.56 18.7515
    endloop
  endfacet
  facet normal -0.972391 -0.22639 -0.0565956
    outer loop
      vertex 28.6101 34.622 21.0771
      vertex 28.5277 35.6751 18.2803
      vertex 28.6101 35.342 18.197
    endloop
  endfacet
  facet normal -0.972376 -0.226449 -0.0566181
    outer loop
      vertex 28.5277 35.6751 18.2803
      vertex 28.6101 34.622 21.0771
      vertex 28.5277 34.9516 21.174
    endloop
  endfacet
  facet normal 0 0.242402 -0.970176
    outer loop
      vertex 31.65 36.0165 18.3656
      vertex 33 36.0165 18.3656
      vertex 32.9723 35.6751 18.2803
    endloop
  endfacet
  facet normal 2.83017e-05 0.242598 -0.970127
    outer loop
      vertex 31.6389 35.88 18.3315
      vertex 32.9723 35.6751 18.2803
      vertex 32.8899 35.342 18.197
    endloop
  endfacet
  facet normal 0 0.242602 -0.970126
    outer loop
      vertex 33 36.0165 18.3656
      vertex 31.65 36.0165 18.3656
      vertex 32.9723 36.358 18.451
    endloop
  endfacet
  facet normal -1.66485e-05 0.242542 -0.970141
    outer loop
      vertex 31.6059 35.7467 18.2982
      vertex 32.8899 35.342 18.197
      vertex 32.7548 35.0256 18.1179
    endloop
  endfacet
  facet normal -7.18537e-05 0.242864 -0.97006
    outer loop
      vertex 31.6389 36.1531 18.3998
      vertex 32.9723 36.358 18.451
      vertex 31.65 36.0165 18.3656
    endloop
  endfacet
  facet normal -1.5908e-05 0.242467 -0.97016
    outer loop
      vertex 31.5519 35.6201 18.2665
      vertex 32.7548 35.0256 18.1179
      vertex 32.5703 34.7335 18.0449
    endloop
  endfacet
  facet normal -2.83017e-05 0.242598 -0.970127
    outer loop
      vertex 32.9723 36.358 18.451
      vertex 31.6389 36.1531 18.3998
      vertex 32.8899 36.6911 18.5343
    endloop
  endfacet
  facet normal 2.74044e-05 0.242513 -0.970148
    outer loop
      vertex 31.4781 35.5033 18.2373
      vertex 32.5703 34.7335 18.0449
      vertex 32.341 34.4731 17.9798
    endloop
  endfacet
  facet normal 7.07212e-05 0.242381 -0.970181
    outer loop
      vertex 31.6059 36.2864 18.4331
      vertex 32.8899 36.6911 18.5343
      vertex 31.6389 36.1531 18.3998
    endloop
  endfacet
  facet normal -4.8715e-05 0.242488 -0.970154
    outer loop
      vertex 31.3864 35.3991 18.2113
      vertex 32.341 34.4731 17.9798
      vertex 32.0725 34.2506 17.9242
    endloop
  endfacet
  facet normal 1.66485e-05 0.242542 -0.970141
    outer loop
      vertex 32.8899 36.6911 18.5343
      vertex 31.6059 36.2864 18.4331
      vertex 32.7548 37.0075 18.6134
    endloop
  endfacet
  facet normal 0.000149169 0.242555 -0.970138
    outer loop
      vertex 31.279 35.3102 18.189
      vertex 32.0725 34.2506 17.9242
      vertex 31.7715 34.0716 17.8794
    endloop
  endfacet
  facet normal 0.000111562 0.2424 -0.970176
    outer loop
      vertex 31.5519 36.4129 18.4647
      vertex 32.7548 37.0075 18.6134
      vertex 31.6059 36.2864 18.4331
    endloop
  endfacet
  facet normal 6.20087e-05 0.242494 -0.970153
    outer loop
      vertex 32.7548 37.0075 18.6134
      vertex 31.5519 36.4129 18.4647
      vertex 32.5703 37.2996 18.6864
    endloop
  endfacet
  facet normal -9.00251e-06 0.242369 -0.970184
    outer loop
      vertex 32.9723 35.6751 18.2803
      vertex 31.6389 35.88 18.3315
      vertex 31.65 36.0165 18.3656
    endloop
  endfacet
  facet normal -7.07212e-05 0.242381 -0.970181
    outer loop
      vertex 32.8899 35.342 18.197
      vertex 31.6059 35.7467 18.2982
      vertex 31.6389 35.88 18.3315
    endloop
  endfacet
  facet normal 0.000173033 0.242827 -0.97007
    outer loop
      vertex 32.7548 35.0256 18.1179
      vertex 31.5519 35.6201 18.2665
      vertex 31.6059 35.7467 18.2982
    endloop
  endfacet
  facet normal 3.07281e-05 0.242517 -0.970147
    outer loop
      vertex 32.5703 34.7335 18.0449
      vertex 31.4781 35.5033 18.2373
      vertex 31.5519 35.6201 18.2665
    endloop
  endfacet
  facet normal 0.000109015 0.242629 -0.970119
    outer loop
      vertex 31.1586 35.2386 18.1712
      vertex 31.7715 34.0716 17.8794
      vertex 31.4453 33.9406 17.8466
    endloop
  endfacet
  facet normal -0.000243624 0.242299 -0.970202
    outer loop
      vertex 32.341 34.4731 17.9798
      vertex 31.3864 35.3991 18.2113
      vertex 31.4781 35.5033 18.2373
    endloop
  endfacet
  facet normal 0.000464983 0.242777 -0.970082
    outer loop
      vertex 32.0725 34.2506 17.9242
      vertex 31.279 35.3102 18.189
      vertex 31.3864 35.3991 18.2113
    endloop
  endfacet
  facet normal -0.00063288 0.242262 -0.970211
    outer loop
      vertex 31.7715 34.0716 17.8794
      vertex 31.1586 35.2386 18.1712
      vertex 31.279 35.3102 18.189
    endloop
  endfacet
  facet normal -0.000266346 0.24247 -0.970159
    outer loop
      vertex 31.0281 35.1861 18.158
      vertex 31.4453 33.9406 17.8466
      vertex 31.102 33.8606 17.8267
    endloop
  endfacet
  facet normal 0.000484417 0.242707 -0.9701
    outer loop
      vertex 31.4453 33.9406 17.8466
      vertex 31.0281 35.1861 18.158
      vertex 31.1586 35.2386 18.1712
    endloop
  endfacet
  facet normal 0.00018698 0.242494 -0.970153
    outer loop
      vertex 31.102 33.8606 17.8267
      vertex 30.8908 35.1542 18.15
      vertex 31.0281 35.1861 18.158
    endloop
  endfacet
  facet normal 0.000209822 0.242497 -0.970152
    outer loop
      vertex 30.75 33.8337 17.8199
      vertex 30.8908 35.1542 18.15
      vertex 31.102 33.8606 17.8267
    endloop
  endfacet
  facet normal -0.000693273 0.242588 -0.970129
    outer loop
      vertex 30.75 33.8337 17.8199
      vertex 30.75 35.1434 18.1474
      vertex 30.8908 35.1542 18.15
    endloop
  endfacet
  facet normal 0.000693273 0.242588 -0.970129
    outer loop
      vertex 30.75 33.8337 17.8199
      vertex 30.6092 35.1542 18.15
      vertex 30.75 35.1434 18.1474
    endloop
  endfacet
  facet normal -0.000209822 0.242497 -0.970152
    outer loop
      vertex 30.398 33.8606 17.8267
      vertex 30.6092 35.1542 18.15
      vertex 30.75 33.8337 17.8199
    endloop
  endfacet
  facet normal -0.00018698 0.242494 -0.970153
    outer loop
      vertex 30.6092 35.1542 18.15
      vertex 30.398 33.8606 17.8267
      vertex 30.4719 35.1861 18.158
    endloop
  endfacet
  facet normal 0.000266346 0.24247 -0.970159
    outer loop
      vertex 30.0547 33.9406 17.8466
      vertex 30.4719 35.1861 18.158
      vertex 30.398 33.8606 17.8267
    endloop
  endfacet
  facet normal -0.000484417 0.242707 -0.9701
    outer loop
      vertex 30.4719 35.1861 18.158
      vertex 30.0547 33.9406 17.8466
      vertex 30.3414 35.2386 18.1712
    endloop
  endfacet
  facet normal -0.000109015 0.242629 -0.970119
    outer loop
      vertex 29.7285 34.0716 17.8794
      vertex 30.3414 35.2386 18.1712
      vertex 30.0547 33.9406 17.8466
    endloop
  endfacet
  facet normal 0.00063288 0.242262 -0.970211
    outer loop
      vertex 30.3414 35.2386 18.1712
      vertex 29.7285 34.0716 17.8794
      vertex 30.221 35.3102 18.189
    endloop
  endfacet
  facet normal -0.000149169 0.242555 -0.970138
    outer loop
      vertex 29.4275 34.2506 17.9242
      vertex 30.221 35.3102 18.189
      vertex 29.7285 34.0716 17.8794
    endloop
  endfacet
  facet normal -0.000464983 0.242777 -0.970082
    outer loop
      vertex 30.221 35.3102 18.189
      vertex 29.4275 34.2506 17.9242
      vertex 30.1136 35.3991 18.2113
    endloop
  endfacet
  facet normal 4.8715e-05 0.242488 -0.970154
    outer loop
      vertex 29.159 34.4731 17.9798
      vertex 30.1136 35.3991 18.2113
      vertex 29.4275 34.2506 17.9242
    endloop
  endfacet
  facet normal 0.000243624 0.242299 -0.970202
    outer loop
      vertex 30.1136 35.3991 18.2113
      vertex 29.159 34.4731 17.9798
      vertex 30.0219 35.5033 18.2373
    endloop
  endfacet
  facet normal -3.07281e-05 0.242517 -0.970147
    outer loop
      vertex 30.0219 35.5033 18.2373
      vertex 28.9297 34.7335 18.0449
      vertex 29.9481 35.6201 18.2665
    endloop
  endfacet
  facet normal -2.74044e-05 0.242513 -0.970148
    outer loop
      vertex 28.9297 34.7335 18.0449
      vertex 30.0219 35.5033 18.2373
      vertex 29.159 34.4731 17.9798
    endloop
  endfacet
  facet normal 0.00013194 0.242419 -0.970172
    outer loop
      vertex 31.4781 36.5298 18.4939
      vertex 32.5703 37.2996 18.6864
      vertex 31.5519 36.4129 18.4647
    endloop
  endfacet
  facet normal 2.7404e-05 0.242558 -0.970137
    outer loop
      vertex 32.5703 37.2996 18.6864
      vertex 31.4781 36.5298 18.4939
      vertex 32.341 37.56 18.7515
    endloop
  endfacet
  facet normal -0.000379291 0.242879 -0.970057
    outer loop
      vertex 31.3864 36.6339 18.52
      vertex 32.341 37.56 18.7515
      vertex 31.4781 36.5298 18.4939
    endloop
  endfacet
  facet normal 3.7013e-05 0.242475 -0.970158
    outer loop
      vertex 32.341 37.56 18.7515
      vertex 31.3864 36.6339 18.52
      vertex 32.0725 37.7825 18.8071
    endloop
  endfacet
  facet normal 0.000278712 0.242339 -0.970192
    outer loop
      vertex 31.279 36.7229 18.5422
      vertex 32.0725 37.7825 18.8071
      vertex 31.3864 36.6339 18.52
    endloop
  endfacet
  facet normal -0.000167271 0.242654 -0.970113
    outer loop
      vertex 32.0725 37.7825 18.8071
      vertex 31.279 36.7229 18.5422
      vertex 31.7715 37.9614 18.8519
    endloop
  endfacet
  facet normal 2.8255e-05 0.24258 -0.970131
    outer loop
      vertex 31.1586 36.7945 18.5601
      vertex 31.7715 37.9614 18.8519
      vertex 31.279 36.7229 18.5422
    endloop
  endfacet
  facet normal 0.000204871 0.242493 -0.970153
    outer loop
      vertex 31.7715 37.9614 18.8519
      vertex 31.1586 36.7945 18.5601
      vertex 31.4453 38.0925 18.8846
    endloop
  endfacet
  facet normal -1.21192e-14 0.242536 -0.970143
    outer loop
      vertex 31.0281 36.8469 18.5732
      vertex 31.4453 38.0925 18.8846
      vertex 31.1586 36.7945 18.5601
    endloop
  endfacet
  facet normal -2.99356e-16 0.242536 -0.970143
    outer loop
      vertex 31.4453 38.0925 18.8846
      vertex 31.0281 36.8469 18.5732
      vertex 31.102 38.1725 18.9046
    endloop
  endfacet
  facet normal 1.20946e-14 0.242536 -0.970143
    outer loop
      vertex 30.8908 36.8789 18.5812
      vertex 31.102 38.1725 18.9046
      vertex 31.0281 36.8469 18.5732
    endloop
  endfacet
  facet normal -1.2089e-14 0.242536 -0.970143
    outer loop
      vertex 30.75 36.8897 18.5839
      vertex 31.102 38.1725 18.9046
      vertex 30.8908 36.8789 18.5812
    endloop
  endfacet
  facet normal 6.74873e-05 0.242518 -0.970147
    outer loop
      vertex 30.75 36.8897 18.5839
      vertex 30.75 38.1994 18.9113
      vertex 31.102 38.1725 18.9046
    endloop
  endfacet
  facet normal 1.42045e-06 0.242518 -0.970147
    outer loop
      vertex 30.6092 36.8789 18.5812
      vertex 30.75 38.1994 18.9113
      vertex 30.75 36.8897 18.5839
    endloop
  endfacet
  facet normal -1.1976e-14 0.242536 -0.970143
    outer loop
      vertex 30.398 38.1725 18.9046
      vertex 30.6092 36.8789 18.5812
      vertex 30.4719 36.8469 18.5732
    endloop
  endfacet
  facet normal -6.80533e-05 0.242525 -0.970145
    outer loop
      vertex 30.6092 36.8789 18.5812
      vertex 30.398 38.1725 18.9046
      vertex 30.75 38.1994 18.9113
    endloop
  endfacet
  facet normal 1.22652e-14 0.242536 -0.970143
    outer loop
      vertex 30.0547 38.0925 18.8846
      vertex 30.4719 36.8469 18.5732
      vertex 30.3414 36.7945 18.5601
    endloop
  endfacet
  facet normal -2.8255e-05 0.24258 -0.970131
    outer loop
      vertex 29.7285 37.9614 18.8519
      vertex 30.3414 36.7945 18.5601
      vertex 30.221 36.7229 18.5422
    endloop
  endfacet
  facet normal -0.000278712 0.242339 -0.970192
    outer loop
      vertex 29.4275 37.7825 18.8071
      vertex 30.221 36.7229 18.5422
      vertex 30.1136 36.6339 18.52
    endloop
  endfacet
  facet normal 3.50465e-16 0.242536 -0.970143
    outer loop
      vertex 30.4719 36.8469 18.5732
      vertex 30.0547 38.0925 18.8846
      vertex 30.398 38.1725 18.9046
    endloop
  endfacet
  facet normal 0.000379291 0.242879 -0.970057
    outer loop
      vertex 29.159 37.56 18.7515
      vertex 30.1136 36.6339 18.52
      vertex 30.0219 36.5298 18.4939
    endloop
  endfacet
  facet normal -0.00013194 0.242419 -0.970172
    outer loop
      vertex 28.9297 37.2996 18.6864
      vertex 30.0219 36.5298 18.4939
      vertex 29.9481 36.4129 18.4647
    endloop
  endfacet
  facet normal -0.000111562 0.2424 -0.970176
    outer loop
      vertex 28.7452 37.0075 18.6134
      vertex 29.9481 36.4129 18.4647
      vertex 29.8941 36.2864 18.4331
    endloop
  endfacet
  facet normal -7.07212e-05 0.242381 -0.970181
    outer loop
      vertex 28.6101 36.6911 18.5343
      vertex 29.8941 36.2864 18.4331
      vertex 29.8611 36.1531 18.3998
    endloop
  endfacet
  facet normal -0.000204871 0.242493 -0.970153
    outer loop
      vertex 30.3414 36.7945 18.5601
      vertex 29.7285 37.9614 18.8519
      vertex 30.0547 38.0925 18.8846
    endloop
  endfacet
  facet normal 7.18537e-05 0.242864 -0.97006
    outer loop
      vertex 28.5277 36.358 18.451
      vertex 29.8611 36.1531 18.3998
      vertex 29.85 36.0165 18.3656
    endloop
  endfacet
  facet normal 1.5908e-05 0.242467 -0.97016
    outer loop
      vertex 28.7452 35.0256 18.1179
      vertex 29.9481 35.6201 18.2665
      vertex 28.9297 34.7335 18.0449
    endloop
  endfacet
  facet normal -0.000173033 0.242827 -0.97007
    outer loop
      vertex 29.9481 35.6201 18.2665
      vertex 28.7452 35.0256 18.1179
      vertex 29.8941 35.7467 18.2982
    endloop
  endfacet
  facet normal 0.000167271 0.242654 -0.970113
    outer loop
      vertex 30.221 36.7229 18.5422
      vertex 29.4275 37.7825 18.8071
      vertex 29.7285 37.9614 18.8519
    endloop
  endfacet
  facet normal 1.66485e-05 0.242542 -0.970141
    outer loop
      vertex 28.6101 35.342 18.197
      vertex 29.8941 35.7467 18.2982
      vertex 28.7452 35.0256 18.1179
    endloop
  endfacet
  facet normal -3.7013e-05 0.242475 -0.970158
    outer loop
      vertex 30.1136 36.6339 18.52
      vertex 29.159 37.56 18.7515
      vertex 29.4275 37.7825 18.8071
    endloop
  endfacet
  facet normal 7.07212e-05 0.242381 -0.970181
    outer loop
      vertex 29.8941 35.7467 18.2982
      vertex 28.6101 35.342 18.197
      vertex 29.8611 35.88 18.3315
    endloop
  endfacet
  facet normal -2.7404e-05 0.242558 -0.970137
    outer loop
      vertex 30.0219 36.5298 18.4939
      vertex 28.9297 37.2996 18.6864
      vertex 29.159 37.56 18.7515
    endloop
  endfacet
  facet normal -2.83017e-05 0.242598 -0.970127
    outer loop
      vertex 28.5277 35.6751 18.2803
      vertex 29.8611 35.88 18.3315
      vertex 28.6101 35.342 18.197
    endloop
  endfacet
  facet normal -6.20087e-05 0.242494 -0.970153
    outer loop
      vertex 29.9481 36.4129 18.4647
      vertex 28.7452 37.0075 18.6134
      vertex 28.9297 37.2996 18.6864
    endloop
  endfacet
  facet normal 9.00251e-06 0.242369 -0.970184
    outer loop
      vertex 29.8611 35.88 18.3315
      vertex 28.5277 35.6751 18.2803
      vertex 29.85 36.0165 18.3656
    endloop
  endfacet
  facet normal -1.66485e-05 0.242542 -0.970141
    outer loop
      vertex 29.8941 36.2864 18.4331
      vertex 28.6101 36.6911 18.5343
      vertex 28.7452 37.0075 18.6134
    endloop
  endfacet
  facet normal 0 0.242402 -0.970176
    outer loop
      vertex 28.5 36.0165 18.3656
      vertex 29.85 36.0165 18.3656
      vertex 28.5277 35.6751 18.2803
    endloop
  endfacet
  facet normal 2.83017e-05 0.242598 -0.970127
    outer loop
      vertex 29.8611 36.1531 18.3998
      vertex 28.5277 36.358 18.451
      vertex 28.6101 36.6911 18.5343
    endloop
  endfacet
  facet normal 0 0.242602 -0.970126
    outer loop
      vertex 29.85 36.0165 18.3656
      vertex 28.5 36.0165 18.3656
      vertex 28.5277 36.358 18.451
    endloop
  endfacet
  facet normal 0.9239 -0.37121 -0.0927992
    outer loop
      vertex 32.7548 34.3088 20.9849
      vertex 32.8899 35.342 18.197
      vertex 32.8899 34.622 21.0771
    endloop
  endfacet
  facet normal 0.92387 -0.371278 -0.0928259
    outer loop
      vertex 32.8899 35.342 18.197
      vertex 32.7548 34.3088 20.9849
      vertex 32.7548 35.0256 18.1179
    endloop
  endfacet
  facet normal 0.649482 0.737674 0.184418
    outer loop
      vertex 32.341 36.8172 21.7227
      vertex 32.0725 37.7825 18.8071
      vertex 32.0725 37.0374 21.7875
    endloop
  endfacet
  facet normal 0.649482 0.737674 0.184418
    outer loop
      vertex 32.0725 37.7825 18.8071
      vertex 32.341 36.8172 21.7227
      vertex 32.341 37.56 18.7515
    endloop
  endfacet
  facet normal 0.522489 0.82719 0.206791
    outer loop
      vertex 32.0725 37.0374 21.7875
      vertex 31.7715 37.9614 18.8519
      vertex 31.7715 37.2145 21.8396
    endloop
  endfacet
  facet normal 0.522439 0.827218 0.206804
    outer loop
      vertex 31.7715 37.9614 18.8519
      vertex 32.0725 37.0374 21.7875
      vertex 32.0725 37.7825 18.8071
    endloop
  endfacet
  facet normal 0.522489 -0.827188 -0.206797
    outer loop
      vertex 31.7715 33.3647 20.7073
      vertex 32.0725 34.2506 17.9242
      vertex 32.0725 33.5418 20.7594
    endloop
  endfacet
  facet normal 0.522639 -0.827104 -0.206754
    outer loop
      vertex 32.0725 34.2506 17.9242
      vertex 31.7715 33.3647 20.7073
      vertex 31.7715 34.0716 17.8794
    endloop
  endfacet
  facet normal 0.233366 0.943356 0.235839
    outer loop
      vertex 31.4453 37.3443 21.8777
      vertex 31.102 38.1725 18.9046
      vertex 31.102 37.4234 21.901
    endloop
  endfacet
  facet normal 0.233561 0.943316 0.235805
    outer loop
      vertex 31.102 38.1725 18.9046
      vertex 31.4453 37.3443 21.8777
      vertex 31.4453 38.0925 18.8846
    endloop
  endfacet
  facet normal -0.852646 -0.506887 -0.126731
    outer loop
      vertex 28.9297 34.0197 20.8999
      vertex 28.7452 35.0256 18.1179
      vertex 28.9297 34.7335 18.0449
    endloop
  endfacet
  facet normal -0.852646 -0.506887 -0.126731
    outer loop
      vertex 28.7452 35.0256 18.1179
      vertex 28.9297 34.0197 20.8999
      vertex 28.7452 34.3088 20.9849
    endloop
  endfacet
  facet normal -0.760332 -0.630139 -0.15754
    outer loop
      vertex 29.159 33.762 20.8241
      vertex 28.9297 34.7335 18.0449
      vertex 29.159 34.4731 17.9798
    endloop
  endfacet
  facet normal -0.760304 -0.630171 -0.157554
    outer loop
      vertex 28.9297 34.7335 18.0449
      vertex 29.159 33.762 20.8241
      vertex 28.9297 34.0197 20.8999
    endloop
  endfacet
  facet normal -0.760332 0.630137 0.15755
    outer loop
      vertex 28.9297 36.5594 21.6469
      vertex 29.159 37.56 18.7515
      vertex 28.9297 37.2996 18.6864
    endloop
  endfacet
  facet normal -0.760419 0.630042 0.157511
    outer loop
      vertex 29.159 37.56 18.7515
      vertex 28.9297 36.5594 21.6469
      vertex 29.159 36.8172 21.7227
    endloop
  endfacet
  facet normal -0.649443 -0.737705 -0.184433
    outer loop
      vertex 29.159 34.4731 17.9798
      vertex 29.4275 33.5418 20.7594
      vertex 29.159 33.762 20.8241
    endloop
  endfacet
  facet normal -0.649482 -0.737674 -0.184418
    outer loop
      vertex 29.4275 33.5418 20.7594
      vertex 29.159 34.4731 17.9798
      vertex 29.4275 34.2506 17.9242
    endloop
  endfacet
  facet normal -0.0784438 -0.967151 -0.241796
    outer loop
      vertex 30.398 33.8606 17.8267
      vertex 30.75 33.1292 20.638
      vertex 30.398 33.1558 20.6458
    endloop
  endfacet
  facet normal -0.0785803 -0.967145 -0.241778
    outer loop
      vertex 30.75 33.1292 20.638
      vertex 30.398 33.8606 17.8267
      vertex 30.75 33.8337 17.8199
    endloop
  endfacet
  facet normal 0.233366 -0.94335 -0.235863
    outer loop
      vertex 31.102 33.1558 20.6458
      vertex 31.4453 33.9406 17.8466
      vertex 31.4453 33.2349 20.6691
    endloop
  endfacet
  facet normal 0.233496 -0.943324 -0.235839
    outer loop
      vertex 31.4453 33.9406 17.8466
      vertex 31.102 33.1558 20.6458
      vertex 31.102 33.8606 17.8267
    endloop
  endfacet
  facet normal 0.382801 0.896253 0.224041
    outer loop
      vertex 31.7715 37.2145 21.8396
      vertex 31.4453 38.0925 18.8846
      vertex 31.4453 37.3443 21.8777
    endloop
  endfacet
  facet normal 0.382684 0.896296 0.224067
    outer loop
      vertex 31.4453 38.0925 18.8846
      vertex 31.7715 37.2145 21.8396
      vertex 31.7715 37.9614 18.8519
    endloop
  endfacet
  facet normal -0.996918 0.0761051 0.019025
    outer loop
      vertex 28.5 35.2896 21.2734
      vertex 28.5277 36.358 18.451
      vertex 28.5 36.0165 18.3656
    endloop
  endfacet
  facet normal -0.996918 0.0761052 0.019025
    outer loop
      vertex 28.5277 36.358 18.451
      vertex 28.5 35.2896 21.2734
      vertex 28.5277 35.6276 21.3728
    endloop
  endfacet
  facet normal -0.382801 0.896253 0.224041
    outer loop
      vertex 30.0547 38.0925 18.8846
      vertex 29.7285 37.2145 21.8396
      vertex 30.0547 37.3443 21.8777
    endloop
  endfacet
  facet normal -0.382684 0.896296 0.224067
    outer loop
      vertex 29.7285 37.2145 21.8396
      vertex 30.0547 38.0925 18.8846
      vertex 29.7285 37.9614 18.8519
    endloop
  endfacet
  facet normal -0.852646 0.50689 0.126718
    outer loop
      vertex 28.7452 36.2704 21.5619
      vertex 28.9297 37.2996 18.6864
      vertex 28.7452 37.0075 18.6134
    endloop
  endfacet
  facet normal -0.852571 0.507005 0.126764
    outer loop
      vertex 28.9297 37.2996 18.6864
      vertex 28.7452 36.2704 21.5619
      vertex 28.9297 36.5594 21.6469
    endloop
  endfacet
  facet normal -0.382859 -0.89623 -0.224034
    outer loop
      vertex 29.7285 34.0716 17.8794
      vertex 30.0547 33.2349 20.6691
      vertex 29.7285 33.3647 20.7073
    endloop
  endfacet
  facet normal -0.382508 -0.89636 -0.224114
    outer loop
      vertex 30.0547 33.2349 20.6691
      vertex 29.7285 34.0716 17.8794
      vertex 30.0547 33.9406 17.8466
    endloop
  endfacet
  facet normal -0.760489 0.629963 0.157491
    outer loop
      vertex 31.3864 34.6785 21.0937
      vertex 31.4781 35.5033 18.2373
      vertex 31.3864 35.3991 18.2113
    endloop
  endfacet
  facet normal -0.760706 0.62972 0.157414
    outer loop
      vertex 31.4781 35.5033 18.2373
      vertex 31.3864 34.6785 21.0937
      vertex 31.4781 34.7817 21.124
    endloop
  endfacet
  facet normal -0.972347 0.226568 0.0566361
    outer loop
      vertex 31.6059 35.0226 21.1949
      vertex 31.6389 35.88 18.3315
      vertex 31.6059 35.7467 18.2982
    endloop
  endfacet
  facet normal -0.972301 0.226755 0.0566925
    outer loop
      vertex 31.6389 35.88 18.3315
      vertex 31.6059 35.0226 21.1949
      vertex 31.6389 35.1544 21.2337
    endloop
  endfacet
  facet normal -0.972347 -0.226567 -0.0566379
    outer loop
      vertex 31.6389 35.4248 21.3132
      vertex 31.6059 36.2864 18.4331
      vertex 31.6389 36.1531 18.3998
    endloop
  endfacet
  facet normal -0.972301 -0.226754 -0.0566943
    outer loop
      vertex 31.6059 36.2864 18.4331
      vertex 31.6389 35.4248 21.3132
      vertex 31.6059 35.5566 21.352
    endloop
  endfacet
  facet normal -0.522863 0.826965 0.206741
    outer loop
      vertex 31.279 35.3102 18.189
      vertex 31.1586 34.5196 21.0469
      vertex 31.279 34.5905 21.0678
    endloop
  endfacet
  facet normal -0.522489 0.827183 0.206817
    outer loop
      vertex 31.1586 34.5196 21.0469
      vertex 31.279 35.3102 18.189
      vertex 31.1586 35.2386 18.1712
    endloop
  endfacet
  facet normal -0.382575 -0.896344 -0.224063
    outer loop
      vertex 31.0281 36.8469 18.5732
      vertex 31.1586 36.0596 21.4999
      vertex 31.0281 36.1115 21.5151
    endloop
  endfacet
  facet normal -0.382428 -0.896401 -0.224085
    outer loop
      vertex 31.1586 36.0596 21.4999
      vertex 31.0281 36.8469 18.5732
      vertex 31.1586 36.7945 18.5601
    endloop
  endfacet
  facet normal -0.760272 -0.630206 -0.157568
    outer loop
      vertex 31.4781 35.7975 21.4228
      vertex 31.3864 36.6339 18.52
      vertex 31.4781 36.5298 18.4939
    endloop
  endfacet
  facet normal -0.760706 -0.62972 -0.157414
    outer loop
      vertex 31.3864 36.6339 18.52
      vertex 31.4781 35.7975 21.4228
      vertex 31.3864 35.9007 21.4531
    endloop
  endfacet
  facet normal 0.760706 -0.62972 -0.157414
    outer loop
      vertex 30.0219 35.7975 21.4228
      vertex 30.1136 36.6339 18.52
      vertex 30.1136 35.9007 21.4531
    endloop
  endfacet
  facet normal 0.760272 -0.630206 -0.157568
    outer loop
      vertex 30.1136 36.6339 18.52
      vertex 30.0219 35.7975 21.4228
      vertex 30.0219 36.5298 18.4939
    endloop
  endfacet
  facet normal 0.924 -0.370975 -0.0927406
    outer loop
      vertex 29.8941 35.5566 21.352
      vertex 29.9481 36.4129 18.4647
      vertex 29.9481 35.6819 21.3888
    endloop
  endfacet
  facet normal 0.9239 -0.371208 -0.0928114
    outer loop
      vertex 29.9481 36.4129 18.4647
      vertex 29.8941 35.5566 21.352
      vertex 29.8941 36.2864 18.4331
    endloop
  endfacet
  facet normal -0.996908 -0.0762364 -0.0190578
    outer loop
      vertex 31.65 35.2896 21.2734
      vertex 31.6389 36.1531 18.3998
      vertex 31.65 36.0165 18.3656
    endloop
  endfacet
  facet normal -0.996908 -0.0762365 -0.0190578
    outer loop
      vertex 31.6389 36.1531 18.3998
      vertex 31.65 35.2896 21.2734
      vertex 31.6389 35.4248 21.3132
    endloop
  endfacet
  facet normal 0.649145 -0.737953 -0.184488
    outer loop
      vertex 30.1136 35.9007 21.4531
      vertex 30.221 36.7229 18.5422
      vertex 30.221 35.9887 21.479
    endloop
  endfacet
  facet normal 0.649443 -0.737711 -0.184409
    outer loop
      vertex 30.221 36.7229 18.5422
      vertex 30.1136 35.9007 21.4531
      vertex 30.1136 36.6339 18.52
    endloop
  endfacet
  facet normal -0.9239 -0.371208 -0.0928114
    outer loop
      vertex 31.6059 35.5566 21.352
      vertex 31.5519 36.4129 18.4647
      vertex 31.6059 36.2864 18.4331
    endloop
  endfacet
  facet normal -0.924 -0.370975 -0.0927406
    outer loop
      vertex 31.5519 36.4129 18.4647
      vertex 31.6059 35.5566 21.352
      vertex 31.5519 35.6819 21.3888
    endloop
  endfacet
  facet normal 0.522863 -0.826969 -0.206728
    outer loop
      vertex 30.221 35.9887 21.479
      vertex 30.3414 36.7945 18.5601
      vertex 30.3414 36.0596 21.4999
    endloop
  endfacet
  facet normal 0.522614 -0.827114 -0.206778
    outer loop
      vertex 30.3414 36.7945 18.5601
      vertex 30.221 35.9887 21.479
      vertex 30.221 36.7229 18.5422
    endloop
  endfacet
  facet normal -0.0789899 -0.967113 -0.24177
    outer loop
      vertex 30.75 36.8897 18.5839
      vertex 30.8908 36.1431 21.5244
      vertex 30.75 36.1538 21.5276
    endloop
  endfacet
  facet normal -0.0788193 -0.967124 -0.241781
    outer loop
      vertex 30.8908 36.1431 21.5244
      vertex 30.75 36.8897 18.5839
      vertex 30.8908 36.8789 18.5812
    endloop
  endfacet
  facet normal -0.0789899 0.967111 0.241778
    outer loop
      vertex 30.8908 35.1542 18.15
      vertex 30.75 34.4254 21.0192
      vertex 30.8908 34.4361 21.0224
    endloop
  endfacet
  facet normal -0.0786486 0.967133 0.2418
    outer loop
      vertex 30.75 34.4254 21.0192
      vertex 30.8908 35.1542 18.15
      vertex 30.75 35.1434 18.1474
    endloop
  endfacet
  facet normal 0.382575 0.896333 0.224107
    outer loop
      vertex 30.4719 34.4677 21.0317
      vertex 30.3414 35.2386 18.1712
      vertex 30.3414 34.5196 21.0469
    endloop
  endfacet
  facet normal 0.383161 0.896105 0.224018
    outer loop
      vertex 30.3414 35.2386 18.1712
      vertex 30.4719 34.4677 21.0317
      vertex 30.4719 35.1861 18.158
    endloop
  endfacet
  facet normal -0.852571 0.507011 0.12674
    outer loop
      vertex 31.4781 34.7817 21.124
      vertex 31.5519 35.6201 18.2665
      vertex 31.4781 35.5033 18.2373
    endloop
  endfacet
  facet normal -0.85257 0.507012 0.12674
    outer loop
      vertex 31.5519 35.6201 18.2665
      vertex 31.4781 34.7817 21.124
      vertex 31.5519 34.8973 21.158
    endloop
  endfacet
  facet normal 0.0789899 -0.967113 -0.24177
    outer loop
      vertex 30.6092 36.1431 21.5244
      vertex 30.75 36.8897 18.5839
      vertex 30.75 36.1538 21.5276
    endloop
  endfacet
  facet normal 0.0788193 -0.967124 -0.241781
    outer loop
      vertex 30.75 36.8897 18.5839
      vertex 30.6092 36.1431 21.5244
      vertex 30.6092 36.8789 18.5812
    endloop
  endfacet
  facet normal 0.852571 -0.507005 -0.126764
    outer loop
      vertex 29.9481 35.6819 21.3888
      vertex 30.0219 36.5298 18.4939
      vertex 30.0219 35.7975 21.4228
    endloop
  endfacet
  facet normal 0.852758 -0.506712 -0.126674
    outer loop
      vertex 30.0219 36.5298 18.4939
      vertex 29.9481 35.6819 21.3888
      vertex 29.9481 36.4129 18.4647
    endloop
  endfacet
  facet normal -0.996902 0.0763011 0.0190766
    outer loop
      vertex 31.6389 35.1544 21.2337
      vertex 31.65 36.0165 18.3656
      vertex 31.6389 35.88 18.3315
    endloop
  endfacet
  facet normal -0.996907 0.0762495 0.0190611
    outer loop
      vertex 31.65 36.0165 18.3656
      vertex 31.6389 35.1544 21.2337
      vertex 31.65 35.2896 21.2734
    endloop
  endfacet
  facet normal 0.924025 0.370918 0.0927199
    outer loop
      vertex 29.9481 34.8973 21.158
      vertex 29.8941 35.7467 18.2982
      vertex 29.8941 35.0226 21.1949
    endloop
  endfacet
  facet normal 0.924026 0.370918 0.0927198
    outer loop
      vertex 29.8941 35.7467 18.2982
      vertex 29.9481 34.8973 21.158
      vertex 29.9481 35.6201 18.2665
    endloop
  endfacet
  facet normal 0.760706 0.62972 0.157414
    outer loop
      vertex 30.1136 34.6785 21.0937
      vertex 30.0219 35.5033 18.2373
      vertex 30.0219 34.7817 21.124
    endloop
  endfacet
  facet normal 0.760489 0.629963 0.157491
    outer loop
      vertex 30.0219 35.5033 18.2373
      vertex 30.1136 34.6785 21.0937
      vertex 30.1136 35.3991 18.2113
    endloop
  endfacet
  facet normal -0.382575 0.896333 0.224107
    outer loop
      vertex 31.1586 35.2386 18.1712
      vertex 31.0281 34.4677 21.0317
      vertex 31.1586 34.5196 21.0469
    endloop
  endfacet
  facet normal -0.383161 0.896105 0.224018
    outer loop
      vertex 31.0281 34.4677 21.0317
      vertex 31.1586 35.2386 18.1712
      vertex 31.0281 35.1861 18.158
    endloop
  endfacet
  facet normal -0.852758 -0.506712 -0.126674
    outer loop
      vertex 31.5519 35.6819 21.3888
      vertex 31.4781 36.5298 18.4939
      vertex 31.5519 36.4129 18.4647
    endloop
  endfacet
  facet normal -0.852571 -0.507005 -0.126764
    outer loop
      vertex 31.4781 36.5298 18.4939
      vertex 31.5519 35.6819 21.3888
      vertex 31.4781 35.7975 21.4228
    endloop
  endfacet
  facet normal -0.522863 -0.826969 -0.206728
    outer loop
      vertex 31.1586 36.7945 18.5601
      vertex 31.279 35.9887 21.479
      vertex 31.1586 36.0596 21.4999
    endloop
  endfacet
  facet normal -0.522614 -0.827114 -0.206778
    outer loop
      vertex 31.279 35.9887 21.479
      vertex 31.1586 36.7945 18.5601
      vertex 31.279 36.7229 18.5422
    endloop
  endfacet
  facet normal 0.522863 0.826965 0.206741
    outer loop
      vertex 30.3414 34.5196 21.0469
      vertex 30.221 35.3102 18.189
      vertex 30.221 34.5905 21.0678
    endloop
  endfacet
  facet normal 0.522489 0.827183 0.206817
    outer loop
      vertex 30.221 35.3102 18.189
      vertex 30.3414 34.5196 21.0469
      vertex 30.3414 35.2386 18.1712
    endloop
  endfacet
  facet normal -0.649145 -0.737953 -0.184488
    outer loop
      vertex 31.279 36.7229 18.5422
      vertex 31.3864 35.9007 21.4531
      vertex 31.279 35.9887 21.479
    endloop
  endfacet
  facet normal -0.649443 -0.737711 -0.184409
    outer loop
      vertex 31.3864 35.9007 21.4531
      vertex 31.279 36.7229 18.5422
      vertex 31.3864 36.6339 18.52
    endloop
  endfacet
  facet normal 0.382575 -0.896344 -0.224063
    outer loop
      vertex 30.3414 36.0596 21.4999
      vertex 30.4719 36.8469 18.5732
      vertex 30.4719 36.1115 21.5151
    endloop
  endfacet
  facet normal 0.382428 -0.896401 -0.224085
    outer loop
      vertex 30.4719 36.8469 18.5732
      vertex 30.3414 36.0596 21.4999
      vertex 30.3414 36.7945 18.5601
    endloop
  endfacet
  facet normal -0.924026 0.370918 0.0927198
    outer loop
      vertex 31.5519 34.8973 21.158
      vertex 31.6059 35.7467 18.2982
      vertex 31.5519 35.6201 18.2665
    endloop
  endfacet
  facet normal -0.924025 0.370918 0.0927199
    outer loop
      vertex 31.6059 35.7467 18.2982
      vertex 31.5519 34.8973 21.158
      vertex 31.6059 35.0226 21.1949
    endloop
  endfacet
  facet normal 0.972301 0.226755 0.0566925
    outer loop
      vertex 29.8941 35.0226 21.1949
      vertex 29.8611 35.88 18.3315
      vertex 29.8611 35.1544 21.2337
    endloop
  endfacet
  facet normal 0.972347 0.226568 0.0566361
    outer loop
      vertex 29.8611 35.88 18.3315
      vertex 29.8941 35.0226 21.1949
      vertex 29.8941 35.7467 18.2982
    endloop
  endfacet
  facet normal 0.233106 -0.943416 -0.235854
    outer loop
      vertex 30.4719 36.1115 21.5151
      vertex 30.6092 36.8789 18.5812
      vertex 30.6092 36.1431 21.5244
    endloop
  endfacet
  facet normal 0.233593 -0.943309 -0.235803
    outer loop
      vertex 30.6092 36.8789 18.5812
      vertex 30.4719 36.1115 21.5151
      vertex 30.4719 36.8469 18.5732
    endloop
  endfacet
  facet normal -0.233106 -0.943416 -0.235854
    outer loop
      vertex 30.8908 36.8789 18.5812
      vertex 31.0281 36.1115 21.5151
      vertex 30.8908 36.1431 21.5244
    endloop
  endfacet
  facet normal -0.233593 -0.943309 -0.235803
    outer loop
      vertex 31.0281 36.1115 21.5151
      vertex 30.8908 36.8789 18.5812
      vertex 31.0281 36.8469 18.5732
    endloop
  endfacet
  facet normal 0.85257 0.507012 0.12674
    outer loop
      vertex 30.0219 34.7817 21.124
      vertex 29.9481 35.6201 18.2665
      vertex 29.9481 34.8973 21.158
    endloop
  endfacet
  facet normal 0.852571 0.507011 0.12674
    outer loop
      vertex 29.9481 35.6201 18.2665
      vertex 30.0219 34.7817 21.124
      vertex 30.0219 35.5033 18.2373
    endloop
  endfacet
  facet normal -0.233106 0.943418 0.235846
    outer loop
      vertex 31.0281 35.1861 18.158
      vertex 30.8908 34.4361 21.0224
      vertex 31.0281 34.4677 21.0317
    endloop
  endfacet
  facet normal -0.232943 0.943454 0.235864
    outer loop
      vertex 30.8908 34.4361 21.0224
      vertex 31.0281 35.1861 18.158
      vertex 30.8908 35.1542 18.15
    endloop
  endfacet
  facet normal 0.972301 -0.226754 -0.0566943
    outer loop
      vertex 29.8611 35.4248 21.3132
      vertex 29.8941 36.2864 18.4331
      vertex 29.8941 35.5566 21.352
    endloop
  endfacet
  facet normal 0.972347 -0.226567 -0.0566379
    outer loop
      vertex 29.8941 36.2864 18.4331
      vertex 29.8611 35.4248 21.3132
      vertex 29.8611 36.1531 18.3998
    endloop
  endfacet
  facet normal 0.996907 0.0762495 0.0190611
    outer loop
      vertex 29.8611 35.1544 21.2337
      vertex 29.85 36.0165 18.3656
      vertex 29.85 35.2896 21.2734
    endloop
  endfacet
  facet normal 0.996902 0.0763011 0.0190766
    outer loop
      vertex 29.85 36.0165 18.3656
      vertex 29.8611 35.1544 21.2337
      vertex 29.8611 35.88 18.3315
    endloop
  endfacet
  facet normal 0.0789899 0.967111 0.241778
    outer loop
      vertex 30.75 34.4254 21.0192
      vertex 30.6092 35.1542 18.15
      vertex 30.6092 34.4361 21.0224
    endloop
  endfacet
  facet normal 0.0786486 0.967133 0.2418
    outer loop
      vertex 30.6092 35.1542 18.15
      vertex 30.75 34.4254 21.0192
      vertex 30.75 35.1434 18.1474
    endloop
  endfacet
  facet normal 0.996908 -0.0762365 -0.0190578
    outer loop
      vertex 29.85 35.2896 21.2734
      vertex 29.8611 36.1531 18.3998
      vertex 29.8611 35.4248 21.3132
    endloop
  endfacet
  facet normal 0.996908 -0.0762364 -0.0190578
    outer loop
      vertex 29.8611 36.1531 18.3998
      vertex 29.85 35.2896 21.2734
      vertex 29.85 36.0165 18.3656
    endloop
  endfacet
  facet normal 0.649145 0.737953 0.184488
    outer loop
      vertex 30.221 34.5905 21.0678
      vertex 30.1136 35.3991 18.2113
      vertex 30.1136 34.6785 21.0937
    endloop
  endfacet
  facet normal 0.649145 0.737953 0.184488
    outer loop
      vertex 30.1136 35.3991 18.2113
      vertex 30.221 34.5905 21.0678
      vertex 30.221 35.3102 18.189
    endloop
  endfacet
  facet normal -0.649145 0.737953 0.184488
    outer loop
      vertex 31.3864 35.3991 18.2113
      vertex 31.279 34.5905 21.0678
      vertex 31.3864 34.6785 21.0937
    endloop
  endfacet
  facet normal -0.649145 0.737953 0.184488
    outer loop
      vertex 31.279 34.5905 21.0678
      vertex 31.3864 35.3991 18.2113
      vertex 31.279 35.3102 18.189
    endloop
  endfacet
  facet normal 0.233106 0.943418 0.235846
    outer loop
      vertex 30.6092 34.4361 21.0224
      vertex 30.4719 35.1861 18.158
      vertex 30.4719 34.4677 21.0317
    endloop
  endfacet
  facet normal 0.232943 0.943454 0.235864
    outer loop
      vertex 30.4719 35.1861 18.158
      vertex 30.6092 34.4361 21.0224
      vertex 30.6092 35.1542 18.15
    endloop
  endfacet
  facet normal 0.760332 -0.630142 -0.157532
    outer loop
      vertex 32.341 61.6071 29.0138
      vertex 32.5703 62.8676 25.0784
      vertex 32.5703 61.8648 29.0897
    endloop
  endfacet
  facet normal 0.760332 -0.630142 -0.157531
    outer loop
      vertex 32.5703 62.8676 25.0784
      vertex 32.341 61.6071 29.0138
      vertex 32.341 62.6072 25.0133
    endloop
  endfacet
  facet normal 0.760448 0.630007 0.15751
    outer loop
      vertex 32.341 64.7404 29.6
      vertex 32.5703 65.4337 25.7199
      vertex 32.341 65.6942 25.785
    endloop
  endfacet
  facet normal 0.760362 0.630108 0.157523
    outer loop
      vertex 32.5703 65.4337 25.7199
      vertex 32.341 64.7404 29.6
      vertex 32.5703 64.4637 29.6
    endloop
  endfacet
  facet normal 0.649443 -0.737708 -0.184422
    outer loop
      vertex 32.0725 61.3869 28.9491
      vertex 32.341 62.6072 25.0133
      vertex 32.341 61.6071 29.0138
    endloop
  endfacet
  facet normal 0.649482 -0.737676 -0.18441
    outer loop
      vertex 32.341 62.6072 25.0133
      vertex 32.0725 61.3869 28.9491
      vertex 32.0725 62.3847 24.9577
    endloop
  endfacet
  facet normal 0.972391 0.22639 0.0565948
    outer loop
      vertex 32.8899 63.8172 29.6
      vertex 32.9723 64.4921 25.4845
      vertex 32.8899 64.8252 25.5678
    endloop
  endfacet
  facet normal 0.972447 0.226546 0.0549824
    outer loop
      vertex 32.9723 63.4726 29.5625
      vertex 32.8899 63.8172 29.6
      vertex 32.9405 63.6 29.6
    endloop
  endfacet
  facet normal 0.972399 0.22636 0.0565899
    outer loop
      vertex 32.8899 63.8172 29.6
      vertex 32.9723 63.4726 29.5625
      vertex 32.9723 64.4921 25.4845
    endloop
  endfacet
  facet normal -0.92391 0.371185 0.0927985
    outer loop
      vertex 28.6101 64.8252 25.5678
      vertex 28.7452 64.1534 29.6
      vertex 28.7452 65.1417 25.6469
    endloop
  endfacet
  facet normal -0.923881 0.371256 0.0928094
    outer loop
      vertex 28.7452 64.1534 29.6
      vertex 28.6101 64.8252 25.5678
      vertex 28.6101 63.8172 29.6
    endloop
  endfacet
  facet normal 0.078512 -0.967151 -0.241776
    outer loop
      vertex 30.75 60.9743 28.8277
      vertex 31.102 61.9947 24.8602
      vertex 31.102 61.0009 28.8356
    endloop
  endfacet
  facet normal 0.078239 -0.967166 -0.241804
    outer loop
      vertex 31.102 61.9947 24.8602
      vertex 30.75 60.9743 28.8277
      vertex 30.75 61.9679 24.8535
    endloop
  endfacet
  facet normal 0.38286 -0.896225 -0.224051
    outer loop
      vertex 31.4453 61.08 28.8588
      vertex 31.7715 62.2058 24.9129
      vertex 31.7715 61.2098 28.897
    endloop
  endfacet
  facet normal 0.382684 -0.896292 -0.224084
    outer loop
      vertex 31.7715 62.2058 24.9129
      vertex 31.4453 61.08 28.8588
      vertex 31.4453 62.0747 24.8802
    endloop
  endfacet
  facet normal -0.996918 -0.0761047 -0.0190266
    outer loop
      vertex 28.5277 62.7967 29.3637
      vertex 28.5 64.1507 25.3992
      vertex 28.5277 63.8092 25.3138
    endloop
  endfacet
  facet normal -0.996918 -0.0761047 -0.0190266
    outer loop
      vertex 28.5 64.1507 25.3992
      vertex 28.5277 62.7967 29.3637
      vertex 28.5 63.1347 29.4631
    endloop
  endfacet
  facet normal 0.852646 -0.50689 -0.126719
    outer loop
      vertex 32.5703 61.8648 29.0897
      vertex 32.7548 63.1597 25.1514
      vertex 32.7548 62.1539 29.1747
    endloop
  endfacet
  facet normal 0.852646 -0.50689 -0.126719
    outer loop
      vertex 32.7548 63.1597 25.1514
      vertex 32.5703 61.8648 29.0897
      vertex 32.5703 62.8676 25.0784
    endloop
  endfacet
  facet normal 0.92391 0.371185 0.0927985
    outer loop
      vertex 32.7548 64.1534 29.6
      vertex 32.8899 64.8252 25.5678
      vertex 32.7548 65.1417 25.6469
    endloop
  endfacet
  facet normal 0.923881 0.371256 0.0928094
    outer loop
      vertex 32.8899 64.8252 25.5678
      vertex 32.7548 64.1534 29.6
      vertex 32.8899 63.8172 29.6
    endloop
  endfacet
  facet normal -0.972391 0.22639 0.0565948
    outer loop
      vertex 28.5277 64.4921 25.4845
      vertex 28.6101 63.8172 29.6
      vertex 28.6101 64.8252 25.5678
    endloop
  endfacet
  facet normal -0.972399 0.22636 0.0565899
    outer loop
      vertex 28.5277 63.4726 29.5625
      vertex 28.6101 63.8172 29.6
      vertex 28.5277 64.4921 25.4845
    endloop
  endfacet
  facet normal -0.972447 0.226546 0.0549824
    outer loop
      vertex 28.6101 63.8172 29.6
      vertex 28.5277 63.4726 29.5625
      vertex 28.5595 63.6 29.6
    endloop
  endfacet
  facet normal 0.996918 -0.0761047 -0.0190266
    outer loop
      vertex 32.9723 62.7967 29.3637
      vertex 33 64.1507 25.3992
      vertex 33 63.1347 29.4631
    endloop
  endfacet
  facet normal 0.996918 -0.0761047 -0.0190266
    outer loop
      vertex 33 64.1507 25.3992
      vertex 32.9723 62.7967 29.3637
      vertex 32.9723 63.8092 25.3138
    endloop
  endfacet
  facet normal 0.996917 0.0761257 0.0190314
    outer loop
      vertex 33 63.1347 29.4631
      vertex 32.9723 64.4921 25.4845
      vertex 32.9723 63.4726 29.5625
    endloop
  endfacet
  facet normal 0.996916 0.0761308 0.0190332
    outer loop
      vertex 32.9723 64.4921 25.4845
      vertex 33 63.1347 29.4631
      vertex 33 64.1507 25.3992
    endloop
  endfacet
  facet normal -0.233561 0.943313 0.235815
    outer loop
      vertex 30.398 66.3066 25.9382
      vertex 30.0547 65.3062 29.6
      vertex 30.398 65.3912 29.6
    endloop
  endfacet
  facet normal -0.233301 0.943368 0.235855
    outer loop
      vertex 30.0547 65.3062 29.6
      vertex 30.398 66.3066 25.9382
      vertex 30.0547 66.2267 25.9182
    endloop
  endfacet
  facet normal -0.0783071 0.967162 0.241797
    outer loop
      vertex 30.75 66.3335 25.9449
      vertex 30.398 65.3912 29.6
      vertex 30.75 65.4197 29.6
    endloop
  endfacet
  facet normal -0.0785121 0.967151 0.241775
    outer loop
      vertex 30.398 65.3912 29.6
      vertex 30.75 66.3335 25.9449
      vertex 30.398 66.3066 25.9382
    endloop
  endfacet
  facet normal -0.92387 -0.37128 -0.0928177
    outer loop
      vertex 28.7452 62.1539 29.1747
      vertex 28.6101 63.4761 25.2305
      vertex 28.7452 63.1597 25.1514
    endloop
  endfacet
  facet normal -0.92389 -0.371234 -0.0928016
    outer loop
      vertex 28.6101 63.4761 25.2305
      vertex 28.7452 62.1539 29.1747
      vertex 28.6101 62.4671 29.2668
    endloop
  endfacet
  facet normal -0.522438 0.827216 0.206815
    outer loop
      vertex 29.7285 66.0956 25.8854
      vertex 29.4275 64.9768 29.6
      vertex 29.7285 65.1669 29.6
    endloop
  endfacet
  facet normal -0.522589 0.82713 0.206777
    outer loop
      vertex 29.4275 64.9768 29.6
      vertex 29.7285 66.0956 25.8854
      vertex 29.4275 65.9166 25.8407
    endloop
  endfacet
  facet normal -0.522489 -0.827191 -0.206787
    outer loop
      vertex 29.4275 62.3847 24.9577
      vertex 29.7285 61.2098 28.897
      vertex 29.4275 61.3869 28.9491
    endloop
  endfacet
  facet normal -0.522439 -0.827219 -0.2068
    outer loop
      vertex 29.7285 61.2098 28.897
      vertex 29.4275 62.3847 24.9577
      vertex 29.7285 62.2058 24.9129
    endloop
  endfacet
  facet normal 0.972376 -0.22645 -0.0566139
    outer loop
      vertex 32.8899 62.4671 29.2668
      vertex 32.9723 63.8092 25.3138
      vertex 32.9723 62.7967 29.3637
    endloop
  endfacet
  facet normal 0.972391 -0.226391 -0.0565935
    outer loop
      vertex 32.9723 63.8092 25.3138
      vertex 32.8899 62.4671 29.2668
      vertex 32.8899 63.4761 25.2305
    endloop
  endfacet
  facet normal -0.233301 -0.943368 -0.235854
    outer loop
      vertex 30.0547 62.0747 24.8802
      vertex 30.398 61.0009 28.8356
      vertex 30.0547 61.08 28.8588
    endloop
  endfacet
  facet normal -0.233561 -0.943313 -0.235816
    outer loop
      vertex 30.398 61.0009 28.8356
      vertex 30.0547 62.0747 24.8802
      vertex 30.398 61.9947 24.8602
    endloop
  endfacet
  facet normal 0.0783071 0.967162 0.241797
    outer loop
      vertex 31.102 65.3912 29.6
      vertex 30.75 66.3335 25.9449
      vertex 30.75 65.4197 29.6
    endloop
  endfacet
  facet normal 0.0785121 0.967151 0.241775
    outer loop
      vertex 30.75 66.3335 25.9449
      vertex 31.102 65.3912 29.6
      vertex 31.102 66.3066 25.9382
    endloop
  endfacet
  facet normal 0.852571 0.507009 0.126749
    outer loop
      vertex 32.5703 64.4637 29.6
      vertex 32.7548 65.1417 25.6469
      vertex 32.5703 65.4337 25.7199
    endloop
  endfacet
  facet normal 0.852608 0.506949 0.12674
    outer loop
      vertex 32.7548 65.1417 25.6469
      vertex 32.5703 64.4637 29.6
      vertex 32.7548 64.1534 29.6
    endloop
  endfacet
  facet normal -0.649483 0.737674 0.184414
    outer loop
      vertex 29.4275 65.9166 25.8407
      vertex 29.159 64.7404 29.6
      vertex 29.4275 64.9768 29.6
    endloop
  endfacet
  facet normal -0.649363 0.73777 0.184452
    outer loop
      vertex 29.159 64.7404 29.6
      vertex 29.4275 65.9166 25.8407
      vertex 29.159 65.6942 25.785
    endloop
  endfacet
  facet normal -0.972391 -0.226391 -0.0565935
    outer loop
      vertex 28.6101 62.4671 29.2668
      vertex 28.5277 63.8092 25.3138
      vertex 28.6101 63.4761 25.2305
    endloop
  endfacet
  facet normal -0.972376 -0.22645 -0.0566139
    outer loop
      vertex 28.5277 63.8092 25.3138
      vertex 28.6101 62.4671 29.2668
      vertex 28.5277 62.7967 29.3637
    endloop
  endfacet
  facet normal 0 0.242602 -0.970126
    outer loop
      vertex 31.65 64.1507 25.3992
      vertex 33 64.1507 25.3992
      vertex 32.9723 63.8092 25.3138
    endloop
  endfacet
  facet normal 2.83017e-05 0.242598 -0.970127
    outer loop
      vertex 31.6389 64.0141 25.365
      vertex 32.9723 63.8092 25.3138
      vertex 32.8899 63.4761 25.2305
    endloop
  endfacet
  facet normal 0 0.242402 -0.970176
    outer loop
      vertex 33 64.1507 25.3992
      vertex 31.65 64.1507 25.3992
      vertex 32.9723 64.4921 25.4845
    endloop
  endfacet
  facet normal -2.36587e-15 0.242536 -0.970143
    outer loop
      vertex 31.6059 63.8809 25.3317
      vertex 32.8899 63.4761 25.2305
      vertex 32.7548 63.1597 25.1514
    endloop
  endfacet
  facet normal 5.38734e-05 0.242205 -0.970225
    outer loop
      vertex 31.6389 64.2873 25.4333
      vertex 32.9723 64.4921 25.4845
      vertex 31.65 64.1507 25.3992
    endloop
  endfacet
  facet normal -6.20087e-05 0.242494 -0.970153
    outer loop
      vertex 31.5519 63.7543 25.3001
      vertex 32.7548 63.1597 25.1514
      vertex 32.5703 62.8676 25.0784
    endloop
  endfacet
  facet normal -1.07738e-05 0.242602 -0.970126
    outer loop
      vertex 32.9723 64.4921 25.4845
      vertex 31.6389 64.2873 25.4333
      vertex 32.8899 64.8252 25.5678
    endloop
  endfacet
  facet normal -1.37014e-05 0.242547 -0.97014
    outer loop
      vertex 31.4781 63.6375 25.2709
      vertex 32.5703 62.8676 25.0784
      vertex 32.341 62.6072 25.0133
    endloop
  endfacet
  facet normal 1.75209e-05 0.24254 -0.970141
    outer loop
      vertex 31.6059 64.4205 25.4666
      vertex 32.8899 64.8252 25.5678
      vertex 31.6389 64.2873 25.4333
    endloop
  endfacet
  facet normal -3.7013e-05 0.242475 -0.970158
    outer loop
      vertex 31.3864 63.5333 25.2448
      vertex 32.341 62.6072 25.0133
      vertex 32.0725 62.3847 24.9577
    endloop
  endfacet
  facet normal 3.79384e-05 0.242479 -0.970157
    outer loop
      vertex 32.8899 64.8252 25.5678
      vertex 31.6059 64.4205 25.4666
      vertex 32.7548 65.1417 25.6469
    endloop
  endfacet
  facet normal 0.000167271 0.242654 -0.970113
    outer loop
      vertex 31.279 63.4443 25.2226
      vertex 32.0725 62.3847 24.9577
      vertex 31.7715 62.2058 24.9129
    endloop
  endfacet
  facet normal -0.000189705 0.24282 -0.970071
    outer loop
      vertex 31.5519 64.5471 25.4983
      vertex 32.7548 65.1417 25.6469
      vertex 31.6059 64.4205 25.4666
    endloop
  endfacet
  facet normal -3.07281e-05 0.242517 -0.970147
    outer loop
      vertex 32.7548 65.1417 25.6469
      vertex 31.5519 64.5471 25.4983
      vertex 32.5703 65.4337 25.7199
    endloop
  endfacet
  facet normal 7.18537e-05 0.242864 -0.97006
    outer loop
      vertex 32.9723 63.8092 25.3138
      vertex 31.6389 64.0141 25.365
      vertex 31.65 64.1507 25.3992
    endloop
  endfacet
  facet normal -1.00399e-14 0.242536 -0.970143
    outer loop
      vertex 32.8899 63.4761 25.2305
      vertex 31.6059 63.8809 25.3317
      vertex 31.6389 64.0141 25.365
    endloop
  endfacet
  facet normal -0.000189733 0.242251 -0.970214
    outer loop
      vertex 32.7548 63.1597 25.1514
      vertex 31.5519 63.7543 25.3001
      vertex 31.6059 63.8809 25.3317
    endloop
  endfacet
  facet normal -1.53633e-05 0.242545 -0.97014
    outer loop
      vertex 32.5703 62.8676 25.0784
      vertex 31.4781 63.6375 25.2709
      vertex 31.5519 63.7543 25.3001
    endloop
  endfacet
  facet normal -0.000204871 0.242493 -0.970153
    outer loop
      vertex 31.1586 63.3727 25.2047
      vertex 31.7715 62.2058 24.9129
      vertex 31.4453 62.0747 24.8802
    endloop
  endfacet
  facet normal 0.000257315 0.242761 -0.970086
    outer loop
      vertex 32.341 62.6072 25.0133
      vertex 31.3864 63.5333 25.2448
      vertex 31.4781 63.6375 25.2709
    endloop
  endfacet
  facet normal -0.000278712 0.242339 -0.970192
    outer loop
      vertex 32.0725 62.3847 24.9577
      vertex 31.279 63.4443 25.2226
      vertex 31.3864 63.5333 25.2448
    endloop
  endfacet
  facet normal -2.8255e-05 0.24258 -0.970131
    outer loop
      vertex 31.7715 62.2058 24.9129
      vertex 31.1586 63.3727 25.2047
      vertex 31.279 63.4443 25.2226
    endloop
  endfacet
  facet normal -3.50465e-16 0.242536 -0.970143
    outer loop
      vertex 31.0281 63.3203 25.1916
      vertex 31.4453 62.0747 24.8802
      vertex 31.102 61.9947 24.8602
    endloop
  endfacet
  facet normal -1.22652e-14 0.242536 -0.970143
    outer loop
      vertex 31.4453 62.0747 24.8802
      vertex 31.0281 63.3203 25.1916
      vertex 31.1586 63.3727 25.2047
    endloop
  endfacet
  facet normal 1.1976e-14 0.242536 -0.970143
    outer loop
      vertex 31.102 61.9947 24.8602
      vertex 30.8908 63.2883 25.1836
      vertex 31.0281 63.3203 25.1916
    endloop
  endfacet
  facet normal -4.83697e-15 0.242536 -0.970143
    outer loop
      vertex 30.75 61.9679 24.8535
      vertex 30.8908 63.2883 25.1836
      vertex 31.102 61.9947 24.8602
    endloop
  endfacet
  facet normal -1.22666e-14 0.242536 -0.970143
    outer loop
      vertex 30.75 61.9679 24.8535
      vertex 30.75 63.2775 25.1809
      vertex 30.8908 63.2883 25.1836
    endloop
  endfacet
  facet normal 1.22666e-14 0.242536 -0.970143
    outer loop
      vertex 30.75 61.9679 24.8535
      vertex 30.6092 63.2883 25.1836
      vertex 30.75 63.2775 25.1809
    endloop
  endfacet
  facet normal 4.83332e-15 0.242536 -0.970143
    outer loop
      vertex 30.398 61.9947 24.8602
      vertex 30.6092 63.2883 25.1836
      vertex 30.75 61.9679 24.8535
    endloop
  endfacet
  facet normal -1.20855e-14 0.242536 -0.970143
    outer loop
      vertex 30.6092 63.2883 25.1836
      vertex 30.398 61.9947 24.8602
      vertex 30.4719 63.3203 25.1916
    endloop
  endfacet
  facet normal 2.99356e-16 0.242536 -0.970143
    outer loop
      vertex 30.0547 62.0747 24.8802
      vertex 30.4719 63.3203 25.1916
      vertex 30.398 61.9947 24.8602
    endloop
  endfacet
  facet normal 1.21192e-14 0.242536 -0.970143
    outer loop
      vertex 30.4719 63.3203 25.1916
      vertex 30.0547 62.0747 24.8802
      vertex 30.3414 63.3727 25.2047
    endloop
  endfacet
  facet normal 0.000204871 0.242493 -0.970153
    outer loop
      vertex 29.7285 62.2058 24.9129
      vertex 30.3414 63.3727 25.2047
      vertex 30.0547 62.0747 24.8802
    endloop
  endfacet
  facet normal 2.8255e-05 0.24258 -0.970131
    outer loop
      vertex 30.3414 63.3727 25.2047
      vertex 29.7285 62.2058 24.9129
      vertex 30.221 63.4443 25.2226
    endloop
  endfacet
  facet normal -0.000167271 0.242654 -0.970113
    outer loop
      vertex 29.4275 62.3847 24.9577
      vertex 30.221 63.4443 25.2226
      vertex 29.7285 62.2058 24.9129
    endloop
  endfacet
  facet normal 0.000278712 0.242339 -0.970192
    outer loop
      vertex 30.221 63.4443 25.2226
      vertex 29.4275 62.3847 24.9577
      vertex 30.1136 63.5333 25.2448
    endloop
  endfacet
  facet normal 3.7013e-05 0.242475 -0.970158
    outer loop
      vertex 29.159 62.6072 25.0133
      vertex 30.1136 63.5333 25.2448
      vertex 29.4275 62.3847 24.9577
    endloop
  endfacet
  facet normal -0.000257315 0.242761 -0.970086
    outer loop
      vertex 30.1136 63.5333 25.2448
      vertex 29.159 62.6072 25.0133
      vertex 30.0219 63.6375 25.2709
    endloop
  endfacet
  facet normal 1.53633e-05 0.242545 -0.97014
    outer loop
      vertex 30.0219 63.6375 25.2709
      vertex 28.9297 62.8676 25.0784
      vertex 29.9481 63.7543 25.3001
    endloop
  endfacet
  facet normal 1.37014e-05 0.242547 -0.97014
    outer loop
      vertex 28.9297 62.8676 25.0784
      vertex 30.0219 63.6375 25.2709
      vertex 29.159 62.6072 25.0133
    endloop
  endfacet
  facet normal -3.07281e-05 0.242517 -0.970147
    outer loop
      vertex 31.4781 64.6639 25.5275
      vertex 32.5703 65.4337 25.7199
      vertex 31.5519 64.5471 25.4983
    endloop
  endfacet
  facet normal 1.30889e-05 0.242459 -0.970162
    outer loop
      vertex 32.5703 65.4337 25.7199
      vertex 31.4781 64.6639 25.5275
      vertex 32.341 65.6942 25.785
    endloop
  endfacet
  facet normal 0.000229933 0.242288 -0.970204
    outer loop
      vertex 31.3864 64.7681 25.5535
      vertex 32.341 65.6942 25.785
      vertex 31.4781 64.6639 25.5275
    endloop
  endfacet
  facet normal -0.0002066 0.242711 -0.970099
    outer loop
      vertex 32.341 65.6942 25.785
      vertex 31.3864 64.7681 25.5535
      vertex 32.0725 65.9166 25.8407
    endloop
  endfacet
  facet normal -0.000418195 0.24283 -0.970069
    outer loop
      vertex 31.279 64.857 25.5758
      vertex 32.0725 65.9166 25.8407
      vertex 31.3864 64.7681 25.5535
    endloop
  endfacet
  facet normal 0.000111501 0.242457 -0.970162
    outer loop
      vertex 32.0725 65.9166 25.8407
      vertex 31.279 64.857 25.5758
      vertex 31.7715 66.0956 25.8854
    endloop
  endfacet
  facet normal -1.88358e-05 0.242506 -0.97015
    outer loop
      vertex 31.1586 64.9286 25.5937
      vertex 31.7715 66.0956 25.8854
      vertex 31.279 64.857 25.5758
    endloop
  endfacet
  facet normal -7.5187e-05 0.242534 -0.970143
    outer loop
      vertex 31.7715 66.0956 25.8854
      vertex 31.1586 64.9286 25.5937
      vertex 31.4453 66.2267 25.9182
    endloop
  endfacet
  facet normal 0.000163784 0.242484 -0.970155
    outer loop
      vertex 31.0281 64.9811 25.6068
      vertex 31.4453 66.2267 25.9182
      vertex 31.1586 64.9286 25.5937
    endloop
  endfacet
  facet normal -6.55389e-05 0.242556 -0.970137
    outer loop
      vertex 31.4453 66.2267 25.9182
      vertex 31.0281 64.9811 25.6068
      vertex 31.102 66.3066 25.9382
    endloop
  endfacet
  facet normal 4.20985e-06 0.242553 -0.970138
    outer loop
      vertex 30.8908 65.0131 25.6148
      vertex 31.102 66.3066 25.9382
      vertex 31.0281 64.9811 25.6068
    endloop
  endfacet
  facet normal -0.000168735 0.242579 -0.970132
    outer loop
      vertex 30.75 65.0238 25.6175
      vertex 31.102 66.3066 25.9382
      vertex 30.8908 65.0131 25.6148
    endloop
  endfacet
  facet normal 6.74873e-05 0.242518 -0.970147
    outer loop
      vertex 30.75 65.0238 25.6175
      vertex 30.75 66.3335 25.9449
      vertex 31.102 66.3066 25.9382
    endloop
  endfacet
  facet normal 0.000173663 0.242518 -0.970147
    outer loop
      vertex 30.6092 65.0131 25.6148
      vertex 30.75 66.3335 25.9449
      vertex 30.75 65.0238 25.6175
    endloop
  endfacet
  facet normal -4.20985e-06 0.242553 -0.970138
    outer loop
      vertex 30.398 66.3066 25.9382
      vertex 30.6092 65.0131 25.6148
      vertex 30.4719 64.9811 25.6068
    endloop
  endfacet
  facet normal -6.94681e-05 0.242543 -0.970141
    outer loop
      vertex 30.6092 65.0131 25.6148
      vertex 30.398 66.3066 25.9382
      vertex 30.75 66.3335 25.9449
    endloop
  endfacet
  facet normal -0.000163784 0.242484 -0.970155
    outer loop
      vertex 30.0547 66.2267 25.9182
      vertex 30.4719 64.9811 25.6068
      vertex 30.3414 64.9286 25.5937
    endloop
  endfacet
  facet normal 1.88358e-05 0.242506 -0.97015
    outer loop
      vertex 29.7285 66.0956 25.8854
      vertex 30.3414 64.9286 25.5937
      vertex 30.221 64.857 25.5758
    endloop
  endfacet
  facet normal 0.000418195 0.24283 -0.970069
    outer loop
      vertex 29.4275 65.9166 25.8407
      vertex 30.221 64.857 25.5758
      vertex 30.1136 64.7681 25.5535
    endloop
  endfacet
  facet normal 6.55389e-05 0.242556 -0.970137
    outer loop
      vertex 30.4719 64.9811 25.6068
      vertex 30.0547 66.2267 25.9182
      vertex 30.398 66.3066 25.9382
    endloop
  endfacet
  facet normal -0.000229933 0.242288 -0.970204
    outer loop
      vertex 29.159 65.6942 25.785
      vertex 30.1136 64.7681 25.5535
      vertex 30.0219 64.6639 25.5275
    endloop
  endfacet
  facet normal 3.07281e-05 0.242517 -0.970147
    outer loop
      vertex 28.9297 65.4337 25.7199
      vertex 30.0219 64.6639 25.5275
      vertex 29.9481 64.5471 25.4983
    endloop
  endfacet
  facet normal 0.000189705 0.24282 -0.970071
    outer loop
      vertex 28.7452 65.1417 25.6469
      vertex 29.9481 64.5471 25.4983
      vertex 29.8941 64.4205 25.4666
    endloop
  endfacet
  facet normal -1.75209e-05 0.24254 -0.970141
    outer loop
      vertex 28.6101 64.8252 25.5678
      vertex 29.8941 64.4205 25.4666
      vertex 29.8611 64.2873 25.4333
    endloop
  endfacet
  facet normal 7.5187e-05 0.242534 -0.970143
    outer loop
      vertex 30.3414 64.9286 25.5937
      vertex 29.7285 66.0956 25.8854
      vertex 30.0547 66.2267 25.9182
    endloop
  endfacet
  facet normal -5.38734e-05 0.242205 -0.970225
    outer loop
      vertex 28.5277 64.4921 25.4845
      vertex 29.8611 64.2873 25.4333
      vertex 29.85 64.1507 25.3992
    endloop
  endfacet
  facet normal 6.20087e-05 0.242494 -0.970153
    outer loop
      vertex 28.7452 63.1597 25.1514
      vertex 29.9481 63.7543 25.3001
      vertex 28.9297 62.8676 25.0784
    endloop
  endfacet
  facet normal 0.000189733 0.242251 -0.970214
    outer loop
      vertex 29.9481 63.7543 25.3001
      vertex 28.7452 63.1597 25.1514
      vertex 29.8941 63.8809 25.3317
    endloop
  endfacet
  facet normal -0.000111501 0.242457 -0.970162
    outer loop
      vertex 30.221 64.857 25.5758
      vertex 29.4275 65.9166 25.8407
      vertex 29.7285 66.0956 25.8854
    endloop
  endfacet
  facet normal 2.36587e-15 0.242536 -0.970143
    outer loop
      vertex 28.6101 63.4761 25.2305
      vertex 29.8941 63.8809 25.3317
      vertex 28.7452 63.1597 25.1514
    endloop
  endfacet
  facet normal 0.0002066 0.242711 -0.970099
    outer loop
      vertex 30.1136 64.7681 25.5535
      vertex 29.159 65.6942 25.785
      vertex 29.4275 65.9166 25.8407
    endloop
  endfacet
  facet normal 1.00581e-14 0.242536 -0.970143
    outer loop
      vertex 29.8941 63.8809 25.3317
      vertex 28.6101 63.4761 25.2305
      vertex 29.8611 64.0141 25.365
    endloop
  endfacet
  facet normal -1.30889e-05 0.242459 -0.970162
    outer loop
      vertex 30.0219 64.6639 25.5275
      vertex 28.9297 65.4337 25.7199
      vertex 29.159 65.6942 25.785
    endloop
  endfacet
  facet normal -2.83017e-05 0.242598 -0.970127
    outer loop
      vertex 28.5277 63.8092 25.3138
      vertex 29.8611 64.0141 25.365
      vertex 28.6101 63.4761 25.2305
    endloop
  endfacet
  facet normal 3.07281e-05 0.242517 -0.970147
    outer loop
      vertex 29.9481 64.5471 25.4983
      vertex 28.7452 65.1417 25.6469
      vertex 28.9297 65.4337 25.7199
    endloop
  endfacet
  facet normal -7.18537e-05 0.242864 -0.97006
    outer loop
      vertex 29.8611 64.0141 25.365
      vertex 28.5277 63.8092 25.3138
      vertex 29.85 64.1507 25.3992
    endloop
  endfacet
  facet normal -3.79384e-05 0.242479 -0.970157
    outer loop
      vertex 29.8941 64.4205 25.4666
      vertex 28.6101 64.8252 25.5678
      vertex 28.7452 65.1417 25.6469
    endloop
  endfacet
  facet normal 0 0.242602 -0.970126
    outer loop
      vertex 28.5 64.1507 25.3992
      vertex 29.85 64.1507 25.3992
      vertex 28.5277 63.8092 25.3138
    endloop
  endfacet
  facet normal 1.07738e-05 0.242602 -0.970126
    outer loop
      vertex 29.8611 64.2873 25.4333
      vertex 28.5277 64.4921 25.4845
      vertex 28.6101 64.8252 25.5678
    endloop
  endfacet
  facet normal 0 0.242402 -0.970176
    outer loop
      vertex 29.85 64.1507 25.3992
      vertex 28.5 64.1507 25.3992
      vertex 28.5277 64.4921 25.4845
    endloop
  endfacet
  facet normal 0.92389 -0.371234 -0.0928016
    outer loop
      vertex 32.7548 62.1539 29.1747
      vertex 32.8899 63.4761 25.2305
      vertex 32.8899 62.4671 29.2668
    endloop
  endfacet
  facet normal 0.92387 -0.37128 -0.0928177
    outer loop
      vertex 32.8899 63.4761 25.2305
      vertex 32.7548 62.1539 29.1747
      vertex 32.7548 63.1597 25.1514
    endloop
  endfacet
  facet normal 0.649483 0.737674 0.184414
    outer loop
      vertex 32.341 64.7404 29.6
      vertex 32.0725 65.9166 25.8407
      vertex 32.0725 64.9768 29.6
    endloop
  endfacet
  facet normal 0.649363 0.73777 0.184452
    outer loop
      vertex 32.0725 65.9166 25.8407
      vertex 32.341 64.7404 29.6
      vertex 32.341 65.6942 25.785
    endloop
  endfacet
  facet normal 0.522438 0.827216 0.206815
    outer loop
      vertex 32.0725 64.9768 29.6
      vertex 31.7715 66.0956 25.8854
      vertex 31.7715 65.1669 29.6
    endloop
  endfacet
  facet normal 0.522589 0.82713 0.206777
    outer loop
      vertex 31.7715 66.0956 25.8854
      vertex 32.0725 64.9768 29.6
      vertex 32.0725 65.9166 25.8407
    endloop
  endfacet
  facet normal 0.522489 -0.827191 -0.206787
    outer loop
      vertex 31.7715 61.2098 28.897
      vertex 32.0725 62.3847 24.9577
      vertex 32.0725 61.3869 28.9491
    endloop
  endfacet
  facet normal 0.522439 -0.827219 -0.2068
    outer loop
      vertex 32.0725 62.3847 24.9577
      vertex 31.7715 61.2098 28.897
      vertex 31.7715 62.2058 24.9129
    endloop
  endfacet
  facet normal 0.233561 0.943313 0.235815
    outer loop
      vertex 31.4453 65.3062 29.6
      vertex 31.102 66.3066 25.9382
      vertex 31.102 65.3912 29.6
    endloop
  endfacet
  facet normal 0.233301 0.943368 0.235855
    outer loop
      vertex 31.102 66.3066 25.9382
      vertex 31.4453 65.3062 29.6
      vertex 31.4453 66.2267 25.9182
    endloop
  endfacet
  facet normal -0.852646 -0.50689 -0.126719
    outer loop
      vertex 28.9297 61.8648 29.0897
      vertex 28.7452 63.1597 25.1514
      vertex 28.9297 62.8676 25.0784
    endloop
  endfacet
  facet normal -0.852646 -0.50689 -0.126719
    outer loop
      vertex 28.7452 63.1597 25.1514
      vertex 28.9297 61.8648 29.0897
      vertex 28.7452 62.1539 29.1747
    endloop
  endfacet
  facet normal -0.760332 -0.630142 -0.157531
    outer loop
      vertex 29.159 61.6071 29.0138
      vertex 28.9297 62.8676 25.0784
      vertex 29.159 62.6072 25.0133
    endloop
  endfacet
  facet normal -0.760332 -0.630142 -0.157532
    outer loop
      vertex 28.9297 62.8676 25.0784
      vertex 29.159 61.6071 29.0138
      vertex 28.9297 61.8648 29.0897
    endloop
  endfacet
  facet normal -0.760448 0.630007 0.15751
    outer loop
      vertex 28.9297 65.4337 25.7199
      vertex 29.159 64.7404 29.6
      vertex 29.159 65.6942 25.785
    endloop
  endfacet
  facet normal -0.760362 0.630108 0.157523
    outer loop
      vertex 29.159 64.7404 29.6
      vertex 28.9297 65.4337 25.7199
      vertex 28.9297 64.4637 29.6
    endloop
  endfacet
  facet normal -0.649443 -0.737708 -0.184422
    outer loop
      vertex 29.159 62.6072 25.0133
      vertex 29.4275 61.3869 28.9491
      vertex 29.159 61.6071 29.0138
    endloop
  endfacet
  facet normal -0.649482 -0.737676 -0.18441
    outer loop
      vertex 29.4275 61.3869 28.9491
      vertex 29.159 62.6072 25.0133
      vertex 29.4275 62.3847 24.9577
    endloop
  endfacet
  facet normal -0.078512 -0.967151 -0.241776
    outer loop
      vertex 30.398 61.9947 24.8602
      vertex 30.75 60.9743 28.8277
      vertex 30.398 61.0009 28.8356
    endloop
  endfacet
  facet normal -0.078239 -0.967166 -0.241804
    outer loop
      vertex 30.75 60.9743 28.8277
      vertex 30.398 61.9947 24.8602
      vertex 30.75 61.9679 24.8535
    endloop
  endfacet
  facet normal 0.233301 -0.943368 -0.235854
    outer loop
      vertex 31.102 61.0009 28.8356
      vertex 31.4453 62.0747 24.8802
      vertex 31.4453 61.08 28.8588
    endloop
  endfacet
  facet normal 0.233561 -0.943313 -0.235816
    outer loop
      vertex 31.4453 62.0747 24.8802
      vertex 31.102 61.0009 28.8356
      vertex 31.102 61.9947 24.8602
    endloop
  endfacet
  facet normal 0.382741 0.896269 0.224079
    outer loop
      vertex 31.7715 65.1669 29.6
      vertex 31.4453 66.2267 25.9182
      vertex 31.4453 65.3062 29.6
    endloop
  endfacet
  facet normal 0.382742 0.896268 0.224079
    outer loop
      vertex 31.4453 66.2267 25.9182
      vertex 31.7715 65.1669 29.6
      vertex 31.7715 66.0956 25.8854
    endloop
  endfacet
  facet normal -0.996916 0.0761308 0.0190332
    outer loop
      vertex 28.5 63.1347 29.4631
      vertex 28.5277 64.4921 25.4845
      vertex 28.5 64.1507 25.3992
    endloop
  endfacet
  facet normal -0.996917 0.0761257 0.0190314
    outer loop
      vertex 28.5277 64.4921 25.4845
      vertex 28.5 63.1347 29.4631
      vertex 28.5277 63.4726 29.5625
    endloop
  endfacet
  facet normal -0.382741 0.896269 0.224079
    outer loop
      vertex 30.0547 66.2267 25.9182
      vertex 29.7285 65.1669 29.6
      vertex 30.0547 65.3062 29.6
    endloop
  endfacet
  facet normal -0.382742 0.896268 0.224079
    outer loop
      vertex 29.7285 65.1669 29.6
      vertex 30.0547 66.2267 25.9182
      vertex 29.7285 66.0956 25.8854
    endloop
  endfacet
  facet normal -0.852571 0.507009 0.126749
    outer loop
      vertex 28.7452 65.1417 25.6469
      vertex 28.9297 64.4637 29.6
      vertex 28.9297 65.4337 25.7199
    endloop
  endfacet
  facet normal -0.852608 0.506949 0.12674
    outer loop
      vertex 28.9297 64.4637 29.6
      vertex 28.7452 65.1417 25.6469
      vertex 28.7452 64.1534 29.6
    endloop
  endfacet
  facet normal -0.38286 -0.896225 -0.224051
    outer loop
      vertex 29.7285 62.2058 24.9129
      vertex 30.0547 61.08 28.8588
      vertex 29.7285 61.2098 28.897
    endloop
  endfacet
  facet normal -0.382684 -0.896292 -0.224084
    outer loop
      vertex 30.0547 61.08 28.8588
      vertex 29.7285 62.2058 24.9129
      vertex 30.0547 62.0747 24.8802
    endloop
  endfacet
  facet normal -0.760562 0.629878 0.157477
    outer loop
      vertex 31.3864 62.5236 29.2834
      vertex 31.4781 63.6375 25.2709
      vertex 31.3864 63.5333 25.2448
    endloop
  endfacet
  facet normal -0.760417 0.630041 0.157526
    outer loop
      vertex 31.4781 63.6375 25.2709
      vertex 31.3864 62.5236 29.2834
      vertex 31.4781 62.6267 29.3137
    endloop
  endfacet
  facet normal -0.97231 0.226717 0.0566834
    outer loop
      vertex 31.6059 62.8676 29.3846
      vertex 31.6389 64.0141 25.365
      vertex 31.6059 63.8809 25.3317
    endloop
  endfacet
  facet normal -0.972338 0.226604 0.056651
    outer loop
      vertex 31.6389 64.0141 25.365
      vertex 31.6059 62.8676 29.3846
      vertex 31.6389 62.9995 29.4234
    endloop
  endfacet
  facet normal -0.97231 -0.226718 -0.0566794
    outer loop
      vertex 31.6389 63.2699 29.5029
      vertex 31.6059 64.4205 25.4666
      vertex 31.6389 64.2873 25.4333
    endloop
  endfacet
  facet normal -0.972301 -0.226755 -0.0566902
    outer loop
      vertex 31.6059 64.4205 25.4666
      vertex 31.6389 63.2699 29.5029
      vertex 31.6059 63.4017 29.5417
    endloop
  endfacet
  facet normal -0.522738 0.827041 0.206755
    outer loop
      vertex 31.279 63.4443 25.2226
      vertex 31.1586 62.3647 29.2367
      vertex 31.279 62.4356 29.2575
    endloop
  endfacet
  facet normal -0.522614 0.827114 0.206778
    outer loop
      vertex 31.1586 62.3647 29.2367
      vertex 31.279 63.4443 25.2226
      vertex 31.1586 63.3727 25.2047
    endloop
  endfacet
  facet normal -0.382575 -0.896338 -0.224085
    outer loop
      vertex 31.0281 64.9811 25.6068
      vertex 31.1586 63.9271 29.6
      vertex 31.0281 63.9828 29.6
    endloop
  endfacet
  facet normal -0.383015 -0.896166 -0.224025
    outer loop
      vertex 31.1586 63.9271 29.6
      vertex 31.0281 64.9811 25.6068
      vertex 31.1586 64.9286 25.5937
    endloop
  endfacet
  facet normal -0.760489 -0.62996 -0.157502
    outer loop
      vertex 31.4781 64.6639 25.5275
      vertex 31.3864 63.7564 29.6
      vertex 31.3864 64.7681 25.5535
    endloop
  endfacet
  facet normal -0.7602 -0.630292 -0.157569
    outer loop
      vertex 31.3864 63.7564 29.6
      vertex 31.4781 64.6639 25.5275
      vertex 31.4781 63.6458 29.6
    endloop
  endfacet
  facet normal 0.760489 -0.62996 -0.157502
    outer loop
      vertex 30.1136 63.7564 29.6
      vertex 30.0219 64.6639 25.5275
      vertex 30.1136 64.7681 25.5535
    endloop
  endfacet
  facet normal 0.7602 -0.630292 -0.157569
    outer loop
      vertex 30.0219 64.6639 25.5275
      vertex 30.1136 63.7564 29.6
      vertex 30.0219 63.6458 29.6
    endloop
  endfacet
  facet normal 0.924001 -0.370973 -0.0927478
    outer loop
      vertex 29.8941 63.4017 29.5417
      vertex 29.9481 64.5471 25.4983
      vertex 29.9481 63.527 29.5785
    endloop
  endfacet
  facet normal 0.924026 -0.370915 -0.092731
    outer loop
      vertex 29.9481 64.5471 25.4983
      vertex 29.8941 63.4017 29.5417
      vertex 29.8941 64.4205 25.4666
    endloop
  endfacet
  facet normal -0.996907 -0.0762491 -0.0190627
    outer loop
      vertex 31.65 63.1347 29.4631
      vertex 31.6389 64.2873 25.4333
      vertex 31.65 64.1507 25.3992
    endloop
  endfacet
  facet normal -0.996908 -0.0762361 -0.019059
    outer loop
      vertex 31.6389 64.2873 25.4333
      vertex 31.65 63.1347 29.4631
      vertex 31.6389 63.2699 29.5029
    endloop
  endfacet
  facet normal 0.649642 -0.737543 -0.184377
    outer loop
      vertex 30.1136 63.7564 29.6
      vertex 30.221 64.857 25.5758
      vertex 30.221 63.851 29.6
    endloop
  endfacet
  facet normal 0.649145 -0.73795 -0.184501
    outer loop
      vertex 30.221 64.857 25.5758
      vertex 30.1136 63.7564 29.6
      vertex 30.1136 64.7681 25.5535
    endloop
  endfacet
  facet normal -0.924026 -0.370915 -0.092731
    outer loop
      vertex 31.6059 63.4017 29.5417
      vertex 31.5519 64.5471 25.4983
      vertex 31.6059 64.4205 25.4666
    endloop
  endfacet
  facet normal -0.924001 -0.370973 -0.0927478
    outer loop
      vertex 31.5519 64.5471 25.4983
      vertex 31.6059 63.4017 29.5417
      vertex 31.5519 63.527 29.5785
    endloop
  endfacet
  facet normal 0.52274 -0.827042 -0.206745
    outer loop
      vertex 30.221 63.851 29.6
      vertex 30.3414 64.9286 25.5937
      vertex 30.3414 63.9271 29.6
    endloop
  endfacet
  facet normal 0.522614 -0.827116 -0.206769
    outer loop
      vertex 30.3414 64.9286 25.5937
      vertex 30.221 63.851 29.6
      vertex 30.221 64.857 25.5758
    endloop
  endfacet
  facet normal -0.07899 -0.967113 -0.241772
    outer loop
      vertex 30.75 65.0238 25.6175
      vertex 30.8908 64.0167 29.6
      vertex 30.75 64.0282 29.6
    endloop
  endfacet
  facet normal -0.0781366 -0.967171 -0.241817
    outer loop
      vertex 30.8908 64.0167 29.6
      vertex 30.75 65.0238 25.6175
      vertex 30.8908 65.0131 25.6148
    endloop
  endfacet
  facet normal -0.0788192 0.967126 0.241775
    outer loop
      vertex 30.8908 63.2883 25.1836
      vertex 30.75 62.2705 29.209
      vertex 30.8908 62.2812 29.2121
    endloop
  endfacet
  facet normal -0.0788193 0.967126 0.241775
    outer loop
      vertex 30.75 62.2705 29.209
      vertex 30.8908 63.2883 25.1836
      vertex 30.75 63.2775 25.1809
    endloop
  endfacet
  facet normal 0.382722 0.896279 0.22407
    outer loop
      vertex 30.4719 62.3128 29.2214
      vertex 30.3414 63.3727 25.2047
      vertex 30.3414 62.3647 29.2367
    endloop
  endfacet
  facet normal 0.382428 0.896395 0.22411
    outer loop
      vertex 30.3414 63.3727 25.2047
      vertex 30.4719 62.3128 29.2214
      vertex 30.4719 63.3203 25.1916
    endloop
  endfacet
  facet normal -0.852571 0.507005 0.126764
    outer loop
      vertex 31.4781 62.6267 29.3137
      vertex 31.5519 63.7543 25.3001
      vertex 31.4781 63.6375 25.2709
    endloop
  endfacet
  facet normal -0.852805 0.506638 0.126656
    outer loop
      vertex 31.5519 63.7543 25.3001
      vertex 31.4781 62.6267 29.3137
      vertex 31.5519 62.7424 29.3478
    endloop
  endfacet
  facet normal 0.07899 -0.967113 -0.241772
    outer loop
      vertex 30.6092 64.0167 29.6
      vertex 30.75 65.0238 25.6175
      vertex 30.75 64.0282 29.6
    endloop
  endfacet
  facet normal 0.0781366 -0.967171 -0.241817
    outer loop
      vertex 30.75 65.0238 25.6175
      vertex 30.6092 64.0167 29.6
      vertex 30.6092 65.0131 25.6148
    endloop
  endfacet
  facet normal 0.852571 -0.507009 -0.126749
    outer loop
      vertex 30.0219 63.6458 29.6
      vertex 29.9481 64.5471 25.4983
      vertex 30.0219 64.6639 25.5275
    endloop
  endfacet
  facet normal 0.852648 -0.506376 -0.128741
    outer loop
      vertex 29.9481 63.527 29.5785
      vertex 30.0219 63.6458 29.6
      vertex 29.9947 63.6 29.6
    endloop
  endfacet
  facet normal 0.852711 -0.506784 -0.126702
    outer loop
      vertex 30.0219 63.6458 29.6
      vertex 29.9481 63.527 29.5785
      vertex 29.9481 64.5471 25.4983
    endloop
  endfacet
  facet normal -0.996908 0.0762361 0.019059
    outer loop
      vertex 31.6389 62.9995 29.4234
      vertex 31.65 64.1507 25.3992
      vertex 31.6389 64.0141 25.365
    endloop
  endfacet
  facet normal -0.996907 0.0762491 0.0190627
    outer loop
      vertex 31.65 64.1507 25.3992
      vertex 31.6389 62.9995 29.4234
      vertex 31.65 63.1347 29.4631
    endloop
  endfacet
  facet normal 0.9239 0.371208 0.0928089
    outer loop
      vertex 29.9481 62.7424 29.3478
      vertex 29.8941 63.8809 25.3317
      vertex 29.8941 62.8676 29.3846
    endloop
  endfacet
  facet normal 0.924 0.370975 0.0927414
    outer loop
      vertex 29.8941 63.8809 25.3317
      vertex 29.9481 62.7424 29.3478
      vertex 29.9481 63.7543 25.3001
    endloop
  endfacet
  facet normal 0.760417 0.630041 0.157526
    outer loop
      vertex 30.1136 62.5236 29.2834
      vertex 30.0219 63.6375 25.2709
      vertex 30.0219 62.6267 29.3137
    endloop
  endfacet
  facet normal 0.760562 0.629878 0.157477
    outer loop
      vertex 30.0219 63.6375 25.2709
      vertex 30.1136 62.5236 29.2834
      vertex 30.1136 63.5333 25.2448
    endloop
  endfacet
  facet normal -0.382722 0.896279 0.22407
    outer loop
      vertex 31.1586 63.3727 25.2047
      vertex 31.0281 62.3128 29.2214
      vertex 31.1586 62.3647 29.2367
    endloop
  endfacet
  facet normal -0.382428 0.896395 0.22411
    outer loop
      vertex 31.0281 62.3128 29.2214
      vertex 31.1586 63.3727 25.2047
      vertex 31.0281 63.3203 25.1916
    endloop
  endfacet
  facet normal -0.852571 -0.507009 -0.126749
    outer loop
      vertex 31.5519 64.5471 25.4983
      vertex 31.4781 63.6458 29.6
      vertex 31.4781 64.6639 25.5275
    endloop
  endfacet
  facet normal -0.852711 -0.506784 -0.126702
    outer loop
      vertex 31.5519 63.527 29.5785
      vertex 31.4781 63.6458 29.6
      vertex 31.5519 64.5471 25.4983
    endloop
  endfacet
  facet normal -0.852648 -0.506376 -0.128741
    outer loop
      vertex 31.4781 63.6458 29.6
      vertex 31.5519 63.527 29.5785
      vertex 31.5053 63.6 29.6
    endloop
  endfacet
  facet normal -0.52274 -0.827042 -0.206745
    outer loop
      vertex 31.1586 64.9286 25.5937
      vertex 31.279 63.851 29.6
      vertex 31.1586 63.9271 29.6
    endloop
  endfacet
  facet normal -0.522614 -0.827116 -0.206769
    outer loop
      vertex 31.279 63.851 29.6
      vertex 31.1586 64.9286 25.5937
      vertex 31.279 64.857 25.5758
    endloop
  endfacet
  facet normal 0.522738 0.827041 0.206755
    outer loop
      vertex 30.3414 62.3647 29.2367
      vertex 30.221 63.4443 25.2226
      vertex 30.221 62.4356 29.2575
    endloop
  endfacet
  facet normal 0.522614 0.827114 0.206778
    outer loop
      vertex 30.221 63.4443 25.2226
      vertex 30.3414 62.3647 29.2367
      vertex 30.3414 63.3727 25.2047
    endloop
  endfacet
  facet normal -0.649642 -0.737543 -0.184377
    outer loop
      vertex 31.279 64.857 25.5758
      vertex 31.3864 63.7564 29.6
      vertex 31.279 63.851 29.6
    endloop
  endfacet
  facet normal -0.649145 -0.73795 -0.184501
    outer loop
      vertex 31.3864 63.7564 29.6
      vertex 31.279 64.857 25.5758
      vertex 31.3864 64.7681 25.5535
    endloop
  endfacet
  facet normal 0.382575 -0.896338 -0.224085
    outer loop
      vertex 30.3414 63.9271 29.6
      vertex 30.4719 64.9811 25.6068
      vertex 30.4719 63.9828 29.6
    endloop
  endfacet
  facet normal 0.383015 -0.896166 -0.224025
    outer loop
      vertex 30.4719 64.9811 25.6068
      vertex 30.3414 63.9271 29.6
      vertex 30.3414 64.9286 25.5937
    endloop
  endfacet
  facet normal -0.924 0.370975 0.0927414
    outer loop
      vertex 31.5519 62.7424 29.3478
      vertex 31.6059 63.8809 25.3317
      vertex 31.5519 63.7543 25.3001
    endloop
  endfacet
  facet normal -0.9239 0.371208 0.0928089
    outer loop
      vertex 31.6059 63.8809 25.3317
      vertex 31.5519 62.7424 29.3478
      vertex 31.6059 62.8676 29.3846
    endloop
  endfacet
  facet normal 0.972338 0.226604 0.056651
    outer loop
      vertex 29.8941 62.8676 29.3846
      vertex 29.8611 64.0141 25.365
      vertex 29.8611 62.9995 29.4234
    endloop
  endfacet
  facet normal 0.97231 0.226717 0.0566834
    outer loop
      vertex 29.8611 64.0141 25.365
      vertex 29.8941 62.8676 29.3846
      vertex 29.8941 63.8809 25.3317
    endloop
  endfacet
  facet normal 0.232942 -0.943449 -0.235886
    outer loop
      vertex 30.4719 63.9828 29.6
      vertex 30.6092 65.0131 25.6148
      vertex 30.6092 64.0167 29.6
    endloop
  endfacet
  facet normal 0.233593 -0.943303 -0.235826
    outer loop
      vertex 30.6092 65.0131 25.6148
      vertex 30.4719 63.9828 29.6
      vertex 30.4719 64.9811 25.6068
    endloop
  endfacet
  facet normal -0.232942 -0.943449 -0.235886
    outer loop
      vertex 30.8908 65.0131 25.6148
      vertex 31.0281 63.9828 29.6
      vertex 30.8908 64.0167 29.6
    endloop
  endfacet
  facet normal -0.233593 -0.943303 -0.235826
    outer loop
      vertex 31.0281 63.9828 29.6
      vertex 30.8908 65.0131 25.6148
      vertex 31.0281 64.9811 25.6068
    endloop
  endfacet
  facet normal 0.852805 0.506638 0.126656
    outer loop
      vertex 30.0219 62.6267 29.3137
      vertex 29.9481 63.7543 25.3001
      vertex 29.9481 62.7424 29.3478
    endloop
  endfacet
  facet normal 0.852571 0.507005 0.126764
    outer loop
      vertex 29.9481 63.7543 25.3001
      vertex 30.0219 62.6267 29.3137
      vertex 30.0219 63.6375 25.2709
    endloop
  endfacet
  facet normal -0.233106 0.943414 0.235865
    outer loop
      vertex 31.0281 63.3203 25.1916
      vertex 30.8908 62.2812 29.2121
      vertex 31.0281 62.3128 29.2214
    endloop
  endfacet
  facet normal -0.233593 0.943304 0.23582
    outer loop
      vertex 30.8908 62.2812 29.2121
      vertex 31.0281 63.3203 25.1916
      vertex 30.8908 63.2883 25.1836
    endloop
  endfacet
  facet normal 0.972301 -0.226755 -0.0566902
    outer loop
      vertex 29.8611 63.2699 29.5029
      vertex 29.8941 64.4205 25.4666
      vertex 29.8941 63.4017 29.5417
    endloop
  endfacet
  facet normal 0.97231 -0.226718 -0.0566794
    outer loop
      vertex 29.8941 64.4205 25.4666
      vertex 29.8611 63.2699 29.5029
      vertex 29.8611 64.2873 25.4333
    endloop
  endfacet
  facet normal 0.996907 0.0762491 0.0190627
    outer loop
      vertex 29.8611 62.9995 29.4234
      vertex 29.85 64.1507 25.3992
      vertex 29.85 63.1347 29.4631
    endloop
  endfacet
  facet normal 0.996908 0.0762361 0.019059
    outer loop
      vertex 29.85 64.1507 25.3992
      vertex 29.8611 62.9995 29.4234
      vertex 29.8611 64.0141 25.365
    endloop
  endfacet
  facet normal 0.0788192 0.967126 0.241775
    outer loop
      vertex 30.75 62.2705 29.209
      vertex 30.6092 63.2883 25.1836
      vertex 30.6092 62.2812 29.2121
    endloop
  endfacet
  facet normal 0.0788193 0.967126 0.241775
    outer loop
      vertex 30.6092 63.2883 25.1836
      vertex 30.75 62.2705 29.209
      vertex 30.75 63.2775 25.1809
    endloop
  endfacet
  facet normal 0.996908 -0.0762361 -0.019059
    outer loop
      vertex 29.85 63.1347 29.4631
      vertex 29.8611 64.2873 25.4333
      vertex 29.8611 63.2699 29.5029
    endloop
  endfacet
  facet normal 0.996907 -0.0762491 -0.0190627
    outer loop
      vertex 29.8611 64.2873 25.4333
      vertex 29.85 63.1347 29.4631
      vertex 29.85 64.1507 25.3992
    endloop
  endfacet
  facet normal 0.649145 0.737951 0.184497
    outer loop
      vertex 30.221 62.4356 29.2575
      vertex 30.1136 63.5333 25.2448
      vertex 30.1136 62.5236 29.2834
    endloop
  endfacet
  facet normal 0.649443 0.737708 0.184422
    outer loop
      vertex 30.1136 63.5333 25.2448
      vertex 30.221 62.4356 29.2575
      vertex 30.221 63.4443 25.2226
    endloop
  endfacet
  facet normal -0.649145 0.737951 0.184497
    outer loop
      vertex 31.3864 63.5333 25.2448
      vertex 31.279 62.4356 29.2575
      vertex 31.3864 62.5236 29.2834
    endloop
  endfacet
  facet normal -0.649443 0.737708 0.184422
    outer loop
      vertex 31.279 62.4356 29.2575
      vertex 31.3864 63.5333 25.2448
      vertex 31.279 63.4443 25.2226
    endloop
  endfacet
  facet normal 0.233106 0.943414 0.235865
    outer loop
      vertex 30.6092 62.2812 29.2121
      vertex 30.4719 63.3203 25.1916
      vertex 30.4719 62.3128 29.2214
    endloop
  endfacet
  facet normal 0.233593 0.943304 0.23582
    outer loop
      vertex 30.4719 63.3203 25.1916
      vertex 30.6092 62.2812 29.2121
      vertex 30.6092 63.2883 25.1836
    endloop
  endfacet
  facet normal 0.760304 -0.630171 -0.157554
    outer loop
      vertex 62.841 33.762 20.8241
      vertex 63.0703 34.7335 18.0449
      vertex 63.0703 34.0197 20.8999
    endloop
  endfacet
  facet normal 0.760332 -0.630139 -0.15754
    outer loop
      vertex 63.0703 34.7335 18.0449
      vertex 62.841 33.762 20.8241
      vertex 62.841 34.4731 17.9798
    endloop
  endfacet
  facet normal 0.760419 0.630042 0.157511
    outer loop
      vertex 63.0703 36.5594 21.6469
      vertex 62.841 37.56 18.7515
      vertex 62.841 36.8172 21.7227
    endloop
  endfacet
  facet normal 0.760332 0.630137 0.15755
    outer loop
      vertex 62.841 37.56 18.7515
      vertex 63.0703 36.5594 21.6469
      vertex 63.0703 37.2996 18.6864
    endloop
  endfacet
  facet normal 0.649443 -0.737705 -0.184433
    outer loop
      vertex 62.5725 33.5418 20.7594
      vertex 62.841 34.4731 17.9798
      vertex 62.841 33.762 20.8241
    endloop
  endfacet
  facet normal 0.649482 -0.737674 -0.184418
    outer loop
      vertex 62.841 34.4731 17.9798
      vertex 62.5725 33.5418 20.7594
      vertex 62.5725 34.2506 17.9242
    endloop
  endfacet
  facet normal 0.97238 0.226435 0.0566106
    outer loop
      vertex 63.4723 35.6276 21.3728
      vertex 63.3899 36.6911 18.5343
      vertex 63.3899 35.9572 21.4698
    endloop
  endfacet
  facet normal 0.972391 0.226391 0.0565938
    outer loop
      vertex 63.3899 36.6911 18.5343
      vertex 63.4723 35.6276 21.3728
      vertex 63.4723 36.358 18.451
    endloop
  endfacet
  facet normal -0.92387 0.371279 0.0928228
    outer loop
      vertex 59.1101 35.9572 21.4698
      vertex 59.2452 37.0075 18.6134
      vertex 59.1101 36.6911 18.5343
    endloop
  endfacet
  facet normal -0.92389 0.371233 0.0928051
    outer loop
      vertex 59.2452 37.0075 18.6134
      vertex 59.1101 35.9572 21.4698
      vertex 59.2452 36.2704 21.5619
    endloop
  endfacet
  facet normal 0.0784438 -0.967151 -0.241796
    outer loop
      vertex 61.25 33.1292 20.638
      vertex 61.602 33.8606 17.8267
      vertex 61.602 33.1558 20.6458
    endloop
  endfacet
  facet normal 0.0785803 -0.967145 -0.241778
    outer loop
      vertex 61.602 33.8606 17.8267
      vertex 61.25 33.1292 20.638
      vertex 61.25 33.8337 17.8199
    endloop
  endfacet
  facet normal 0.382859 -0.89623 -0.224034
    outer loop
      vertex 61.9453 33.2349 20.6691
      vertex 62.2715 34.0716 17.8794
      vertex 62.2715 33.3647 20.7073
    endloop
  endfacet
  facet normal 0.382508 -0.89636 -0.224114
    outer loop
      vertex 62.2715 34.0716 17.8794
      vertex 61.9453 33.2349 20.6691
      vertex 61.9453 33.9406 17.8466
    endloop
  endfacet
  facet normal -0.996916 -0.0761304 -0.0190346
    outer loop
      vertex 59.0277 34.9516 21.174
      vertex 59 36.0165 18.3656
      vertex 59.0277 35.6751 18.2803
    endloop
  endfacet
  facet normal -0.996918 -0.0761052 -0.019025
    outer loop
      vertex 59 36.0165 18.3656
      vertex 59.0277 34.9516 21.174
      vertex 59 35.2896 21.2734
    endloop
  endfacet
  facet normal 0.852646 -0.506887 -0.126731
    outer loop
      vertex 63.0703 34.0197 20.8999
      vertex 63.2548 35.0256 18.1179
      vertex 63.2548 34.3088 20.9849
    endloop
  endfacet
  facet normal 0.852646 -0.506887 -0.126731
    outer loop
      vertex 63.2548 35.0256 18.1179
      vertex 63.0703 34.0197 20.8999
      vertex 63.0703 34.7335 18.0449
    endloop
  endfacet
  facet normal 0.92389 0.371233 0.0928051
    outer loop
      vertex 63.3899 35.9572 21.4698
      vertex 63.2548 37.0075 18.6134
      vertex 63.2548 36.2704 21.5619
    endloop
  endfacet
  facet normal 0.92387 0.371279 0.0928228
    outer loop
      vertex 63.2548 37.0075 18.6134
      vertex 63.3899 35.9572 21.4698
      vertex 63.3899 36.6911 18.5343
    endloop
  endfacet
  facet normal -0.972391 0.226391 0.0565938
    outer loop
      vertex 59.0277 35.6276 21.3728
      vertex 59.1101 36.6911 18.5343
      vertex 59.0277 36.358 18.451
    endloop
  endfacet
  facet normal -0.97238 0.226435 0.0566106
    outer loop
      vertex 59.1101 36.6911 18.5343
      vertex 59.0277 35.6276 21.3728
      vertex 59.1101 35.9572 21.4698
    endloop
  endfacet
  facet normal 0.996918 -0.0761052 -0.019025
    outer loop
      vertex 63.4723 34.9516 21.174
      vertex 63.5 36.0165 18.3656
      vertex 63.5 35.2896 21.2734
    endloop
  endfacet
  facet normal 0.996916 -0.0761304 -0.0190346
    outer loop
      vertex 63.5 36.0165 18.3656
      vertex 63.4723 34.9516 21.174
      vertex 63.4723 35.6751 18.2803
    endloop
  endfacet
  facet normal 0.996918 0.0761052 0.019025
    outer loop
      vertex 63.5 35.2896 21.2734
      vertex 63.4723 36.358 18.451
      vertex 63.4723 35.6276 21.3728
    endloop
  endfacet
  facet normal 0.996918 0.0761051 0.019025
    outer loop
      vertex 63.4723 36.358 18.451
      vertex 63.5 35.2896 21.2734
      vertex 63.5 36.0165 18.3656
    endloop
  endfacet
  facet normal -0.233366 0.943356 0.235839
    outer loop
      vertex 60.898 38.1725 18.9046
      vertex 60.5547 37.3443 21.8777
      vertex 60.898 37.4234 21.901
    endloop
  endfacet
  facet normal -0.233561 0.943316 0.235805
    outer loop
      vertex 60.5547 37.3443 21.8777
      vertex 60.898 38.1725 18.9046
      vertex 60.5547 38.0925 18.8846
    endloop
  endfacet
  facet normal -0.0784438 0.967151 0.241796
    outer loop
      vertex 61.25 38.1994 18.9113
      vertex 60.898 37.4234 21.901
      vertex 61.25 37.45 21.9088
    endloop
  endfacet
  facet normal -0.0785121 0.967148 0.241787
    outer loop
      vertex 60.898 37.4234 21.901
      vertex 61.25 38.1994 18.9113
      vertex 60.898 38.1725 18.9046
    endloop
  endfacet
  facet normal -0.92387 -0.371278 -0.0928259
    outer loop
      vertex 59.2452 34.3088 20.9849
      vertex 59.1101 35.342 18.197
      vertex 59.2452 35.0256 18.1179
    endloop
  endfacet
  facet normal -0.9239 -0.37121 -0.0927992
    outer loop
      vertex 59.1101 35.342 18.197
      vertex 59.2452 34.3088 20.9849
      vertex 59.1101 34.622 21.0771
    endloop
  endfacet
  facet normal -0.522489 0.82719 0.206791
    outer loop
      vertex 60.2285 37.9614 18.8519
      vertex 59.9275 37.0374 21.7875
      vertex 60.2285 37.2145 21.8396
    endloop
  endfacet
  facet normal -0.522439 0.827218 0.206804
    outer loop
      vertex 59.9275 37.0374 21.7875
      vertex 60.2285 37.9614 18.8519
      vertex 59.9275 37.7825 18.8071
    endloop
  endfacet
  facet normal -0.522489 -0.827188 -0.206797
    outer loop
      vertex 59.9275 34.2506 17.9242
      vertex 60.2285 33.3647 20.7073
      vertex 59.9275 33.5418 20.7594
    endloop
  endfacet
  facet normal -0.522639 -0.827104 -0.206754
    outer loop
      vertex 60.2285 33.3647 20.7073
      vertex 59.9275 34.2506 17.9242
      vertex 60.2285 34.0716 17.8794
    endloop
  endfacet
  facet normal 0.972376 -0.226449 -0.0566181
    outer loop
      vertex 63.3899 34.622 21.0771
      vertex 63.4723 35.6751 18.2803
      vertex 63.4723 34.9516 21.174
    endloop
  endfacet
  facet normal 0.972391 -0.22639 -0.0565956
    outer loop
      vertex 63.4723 35.6751 18.2803
      vertex 63.3899 34.622 21.0771
      vertex 63.3899 35.342 18.197
    endloop
  endfacet
  facet normal -0.233366 -0.94335 -0.235863
    outer loop
      vertex 60.5547 33.9406 17.8466
      vertex 60.898 33.1558 20.6458
      vertex 60.5547 33.2349 20.6691
    endloop
  endfacet
  facet normal -0.233496 -0.943324 -0.235839
    outer loop
      vertex 60.898 33.1558 20.6458
      vertex 60.5547 33.9406 17.8466
      vertex 60.898 33.8606 17.8267
    endloop
  endfacet
  facet normal 0.0784438 0.967151 0.241796
    outer loop
      vertex 61.602 37.4234 21.901
      vertex 61.25 38.1994 18.9113
      vertex 61.25 37.45 21.9088
    endloop
  endfacet
  facet normal 0.0785121 0.967148 0.241787
    outer loop
      vertex 61.25 38.1994 18.9113
      vertex 61.602 37.4234 21.901
      vertex 61.602 38.1725 18.9046
    endloop
  endfacet
  facet normal 0.852571 0.507005 0.126764
    outer loop
      vertex 63.2548 36.2704 21.5619
      vertex 63.0703 37.2996 18.6864
      vertex 63.0703 36.5594 21.6469
    endloop
  endfacet
  facet normal 0.852646 0.50689 0.126718
    outer loop
      vertex 63.0703 37.2996 18.6864
      vertex 63.2548 36.2704 21.5619
      vertex 63.2548 37.0075 18.6134
    endloop
  endfacet
  facet normal -0.649482 0.737674 0.184418
    outer loop
      vertex 59.9275 37.7825 18.8071
      vertex 59.659 36.8172 21.7227
      vertex 59.9275 37.0374 21.7875
    endloop
  endfacet
  facet normal -0.649482 0.737674 0.184418
    outer loop
      vertex 59.659 36.8172 21.7227
      vertex 59.9275 37.7825 18.8071
      vertex 59.659 37.56 18.7515
    endloop
  endfacet
  facet normal -0.972391 -0.22639 -0.0565956
    outer loop
      vertex 59.1101 34.622 21.0771
      vertex 59.0277 35.6751 18.2803
      vertex 59.1101 35.342 18.197
    endloop
  endfacet
  facet normal -0.972376 -0.226449 -0.0566181
    outer loop
      vertex 59.0277 35.6751 18.2803
      vertex 59.1101 34.622 21.0771
      vertex 59.0277 34.9516 21.174
    endloop
  endfacet
  facet normal 0 0.242402 -0.970176
    outer loop
      vertex 62.15 36.0165 18.3656
      vertex 63.5 36.0165 18.3656
      vertex 63.4723 35.6751 18.2803
    endloop
  endfacet
  facet normal 2.83017e-05 0.242598 -0.970127
    outer loop
      vertex 62.1389 35.88 18.3315
      vertex 63.4723 35.6751 18.2803
      vertex 63.3899 35.342 18.197
    endloop
  endfacet
  facet normal 0 0.242602 -0.970126
    outer loop
      vertex 63.5 36.0165 18.3656
      vertex 62.15 36.0165 18.3656
      vertex 63.4723 36.358 18.451
    endloop
  endfacet
  facet normal -1.66485e-05 0.242542 -0.970141
    outer loop
      vertex 62.1059 35.7467 18.2982
      vertex 63.3899 35.342 18.197
      vertex 63.2548 35.0256 18.1179
    endloop
  endfacet
  facet normal -7.18537e-05 0.242864 -0.97006
    outer loop
      vertex 62.1389 36.1531 18.3998
      vertex 63.4723 36.358 18.451
      vertex 62.15 36.0165 18.3656
    endloop
  endfacet
  facet normal -1.5908e-05 0.242467 -0.97016
    outer loop
      vertex 62.0519 35.6201 18.2665
      vertex 63.2548 35.0256 18.1179
      vertex 63.0703 34.7335 18.0449
    endloop
  endfacet
  facet normal -2.83017e-05 0.242598 -0.970127
    outer loop
      vertex 63.4723 36.358 18.451
      vertex 62.1389 36.1531 18.3998
      vertex 63.3899 36.6911 18.5343
    endloop
  endfacet
  facet normal 2.74044e-05 0.242513 -0.970148
    outer loop
      vertex 61.9781 35.5033 18.2373
      vertex 63.0703 34.7335 18.0449
      vertex 62.841 34.4731 17.9798
    endloop
  endfacet
  facet normal 7.07212e-05 0.242381 -0.970181
    outer loop
      vertex 62.1059 36.2864 18.4331
      vertex 63.3899 36.6911 18.5343
      vertex 62.1389 36.1531 18.3998
    endloop
  endfacet
  facet normal -4.8715e-05 0.242488 -0.970154
    outer loop
      vertex 61.8864 35.3991 18.2113
      vertex 62.841 34.4731 17.9798
      vertex 62.5725 34.2506 17.9242
    endloop
  endfacet
  facet normal 1.66485e-05 0.242542 -0.970141
    outer loop
      vertex 63.3899 36.6911 18.5343
      vertex 62.1059 36.2864 18.4331
      vertex 63.2548 37.0075 18.6134
    endloop
  endfacet
  facet normal 0.000149169 0.242555 -0.970138
    outer loop
      vertex 61.779 35.3102 18.189
      vertex 62.5725 34.2506 17.9242
      vertex 62.2715 34.0716 17.8794
    endloop
  endfacet
  facet normal 0.000111562 0.2424 -0.970176
    outer loop
      vertex 62.0519 36.4129 18.4647
      vertex 63.2548 37.0075 18.6134
      vertex 62.1059 36.2864 18.4331
    endloop
  endfacet
  facet normal 6.20087e-05 0.242494 -0.970153
    outer loop
      vertex 63.2548 37.0075 18.6134
      vertex 62.0519 36.4129 18.4647
      vertex 63.0703 37.2996 18.6864
    endloop
  endfacet
  facet normal -9.00251e-06 0.242369 -0.970184
    outer loop
      vertex 63.4723 35.6751 18.2803
      vertex 62.1389 35.88 18.3315
      vertex 62.15 36.0165 18.3656
    endloop
  endfacet
  facet normal -7.07212e-05 0.242381 -0.970181
    outer loop
      vertex 63.3899 35.342 18.197
      vertex 62.1059 35.7467 18.2982
      vertex 62.1389 35.88 18.3315
    endloop
  endfacet
  facet normal 0.000173033 0.242827 -0.97007
    outer loop
      vertex 63.2548 35.0256 18.1179
      vertex 62.0519 35.6201 18.2665
      vertex 62.1059 35.7467 18.2982
    endloop
  endfacet
  facet normal 3.07281e-05 0.242517 -0.970147
    outer loop
      vertex 63.0703 34.7335 18.0449
      vertex 61.9781 35.5033 18.2373
      vertex 62.0519 35.6201 18.2665
    endloop
  endfacet
  facet normal 0.000109015 0.242629 -0.970119
    outer loop
      vertex 61.6586 35.2386 18.1712
      vertex 62.2715 34.0716 17.8794
      vertex 61.9453 33.9406 17.8466
    endloop
  endfacet
  facet normal -0.000243624 0.242299 -0.970202
    outer loop
      vertex 62.841 34.4731 17.9798
      vertex 61.8864 35.3991 18.2113
      vertex 61.9781 35.5033 18.2373
    endloop
  endfacet
  facet normal 0.000464983 0.242777 -0.970082
    outer loop
      vertex 62.5725 34.2506 17.9242
      vertex 61.779 35.3102 18.189
      vertex 61.8864 35.3991 18.2113
    endloop
  endfacet
  facet normal -0.00063288 0.242262 -0.970211
    outer loop
      vertex 62.2715 34.0716 17.8794
      vertex 61.6586 35.2386 18.1712
      vertex 61.779 35.3102 18.189
    endloop
  endfacet
  facet normal -0.000266346 0.24247 -0.970159
    outer loop
      vertex 61.5281 35.1861 18.158
      vertex 61.9453 33.9406 17.8466
      vertex 61.602 33.8606 17.8267
    endloop
  endfacet
  facet normal 0.000484417 0.242707 -0.9701
    outer loop
      vertex 61.9453 33.9406 17.8466
      vertex 61.5281 35.1861 18.158
      vertex 61.6586 35.2386 18.1712
    endloop
  endfacet
  facet normal 0.00018698 0.242494 -0.970153
    outer loop
      vertex 61.602 33.8606 17.8267
      vertex 61.3908 35.1542 18.15
      vertex 61.5281 35.1861 18.158
    endloop
  endfacet
  facet normal 0.000209822 0.242497 -0.970152
    outer loop
      vertex 61.25 33.8337 17.8199
      vertex 61.3908 35.1542 18.15
      vertex 61.602 33.8606 17.8267
    endloop
  endfacet
  facet normal -0.000693273 0.242588 -0.970129
    outer loop
      vertex 61.25 33.8337 17.8199
      vertex 61.25 35.1434 18.1474
      vertex 61.3908 35.1542 18.15
    endloop
  endfacet
  facet normal 0.000693273 0.242588 -0.970129
    outer loop
      vertex 61.25 33.8337 17.8199
      vertex 61.1092 35.1542 18.15
      vertex 61.25 35.1434 18.1474
    endloop
  endfacet
  facet normal -0.000209822 0.242497 -0.970152
    outer loop
      vertex 60.898 33.8606 17.8267
      vertex 61.1092 35.1542 18.15
      vertex 61.25 33.8337 17.8199
    endloop
  endfacet
  facet normal -0.00018698 0.242494 -0.970153
    outer loop
      vertex 61.1092 35.1542 18.15
      vertex 60.898 33.8606 17.8267
      vertex 60.9719 35.1861 18.158
    endloop
  endfacet
  facet normal 0.000266346 0.24247 -0.970159
    outer loop
      vertex 60.5547 33.9406 17.8466
      vertex 60.9719 35.1861 18.158
      vertex 60.898 33.8606 17.8267
    endloop
  endfacet
  facet normal -0.000484417 0.242707 -0.9701
    outer loop
      vertex 60.9719 35.1861 18.158
      vertex 60.5547 33.9406 17.8466
      vertex 60.8414 35.2386 18.1712
    endloop
  endfacet
  facet normal -0.000109015 0.242629 -0.970119
    outer loop
      vertex 60.2285 34.0716 17.8794
      vertex 60.8414 35.2386 18.1712
      vertex 60.5547 33.9406 17.8466
    endloop
  endfacet
  facet normal 0.00063288 0.242262 -0.970211
    outer loop
      vertex 60.8414 35.2386 18.1712
      vertex 60.2285 34.0716 17.8794
      vertex 60.721 35.3102 18.189
    endloop
  endfacet
  facet normal -0.000149169 0.242555 -0.970138
    outer loop
      vertex 59.9275 34.2506 17.9242
      vertex 60.721 35.3102 18.189
      vertex 60.2285 34.0716 17.8794
    endloop
  endfacet
  facet normal -0.000464983 0.242777 -0.970082
    outer loop
      vertex 60.721 35.3102 18.189
      vertex 59.9275 34.2506 17.9242
      vertex 60.6136 35.3991 18.2113
    endloop
  endfacet
  facet normal 4.8715e-05 0.242488 -0.970154
    outer loop
      vertex 59.659 34.4731 17.9798
      vertex 60.6136 35.3991 18.2113
      vertex 59.9275 34.2506 17.9242
    endloop
  endfacet
  facet normal 0.000243624 0.242299 -0.970202
    outer loop
      vertex 60.6136 35.3991 18.2113
      vertex 59.659 34.4731 17.9798
      vertex 60.5219 35.5033 18.2373
    endloop
  endfacet
  facet normal -3.07281e-05 0.242517 -0.970147
    outer loop
      vertex 60.5219 35.5033 18.2373
      vertex 59.4297 34.7335 18.0449
      vertex 60.4481 35.6201 18.2665
    endloop
  endfacet
  facet normal -2.74044e-05 0.242513 -0.970148
    outer loop
      vertex 59.4297 34.7335 18.0449
      vertex 60.5219 35.5033 18.2373
      vertex 59.659 34.4731 17.9798
    endloop
  endfacet
  facet normal 0.00013194 0.242419 -0.970172
    outer loop
      vertex 61.9781 36.5298 18.4939
      vertex 63.0703 37.2996 18.6864
      vertex 62.0519 36.4129 18.4647
    endloop
  endfacet
  facet normal 2.7404e-05 0.242558 -0.970137
    outer loop
      vertex 63.0703 37.2996 18.6864
      vertex 61.9781 36.5298 18.4939
      vertex 62.841 37.56 18.7515
    endloop
  endfacet
  facet normal -0.000379291 0.242879 -0.970057
    outer loop
      vertex 61.8864 36.6339 18.52
      vertex 62.841 37.56 18.7515
      vertex 61.9781 36.5298 18.4939
    endloop
  endfacet
  facet normal 3.7013e-05 0.242475 -0.970158
    outer loop
      vertex 62.841 37.56 18.7515
      vertex 61.8864 36.6339 18.52
      vertex 62.5725 37.7825 18.8071
    endloop
  endfacet
  facet normal 0.000278712 0.242339 -0.970192
    outer loop
      vertex 61.779 36.7229 18.5422
      vertex 62.5725 37.7825 18.8071
      vertex 61.8864 36.6339 18.52
    endloop
  endfacet
  facet normal -0.000167271 0.242654 -0.970113
    outer loop
      vertex 62.5725 37.7825 18.8071
      vertex 61.779 36.7229 18.5422
      vertex 62.2715 37.9614 18.8519
    endloop
  endfacet
  facet normal 2.8255e-05 0.24258 -0.970131
    outer loop
      vertex 61.6586 36.7945 18.5601
      vertex 62.2715 37.9614 18.8519
      vertex 61.779 36.7229 18.5422
    endloop
  endfacet
  facet normal 0.000204871 0.242493 -0.970153
    outer loop
      vertex 62.2715 37.9614 18.8519
      vertex 61.6586 36.7945 18.5601
      vertex 61.9453 38.0925 18.8846
    endloop
  endfacet
  facet normal -1.21192e-14 0.242536 -0.970143
    outer loop
      vertex 61.5281 36.8469 18.5732
      vertex 61.9453 38.0925 18.8846
      vertex 61.6586 36.7945 18.5601
    endloop
  endfacet
  facet normal -2.99356e-16 0.242536 -0.970143
    outer loop
      vertex 61.9453 38.0925 18.8846
      vertex 61.5281 36.8469 18.5732
      vertex 61.602 38.1725 18.9046
    endloop
  endfacet
  facet normal 1.20946e-14 0.242536 -0.970143
    outer loop
      vertex 61.3908 36.8789 18.5812
      vertex 61.602 38.1725 18.9046
      vertex 61.5281 36.8469 18.5732
    endloop
  endfacet
  facet normal -1.2089e-14 0.242536 -0.970143
    outer loop
      vertex 61.25 36.8897 18.5839
      vertex 61.602 38.1725 18.9046
      vertex 61.3908 36.8789 18.5812
    endloop
  endfacet
  facet normal 6.74873e-05 0.242518 -0.970147
    outer loop
      vertex 61.25 36.8897 18.5839
      vertex 61.25 38.1994 18.9113
      vertex 61.602 38.1725 18.9046
    endloop
  endfacet
  facet normal 1.42045e-06 0.242518 -0.970147
    outer loop
      vertex 61.1092 36.8789 18.5812
      vertex 61.25 38.1994 18.9113
      vertex 61.25 36.8897 18.5839
    endloop
  endfacet
  facet normal -1.1976e-14 0.242536 -0.970143
    outer loop
      vertex 60.898 38.1725 18.9046
      vertex 61.1092 36.8789 18.5812
      vertex 60.9719 36.8469 18.5732
    endloop
  endfacet
  facet normal -6.80533e-05 0.242525 -0.970145
    outer loop
      vertex 61.1092 36.8789 18.5812
      vertex 60.898 38.1725 18.9046
      vertex 61.25 38.1994 18.9113
    endloop
  endfacet
  facet normal 1.22652e-14 0.242536 -0.970143
    outer loop
      vertex 60.5547 38.0925 18.8846
      vertex 60.9719 36.8469 18.5732
      vertex 60.8414 36.7945 18.5601
    endloop
  endfacet
  facet normal -2.8255e-05 0.24258 -0.970131
    outer loop
      vertex 60.2285 37.9614 18.8519
      vertex 60.8414 36.7945 18.5601
      vertex 60.721 36.7229 18.5422
    endloop
  endfacet
  facet normal -0.000278712 0.242339 -0.970192
    outer loop
      vertex 59.9275 37.7825 18.8071
      vertex 60.721 36.7229 18.5422
      vertex 60.6136 36.6339 18.52
    endloop
  endfacet
  facet normal 3.50465e-16 0.242536 -0.970143
    outer loop
      vertex 60.9719 36.8469 18.5732
      vertex 60.5547 38.0925 18.8846
      vertex 60.898 38.1725 18.9046
    endloop
  endfacet
  facet normal 0.000379291 0.242879 -0.970057
    outer loop
      vertex 59.659 37.56 18.7515
      vertex 60.6136 36.6339 18.52
      vertex 60.5219 36.5298 18.4939
    endloop
  endfacet
  facet normal -0.00013194 0.242419 -0.970172
    outer loop
      vertex 59.4297 37.2996 18.6864
      vertex 60.5219 36.5298 18.4939
      vertex 60.4481 36.4129 18.4647
    endloop
  endfacet
  facet normal -0.000111562 0.2424 -0.970176
    outer loop
      vertex 59.2452 37.0075 18.6134
      vertex 60.4481 36.4129 18.4647
      vertex 60.3941 36.2864 18.4331
    endloop
  endfacet
  facet normal -7.07212e-05 0.242381 -0.970181
    outer loop
      vertex 59.1101 36.6911 18.5343
      vertex 60.3941 36.2864 18.4331
      vertex 60.3611 36.1531 18.3998
    endloop
  endfacet
  facet normal -0.000204871 0.242493 -0.970153
    outer loop
      vertex 60.8414 36.7945 18.5601
      vertex 60.2285 37.9614 18.8519
      vertex 60.5547 38.0925 18.8846
    endloop
  endfacet
  facet normal 7.18537e-05 0.242864 -0.97006
    outer loop
      vertex 59.0277 36.358 18.451
      vertex 60.3611 36.1531 18.3998
      vertex 60.35 36.0165 18.3656
    endloop
  endfacet
  facet normal 1.5908e-05 0.242467 -0.97016
    outer loop
      vertex 59.2452 35.0256 18.1179
      vertex 60.4481 35.6201 18.2665
      vertex 59.4297 34.7335 18.0449
    endloop
  endfacet
  facet normal -0.000173033 0.242827 -0.97007
    outer loop
      vertex 60.4481 35.6201 18.2665
      vertex 59.2452 35.0256 18.1179
      vertex 60.3941 35.7467 18.2982
    endloop
  endfacet
  facet normal 0.000167271 0.242654 -0.970113
    outer loop
      vertex 60.721 36.7229 18.5422
      vertex 59.9275 37.7825 18.8071
      vertex 60.2285 37.9614 18.8519
    endloop
  endfacet
  facet normal 1.66485e-05 0.242542 -0.970141
    outer loop
      vertex 59.1101 35.342 18.197
      vertex 60.3941 35.7467 18.2982
      vertex 59.2452 35.0256 18.1179
    endloop
  endfacet
  facet normal -3.7013e-05 0.242475 -0.970158
    outer loop
      vertex 60.6136 36.6339 18.52
      vertex 59.659 37.56 18.7515
      vertex 59.9275 37.7825 18.8071
    endloop
  endfacet
  facet normal 7.07212e-05 0.242381 -0.970181
    outer loop
      vertex 60.3941 35.7467 18.2982
      vertex 59.1101 35.342 18.197
      vertex 60.3611 35.88 18.3315
    endloop
  endfacet
  facet normal -2.7404e-05 0.242558 -0.970137
    outer loop
      vertex 60.5219 36.5298 18.4939
      vertex 59.4297 37.2996 18.6864
      vertex 59.659 37.56 18.7515
    endloop
  endfacet
  facet normal -2.83017e-05 0.242598 -0.970127
    outer loop
      vertex 59.0277 35.6751 18.2803
      vertex 60.3611 35.88 18.3315
      vertex 59.1101 35.342 18.197
    endloop
  endfacet
  facet normal -6.20087e-05 0.242494 -0.970153
    outer loop
      vertex 60.4481 36.4129 18.4647
      vertex 59.2452 37.0075 18.6134
      vertex 59.4297 37.2996 18.6864
    endloop
  endfacet
  facet normal 9.00251e-06 0.242369 -0.970184
    outer loop
      vertex 60.3611 35.88 18.3315
      vertex 59.0277 35.6751 18.2803
      vertex 60.35 36.0165 18.3656
    endloop
  endfacet
  facet normal -1.66485e-05 0.242542 -0.970141
    outer loop
      vertex 60.3941 36.2864 18.4331
      vertex 59.1101 36.6911 18.5343
      vertex 59.2452 37.0075 18.6134
    endloop
  endfacet
  facet normal 0 0.242402 -0.970176
    outer loop
      vertex 59 36.0165 18.3656
      vertex 60.35 36.0165 18.3656
      vertex 59.0277 35.6751 18.2803
    endloop
  endfacet
  facet normal 2.83017e-05 0.242598 -0.970127
    outer loop
      vertex 60.3611 36.1531 18.3998
      vertex 59.0277 36.358 18.451
      vertex 59.1101 36.6911 18.5343
    endloop
  endfacet
  facet normal 0 0.242602 -0.970126
    outer loop
      vertex 60.35 36.0165 18.3656
      vertex 59 36.0165 18.3656
      vertex 59.0277 36.358 18.451
    endloop
  endfacet
  facet normal 0.9239 -0.37121 -0.0927992
    outer loop
      vertex 63.2548 34.3088 20.9849
      vertex 63.3899 35.342 18.197
      vertex 63.3899 34.622 21.0771
    endloop
  endfacet
  facet normal 0.92387 -0.371278 -0.0928259
    outer loop
      vertex 63.3899 35.342 18.197
      vertex 63.2548 34.3088 20.9849
      vertex 63.2548 35.0256 18.1179
    endloop
  endfacet
  facet normal 0.649482 0.737674 0.184418
    outer loop
      vertex 62.841 36.8172 21.7227
      vertex 62.5725 37.7825 18.8071
      vertex 62.5725 37.0374 21.7875
    endloop
  endfacet
  facet normal 0.649482 0.737674 0.184418
    outer loop
      vertex 62.5725 37.7825 18.8071
      vertex 62.841 36.8172 21.7227
      vertex 62.841 37.56 18.7515
    endloop
  endfacet
  facet normal 0.522489 0.82719 0.206791
    outer loop
      vertex 62.5725 37.0374 21.7875
      vertex 62.2715 37.9614 18.8519
      vertex 62.2715 37.2145 21.8396
    endloop
  endfacet
  facet normal 0.522439 0.827218 0.206804
    outer loop
      vertex 62.2715 37.9614 18.8519
      vertex 62.5725 37.0374 21.7875
      vertex 62.5725 37.7825 18.8071
    endloop
  endfacet
  facet normal 0.522489 -0.827188 -0.206797
    outer loop
      vertex 62.2715 33.3647 20.7073
      vertex 62.5725 34.2506 17.9242
      vertex 62.5725 33.5418 20.7594
    endloop
  endfacet
  facet normal 0.522639 -0.827104 -0.206754
    outer loop
      vertex 62.5725 34.2506 17.9242
      vertex 62.2715 33.3647 20.7073
      vertex 62.2715 34.0716 17.8794
    endloop
  endfacet
  facet normal 0.233366 0.943356 0.235839
    outer loop
      vertex 61.9453 37.3443 21.8777
      vertex 61.602 38.1725 18.9046
      vertex 61.602 37.4234 21.901
    endloop
  endfacet
  facet normal 0.233561 0.943316 0.235805
    outer loop
      vertex 61.602 38.1725 18.9046
      vertex 61.9453 37.3443 21.8777
      vertex 61.9453 38.0925 18.8846
    endloop
  endfacet
  facet normal -0.852646 -0.506887 -0.126731
    outer loop
      vertex 59.4297 34.0197 20.8999
      vertex 59.2452 35.0256 18.1179
      vertex 59.4297 34.7335 18.0449
    endloop
  endfacet
  facet normal -0.852646 -0.506887 -0.126731
    outer loop
      vertex 59.2452 35.0256 18.1179
      vertex 59.4297 34.0197 20.8999
      vertex 59.2452 34.3088 20.9849
    endloop
  endfacet
  facet normal -0.760332 -0.630139 -0.15754
    outer loop
      vertex 59.659 33.762 20.8241
      vertex 59.4297 34.7335 18.0449
      vertex 59.659 34.4731 17.9798
    endloop
  endfacet
  facet normal -0.760304 -0.630171 -0.157554
    outer loop
      vertex 59.4297 34.7335 18.0449
      vertex 59.659 33.762 20.8241
      vertex 59.4297 34.0197 20.8999
    endloop
  endfacet
  facet normal -0.760332 0.630137 0.15755
    outer loop
      vertex 59.4297 36.5594 21.6469
      vertex 59.659 37.56 18.7515
      vertex 59.4297 37.2996 18.6864
    endloop
  endfacet
  facet normal -0.760419 0.630042 0.157511
    outer loop
      vertex 59.659 37.56 18.7515
      vertex 59.4297 36.5594 21.6469
      vertex 59.659 36.8172 21.7227
    endloop
  endfacet
  facet normal -0.649443 -0.737705 -0.184433
    outer loop
      vertex 59.659 34.4731 17.9798
      vertex 59.9275 33.5418 20.7594
      vertex 59.659 33.762 20.8241
    endloop
  endfacet
  facet normal -0.649482 -0.737674 -0.184418
    outer loop
      vertex 59.9275 33.5418 20.7594
      vertex 59.659 34.4731 17.9798
      vertex 59.9275 34.2506 17.9242
    endloop
  endfacet
  facet normal -0.0784438 -0.967151 -0.241796
    outer loop
      vertex 60.898 33.8606 17.8267
      vertex 61.25 33.1292 20.638
      vertex 60.898 33.1558 20.6458
    endloop
  endfacet
  facet normal -0.0785803 -0.967145 -0.241778
    outer loop
      vertex 61.25 33.1292 20.638
      vertex 60.898 33.8606 17.8267
      vertex 61.25 33.8337 17.8199
    endloop
  endfacet
  facet normal 0.233366 -0.94335 -0.235863
    outer loop
      vertex 61.602 33.1558 20.6458
      vertex 61.9453 33.9406 17.8466
      vertex 61.9453 33.2349 20.6691
    endloop
  endfacet
  facet normal 0.233496 -0.943324 -0.235839
    outer loop
      vertex 61.9453 33.9406 17.8466
      vertex 61.602 33.1558 20.6458
      vertex 61.602 33.8606 17.8267
    endloop
  endfacet
  facet normal 0.382801 0.896253 0.224041
    outer loop
      vertex 62.2715 37.2145 21.8396
      vertex 61.9453 38.0925 18.8846
      vertex 61.9453 37.3443 21.8777
    endloop
  endfacet
  facet normal 0.382684 0.896296 0.224067
    outer loop
      vertex 61.9453 38.0925 18.8846
      vertex 62.2715 37.2145 21.8396
      vertex 62.2715 37.9614 18.8519
    endloop
  endfacet
  facet normal -0.996918 0.0761051 0.019025
    outer loop
      vertex 59 35.2896 21.2734
      vertex 59.0277 36.358 18.451
      vertex 59 36.0165 18.3656
    endloop
  endfacet
  facet normal -0.996918 0.0761052 0.019025
    outer loop
      vertex 59.0277 36.358 18.451
      vertex 59 35.2896 21.2734
      vertex 59.0277 35.6276 21.3728
    endloop
  endfacet
  facet normal -0.382801 0.896253 0.224041
    outer loop
      vertex 60.5547 38.0925 18.8846
      vertex 60.2285 37.2145 21.8396
      vertex 60.5547 37.3443 21.8777
    endloop
  endfacet
  facet normal -0.382684 0.896296 0.224067
    outer loop
      vertex 60.2285 37.2145 21.8396
      vertex 60.5547 38.0925 18.8846
      vertex 60.2285 37.9614 18.8519
    endloop
  endfacet
  facet normal -0.852646 0.50689 0.126718
    outer loop
      vertex 59.2452 36.2704 21.5619
      vertex 59.4297 37.2996 18.6864
      vertex 59.2452 37.0075 18.6134
    endloop
  endfacet
  facet normal -0.852571 0.507005 0.126764
    outer loop
      vertex 59.4297 37.2996 18.6864
      vertex 59.2452 36.2704 21.5619
      vertex 59.4297 36.5594 21.6469
    endloop
  endfacet
  facet normal -0.382859 -0.89623 -0.224034
    outer loop
      vertex 60.2285 34.0716 17.8794
      vertex 60.5547 33.2349 20.6691
      vertex 60.2285 33.3647 20.7073
    endloop
  endfacet
  facet normal -0.382508 -0.89636 -0.224114
    outer loop
      vertex 60.5547 33.2349 20.6691
      vertex 60.2285 34.0716 17.8794
      vertex 60.5547 33.9406 17.8466
    endloop
  endfacet
  facet normal -0.760489 0.629963 0.157491
    outer loop
      vertex 61.8864 34.6785 21.0937
      vertex 61.9781 35.5033 18.2373
      vertex 61.8864 35.3991 18.2113
    endloop
  endfacet
  facet normal -0.760706 0.62972 0.157414
    outer loop
      vertex 61.9781 35.5033 18.2373
      vertex 61.8864 34.6785 21.0937
      vertex 61.9781 34.7817 21.124
    endloop
  endfacet
  facet normal -0.972347 0.226568 0.0566361
    outer loop
      vertex 62.1059 35.0226 21.1949
      vertex 62.1389 35.88 18.3315
      vertex 62.1059 35.7467 18.2982
    endloop
  endfacet
  facet normal -0.972301 0.226755 0.0566925
    outer loop
      vertex 62.1389 35.88 18.3315
      vertex 62.1059 35.0226 21.1949
      vertex 62.1389 35.1544 21.2337
    endloop
  endfacet
  facet normal -0.972347 -0.226567 -0.0566379
    outer loop
      vertex 62.1389 35.4248 21.3132
      vertex 62.1059 36.2864 18.4331
      vertex 62.1389 36.1531 18.3998
    endloop
  endfacet
  facet normal -0.972301 -0.226754 -0.0566943
    outer loop
      vertex 62.1059 36.2864 18.4331
      vertex 62.1389 35.4248 21.3132
      vertex 62.1059 35.5566 21.352
    endloop
  endfacet
  facet normal -0.522863 0.826965 0.206741
    outer loop
      vertex 61.779 35.3102 18.189
      vertex 61.6586 34.5196 21.0469
      vertex 61.779 34.5905 21.0678
    endloop
  endfacet
  facet normal -0.522489 0.827183 0.206817
    outer loop
      vertex 61.6586 34.5196 21.0469
      vertex 61.779 35.3102 18.189
      vertex 61.6586 35.2386 18.1712
    endloop
  endfacet
  facet normal -0.382575 -0.896344 -0.224063
    outer loop
      vertex 61.5281 36.8469 18.5732
      vertex 61.6586 36.0596 21.4999
      vertex 61.5281 36.1115 21.5151
    endloop
  endfacet
  facet normal -0.382428 -0.896401 -0.224085
    outer loop
      vertex 61.6586 36.0596 21.4999
      vertex 61.5281 36.8469 18.5732
      vertex 61.6586 36.7945 18.5601
    endloop
  endfacet
  facet normal -0.760272 -0.630206 -0.157568
    outer loop
      vertex 61.9781 35.7975 21.4228
      vertex 61.8864 36.6339 18.52
      vertex 61.9781 36.5298 18.4939
    endloop
  endfacet
  facet normal -0.760706 -0.62972 -0.157414
    outer loop
      vertex 61.8864 36.6339 18.52
      vertex 61.9781 35.7975 21.4228
      vertex 61.8864 35.9007 21.4531
    endloop
  endfacet
  facet normal 0.760706 -0.62972 -0.157414
    outer loop
      vertex 60.5219 35.7975 21.4228
      vertex 60.6136 36.6339 18.52
      vertex 60.6136 35.9007 21.4531
    endloop
  endfacet
  facet normal 0.760272 -0.630206 -0.157568
    outer loop
      vertex 60.6136 36.6339 18.52
      vertex 60.5219 35.7975 21.4228
      vertex 60.5219 36.5298 18.4939
    endloop
  endfacet
  facet normal 0.924 -0.370975 -0.0927406
    outer loop
      vertex 60.3941 35.5566 21.352
      vertex 60.4481 36.4129 18.4647
      vertex 60.4481 35.6819 21.3888
    endloop
  endfacet
  facet normal 0.9239 -0.371208 -0.0928114
    outer loop
      vertex 60.4481 36.4129 18.4647
      vertex 60.3941 35.5566 21.352
      vertex 60.3941 36.2864 18.4331
    endloop
  endfacet
  facet normal -0.996908 -0.0762364 -0.0190578
    outer loop
      vertex 62.15 35.2896 21.2734
      vertex 62.1389 36.1531 18.3998
      vertex 62.15 36.0165 18.3656
    endloop
  endfacet
  facet normal -0.996908 -0.0762365 -0.0190578
    outer loop
      vertex 62.1389 36.1531 18.3998
      vertex 62.15 35.2896 21.2734
      vertex 62.1389 35.4248 21.3132
    endloop
  endfacet
  facet normal 0.649145 -0.737953 -0.184488
    outer loop
      vertex 60.6136 35.9007 21.4531
      vertex 60.721 36.7229 18.5422
      vertex 60.721 35.9887 21.479
    endloop
  endfacet
  facet normal 0.649443 -0.737711 -0.184409
    outer loop
      vertex 60.721 36.7229 18.5422
      vertex 60.6136 35.9007 21.4531
      vertex 60.6136 36.6339 18.52
    endloop
  endfacet
  facet normal -0.9239 -0.371208 -0.0928114
    outer loop
      vertex 62.1059 35.5566 21.352
      vertex 62.0519 36.4129 18.4647
      vertex 62.1059 36.2864 18.4331
    endloop
  endfacet
  facet normal -0.924 -0.370975 -0.0927406
    outer loop
      vertex 62.0519 36.4129 18.4647
      vertex 62.1059 35.5566 21.352
      vertex 62.0519 35.6819 21.3888
    endloop
  endfacet
  facet normal 0.522863 -0.826969 -0.206728
    outer loop
      vertex 60.721 35.9887 21.479
      vertex 60.8414 36.7945 18.5601
      vertex 60.8414 36.0596 21.4999
    endloop
  endfacet
  facet normal 0.522614 -0.827114 -0.206778
    outer loop
      vertex 60.8414 36.7945 18.5601
      vertex 60.721 35.9887 21.479
      vertex 60.721 36.7229 18.5422
    endloop
  endfacet
  facet normal -0.0789899 -0.967113 -0.24177
    outer loop
      vertex 61.25 36.8897 18.5839
      vertex 61.3908 36.1431 21.5244
      vertex 61.25 36.1538 21.5276
    endloop
  endfacet
  facet normal -0.0788193 -0.967124 -0.241781
    outer loop
      vertex 61.3908 36.1431 21.5244
      vertex 61.25 36.8897 18.5839
      vertex 61.3908 36.8789 18.5812
    endloop
  endfacet
  facet normal -0.0789899 0.967111 0.241778
    outer loop
      vertex 61.3908 35.1542 18.15
      vertex 61.25 34.4254 21.0192
      vertex 61.3908 34.4361 21.0224
    endloop
  endfacet
  facet normal -0.0786486 0.967133 0.2418
    outer loop
      vertex 61.25 34.4254 21.0192
      vertex 61.3908 35.1542 18.15
      vertex 61.25 35.1434 18.1474
    endloop
  endfacet
  facet normal 0.382575 0.896333 0.224107
    outer loop
      vertex 60.9719 34.4677 21.0317
      vertex 60.8414 35.2386 18.1712
      vertex 60.8414 34.5196 21.0469
    endloop
  endfacet
  facet normal 0.383161 0.896105 0.224018
    outer loop
      vertex 60.8414 35.2386 18.1712
      vertex 60.9719 34.4677 21.0317
      vertex 60.9719 35.1861 18.158
    endloop
  endfacet
  facet normal -0.852571 0.507011 0.12674
    outer loop
      vertex 61.9781 34.7817 21.124
      vertex 62.0519 35.6201 18.2665
      vertex 61.9781 35.5033 18.2373
    endloop
  endfacet
  facet normal -0.85257 0.507012 0.12674
    outer loop
      vertex 62.0519 35.6201 18.2665
      vertex 61.9781 34.7817 21.124
      vertex 62.0519 34.8973 21.158
    endloop
  endfacet
  facet normal 0.0789899 -0.967113 -0.24177
    outer loop
      vertex 61.1092 36.1431 21.5244
      vertex 61.25 36.8897 18.5839
      vertex 61.25 36.1538 21.5276
    endloop
  endfacet
  facet normal 0.0788193 -0.967124 -0.241781
    outer loop
      vertex 61.25 36.8897 18.5839
      vertex 61.1092 36.1431 21.5244
      vertex 61.1092 36.8789 18.5812
    endloop
  endfacet
  facet normal 0.852571 -0.507005 -0.126764
    outer loop
      vertex 60.4481 35.6819 21.3888
      vertex 60.5219 36.5298 18.4939
      vertex 60.5219 35.7975 21.4228
    endloop
  endfacet
  facet normal 0.852758 -0.506712 -0.126674
    outer loop
      vertex 60.5219 36.5298 18.4939
      vertex 60.4481 35.6819 21.3888
      vertex 60.4481 36.4129 18.4647
    endloop
  endfacet
  facet normal -0.996902 0.0763011 0.0190766
    outer loop
      vertex 62.1389 35.1544 21.2337
      vertex 62.15 36.0165 18.3656
      vertex 62.1389 35.88 18.3315
    endloop
  endfacet
  facet normal -0.996907 0.0762495 0.0190611
    outer loop
      vertex 62.15 36.0165 18.3656
      vertex 62.1389 35.1544 21.2337
      vertex 62.15 35.2896 21.2734
    endloop
  endfacet
  facet normal 0.924025 0.370918 0.0927199
    outer loop
      vertex 60.4481 34.8973 21.158
      vertex 60.3941 35.7467 18.2982
      vertex 60.3941 35.0226 21.1949
    endloop
  endfacet
  facet normal 0.924026 0.370918 0.0927198
    outer loop
      vertex 60.3941 35.7467 18.2982
      vertex 60.4481 34.8973 21.158
      vertex 60.4481 35.6201 18.2665
    endloop
  endfacet
  facet normal 0.760706 0.62972 0.157414
    outer loop
      vertex 60.6136 34.6785 21.0937
      vertex 60.5219 35.5033 18.2373
      vertex 60.5219 34.7817 21.124
    endloop
  endfacet
  facet normal 0.760489 0.629963 0.157491
    outer loop
      vertex 60.5219 35.5033 18.2373
      vertex 60.6136 34.6785 21.0937
      vertex 60.6136 35.3991 18.2113
    endloop
  endfacet
  facet normal -0.382575 0.896333 0.224107
    outer loop
      vertex 61.6586 35.2386 18.1712
      vertex 61.5281 34.4677 21.0317
      vertex 61.6586 34.5196 21.0469
    endloop
  endfacet
  facet normal -0.383161 0.896105 0.224018
    outer loop
      vertex 61.5281 34.4677 21.0317
      vertex 61.6586 35.2386 18.1712
      vertex 61.5281 35.1861 18.158
    endloop
  endfacet
  facet normal -0.852758 -0.506712 -0.126674
    outer loop
      vertex 62.0519 35.6819 21.3888
      vertex 61.9781 36.5298 18.4939
      vertex 62.0519 36.4129 18.4647
    endloop
  endfacet
  facet normal -0.852571 -0.507005 -0.126764
    outer loop
      vertex 61.9781 36.5298 18.4939
      vertex 62.0519 35.6819 21.3888
      vertex 61.9781 35.7975 21.4228
    endloop
  endfacet
  facet normal -0.522863 -0.826969 -0.206728
    outer loop
      vertex 61.6586 36.7945 18.5601
      vertex 61.779 35.9887 21.479
      vertex 61.6586 36.0596 21.4999
    endloop
  endfacet
  facet normal -0.522614 -0.827114 -0.206778
    outer loop
      vertex 61.779 35.9887 21.479
      vertex 61.6586 36.7945 18.5601
      vertex 61.779 36.7229 18.5422
    endloop
  endfacet
  facet normal 0.522863 0.826965 0.206741
    outer loop
      vertex 60.8414 34.5196 21.0469
      vertex 60.721 35.3102 18.189
      vertex 60.721 34.5905 21.0678
    endloop
  endfacet
  facet normal 0.522489 0.827183 0.206817
    outer loop
      vertex 60.721 35.3102 18.189
      vertex 60.8414 34.5196 21.0469
      vertex 60.8414 35.2386 18.1712
    endloop
  endfacet
  facet normal -0.649145 -0.737953 -0.184488
    outer loop
      vertex 61.779 36.7229 18.5422
      vertex 61.8864 35.9007 21.4531
      vertex 61.779 35.9887 21.479
    endloop
  endfacet
  facet normal -0.649443 -0.737711 -0.184409
    outer loop
      vertex 61.8864 35.9007 21.4531
      vertex 61.779 36.7229 18.5422
      vertex 61.8864 36.6339 18.52
    endloop
  endfacet
  facet normal 0.382575 -0.896344 -0.224063
    outer loop
      vertex 60.8414 36.0596 21.4999
      vertex 60.9719 36.8469 18.5732
      vertex 60.9719 36.1115 21.5151
    endloop
  endfacet
  facet normal 0.382428 -0.896401 -0.224085
    outer loop
      vertex 60.9719 36.8469 18.5732
      vertex 60.8414 36.0596 21.4999
      vertex 60.8414 36.7945 18.5601
    endloop
  endfacet
  facet normal -0.924026 0.370918 0.0927198
    outer loop
      vertex 62.0519 34.8973 21.158
      vertex 62.1059 35.7467 18.2982
      vertex 62.0519 35.6201 18.2665
    endloop
  endfacet
  facet normal -0.924025 0.370918 0.0927199
    outer loop
      vertex 62.1059 35.7467 18.2982
      vertex 62.0519 34.8973 21.158
      vertex 62.1059 35.0226 21.1949
    endloop
  endfacet
  facet normal 0.972301 0.226755 0.0566925
    outer loop
      vertex 60.3941 35.0226 21.1949
      vertex 60.3611 35.88 18.3315
      vertex 60.3611 35.1544 21.2337
    endloop
  endfacet
  facet normal 0.972347 0.226568 0.0566361
    outer loop
      vertex 60.3611 35.88 18.3315
      vertex 60.3941 35.0226 21.1949
      vertex 60.3941 35.7467 18.2982
    endloop
  endfacet
  facet normal 0.233106 -0.943416 -0.235854
    outer loop
      vertex 60.9719 36.1115 21.5151
      vertex 61.1092 36.8789 18.5812
      vertex 61.1092 36.1431 21.5244
    endloop
  endfacet
  facet normal 0.233593 -0.943309 -0.235803
    outer loop
      vertex 61.1092 36.8789 18.5812
      vertex 60.9719 36.1115 21.5151
      vertex 60.9719 36.8469 18.5732
    endloop
  endfacet
  facet normal -0.233106 -0.943416 -0.235854
    outer loop
      vertex 61.3908 36.8789 18.5812
      vertex 61.5281 36.1115 21.5151
      vertex 61.3908 36.1431 21.5244
    endloop
  endfacet
  facet normal -0.233593 -0.943309 -0.235803
    outer loop
      vertex 61.5281 36.1115 21.5151
      vertex 61.3908 36.8789 18.5812
      vertex 61.5281 36.8469 18.5732
    endloop
  endfacet
  facet normal 0.85257 0.507012 0.12674
    outer loop
      vertex 60.5219 34.7817 21.124
      vertex 60.4481 35.6201 18.2665
      vertex 60.4481 34.8973 21.158
    endloop
  endfacet
  facet normal 0.852571 0.507011 0.12674
    outer loop
      vertex 60.4481 35.6201 18.2665
      vertex 60.5219 34.7817 21.124
      vertex 60.5219 35.5033 18.2373
    endloop
  endfacet
  facet normal -0.233106 0.943418 0.235846
    outer loop
      vertex 61.5281 35.1861 18.158
      vertex 61.3908 34.4361 21.0224
      vertex 61.5281 34.4677 21.0317
    endloop
  endfacet
  facet normal -0.232943 0.943454 0.235864
    outer loop
      vertex 61.3908 34.4361 21.0224
      vertex 61.5281 35.1861 18.158
      vertex 61.3908 35.1542 18.15
    endloop
  endfacet
  facet normal 0.972301 -0.226754 -0.0566943
    outer loop
      vertex 60.3611 35.4248 21.3132
      vertex 60.3941 36.2864 18.4331
      vertex 60.3941 35.5566 21.352
    endloop
  endfacet
  facet normal 0.972347 -0.226567 -0.0566379
    outer loop
      vertex 60.3941 36.2864 18.4331
      vertex 60.3611 35.4248 21.3132
      vertex 60.3611 36.1531 18.3998
    endloop
  endfacet
  facet normal 0.996907 0.0762495 0.0190611
    outer loop
      vertex 60.3611 35.1544 21.2337
      vertex 60.35 36.0165 18.3656
      vertex 60.35 35.2896 21.2734
    endloop
  endfacet
  facet normal 0.996902 0.0763011 0.0190766
    outer loop
      vertex 60.35 36.0165 18.3656
      vertex 60.3611 35.1544 21.2337
      vertex 60.3611 35.88 18.3315
    endloop
  endfacet
  facet normal 0.0789899 0.967111 0.241778
    outer loop
      vertex 61.25 34.4254 21.0192
      vertex 61.1092 35.1542 18.15
      vertex 61.1092 34.4361 21.0224
    endloop
  endfacet
  facet normal 0.0786486 0.967133 0.2418
    outer loop
      vertex 61.1092 35.1542 18.15
      vertex 61.25 34.4254 21.0192
      vertex 61.25 35.1434 18.1474
    endloop
  endfacet
  facet normal 0.996908 -0.0762365 -0.0190578
    outer loop
      vertex 60.35 35.2896 21.2734
      vertex 60.3611 36.1531 18.3998
      vertex 60.3611 35.4248 21.3132
    endloop
  endfacet
  facet normal 0.996908 -0.0762364 -0.0190578
    outer loop
      vertex 60.3611 36.1531 18.3998
      vertex 60.35 35.2896 21.2734
      vertex 60.35 36.0165 18.3656
    endloop
  endfacet
  facet normal 0.649145 0.737953 0.184488
    outer loop
      vertex 60.721 34.5905 21.0678
      vertex 60.6136 35.3991 18.2113
      vertex 60.6136 34.6785 21.0937
    endloop
  endfacet
  facet normal 0.649145 0.737953 0.184488
    outer loop
      vertex 60.6136 35.3991 18.2113
      vertex 60.721 34.5905 21.0678
      vertex 60.721 35.3102 18.189
    endloop
  endfacet
  facet normal -0.649145 0.737953 0.184488
    outer loop
      vertex 61.8864 35.3991 18.2113
      vertex 61.779 34.5905 21.0678
      vertex 61.8864 34.6785 21.0937
    endloop
  endfacet
  facet normal -0.649145 0.737953 0.184488
    outer loop
      vertex 61.779 34.5905 21.0678
      vertex 61.8864 35.3991 18.2113
      vertex 61.779 35.3102 18.189
    endloop
  endfacet
  facet normal 0.233106 0.943418 0.235846
    outer loop
      vertex 61.1092 34.4361 21.0224
      vertex 60.9719 35.1861 18.158
      vertex 60.9719 34.4677 21.0317
    endloop
  endfacet
  facet normal 0.232943 0.943454 0.235864
    outer loop
      vertex 60.9719 35.1861 18.158
      vertex 61.1092 34.4361 21.0224
      vertex 61.1092 35.1542 18.15
    endloop
  endfacet
  facet normal 0.760332 -0.630142 -0.157532
    outer loop
      vertex 62.841 61.6071 29.0138
      vertex 63.0703 62.8676 25.0784
      vertex 63.0703 61.8648 29.0897
    endloop
  endfacet
  facet normal 0.760332 -0.630142 -0.157531
    outer loop
      vertex 63.0703 62.8676 25.0784
      vertex 62.841 61.6071 29.0138
      vertex 62.841 62.6072 25.0133
    endloop
  endfacet
  facet normal 0.760448 0.630007 0.15751
    outer loop
      vertex 62.841 64.7404 29.6
      vertex 63.0703 65.4337 25.7199
      vertex 62.841 65.6942 25.785
    endloop
  endfacet
  facet normal 0.760362 0.630108 0.157523
    outer loop
      vertex 63.0703 65.4337 25.7199
      vertex 62.841 64.7404 29.6
      vertex 63.0703 64.4637 29.6
    endloop
  endfacet
  facet normal 0.649443 -0.737708 -0.184422
    outer loop
      vertex 62.5725 61.3869 28.9491
      vertex 62.841 62.6072 25.0133
      vertex 62.841 61.6071 29.0138
    endloop
  endfacet
  facet normal 0.649482 -0.737676 -0.18441
    outer loop
      vertex 62.841 62.6072 25.0133
      vertex 62.5725 61.3869 28.9491
      vertex 62.5725 62.3847 24.9577
    endloop
  endfacet
  facet normal 0.972391 0.22639 0.0565948
    outer loop
      vertex 63.3899 63.8172 29.6
      vertex 63.4723 64.4921 25.4845
      vertex 63.3899 64.8252 25.5678
    endloop
  endfacet
  facet normal 0.972447 0.226546 0.0549824
    outer loop
      vertex 63.4723 63.4726 29.5625
      vertex 63.3899 63.8172 29.6
      vertex 63.4405 63.6 29.6
    endloop
  endfacet
  facet normal 0.972399 0.22636 0.0565899
    outer loop
      vertex 63.3899 63.8172 29.6
      vertex 63.4723 63.4726 29.5625
      vertex 63.4723 64.4921 25.4845
    endloop
  endfacet
  facet normal -0.92391 0.371185 0.0927985
    outer loop
      vertex 59.1101 64.8252 25.5678
      vertex 59.2452 64.1534 29.6
      vertex 59.2452 65.1417 25.6469
    endloop
  endfacet
  facet normal -0.923881 0.371256 0.0928094
    outer loop
      vertex 59.2452 64.1534 29.6
      vertex 59.1101 64.8252 25.5678
      vertex 59.1101 63.8172 29.6
    endloop
  endfacet
  facet normal 0.078512 -0.967151 -0.241776
    outer loop
      vertex 61.25 60.9743 28.8277
      vertex 61.602 61.9947 24.8602
      vertex 61.602 61.0009 28.8356
    endloop
  endfacet
  facet normal 0.078239 -0.967166 -0.241804
    outer loop
      vertex 61.602 61.9947 24.8602
      vertex 61.25 60.9743 28.8277
      vertex 61.25 61.9679 24.8535
    endloop
  endfacet
  facet normal 0.38286 -0.896225 -0.224051
    outer loop
      vertex 61.9453 61.08 28.8588
      vertex 62.2715 62.2058 24.9129
      vertex 62.2715 61.2098 28.897
    endloop
  endfacet
  facet normal 0.382684 -0.896292 -0.224084
    outer loop
      vertex 62.2715 62.2058 24.9129
      vertex 61.9453 61.08 28.8588
      vertex 61.9453 62.0747 24.8802
    endloop
  endfacet
  facet normal -0.996918 -0.0761047 -0.0190266
    outer loop
      vertex 59.0277 62.7967 29.3637
      vertex 59 64.1507 25.3992
      vertex 59.0277 63.8092 25.3138
    endloop
  endfacet
  facet normal -0.996918 -0.0761047 -0.0190266
    outer loop
      vertex 59 64.1507 25.3992
      vertex 59.0277 62.7967 29.3637
      vertex 59 63.1347 29.4631
    endloop
  endfacet
  facet normal 0.852646 -0.50689 -0.126719
    outer loop
      vertex 63.0703 61.8648 29.0897
      vertex 63.2548 63.1597 25.1514
      vertex 63.2548 62.1539 29.1747
    endloop
  endfacet
  facet normal 0.852646 -0.50689 -0.126719
    outer loop
      vertex 63.2548 63.1597 25.1514
      vertex 63.0703 61.8648 29.0897
      vertex 63.0703 62.8676 25.0784
    endloop
  endfacet
  facet normal 0.92391 0.371185 0.0927985
    outer loop
      vertex 63.2548 64.1534 29.6
      vertex 63.3899 64.8252 25.5678
      vertex 63.2548 65.1417 25.6469
    endloop
  endfacet
  facet normal 0.923881 0.371256 0.0928094
    outer loop
      vertex 63.3899 64.8252 25.5678
      vertex 63.2548 64.1534 29.6
      vertex 63.3899 63.8172 29.6
    endloop
  endfacet
  facet normal -0.972391 0.22639 0.0565948
    outer loop
      vertex 59.0277 64.4921 25.4845
      vertex 59.1101 63.8172 29.6
      vertex 59.1101 64.8252 25.5678
    endloop
  endfacet
  facet normal -0.972399 0.22636 0.0565899
    outer loop
      vertex 59.0277 63.4726 29.5625
      vertex 59.1101 63.8172 29.6
      vertex 59.0277 64.4921 25.4845
    endloop
  endfacet
  facet normal -0.972447 0.226546 0.0549824
    outer loop
      vertex 59.1101 63.8172 29.6
      vertex 59.0277 63.4726 29.5625
      vertex 59.0595 63.6 29.6
    endloop
  endfacet
  facet normal 0.996918 -0.0761047 -0.0190266
    outer loop
      vertex 63.4723 62.7967 29.3637
      vertex 63.5 64.1507 25.3992
      vertex 63.5 63.1347 29.4631
    endloop
  endfacet
  facet normal 0.996918 -0.0761047 -0.0190266
    outer loop
      vertex 63.5 64.1507 25.3992
      vertex 63.4723 62.7967 29.3637
      vertex 63.4723 63.8092 25.3138
    endloop
  endfacet
  facet normal 0.996917 0.0761257 0.0190314
    outer loop
      vertex 63.5 63.1347 29.4631
      vertex 63.4723 64.4921 25.4845
      vertex 63.4723 63.4726 29.5625
    endloop
  endfacet
  facet normal 0.996916 0.0761308 0.0190332
    outer loop
      vertex 63.4723 64.4921 25.4845
      vertex 63.5 63.1347 29.4631
      vertex 63.5 64.1507 25.3992
    endloop
  endfacet
  facet normal -0.233561 0.943313 0.235815
    outer loop
      vertex 60.898 66.3066 25.9382
      vertex 60.5547 65.3062 29.6
      vertex 60.898 65.3912 29.6
    endloop
  endfacet
  facet normal -0.233301 0.943368 0.235855
    outer loop
      vertex 60.5547 65.3062 29.6
      vertex 60.898 66.3066 25.9382
      vertex 60.5547 66.2267 25.9182
    endloop
  endfacet
  facet normal -0.0783071 0.967162 0.241797
    outer loop
      vertex 61.25 66.3335 25.9449
      vertex 60.898 65.3912 29.6
      vertex 61.25 65.4197 29.6
    endloop
  endfacet
  facet normal -0.0785121 0.967151 0.241775
    outer loop
      vertex 60.898 65.3912 29.6
      vertex 61.25 66.3335 25.9449
      vertex 60.898 66.3066 25.9382
    endloop
  endfacet
  facet normal -0.92387 -0.37128 -0.0928177
    outer loop
      vertex 59.2452 62.1539 29.1747
      vertex 59.1101 63.4761 25.2305
      vertex 59.2452 63.1597 25.1514
    endloop
  endfacet
  facet normal -0.92389 -0.371234 -0.0928016
    outer loop
      vertex 59.1101 63.4761 25.2305
      vertex 59.2452 62.1539 29.1747
      vertex 59.1101 62.4671 29.2668
    endloop
  endfacet
  facet normal -0.522438 0.827216 0.206815
    outer loop
      vertex 60.2285 66.0956 25.8854
      vertex 59.9275 64.9768 29.6
      vertex 60.2285 65.1669 29.6
    endloop
  endfacet
  facet normal -0.522589 0.82713 0.206777
    outer loop
      vertex 59.9275 64.9768 29.6
      vertex 60.2285 66.0956 25.8854
      vertex 59.9275 65.9166 25.8407
    endloop
  endfacet
  facet normal -0.522489 -0.827191 -0.206787
    outer loop
      vertex 59.9275 62.3847 24.9577
      vertex 60.2285 61.2098 28.897
      vertex 59.9275 61.3869 28.9491
    endloop
  endfacet
  facet normal -0.522439 -0.827219 -0.2068
    outer loop
      vertex 60.2285 61.2098 28.897
      vertex 59.9275 62.3847 24.9577
      vertex 60.2285 62.2058 24.9129
    endloop
  endfacet
  facet normal 0.972376 -0.22645 -0.0566139
    outer loop
      vertex 63.3899 62.4671 29.2668
      vertex 63.4723 63.8092 25.3138
      vertex 63.4723 62.7967 29.3637
    endloop
  endfacet
  facet normal 0.972391 -0.226391 -0.0565935
    outer loop
      vertex 63.4723 63.8092 25.3138
      vertex 63.3899 62.4671 29.2668
      vertex 63.3899 63.4761 25.2305
    endloop
  endfacet
  facet normal -0.233301 -0.943368 -0.235854
    outer loop
      vertex 60.5547 62.0747 24.8802
      vertex 60.898 61.0009 28.8356
      vertex 60.5547 61.08 28.8588
    endloop
  endfacet
  facet normal -0.233561 -0.943313 -0.235816
    outer loop
      vertex 60.898 61.0009 28.8356
      vertex 60.5547 62.0747 24.8802
      vertex 60.898 61.9947 24.8602
    endloop
  endfacet
  facet normal 0.0783071 0.967162 0.241797
    outer loop
      vertex 61.602 65.3912 29.6
      vertex 61.25 66.3335 25.9449
      vertex 61.25 65.4197 29.6
    endloop
  endfacet
  facet normal 0.0785121 0.967151 0.241775
    outer loop
      vertex 61.25 66.3335 25.9449
      vertex 61.602 65.3912 29.6
      vertex 61.602 66.3066 25.9382
    endloop
  endfacet
  facet normal 0.852571 0.507009 0.126749
    outer loop
      vertex 63.0703 64.4637 29.6
      vertex 63.2548 65.1417 25.6469
      vertex 63.0703 65.4337 25.7199
    endloop
  endfacet
  facet normal 0.852608 0.506949 0.12674
    outer loop
      vertex 63.2548 65.1417 25.6469
      vertex 63.0703 64.4637 29.6
      vertex 63.2548 64.1534 29.6
    endloop
  endfacet
  facet normal -0.649483 0.737674 0.184414
    outer loop
      vertex 59.9275 65.9166 25.8407
      vertex 59.659 64.7404 29.6
      vertex 59.9275 64.9768 29.6
    endloop
  endfacet
  facet normal -0.649363 0.73777 0.184452
    outer loop
      vertex 59.659 64.7404 29.6
      vertex 59.9275 65.9166 25.8407
      vertex 59.659 65.6942 25.785
    endloop
  endfacet
  facet normal -0.972391 -0.226391 -0.0565935
    outer loop
      vertex 59.1101 62.4671 29.2668
      vertex 59.0277 63.8092 25.3138
      vertex 59.1101 63.4761 25.2305
    endloop
  endfacet
  facet normal -0.972376 -0.22645 -0.0566139
    outer loop
      vertex 59.0277 63.8092 25.3138
      vertex 59.1101 62.4671 29.2668
      vertex 59.0277 62.7967 29.3637
    endloop
  endfacet
  facet normal 0 0.242602 -0.970126
    outer loop
      vertex 62.15 64.1507 25.3992
      vertex 63.5 64.1507 25.3992
      vertex 63.4723 63.8092 25.3138
    endloop
  endfacet
  facet normal 2.83017e-05 0.242598 -0.970127
    outer loop
      vertex 62.1389 64.0141 25.365
      vertex 63.4723 63.8092 25.3138
      vertex 63.3899 63.4761 25.2305
    endloop
  endfacet
  facet normal 0 0.242402 -0.970176
    outer loop
      vertex 63.5 64.1507 25.3992
      vertex 62.15 64.1507 25.3992
      vertex 63.4723 64.4921 25.4845
    endloop
  endfacet
  facet normal -2.36587e-15 0.242536 -0.970143
    outer loop
      vertex 62.1059 63.8809 25.3317
      vertex 63.3899 63.4761 25.2305
      vertex 63.2548 63.1597 25.1514
    endloop
  endfacet
  facet normal 5.38734e-05 0.242205 -0.970225
    outer loop
      vertex 62.1389 64.2873 25.4333
      vertex 63.4723 64.4921 25.4845
      vertex 62.15 64.1507 25.3992
    endloop
  endfacet
  facet normal -6.20087e-05 0.242494 -0.970153
    outer loop
      vertex 62.0519 63.7543 25.3001
      vertex 63.2548 63.1597 25.1514
      vertex 63.0703 62.8676 25.0784
    endloop
  endfacet
  facet normal -1.07738e-05 0.242602 -0.970126
    outer loop
      vertex 63.4723 64.4921 25.4845
      vertex 62.1389 64.2873 25.4333
      vertex 63.3899 64.8252 25.5678
    endloop
  endfacet
  facet normal -1.37014e-05 0.242547 -0.97014
    outer loop
      vertex 61.9781 63.6375 25.2709
      vertex 63.0703 62.8676 25.0784
      vertex 62.841 62.6072 25.0133
    endloop
  endfacet
  facet normal 1.75209e-05 0.24254 -0.970141
    outer loop
      vertex 62.1059 64.4205 25.4666
      vertex 63.3899 64.8252 25.5678
      vertex 62.1389 64.2873 25.4333
    endloop
  endfacet
  facet normal -3.7013e-05 0.242475 -0.970158
    outer loop
      vertex 61.8864 63.5333 25.2448
      vertex 62.841 62.6072 25.0133
      vertex 62.5725 62.3847 24.9577
    endloop
  endfacet
  facet normal 3.79384e-05 0.242479 -0.970157
    outer loop
      vertex 63.3899 64.8252 25.5678
      vertex 62.1059 64.4205 25.4666
      vertex 63.2548 65.1417 25.6469
    endloop
  endfacet
  facet normal 0.000167271 0.242654 -0.970113
    outer loop
      vertex 61.779 63.4443 25.2226
      vertex 62.5725 62.3847 24.9577
      vertex 62.2715 62.2058 24.9129
    endloop
  endfacet
  facet normal -0.000189705 0.24282 -0.970071
    outer loop
      vertex 62.0519 64.5471 25.4983
      vertex 63.2548 65.1417 25.6469
      vertex 62.1059 64.4205 25.4666
    endloop
  endfacet
  facet normal -3.07281e-05 0.242517 -0.970147
    outer loop
      vertex 63.2548 65.1417 25.6469
      vertex 62.0519 64.5471 25.4983
      vertex 63.0703 65.4337 25.7199
    endloop
  endfacet
  facet normal 7.18537e-05 0.242864 -0.97006
    outer loop
      vertex 63.4723 63.8092 25.3138
      vertex 62.1389 64.0141 25.365
      vertex 62.15 64.1507 25.3992
    endloop
  endfacet
  facet normal -1.00399e-14 0.242536 -0.970143
    outer loop
      vertex 63.3899 63.4761 25.2305
      vertex 62.1059 63.8809 25.3317
      vertex 62.1389 64.0141 25.365
    endloop
  endfacet
  facet normal -0.000189733 0.242251 -0.970214
    outer loop
      vertex 63.2548 63.1597 25.1514
      vertex 62.0519 63.7543 25.3001
      vertex 62.1059 63.8809 25.3317
    endloop
  endfacet
  facet normal -1.53633e-05 0.242545 -0.97014
    outer loop
      vertex 63.0703 62.8676 25.0784
      vertex 61.9781 63.6375 25.2709
      vertex 62.0519 63.7543 25.3001
    endloop
  endfacet
  facet normal -0.000204871 0.242493 -0.970153
    outer loop
      vertex 61.6586 63.3727 25.2047
      vertex 62.2715 62.2058 24.9129
      vertex 61.9453 62.0747 24.8802
    endloop
  endfacet
  facet normal 0.000257315 0.242761 -0.970086
    outer loop
      vertex 62.841 62.6072 25.0133
      vertex 61.8864 63.5333 25.2448
      vertex 61.9781 63.6375 25.2709
    endloop
  endfacet
  facet normal -0.000278712 0.242339 -0.970192
    outer loop
      vertex 62.5725 62.3847 24.9577
      vertex 61.779 63.4443 25.2226
      vertex 61.8864 63.5333 25.2448
    endloop
  endfacet
  facet normal -2.8255e-05 0.24258 -0.970131
    outer loop
      vertex 62.2715 62.2058 24.9129
      vertex 61.6586 63.3727 25.2047
      vertex 61.779 63.4443 25.2226
    endloop
  endfacet
  facet normal -3.50465e-16 0.242536 -0.970143
    outer loop
      vertex 61.5281 63.3203 25.1916
      vertex 61.9453 62.0747 24.8802
      vertex 61.602 61.9947 24.8602
    endloop
  endfacet
  facet normal -1.22652e-14 0.242536 -0.970143
    outer loop
      vertex 61.9453 62.0747 24.8802
      vertex 61.5281 63.3203 25.1916
      vertex 61.6586 63.3727 25.2047
    endloop
  endfacet
  facet normal 1.1976e-14 0.242536 -0.970143
    outer loop
      vertex 61.602 61.9947 24.8602
      vertex 61.3908 63.2883 25.1836
      vertex 61.5281 63.3203 25.1916
    endloop
  endfacet
  facet normal -4.83697e-15 0.242536 -0.970143
    outer loop
      vertex 61.25 61.9679 24.8535
      vertex 61.3908 63.2883 25.1836
      vertex 61.602 61.9947 24.8602
    endloop
  endfacet
  facet normal -1.22666e-14 0.242536 -0.970143
    outer loop
      vertex 61.25 61.9679 24.8535
      vertex 61.25 63.2775 25.1809
      vertex 61.3908 63.2883 25.1836
    endloop
  endfacet
  facet normal 1.22666e-14 0.242536 -0.970143
    outer loop
      vertex 61.25 61.9679 24.8535
      vertex 61.1092 63.2883 25.1836
      vertex 61.25 63.2775 25.1809
    endloop
  endfacet
  facet normal 4.83332e-15 0.242536 -0.970143
    outer loop
      vertex 60.898 61.9947 24.8602
      vertex 61.1092 63.2883 25.1836
      vertex 61.25 61.9679 24.8535
    endloop
  endfacet
  facet normal -1.20855e-14 0.242536 -0.970143
    outer loop
      vertex 61.1092 63.2883 25.1836
      vertex 60.898 61.9947 24.8602
      vertex 60.9719 63.3203 25.1916
    endloop
  endfacet
  facet normal 2.99356e-16 0.242536 -0.970143
    outer loop
      vertex 60.5547 62.0747 24.8802
      vertex 60.9719 63.3203 25.1916
      vertex 60.898 61.9947 24.8602
    endloop
  endfacet
  facet normal 1.21192e-14 0.242536 -0.970143
    outer loop
      vertex 60.9719 63.3203 25.1916
      vertex 60.5547 62.0747 24.8802
      vertex 60.8414 63.3727 25.2047
    endloop
  endfacet
  facet normal 0.000204871 0.242493 -0.970153
    outer loop
      vertex 60.2285 62.2058 24.9129
      vertex 60.8414 63.3727 25.2047
      vertex 60.5547 62.0747 24.8802
    endloop
  endfacet
  facet normal 2.8255e-05 0.24258 -0.970131
    outer loop
      vertex 60.8414 63.3727 25.2047
      vertex 60.2285 62.2058 24.9129
      vertex 60.721 63.4443 25.2226
    endloop
  endfacet
  facet normal -0.000167271 0.242654 -0.970113
    outer loop
      vertex 59.9275 62.3847 24.9577
      vertex 60.721 63.4443 25.2226
      vertex 60.2285 62.2058 24.9129
    endloop
  endfacet
  facet normal 0.000278712 0.242339 -0.970192
    outer loop
      vertex 60.721 63.4443 25.2226
      vertex 59.9275 62.3847 24.9577
      vertex 60.6136 63.5333 25.2448
    endloop
  endfacet
  facet normal 3.7013e-05 0.242475 -0.970158
    outer loop
      vertex 59.659 62.6072 25.0133
      vertex 60.6136 63.5333 25.2448
      vertex 59.9275 62.3847 24.9577
    endloop
  endfacet
  facet normal -0.000257315 0.242761 -0.970086
    outer loop
      vertex 60.6136 63.5333 25.2448
      vertex 59.659 62.6072 25.0133
      vertex 60.5219 63.6375 25.2709
    endloop
  endfacet
  facet normal 1.53633e-05 0.242545 -0.97014
    outer loop
      vertex 60.5219 63.6375 25.2709
      vertex 59.4297 62.8676 25.0784
      vertex 60.4481 63.7543 25.3001
    endloop
  endfacet
  facet normal 1.37014e-05 0.242547 -0.97014
    outer loop
      vertex 59.4297 62.8676 25.0784
      vertex 60.5219 63.6375 25.2709
      vertex 59.659 62.6072 25.0133
    endloop
  endfacet
  facet normal -3.07281e-05 0.242517 -0.970147
    outer loop
      vertex 61.9781 64.6639 25.5275
      vertex 63.0703 65.4337 25.7199
      vertex 62.0519 64.5471 25.4983
    endloop
  endfacet
  facet normal 1.30889e-05 0.242459 -0.970162
    outer loop
      vertex 63.0703 65.4337 25.7199
      vertex 61.9781 64.6639 25.5275
      vertex 62.841 65.6942 25.785
    endloop
  endfacet
  facet normal 0.000229933 0.242288 -0.970204
    outer loop
      vertex 61.8864 64.7681 25.5535
      vertex 62.841 65.6942 25.785
      vertex 61.9781 64.6639 25.5275
    endloop
  endfacet
  facet normal -0.0002066 0.242711 -0.970099
    outer loop
      vertex 62.841 65.6942 25.785
      vertex 61.8864 64.7681 25.5535
      vertex 62.5725 65.9166 25.8407
    endloop
  endfacet
  facet normal -0.000418195 0.24283 -0.970069
    outer loop
      vertex 61.779 64.857 25.5758
      vertex 62.5725 65.9166 25.8407
      vertex 61.8864 64.7681 25.5535
    endloop
  endfacet
  facet normal 0.000111501 0.242457 -0.970162
    outer loop
      vertex 62.5725 65.9166 25.8407
      vertex 61.779 64.857 25.5758
      vertex 62.2715 66.0956 25.8854
    endloop
  endfacet
  facet normal -1.88358e-05 0.242506 -0.97015
    outer loop
      vertex 61.6586 64.9286 25.5937
      vertex 62.2715 66.0956 25.8854
      vertex 61.779 64.857 25.5758
    endloop
  endfacet
  facet normal -7.5187e-05 0.242534 -0.970143
    outer loop
      vertex 62.2715 66.0956 25.8854
      vertex 61.6586 64.9286 25.5937
      vertex 61.9453 66.2267 25.9182
    endloop
  endfacet
  facet normal 0.000163784 0.242484 -0.970155
    outer loop
      vertex 61.5281 64.9811 25.6068
      vertex 61.9453 66.2267 25.9182
      vertex 61.6586 64.9286 25.5937
    endloop
  endfacet
  facet normal -6.55389e-05 0.242556 -0.970137
    outer loop
      vertex 61.9453 66.2267 25.9182
      vertex 61.5281 64.9811 25.6068
      vertex 61.602 66.3066 25.9382
    endloop
  endfacet
  facet normal 4.20985e-06 0.242553 -0.970138
    outer loop
      vertex 61.3908 65.0131 25.6148
      vertex 61.602 66.3066 25.9382
      vertex 61.5281 64.9811 25.6068
    endloop
  endfacet
  facet normal -0.000168735 0.242579 -0.970132
    outer loop
      vertex 61.25 65.0238 25.6175
      vertex 61.602 66.3066 25.9382
      vertex 61.3908 65.0131 25.6148
    endloop
  endfacet
  facet normal 6.74873e-05 0.242518 -0.970147
    outer loop
      vertex 61.25 65.0238 25.6175
      vertex 61.25 66.3335 25.9449
      vertex 61.602 66.3066 25.9382
    endloop
  endfacet
  facet normal 0.000173663 0.242518 -0.970147
    outer loop
      vertex 61.1092 65.0131 25.6148
      vertex 61.25 66.3335 25.9449
      vertex 61.25 65.0238 25.6175
    endloop
  endfacet
  facet normal -4.20985e-06 0.242553 -0.970138
    outer loop
      vertex 60.898 66.3066 25.9382
      vertex 61.1092 65.0131 25.6148
      vertex 60.9719 64.9811 25.6068
    endloop
  endfacet
  facet normal -6.94681e-05 0.242543 -0.970141
    outer loop
      vertex 61.1092 65.0131 25.6148
      vertex 60.898 66.3066 25.9382
      vertex 61.25 66.3335 25.9449
    endloop
  endfacet
  facet normal -0.000163784 0.242484 -0.970155
    outer loop
      vertex 60.5547 66.2267 25.9182
      vertex 60.9719 64.9811 25.6068
      vertex 60.8414 64.9286 25.5937
    endloop
  endfacet
  facet normal 1.88358e-05 0.242506 -0.97015
    outer loop
      vertex 60.2285 66.0956 25.8854
      vertex 60.8414 64.9286 25.5937
      vertex 60.721 64.857 25.5758
    endloop
  endfacet
  facet normal 0.000418195 0.24283 -0.970069
    outer loop
      vertex 59.9275 65.9166 25.8407
      vertex 60.721 64.857 25.5758
      vertex 60.6136 64.7681 25.5535
    endloop
  endfacet
  facet normal 6.55389e-05 0.242556 -0.970137
    outer loop
      vertex 60.9719 64.9811 25.6068
      vertex 60.5547 66.2267 25.9182
      vertex 60.898 66.3066 25.9382
    endloop
  endfacet
  facet normal -0.000229933 0.242288 -0.970204
    outer loop
      vertex 59.659 65.6942 25.785
      vertex 60.6136 64.7681 25.5535
      vertex 60.5219 64.6639 25.5275
    endloop
  endfacet
  facet normal 3.07281e-05 0.242517 -0.970147
    outer loop
      vertex 59.4297 65.4337 25.7199
      vertex 60.5219 64.6639 25.5275
      vertex 60.4481 64.5471 25.4983
    endloop
  endfacet
  facet normal 0.000189705 0.24282 -0.970071
    outer loop
      vertex 59.2452 65.1417 25.6469
      vertex 60.4481 64.5471 25.4983
      vertex 60.3941 64.4205 25.4666
    endloop
  endfacet
  facet normal -1.75209e-05 0.24254 -0.970141
    outer loop
      vertex 59.1101 64.8252 25.5678
      vertex 60.3941 64.4205 25.4666
      vertex 60.3611 64.2873 25.4333
    endloop
  endfacet
  facet normal 7.5187e-05 0.242534 -0.970143
    outer loop
      vertex 60.8414 64.9286 25.5937
      vertex 60.2285 66.0956 25.8854
      vertex 60.5547 66.2267 25.9182
    endloop
  endfacet
  facet normal -5.38734e-05 0.242205 -0.970225
    outer loop
      vertex 59.0277 64.4921 25.4845
      vertex 60.3611 64.2873 25.4333
      vertex 60.35 64.1507 25.3992
    endloop
  endfacet
  facet normal 6.20087e-05 0.242494 -0.970153
    outer loop
      vertex 59.2452 63.1597 25.1514
      vertex 60.4481 63.7543 25.3001
      vertex 59.4297 62.8676 25.0784
    endloop
  endfacet
  facet normal 0.000189733 0.242251 -0.970214
    outer loop
      vertex 60.4481 63.7543 25.3001
      vertex 59.2452 63.1597 25.1514
      vertex 60.3941 63.8809 25.3317
    endloop
  endfacet
  facet normal -0.000111501 0.242457 -0.970162
    outer loop
      vertex 60.721 64.857 25.5758
      vertex 59.9275 65.9166 25.8407
      vertex 60.2285 66.0956 25.8854
    endloop
  endfacet
  facet normal 2.36587e-15 0.242536 -0.970143
    outer loop
      vertex 59.1101 63.4761 25.2305
      vertex 60.3941 63.8809 25.3317
      vertex 59.2452 63.1597 25.1514
    endloop
  endfacet
  facet normal 0.0002066 0.242711 -0.970099
    outer loop
      vertex 60.6136 64.7681 25.5535
      vertex 59.659 65.6942 25.785
      vertex 59.9275 65.9166 25.8407
    endloop
  endfacet
  facet normal 1.00581e-14 0.242536 -0.970143
    outer loop
      vertex 60.3941 63.8809 25.3317
      vertex 59.1101 63.4761 25.2305
      vertex 60.3611 64.0141 25.365
    endloop
  endfacet
  facet normal -1.30889e-05 0.242459 -0.970162
    outer loop
      vertex 60.5219 64.6639 25.5275
      vertex 59.4297 65.4337 25.7199
      vertex 59.659 65.6942 25.785
    endloop
  endfacet
  facet normal -2.83017e-05 0.242598 -0.970127
    outer loop
      vertex 59.0277 63.8092 25.3138
      vertex 60.3611 64.0141 25.365
      vertex 59.1101 63.4761 25.2305
    endloop
  endfacet
  facet normal 3.07281e-05 0.242517 -0.970147
    outer loop
      vertex 60.4481 64.5471 25.4983
      vertex 59.2452 65.1417 25.6469
      vertex 59.4297 65.4337 25.7199
    endloop
  endfacet
  facet normal -7.18537e-05 0.242864 -0.97006
    outer loop
      vertex 60.3611 64.0141 25.365
      vertex 59.0277 63.8092 25.3138
      vertex 60.35 64.1507 25.3992
    endloop
  endfacet
  facet normal -3.79384e-05 0.242479 -0.970157
    outer loop
      vertex 60.3941 64.4205 25.4666
      vertex 59.1101 64.8252 25.5678
      vertex 59.2452 65.1417 25.6469
    endloop
  endfacet
  facet normal 0 0.242602 -0.970126
    outer loop
      vertex 59 64.1507 25.3992
      vertex 60.35 64.1507 25.3992
      vertex 59.0277 63.8092 25.3138
    endloop
  endfacet
  facet normal 1.07738e-05 0.242602 -0.970126
    outer loop
      vertex 60.3611 64.2873 25.4333
      vertex 59.0277 64.4921 25.4845
      vertex 59.1101 64.8252 25.5678
    endloop
  endfacet
  facet normal 0 0.242402 -0.970176
    outer loop
      vertex 60.35 64.1507 25.3992
      vertex 59 64.1507 25.3992
      vertex 59.0277 64.4921 25.4845
    endloop
  endfacet
  facet normal 0.92389 -0.371234 -0.0928016
    outer loop
      vertex 63.2548 62.1539 29.1747
      vertex 63.3899 63.4761 25.2305
      vertex 63.3899 62.4671 29.2668
    endloop
  endfacet
  facet normal 0.92387 -0.37128 -0.0928177
    outer loop
      vertex 63.3899 63.4761 25.2305
      vertex 63.2548 62.1539 29.1747
      vertex 63.2548 63.1597 25.1514
    endloop
  endfacet
  facet normal 0.649483 0.737674 0.184414
    outer loop
      vertex 62.841 64.7404 29.6
      vertex 62.5725 65.9166 25.8407
      vertex 62.5725 64.9768 29.6
    endloop
  endfacet
  facet normal 0.649363 0.73777 0.184452
    outer loop
      vertex 62.5725 65.9166 25.8407
      vertex 62.841 64.7404 29.6
      vertex 62.841 65.6942 25.785
    endloop
  endfacet
  facet normal 0.522438 0.827216 0.206815
    outer loop
      vertex 62.5725 64.9768 29.6
      vertex 62.2715 66.0956 25.8854
      vertex 62.2715 65.1669 29.6
    endloop
  endfacet
  facet normal 0.522589 0.82713 0.206777
    outer loop
      vertex 62.2715 66.0956 25.8854
      vertex 62.5725 64.9768 29.6
      vertex 62.5725 65.9166 25.8407
    endloop
  endfacet
  facet normal 0.522489 -0.827191 -0.206787
    outer loop
      vertex 62.2715 61.2098 28.897
      vertex 62.5725 62.3847 24.9577
      vertex 62.5725 61.3869 28.9491
    endloop
  endfacet
  facet normal 0.522439 -0.827219 -0.2068
    outer loop
      vertex 62.5725 62.3847 24.9577
      vertex 62.2715 61.2098 28.897
      vertex 62.2715 62.2058 24.9129
    endloop
  endfacet
  facet normal 0.233561 0.943313 0.235815
    outer loop
      vertex 61.9453 65.3062 29.6
      vertex 61.602 66.3066 25.9382
      vertex 61.602 65.3912 29.6
    endloop
  endfacet
  facet normal 0.233301 0.943368 0.235855
    outer loop
      vertex 61.602 66.3066 25.9382
      vertex 61.9453 65.3062 29.6
      vertex 61.9453 66.2267 25.9182
    endloop
  endfacet
  facet normal -0.852646 -0.50689 -0.126719
    outer loop
      vertex 59.4297 61.8648 29.0897
      vertex 59.2452 63.1597 25.1514
      vertex 59.4297 62.8676 25.0784
    endloop
  endfacet
  facet normal -0.852646 -0.50689 -0.126719
    outer loop
      vertex 59.2452 63.1597 25.1514
      vertex 59.4297 61.8648 29.0897
      vertex 59.2452 62.1539 29.1747
    endloop
  endfacet
  facet normal -0.760332 -0.630142 -0.157531
    outer loop
      vertex 59.659 61.6071 29.0138
      vertex 59.4297 62.8676 25.0784
      vertex 59.659 62.6072 25.0133
    endloop
  endfacet
  facet normal -0.760332 -0.630142 -0.157532
    outer loop
      vertex 59.4297 62.8676 25.0784
      vertex 59.659 61.6071 29.0138
      vertex 59.4297 61.8648 29.0897
    endloop
  endfacet
  facet normal -0.760448 0.630007 0.15751
    outer loop
      vertex 59.4297 65.4337 25.7199
      vertex 59.659 64.7404 29.6
      vertex 59.659 65.6942 25.785
    endloop
  endfacet
  facet normal -0.760362 0.630108 0.157523
    outer loop
      vertex 59.659 64.7404 29.6
      vertex 59.4297 65.4337 25.7199
      vertex 59.4297 64.4637 29.6
    endloop
  endfacet
  facet normal -0.649443 -0.737708 -0.184422
    outer loop
      vertex 59.659 62.6072 25.0133
      vertex 59.9275 61.3869 28.9491
      vertex 59.659 61.6071 29.0138
    endloop
  endfacet
  facet normal -0.649482 -0.737676 -0.18441
    outer loop
      vertex 59.9275 61.3869 28.9491
      vertex 59.659 62.6072 25.0133
      vertex 59.9275 62.3847 24.9577
    endloop
  endfacet
  facet normal -0.078512 -0.967151 -0.241776
    outer loop
      vertex 60.898 61.9947 24.8602
      vertex 61.25 60.9743 28.8277
      vertex 60.898 61.0009 28.8356
    endloop
  endfacet
  facet normal -0.078239 -0.967166 -0.241804
    outer loop
      vertex 61.25 60.9743 28.8277
      vertex 60.898 61.9947 24.8602
      vertex 61.25 61.9679 24.8535
    endloop
  endfacet
  facet normal 0.233301 -0.943368 -0.235854
    outer loop
      vertex 61.602 61.0009 28.8356
      vertex 61.9453 62.0747 24.8802
      vertex 61.9453 61.08 28.8588
    endloop
  endfacet
  facet normal 0.233561 -0.943313 -0.235816
    outer loop
      vertex 61.9453 62.0747 24.8802
      vertex 61.602 61.0009 28.8356
      vertex 61.602 61.9947 24.8602
    endloop
  endfacet
  facet normal 0.382741 0.896269 0.224079
    outer loop
      vertex 62.2715 65.1669 29.6
      vertex 61.9453 66.2267 25.9182
      vertex 61.9453 65.3062 29.6
    endloop
  endfacet
  facet normal 0.382742 0.896268 0.224079
    outer loop
      vertex 61.9453 66.2267 25.9182
      vertex 62.2715 65.1669 29.6
      vertex 62.2715 66.0956 25.8854
    endloop
  endfacet
  facet normal -0.996916 0.0761308 0.0190332
    outer loop
      vertex 59 63.1347 29.4631
      vertex 59.0277 64.4921 25.4845
      vertex 59 64.1507 25.3992
    endloop
  endfacet
  facet normal -0.996917 0.0761257 0.0190314
    outer loop
      vertex 59.0277 64.4921 25.4845
      vertex 59 63.1347 29.4631
      vertex 59.0277 63.4726 29.5625
    endloop
  endfacet
  facet normal -0.382741 0.896269 0.224079
    outer loop
      vertex 60.5547 66.2267 25.9182
      vertex 60.2285 65.1669 29.6
      vertex 60.5547 65.3062 29.6
    endloop
  endfacet
  facet normal -0.382742 0.896268 0.224079
    outer loop
      vertex 60.2285 65.1669 29.6
      vertex 60.5547 66.2267 25.9182
      vertex 60.2285 66.0956 25.8854
    endloop
  endfacet
  facet normal -0.852571 0.507009 0.126749
    outer loop
      vertex 59.2452 65.1417 25.6469
      vertex 59.4297 64.4637 29.6
      vertex 59.4297 65.4337 25.7199
    endloop
  endfacet
  facet normal -0.852608 0.506949 0.12674
    outer loop
      vertex 59.4297 64.4637 29.6
      vertex 59.2452 65.1417 25.6469
      vertex 59.2452 64.1534 29.6
    endloop
  endfacet
  facet normal -0.38286 -0.896225 -0.224051
    outer loop
      vertex 60.2285 62.2058 24.9129
      vertex 60.5547 61.08 28.8588
      vertex 60.2285 61.2098 28.897
    endloop
  endfacet
  facet normal -0.382684 -0.896292 -0.224084
    outer loop
      vertex 60.5547 61.08 28.8588
      vertex 60.2285 62.2058 24.9129
      vertex 60.5547 62.0747 24.8802
    endloop
  endfacet
  facet normal -0.760562 0.629878 0.157477
    outer loop
      vertex 61.8864 62.5236 29.2834
      vertex 61.9781 63.6375 25.2709
      vertex 61.8864 63.5333 25.2448
    endloop
  endfacet
  facet normal -0.760417 0.630041 0.157526
    outer loop
      vertex 61.9781 63.6375 25.2709
      vertex 61.8864 62.5236 29.2834
      vertex 61.9781 62.6267 29.3137
    endloop
  endfacet
  facet normal -0.97231 0.226717 0.0566834
    outer loop
      vertex 62.1059 62.8676 29.3846
      vertex 62.1389 64.0141 25.365
      vertex 62.1059 63.8809 25.3317
    endloop
  endfacet
  facet normal -0.972338 0.226604 0.056651
    outer loop
      vertex 62.1389 64.0141 25.365
      vertex 62.1059 62.8676 29.3846
      vertex 62.1389 62.9995 29.4234
    endloop
  endfacet
  facet normal -0.97231 -0.226718 -0.0566794
    outer loop
      vertex 62.1389 63.2699 29.5029
      vertex 62.1059 64.4205 25.4666
      vertex 62.1389 64.2873 25.4333
    endloop
  endfacet
  facet normal -0.972301 -0.226755 -0.0566902
    outer loop
      vertex 62.1059 64.4205 25.4666
      vertex 62.1389 63.2699 29.5029
      vertex 62.1059 63.4017 29.5417
    endloop
  endfacet
  facet normal -0.522738 0.827041 0.206755
    outer loop
      vertex 61.779 63.4443 25.2226
      vertex 61.6586 62.3647 29.2367
      vertex 61.779 62.4356 29.2575
    endloop
  endfacet
  facet normal -0.522614 0.827114 0.206778
    outer loop
      vertex 61.6586 62.3647 29.2367
      vertex 61.779 63.4443 25.2226
      vertex 61.6586 63.3727 25.2047
    endloop
  endfacet
  facet normal -0.382575 -0.896338 -0.224085
    outer loop
      vertex 61.5281 64.9811 25.6068
      vertex 61.6586 63.9271 29.6
      vertex 61.5281 63.9828 29.6
    endloop
  endfacet
  facet normal -0.383015 -0.896166 -0.224025
    outer loop
      vertex 61.6586 63.9271 29.6
      vertex 61.5281 64.9811 25.6068
      vertex 61.6586 64.9286 25.5937
    endloop
  endfacet
  facet normal -0.760489 -0.62996 -0.157502
    outer loop
      vertex 61.9781 64.6639 25.5275
      vertex 61.8864 63.7564 29.6
      vertex 61.8864 64.7681 25.5535
    endloop
  endfacet
  facet normal -0.7602 -0.630292 -0.157569
    outer loop
      vertex 61.8864 63.7564 29.6
      vertex 61.9781 64.6639 25.5275
      vertex 61.9781 63.6458 29.6
    endloop
  endfacet
  facet normal 0.760489 -0.62996 -0.157502
    outer loop
      vertex 60.6136 63.7564 29.6
      vertex 60.5219 64.6639 25.5275
      vertex 60.6136 64.7681 25.5535
    endloop
  endfacet
  facet normal 0.7602 -0.630292 -0.157569
    outer loop
      vertex 60.5219 64.6639 25.5275
      vertex 60.6136 63.7564 29.6
      vertex 60.5219 63.6458 29.6
    endloop
  endfacet
  facet normal 0.924001 -0.370973 -0.0927478
    outer loop
      vertex 60.3941 63.4017 29.5417
      vertex 60.4481 64.5471 25.4983
      vertex 60.4481 63.527 29.5785
    endloop
  endfacet
  facet normal 0.924026 -0.370915 -0.092731
    outer loop
      vertex 60.4481 64.5471 25.4983
      vertex 60.3941 63.4017 29.5417
      vertex 60.3941 64.4205 25.4666
    endloop
  endfacet
  facet normal -0.996907 -0.0762491 -0.0190627
    outer loop
      vertex 62.15 63.1347 29.4631
      vertex 62.1389 64.2873 25.4333
      vertex 62.15 64.1507 25.3992
    endloop
  endfacet
  facet normal -0.996908 -0.0762361 -0.019059
    outer loop
      vertex 62.1389 64.2873 25.4333
      vertex 62.15 63.1347 29.4631
      vertex 62.1389 63.2699 29.5029
    endloop
  endfacet
  facet normal 0.649642 -0.737543 -0.184377
    outer loop
      vertex 60.6136 63.7564 29.6
      vertex 60.721 64.857 25.5758
      vertex 60.721 63.851 29.6
    endloop
  endfacet
  facet normal 0.649145 -0.73795 -0.184501
    outer loop
      vertex 60.721 64.857 25.5758
      vertex 60.6136 63.7564 29.6
      vertex 60.6136 64.7681 25.5535
    endloop
  endfacet
  facet normal -0.924026 -0.370915 -0.092731
    outer loop
      vertex 62.1059 63.4017 29.5417
      vertex 62.0519 64.5471 25.4983
      vertex 62.1059 64.4205 25.4666
    endloop
  endfacet
  facet normal -0.924001 -0.370973 -0.0927478
    outer loop
      vertex 62.0519 64.5471 25.4983
      vertex 62.1059 63.4017 29.5417
      vertex 62.0519 63.527 29.5785
    endloop
  endfacet
  facet normal 0.52274 -0.827042 -0.206745
    outer loop
      vertex 60.721 63.851 29.6
      vertex 60.8414 64.9286 25.5937
      vertex 60.8414 63.9271 29.6
    endloop
  endfacet
  facet normal 0.522614 -0.827116 -0.206769
    outer loop
      vertex 60.8414 64.9286 25.5937
      vertex 60.721 63.851 29.6
      vertex 60.721 64.857 25.5758
    endloop
  endfacet
  facet normal -0.07899 -0.967113 -0.241772
    outer loop
      vertex 61.25 65.0238 25.6175
      vertex 61.3908 64.0167 29.6
      vertex 61.25 64.0282 29.6
    endloop
  endfacet
  facet normal -0.0781366 -0.967171 -0.241817
    outer loop
      vertex 61.3908 64.0167 29.6
      vertex 61.25 65.0238 25.6175
      vertex 61.3908 65.0131 25.6148
    endloop
  endfacet
  facet normal -0.0788192 0.967126 0.241775
    outer loop
      vertex 61.3908 63.2883 25.1836
      vertex 61.25 62.2705 29.209
      vertex 61.3908 62.2812 29.2121
    endloop
  endfacet
  facet normal -0.0788193 0.967126 0.241775
    outer loop
      vertex 61.25 62.2705 29.209
      vertex 61.3908 63.2883 25.1836
      vertex 61.25 63.2775 25.1809
    endloop
  endfacet
  facet normal 0.382722 0.896279 0.22407
    outer loop
      vertex 60.9719 62.3128 29.2214
      vertex 60.8414 63.3727 25.2047
      vertex 60.8414 62.3647 29.2367
    endloop
  endfacet
  facet normal 0.382428 0.896395 0.22411
    outer loop
      vertex 60.8414 63.3727 25.2047
      vertex 60.9719 62.3128 29.2214
      vertex 60.9719 63.3203 25.1916
    endloop
  endfacet
  facet normal -0.852571 0.507005 0.126764
    outer loop
      vertex 61.9781 62.6267 29.3137
      vertex 62.0519 63.7543 25.3001
      vertex 61.9781 63.6375 25.2709
    endloop
  endfacet
  facet normal -0.852805 0.506638 0.126656
    outer loop
      vertex 62.0519 63.7543 25.3001
      vertex 61.9781 62.6267 29.3137
      vertex 62.0519 62.7424 29.3478
    endloop
  endfacet
  facet normal 0.07899 -0.967113 -0.241772
    outer loop
      vertex 61.1092 64.0167 29.6
      vertex 61.25 65.0238 25.6175
      vertex 61.25 64.0282 29.6
    endloop
  endfacet
  facet normal 0.0781366 -0.967171 -0.241817
    outer loop
      vertex 61.25 65.0238 25.6175
      vertex 61.1092 64.0167 29.6
      vertex 61.1092 65.0131 25.6148
    endloop
  endfacet
  facet normal 0.852571 -0.507009 -0.126749
    outer loop
      vertex 60.5219 63.6458 29.6
      vertex 60.4481 64.5471 25.4983
      vertex 60.5219 64.6639 25.5275
    endloop
  endfacet
  facet normal 0.852648 -0.506376 -0.128741
    outer loop
      vertex 60.4481 63.527 29.5785
      vertex 60.5219 63.6458 29.6
      vertex 60.4947 63.6 29.6
    endloop
  endfacet
  facet normal 0.852711 -0.506784 -0.126702
    outer loop
      vertex 60.5219 63.6458 29.6
      vertex 60.4481 63.527 29.5785
      vertex 60.4481 64.5471 25.4983
    endloop
  endfacet
  facet normal -0.996908 0.0762361 0.019059
    outer loop
      vertex 62.1389 62.9995 29.4234
      vertex 62.15 64.1507 25.3992
      vertex 62.1389 64.0141 25.365
    endloop
  endfacet
  facet normal -0.996907 0.0762491 0.0190627
    outer loop
      vertex 62.15 64.1507 25.3992
      vertex 62.1389 62.9995 29.4234
      vertex 62.15 63.1347 29.4631
    endloop
  endfacet
  facet normal 0.9239 0.371208 0.0928089
    outer loop
      vertex 60.4481 62.7424 29.3478
      vertex 60.3941 63.8809 25.3317
      vertex 60.3941 62.8676 29.3846
    endloop
  endfacet
  facet normal 0.924 0.370975 0.0927414
    outer loop
      vertex 60.3941 63.8809 25.3317
      vertex 60.4481 62.7424 29.3478
      vertex 60.4481 63.7543 25.3001
    endloop
  endfacet
  facet normal 0.760417 0.630041 0.157526
    outer loop
      vertex 60.6136 62.5236 29.2834
      vertex 60.5219 63.6375 25.2709
      vertex 60.5219 62.6267 29.3137
    endloop
  endfacet
  facet normal 0.760562 0.629878 0.157477
    outer loop
      vertex 60.5219 63.6375 25.2709
      vertex 60.6136 62.5236 29.2834
      vertex 60.6136 63.5333 25.2448
    endloop
  endfacet
  facet normal -0.382722 0.896279 0.22407
    outer loop
      vertex 61.6586 63.3727 25.2047
      vertex 61.5281 62.3128 29.2214
      vertex 61.6586 62.3647 29.2367
    endloop
  endfacet
  facet normal -0.382428 0.896395 0.22411
    outer loop
      vertex 61.5281 62.3128 29.2214
      vertex 61.6586 63.3727 25.2047
      vertex 61.5281 63.3203 25.1916
    endloop
  endfacet
  facet normal -0.852571 -0.507009 -0.126749
    outer loop
      vertex 62.0519 64.5471 25.4983
      vertex 61.9781 63.6458 29.6
      vertex 61.9781 64.6639 25.5275
    endloop
  endfacet
  facet normal -0.852711 -0.506784 -0.126702
    outer loop
      vertex 62.0519 63.527 29.5785
      vertex 61.9781 63.6458 29.6
      vertex 62.0519 64.5471 25.4983
    endloop
  endfacet
  facet normal -0.852648 -0.506376 -0.128741
    outer loop
      vertex 61.9781 63.6458 29.6
      vertex 62.0519 63.527 29.5785
      vertex 62.0053 63.6 29.6
    endloop
  endfacet
  facet normal -0.52274 -0.827042 -0.206745
    outer loop
      vertex 61.6586 64.9286 25.5937
      vertex 61.779 63.851 29.6
      vertex 61.6586 63.9271 29.6
    endloop
  endfacet
  facet normal -0.522614 -0.827116 -0.206769
    outer loop
      vertex 61.779 63.851 29.6
      vertex 61.6586 64.9286 25.5937
      vertex 61.779 64.857 25.5758
    endloop
  endfacet
  facet normal 0.522738 0.827041 0.206755
    outer loop
      vertex 60.8414 62.3647 29.2367
      vertex 60.721 63.4443 25.2226
      vertex 60.721 62.4356 29.2575
    endloop
  endfacet
  facet normal 0.522614 0.827114 0.206778
    outer loop
      vertex 60.721 63.4443 25.2226
      vertex 60.8414 62.3647 29.2367
      vertex 60.8414 63.3727 25.2047
    endloop
  endfacet
  facet normal -0.649642 -0.737543 -0.184377
    outer loop
      vertex 61.779 64.857 25.5758
      vertex 61.8864 63.7564 29.6
      vertex 61.779 63.851 29.6
    endloop
  endfacet
  facet normal -0.649145 -0.73795 -0.184501
    outer loop
      vertex 61.8864 63.7564 29.6
      vertex 61.779 64.857 25.5758
      vertex 61.8864 64.7681 25.5535
    endloop
  endfacet
  facet normal 0.382575 -0.896338 -0.224085
    outer loop
      vertex 60.8414 63.9271 29.6
      vertex 60.9719 64.9811 25.6068
      vertex 60.9719 63.9828 29.6
    endloop
  endfacet
  facet normal 0.383015 -0.896166 -0.224025
    outer loop
      vertex 60.9719 64.9811 25.6068
      vertex 60.8414 63.9271 29.6
      vertex 60.8414 64.9286 25.5937
    endloop
  endfacet
  facet normal -0.924 0.370975 0.0927414
    outer loop
      vertex 62.0519 62.7424 29.3478
      vertex 62.1059 63.8809 25.3317
      vertex 62.0519 63.7543 25.3001
    endloop
  endfacet
  facet normal -0.9239 0.371208 0.0928089
    outer loop
      vertex 62.1059 63.8809 25.3317
      vertex 62.0519 62.7424 29.3478
      vertex 62.1059 62.8676 29.3846
    endloop
  endfacet
  facet normal 0.972338 0.226604 0.056651
    outer loop
      vertex 60.3941 62.8676 29.3846
      vertex 60.3611 64.0141 25.365
      vertex 60.3611 62.9995 29.4234
    endloop
  endfacet
  facet normal 0.97231 0.226717 0.0566834
    outer loop
      vertex 60.3611 64.0141 25.365
      vertex 60.3941 62.8676 29.3846
      vertex 60.3941 63.8809 25.3317
    endloop
  endfacet
  facet normal 0.232942 -0.943449 -0.235886
    outer loop
      vertex 60.9719 63.9828 29.6
      vertex 61.1092 65.0131 25.6148
      vertex 61.1092 64.0167 29.6
    endloop
  endfacet
  facet normal 0.233593 -0.943303 -0.235826
    outer loop
      vertex 61.1092 65.0131 25.6148
      vertex 60.9719 63.9828 29.6
      vertex 60.9719 64.9811 25.6068
    endloop
  endfacet
  facet normal -0.232942 -0.943449 -0.235886
    outer loop
      vertex 61.3908 65.0131 25.6148
      vertex 61.5281 63.9828 29.6
      vertex 61.3908 64.0167 29.6
    endloop
  endfacet
  facet normal -0.233593 -0.943303 -0.235826
    outer loop
      vertex 61.5281 63.9828 29.6
      vertex 61.3908 65.0131 25.6148
      vertex 61.5281 64.9811 25.6068
    endloop
  endfacet
  facet normal 0.852805 0.506638 0.126656
    outer loop
      vertex 60.5219 62.6267 29.3137
      vertex 60.4481 63.7543 25.3001
      vertex 60.4481 62.7424 29.3478
    endloop
  endfacet
  facet normal 0.852571 0.507005 0.126764
    outer loop
      vertex 60.4481 63.7543 25.3001
      vertex 60.5219 62.6267 29.3137
      vertex 60.5219 63.6375 25.2709
    endloop
  endfacet
  facet normal -0.233106 0.943414 0.235865
    outer loop
      vertex 61.5281 63.3203 25.1916
      vertex 61.3908 62.2812 29.2121
      vertex 61.5281 62.3128 29.2214
    endloop
  endfacet
  facet normal -0.233593 0.943304 0.23582
    outer loop
      vertex 61.3908 62.2812 29.2121
      vertex 61.5281 63.3203 25.1916
      vertex 61.3908 63.2883 25.1836
    endloop
  endfacet
  facet normal 0.972301 -0.226755 -0.0566902
    outer loop
      vertex 60.3611 63.2699 29.5029
      vertex 60.3941 64.4205 25.4666
      vertex 60.3941 63.4017 29.5417
    endloop
  endfacet
  facet normal 0.97231 -0.226718 -0.0566794
    outer loop
      vertex 60.3941 64.4205 25.4666
      vertex 60.3611 63.2699 29.5029
      vertex 60.3611 64.2873 25.4333
    endloop
  endfacet
  facet normal 0.996907 0.0762491 0.0190627
    outer loop
      vertex 60.3611 62.9995 29.4234
      vertex 60.35 64.1507 25.3992
      vertex 60.35 63.1347 29.4631
    endloop
  endfacet
  facet normal 0.996908 0.0762361 0.019059
    outer loop
      vertex 60.35 64.1507 25.3992
      vertex 60.3611 62.9995 29.4234
      vertex 60.3611 64.0141 25.365
    endloop
  endfacet
  facet normal 0.0788192 0.967126 0.241775
    outer loop
      vertex 61.25 62.2705 29.209
      vertex 61.1092 63.2883 25.1836
      vertex 61.1092 62.2812 29.2121
    endloop
  endfacet
  facet normal 0.0788193 0.967126 0.241775
    outer loop
      vertex 61.1092 63.2883 25.1836
      vertex 61.25 62.2705 29.209
      vertex 61.25 63.2775 25.1809
    endloop
  endfacet
  facet normal 0.996908 -0.0762361 -0.019059
    outer loop
      vertex 60.35 63.1347 29.4631
      vertex 60.3611 64.2873 25.4333
      vertex 60.3611 63.2699 29.5029
    endloop
  endfacet
  facet normal 0.996907 -0.0762491 -0.0190627
    outer loop
      vertex 60.3611 64.2873 25.4333
      vertex 60.35 63.1347 29.4631
      vertex 60.35 64.1507 25.3992
    endloop
  endfacet
  facet normal 0.649145 0.737951 0.184497
    outer loop
      vertex 60.721 62.4356 29.2575
      vertex 60.6136 63.5333 25.2448
      vertex 60.6136 62.5236 29.2834
    endloop
  endfacet
  facet normal 0.649443 0.737708 0.184422
    outer loop
      vertex 60.6136 63.5333 25.2448
      vertex 60.721 62.4356 29.2575
      vertex 60.721 63.4443 25.2226
    endloop
  endfacet
  facet normal -0.649145 0.737951 0.184497
    outer loop
      vertex 61.8864 63.5333 25.2448
      vertex 61.779 62.4356 29.2575
      vertex 61.8864 62.5236 29.2834
    endloop
  endfacet
  facet normal -0.649443 0.737708 0.184422
    outer loop
      vertex 61.779 62.4356 29.2575
      vertex 61.8864 63.5333 25.2448
      vertex 61.779 63.4443 25.2226
    endloop
  endfacet
  facet normal 0.233106 0.943414 0.235865
    outer loop
      vertex 61.1092 62.2812 29.2121
      vertex 60.9719 63.3203 25.1916
      vertex 60.9719 62.3128 29.2214
    endloop
  endfacet
  facet normal 0.233593 0.943304 0.23582
    outer loop
      vertex 60.9719 63.3203 25.1916
      vertex 61.1092 62.2812 29.2121
      vertex 61.1092 63.2883 25.1836
    endloop
  endfacet
  facet normal 0.85262 0.522532 0
    outer loop
      vertex 88.9275 67.835 -0.6
      vertex 88.7225 68.1695 -2.6
      vertex 88.7225 68.1695 -0.6
    endloop
  endfacet
  facet normal 0.85262 0.522532 0
    outer loop
      vertex 88.7225 68.1695 -2.6
      vertex 88.9275 67.835 -0.6
      vertex 88.9275 67.835 -2.6
    endloop
  endfacet
  facet normal -0.972369 -0.23345 0
    outer loop
      vertex 2.52236 4.12746 -2.6
      vertex 2.43078 4.50891 -0.6
      vertex 2.43078 4.50891 -2.6
    endloop
  endfacet
  facet normal -0.972369 -0.23345 0
    outer loop
      vertex 2.43078 4.50891 -0.6
      vertex 2.52236 4.12746 -2.6
      vertex 2.52236 4.12746 -0.6
    endloop
  endfacet
  facet normal -1 0 0
    outer loop
      vertex 2.4 4.9 -2.6
      vertex 2.4 66.7 -0.6
      vertex 2.4 66.7 -2.6
    endloop
  endfacet
  facet normal -1 -0 0
    outer loop
      vertex 2.4 66.7 -0.6
      vertex 2.4 4.9 -2.6
      vertex 2.4 4.9 -0.6
    endloop
  endfacet
  facet normal -0.996917 -0.0784605 0
    outer loop
      vertex 2.43078 4.50891 -2.6
      vertex 2.4 4.9 -0.6
      vertex 2.4 4.9 -2.6
    endloop
  endfacet
  facet normal -0.996917 -0.0784605 0
    outer loop
      vertex 2.4 4.9 -0.6
      vertex 2.43078 4.50891 -2.6
      vertex 2.43078 4.50891 -0.6
    endloop
  endfacet
  facet normal 0 0 -1
    outer loop
      vertex 87.9021 4.98197 -2.6
      vertex 89.2 4.9 -2.6
      vertex 89.1692 4.50891 -2.6
    endloop
  endfacet
  facet normal 0 0 -1
    outer loop
      vertex 89.2 4.9 -2.6
      vertex 88 5.6 -2.6
      vertex 89.2 66.7 -2.6
    endloop
  endfacet
  facet normal 0 0 -1
    outer loop
      vertex 87.782 4.69202 -2.6
      vertex 89.1692 4.50891 -2.6
      vertex 89.0776 4.12746 -2.6
    endloop
  endfacet
  facet normal 0 0 -1
    outer loop
      vertex 88 66 -2.6
      vertex 89.2 66.7 -2.6
      vertex 88 5.6 -2.6
    endloop
  endfacet
  facet normal 0 0 -1
    outer loop
      vertex 87.782 4.69202 -2.6
      vertex 89.0776 4.12746 -2.6
      vertex 88.9275 3.76502 -2.6
    endloop
  endfacet
  facet normal 0 0 -1
    outer loop
      vertex 87.9754 66.3129 -2.6
      vertex 89.2 66.7 -2.6
      vertex 88 66 -2.6
    endloop
  endfacet
  facet normal 0 0 -1
    outer loop
      vertex 87.618 4.42443 -2.6
      vertex 88.9275 3.76502 -2.6
      vertex 88.7225 3.43054 -2.6
    endloop
  endfacet
  facet normal 0 0 -1
    outer loop
      vertex 87.9021 66.618 -2.6
      vertex 89.2 66.7 -2.6
      vertex 87.9754 66.3129 -2.6
    endloop
  endfacet
  facet normal 0 0 -1
    outer loop
      vertex 87.4142 4.18579 -2.6
      vertex 88.7225 3.43054 -2.6
      vertex 88.4678 3.13223 -2.6
    endloop
  endfacet
  facet normal -0 0 -1
    outer loop
      vertex 89.2 66.7 -2.6
      vertex 87.9021 66.618 -2.6
      vertex 89.1692 67.0911 -2.6
    endloop
  endfacet
  facet normal 0 0 -1
    outer loop
      vertex 87.4142 4.18579 -2.6
      vertex 88.4678 3.13223 -2.6
      vertex 88.1695 2.87746 -2.6
    endloop
  endfacet
  facet normal 0 0 -1
    outer loop
      vertex 87.782 66.908 -2.6
      vertex 89.1692 67.0911 -2.6
      vertex 87.9021 66.618 -2.6
    endloop
  endfacet
  facet normal -0 0 -1
    outer loop
      vertex 89.1692 67.0911 -2.6
      vertex 87.782 66.908 -2.6
      vertex 89.0776 67.4725 -2.6
    endloop
  endfacet
  facet normal 0 0 -1
    outer loop
      vertex 89.2 4.9 -2.6
      vertex 87.9754 5.28713 -2.6
      vertex 88 5.6 -2.6
    endloop
  endfacet
  facet normal 0 0 -1
    outer loop
      vertex 89.2 4.9 -2.6
      vertex 87.9021 4.98197 -2.6
      vertex 87.9754 5.28713 -2.6
    endloop
  endfacet
  facet normal 0 0 -1
    outer loop
      vertex 87.1756 3.98197 -2.6
      vertex 88.1695 2.87746 -2.6
      vertex 87.835 2.67248 -2.6
    endloop
  endfacet
  facet normal 0 0 -1
    outer loop
      vertex 89.1692 4.50891 -2.6
      vertex 87.782 4.69202 -2.6
      vertex 87.9021 4.98197 -2.6
    endloop
  endfacet
  facet normal 0 0 -1
    outer loop
      vertex 88.9275 3.76502 -2.6
      vertex 87.618 4.42443 -2.6
      vertex 87.782 4.69202 -2.6
    endloop
  endfacet
  facet normal 0 0 -1
    outer loop
      vertex 86.908 3.81799 -2.6
      vertex 87.835 2.67248 -2.6
      vertex 87.4725 2.52236 -2.6
    endloop
  endfacet
  facet normal 0 0 -1
    outer loop
      vertex 88.7225 3.43054 -2.6
      vertex 87.4142 4.18579 -2.6
      vertex 87.618 4.42443 -2.6
    endloop
  endfacet
  facet normal 0 0 -1
    outer loop
      vertex 88.1695 2.87746 -2.6
      vertex 87.1756 3.98197 -2.6
      vertex 87.4142 4.18579 -2.6
    endloop
  endfacet
  facet normal 0 0 -1
    outer loop
      vertex 86.908 3.81799 -2.6
      vertex 87.4725 2.52236 -2.6
      vertex 87.0911 2.43078 -2.6
    endloop
  endfacet
  facet normal 0 0 -1
    outer loop
      vertex 87.835 2.67248 -2.6
      vertex 86.908 3.81799 -2.6
      vertex 87.1756 3.98197 -2.6
    endloop
  endfacet
  facet normal 0 0 -1
    outer loop
      vertex 86.618 3.69789 -2.6
      vertex 87.0911 2.43078 -2.6
      vertex 86.7 2.4 -2.6
    endloop
  endfacet
  facet normal 0 0 -1
    outer loop
      vertex 87.0911 2.43078 -2.6
      vertex 86.618 3.69789 -2.6
      vertex 86.908 3.81799 -2.6
    endloop
  endfacet
  facet normal 0 0 -1
    outer loop
      vertex 86.7 2.4 -2.6
      vertex 86.3129 3.62462 -2.6
      vertex 86.618 3.69789 -2.6
    endloop
  endfacet
  facet normal 0 0 -1
    outer loop
      vertex 86.7 2.4 -2.6
      vertex 86 3.6 -2.6
      vertex 86.3129 3.62462 -2.6
    endloop
  endfacet
  facet normal 0 0 -1
    outer loop
      vertex 86.7 2.4 -2.6
      vertex 5.6 3.6 -2.6
      vertex 86 3.6 -2.6
    endloop
  endfacet
  facet normal 0 0 -1
    outer loop
      vertex 4.9 2.4 -2.6
      vertex 5.6 3.6 -2.6
      vertex 86.7 2.4 -2.6
    endloop
  endfacet
  facet normal 0 0 -1
    outer loop
      vertex 4.9 2.4 -2.6
      vertex 5.28713 3.62462 -2.6
      vertex 5.6 3.6 -2.6
    endloop
  endfacet
  facet normal 0 0 -1
    outer loop
      vertex 4.9 2.4 -2.6
      vertex 4.98197 3.69789 -2.6
      vertex 5.28713 3.62462 -2.6
    endloop
  endfacet
  facet normal 0 0 -1
    outer loop
      vertex 4.50891 2.43078 -2.6
      vertex 4.98197 3.69789 -2.6
      vertex 4.9 2.4 -2.6
    endloop
  endfacet
  facet normal -0 0 -1
    outer loop
      vertex 4.98197 3.69789 -2.6
      vertex 4.50891 2.43078 -2.6
      vertex 4.69202 3.81799 -2.6
    endloop
  endfacet
  facet normal 0 0 -1
    outer loop
      vertex 4.12746 2.52236 -2.6
      vertex 4.69202 3.81799 -2.6
      vertex 4.50891 2.43078 -2.6
    endloop
  endfacet
  facet normal 0 0 -1
    outer loop
      vertex 3.76502 2.67248 -2.6
      vertex 4.69202 3.81799 -2.6
      vertex 4.12746 2.52236 -2.6
    endloop
  endfacet
  facet normal -0 0 -1
    outer loop
      vertex 4.69202 3.81799 -2.6
      vertex 3.76502 2.67248 -2.6
      vertex 4.42443 3.98197 -2.6
    endloop
  endfacet
  facet normal 0 0 -1
    outer loop
      vertex 3.43054 2.87746 -2.6
      vertex 4.42443 3.98197 -2.6
      vertex 3.76502 2.67248 -2.6
    endloop
  endfacet
  facet normal -0 0 -1
    outer loop
      vertex 4.42443 3.98197 -2.6
      vertex 3.43054 2.87746 -2.6
      vertex 4.18579 4.18579 -2.6
    endloop
  endfacet
  facet normal 0 0 -1
    outer loop
      vertex 3.13223 3.13223 -2.6
      vertex 4.18579 4.18579 -2.6
      vertex 3.43054 2.87746 -2.6
    endloop
  endfacet
  facet normal 0 0 -1
    outer loop
      vertex 2.87746 3.43054 -2.6
      vertex 4.18579 4.18579 -2.6
      vertex 3.13223 3.13223 -2.6
    endloop
  endfacet
  facet normal -0 0 -1
    outer loop
      vertex 4.18579 4.18579 -2.6
      vertex 2.87746 3.43054 -2.6
      vertex 3.98197 4.42443 -2.6
    endloop
  endfacet
  facet normal 0 0 -1
    outer loop
      vertex 2.67248 3.76502 -2.6
      vertex 3.98197 4.42443 -2.6
      vertex 2.87746 3.43054 -2.6
    endloop
  endfacet
  facet normal 0 0 -1
    outer loop
      vertex 2.52236 4.12746 -2.6
      vertex 3.81799 4.69202 -2.6
      vertex 2.67248 3.76502 -2.6
    endloop
  endfacet
  facet normal -0 0 -1
    outer loop
      vertex 3.98197 4.42443 -2.6
      vertex 2.67248 3.76502 -2.6
      vertex 3.81799 4.69202 -2.6
    endloop
  endfacet
  facet normal -0 0 -1
    outer loop
      vertex 89.0776 67.4725 -2.6
      vertex 87.782 66.908 -2.6
      vertex 88.9275 67.835 -2.6
    endloop
  endfacet
  facet normal 0 0 -1
    outer loop
      vertex 87.618 67.1756 -2.6
      vertex 88.9275 67.835 -2.6
      vertex 87.782 66.908 -2.6
    endloop
  endfacet
  facet normal -0 0 -1
    outer loop
      vertex 88.9275 67.835 -2.6
      vertex 87.618 67.1756 -2.6
      vertex 88.7225 68.1695 -2.6
    endloop
  endfacet
  facet normal 0 0 -1
    outer loop
      vertex 87.4142 67.4142 -2.6
      vertex 88.7225 68.1695 -2.6
      vertex 87.618 67.1756 -2.6
    endloop
  endfacet
  facet normal -0 0 -1
    outer loop
      vertex 88.7225 68.1695 -2.6
      vertex 87.4142 67.4142 -2.6
      vertex 88.4678 68.4678 -2.6
    endloop
  endfacet
  facet normal -0 0 -1
    outer loop
      vertex 88.4678 68.4678 -2.6
      vertex 87.4142 67.4142 -2.6
      vertex 88.1695 68.7225 -2.6
    endloop
  endfacet
  facet normal 0 0 -1
    outer loop
      vertex 87.1756 67.618 -2.6
      vertex 88.1695 68.7225 -2.6
      vertex 87.4142 67.4142 -2.6
    endloop
  endfacet
  facet normal -0 0 -1
    outer loop
      vertex 88.1695 68.7225 -2.6
      vertex 87.1756 67.618 -2.6
      vertex 87.835 68.9275 -2.6
    endloop
  endfacet
  facet normal 0 0 -1
    outer loop
      vertex 86.908 67.782 -2.6
      vertex 87.835 68.9275 -2.6
      vertex 87.1756 67.618 -2.6
    endloop
  endfacet
  facet normal -0 0 -1
    outer loop
      vertex 87.835 68.9275 -2.6
      vertex 86.908 67.782 -2.6
      vertex 87.4725 69.0776 -2.6
    endloop
  endfacet
  facet normal -0 0 -1
    outer loop
      vertex 87.4725 69.0776 -2.6
      vertex 86.908 67.782 -2.6
      vertex 87.0911 69.1692 -2.6
    endloop
  endfacet
  facet normal 0 0 -1
    outer loop
      vertex 86.618 67.9021 -2.6
      vertex 87.0911 69.1692 -2.6
      vertex 86.908 67.782 -2.6
    endloop
  endfacet
  facet normal -0 0 -1
    outer loop
      vertex 87.0911 69.1692 -2.6
      vertex 86.618 67.9021 -2.6
      vertex 86.7 69.2 -2.6
    endloop
  endfacet
  facet normal 0 0 -1
    outer loop
      vertex 86.3129 67.9754 -2.6
      vertex 86.7 69.2 -2.6
      vertex 86.618 67.9021 -2.6
    endloop
  endfacet
  facet normal 0 0 -1
    outer loop
      vertex 86 68 -2.6
      vertex 86.7 69.2 -2.6
      vertex 86.3129 67.9754 -2.6
    endloop
  endfacet
  facet normal 0 0 -1
    outer loop
      vertex 5.6 68 -2.6
      vertex 86.7 69.2 -2.6
      vertex 86 68 -2.6
    endloop
  endfacet
  facet normal 0 0 -1
    outer loop
      vertex 5.6 68 -2.6
      vertex 4.9 69.2 -2.6
      vertex 86.7 69.2 -2.6
    endloop
  endfacet
  facet normal 0 0 -1
    outer loop
      vertex 5.28713 67.9754 -2.6
      vertex 4.9 69.2 -2.6
      vertex 5.6 68 -2.6
    endloop
  endfacet
  facet normal 0 0 -1
    outer loop
      vertex 4.98197 67.9021 -2.6
      vertex 4.9 69.2 -2.6
      vertex 5.28713 67.9754 -2.6
    endloop
  endfacet
  facet normal 0 0 -1
    outer loop
      vertex 4.50891 69.1692 -2.6
      vertex 4.98197 67.9021 -2.6
      vertex 4.69202 67.782 -2.6
    endloop
  endfacet
  facet normal 0 0 -1
    outer loop
      vertex 4.98197 67.9021 -2.6
      vertex 4.50891 69.1692 -2.6
      vertex 4.9 69.2 -2.6
    endloop
  endfacet
  facet normal 0 0 -1
    outer loop
      vertex 3.76502 68.9275 -2.6
      vertex 4.69202 67.782 -2.6
      vertex 4.42443 67.618 -2.6
    endloop
  endfacet
  facet normal 0 0 -1
    outer loop
      vertex 3.43054 68.7225 -2.6
      vertex 4.42443 67.618 -2.6
      vertex 4.18579 67.4142 -2.6
    endloop
  endfacet
  facet normal 0 0 -1
    outer loop
      vertex 4.69202 67.782 -2.6
      vertex 4.12746 69.0776 -2.6
      vertex 4.50891 69.1692 -2.6
    endloop
  endfacet
  facet normal 0 0 -1
    outer loop
      vertex 2.87746 68.1695 -2.6
      vertex 4.18579 67.4142 -2.6
      vertex 3.98197 67.1756 -2.6
    endloop
  endfacet
  facet normal 0 0 -1
    outer loop
      vertex 2.67248 67.835 -2.6
      vertex 3.98197 67.1756 -2.6
      vertex 3.81799 66.908 -2.6
    endloop
  endfacet
  facet normal 0 0 -1
    outer loop
      vertex 4.69202 67.782 -2.6
      vertex 3.76502 68.9275 -2.6
      vertex 4.12746 69.0776 -2.6
    endloop
  endfacet
  facet normal 0 0 -1
    outer loop
      vertex 2.43078 67.0911 -2.6
      vertex 3.81799 66.908 -2.6
      vertex 3.69789 66.618 -2.6
    endloop
  endfacet
  facet normal 0 0 -1
    outer loop
      vertex 2.4 66.7 -2.6
      vertex 3.69789 66.618 -2.6
      vertex 3.62462 66.3129 -2.6
    endloop
  endfacet
  facet normal 0 0 -1
    outer loop
      vertex 2.4 66.7 -2.6
      vertex 3.62462 66.3129 -2.6
      vertex 3.6 66 -2.6
    endloop
  endfacet
  facet normal 0 0 -1
    outer loop
      vertex 4.42443 67.618 -2.6
      vertex 3.43054 68.7225 -2.6
      vertex 3.76502 68.9275 -2.6
    endloop
  endfacet
  facet normal -0 0 -1
    outer loop
      vertex 3.6 5.6 -2.6
      vertex 2.4 4.9 -2.6
      vertex 3.6 66 -2.6
    endloop
  endfacet
  facet normal 0 0 -1
    outer loop
      vertex 2.43078 4.50891 -2.6
      vertex 3.81799 4.69202 -2.6
      vertex 2.52236 4.12746 -2.6
    endloop
  endfacet
  facet normal 0 0 -1
    outer loop
      vertex 2.4 66.7 -2.6
      vertex 3.6 66 -2.6
      vertex 2.4 4.9 -2.6
    endloop
  endfacet
  facet normal -0 0 -1
    outer loop
      vertex 3.81799 4.69202 -2.6
      vertex 2.43078 4.50891 -2.6
      vertex 3.69789 4.98197 -2.6
    endloop
  endfacet
  facet normal 0 0 -1
    outer loop
      vertex 3.69789 66.618 -2.6
      vertex 2.4 66.7 -2.6
      vertex 2.43078 67.0911 -2.6
    endloop
  endfacet
  facet normal 0 0 -1
    outer loop
      vertex 2.4 4.9 -2.6
      vertex 3.69789 4.98197 -2.6
      vertex 2.43078 4.50891 -2.6
    endloop
  endfacet
  facet normal 0 0 -1
    outer loop
      vertex 4.18579 67.4142 -2.6
      vertex 3.13223 68.4678 -2.6
      vertex 3.43054 68.7225 -2.6
    endloop
  endfacet
  facet normal -0 0 -1
    outer loop
      vertex 3.69789 4.98197 -2.6
      vertex 2.4 4.9 -2.6
      vertex 3.62462 5.28713 -2.6
    endloop
  endfacet
  facet normal 0 0 -1
    outer loop
      vertex 4.18579 67.4142 -2.6
      vertex 2.87746 68.1695 -2.6
      vertex 3.13223 68.4678 -2.6
    endloop
  endfacet
  facet normal -0 0 -1
    outer loop
      vertex 3.62462 5.28713 -2.6
      vertex 2.4 4.9 -2.6
      vertex 3.6 5.6 -2.6
    endloop
  endfacet
  facet normal 0 0 -1
    outer loop
      vertex 3.98197 67.1756 -2.6
      vertex 2.67248 67.835 -2.6
      vertex 2.87746 68.1695 -2.6
    endloop
  endfacet
  facet normal 0 0 -1
    outer loop
      vertex 3.81799 66.908 -2.6
      vertex 2.52236 67.4725 -2.6
      vertex 2.67248 67.835 -2.6
    endloop
  endfacet
  facet normal 0 0 -1
    outer loop
      vertex 3.81799 66.908 -2.6
      vertex 2.43078 67.0911 -2.6
      vertex 2.52236 67.4725 -2.6
    endloop
  endfacet
  facet normal -0.233498 0.972357 0
    outer loop
      vertex 4.50891 69.1692 -2.6
      vertex 4.12746 69.0776 -0.6
      vertex 4.50891 69.1692 -0.6
    endloop
  endfacet
  facet normal -0.233498 0.972357 0
    outer loop
      vertex 4.12746 69.0776 -0.6
      vertex 4.50891 69.1692 -2.6
      vertex 4.12746 69.0776 -2.6
    endloop
  endfacet
  facet normal 0 1 -0
    outer loop
      vertex 86.7 69.2 -2.6
      vertex 4.9 69.2 -0.6
      vertex 86.7 69.2 -0.6
    endloop
  endfacet
  facet normal 0 1 0
    outer loop
      vertex 4.9 69.2 -0.6
      vertex 86.7 69.2 -2.6
      vertex 4.9 69.2 -2.6
    endloop
  endfacet
  facet normal -0.382667 -0.923886 0
    outer loop
      vertex 3.76502 2.67248 -2.6
      vertex 4.12746 2.52236 -0.6
      vertex 3.76502 2.67248 -0.6
    endloop
  endfacet
  facet normal -0.382667 -0.923886 -0
    outer loop
      vertex 4.12746 2.52236 -0.6
      vertex 3.76502 2.67248 -2.6
      vertex 4.12746 2.52236 -2.6
    endloop
  endfacet
  facet normal -0.649329 0.760508 0
    outer loop
      vertex 3.43054 68.7225 -2.6
      vertex 3.13223 68.4678 -0.6
      vertex 3.43054 68.7225 -0.6
    endloop
  endfacet
  facet normal -0.649329 0.760508 0
    outer loop
      vertex 3.13223 68.4678 -0.6
      vertex 3.43054 68.7225 -2.6
      vertex 3.13223 68.4678 -2.6
    endloop
  endfacet
  facet normal 0.0784585 -0.996917 0
    outer loop
      vertex 86.7 2.4 -2.6
      vertex 87.0911 2.43078 -0.6
      vertex 86.7 2.4 -0.6
    endloop
  endfacet
  facet normal 0.0784585 -0.996917 0
    outer loop
      vertex 87.0911 2.43078 -0.6
      vertex 86.7 2.4 -2.6
      vertex 87.0911 2.43078 -2.6
    endloop
  endfacet
  facet normal 0.522495 -0.852642 0
    outer loop
      vertex 87.835 2.67248 -2.6
      vertex 88.1695 2.87746 -0.6
      vertex 87.835 2.67248 -0.6
    endloop
  endfacet
  facet normal 0.522495 -0.852642 0
    outer loop
      vertex 88.1695 2.87746 -0.6
      vertex 87.835 2.67248 -2.6
      vertex 88.1695 2.87746 -2.6
    endloop
  endfacet
  facet normal 0.760497 0.649342 0
    outer loop
      vertex 88.7225 68.1695 -0.6
      vertex 88.4678 68.4678 -2.6
      vertex 88.4678 68.4678 -0.6
    endloop
  endfacet
  facet normal 0.760497 0.649342 0
    outer loop
      vertex 88.4678 68.4678 -2.6
      vertex 88.7225 68.1695 -0.6
      vertex 88.7225 68.1695 -2.6
    endloop
  endfacet
  facet normal -0.996917 0.0784585 0
    outer loop
      vertex 2.4 66.7 -2.6
      vertex 2.43078 67.0911 -0.6
      vertex 2.43078 67.0911 -2.6
    endloop
  endfacet
  facet normal -0.996917 0.0784585 0
    outer loop
      vertex 2.43078 67.0911 -0.6
      vertex 2.4 66.7 -2.6
      vertex 2.4 66.7 -0.6
    endloop
  endfacet
  facet normal 0.649445 -0.760409 0
    outer loop
      vertex 88.1695 2.87746 -2.6
      vertex 88.4678 3.13223 -0.6
      vertex 88.1695 2.87746 -0.6
    endloop
  endfacet
  facet normal 0.649445 -0.760409 0
    outer loop
      vertex 88.4678 3.13223 -0.6
      vertex 88.1695 2.87746 -2.6
      vertex 88.4678 3.13223 -2.6
    endloop
  endfacet
  facet normal 0.852606 -0.522555 0
    outer loop
      vertex 88.7225 3.43054 -0.6
      vertex 88.9275 3.76502 -2.6
      vertex 88.9275 3.76502 -0.6
    endloop
  endfacet
  facet normal 0.852606 -0.522555 0
    outer loop
      vertex 88.9275 3.76502 -2.6
      vertex 88.7225 3.43054 -0.6
      vertex 88.7225 3.43054 -2.6
    endloop
  endfacet
  facet normal 1 -0 0
    outer loop
      vertex 89.2 4.9 -0.6
      vertex 89.2 66.7 -2.6
      vertex 89.2 66.7 -0.6
    endloop
  endfacet
  facet normal 1 0 0
    outer loop
      vertex 89.2 66.7 -2.6
      vertex 89.2 4.9 -0.6
      vertex 89.2 4.9 -2.6
    endloop
  endfacet
  facet normal 0 -1 0
    outer loop
      vertex 4.9 2.4 -2.6
      vertex 86.7 2.4 -0.6
      vertex 4.9 2.4 -0.6
    endloop
  endfacet
  facet normal 0 -1 -0
    outer loop
      vertex 86.7 2.4 -0.6
      vertex 4.9 2.4 -2.6
      vertex 86.7 2.4 -2.6
    endloop
  endfacet
  facet normal 0.996913 0.0785092 0
    outer loop
      vertex 89.2 66.7 -0.6
      vertex 89.1692 67.0911 -2.6
      vertex 89.1692 67.0911 -0.6
    endloop
  endfacet
  facet normal 0.996913 0.0785092 0
    outer loop
      vertex 89.1692 67.0911 -2.6
      vertex 89.2 66.7 -0.6
      vertex 89.2 66.7 -2.6
    endloop
  endfacet
  facet normal 0.382569 0.923927 -0
    outer loop
      vertex 87.835 68.9275 -2.6
      vertex 87.4725 69.0776 -0.6
      vertex 87.835 68.9275 -0.6
    endloop
  endfacet
  facet normal 0.382569 0.923927 0
    outer loop
      vertex 87.4725 69.0776 -0.6
      vertex 87.835 68.9275 -2.6
      vertex 87.4725 69.0776 -2.6
    endloop
  endfacet
  facet normal 0.972357 -0.233498 0
    outer loop
      vertex 89.0776 4.12746 -0.6
      vertex 89.1692 4.50891 -2.6
      vertex 89.1692 4.50891 -0.6
    endloop
  endfacet
  facet normal 0.972357 -0.233498 0
    outer loop
      vertex 89.1692 4.50891 -2.6
      vertex 89.0776 4.12746 -0.6
      vertex 89.0776 4.12746 -2.6
    endloop
  endfacet
  facet normal -0.852642 0.522495 0
    outer loop
      vertex 2.67248 67.835 -2.6
      vertex 2.87746 68.1695 -0.6
      vertex 2.87746 68.1695 -2.6
    endloop
  endfacet
  facet normal -0.852642 0.522495 0
    outer loop
      vertex 2.87746 68.1695 -0.6
      vertex 2.67248 67.835 -2.6
      vertex 2.67248 67.835 -0.6
    endloop
  endfacet
  facet normal 0.923904 -0.382623 0
    outer loop
      vertex 88.9275 3.76502 -0.6
      vertex 89.0776 4.12746 -2.6
      vertex 89.0776 4.12746 -0.6
    endloop
  endfacet
  facet normal 0.923904 -0.382623 0
    outer loop
      vertex 89.0776 4.12746 -2.6
      vertex 88.9275 3.76502 -0.6
      vertex 88.9275 3.76502 -2.6
    endloop
  endfacet
  facet normal 0.382613 -0.923909 0
    outer loop
      vertex 87.4725 2.52236 -2.6
      vertex 87.835 2.67248 -0.6
      vertex 87.4725 2.52236 -0.6
    endloop
  endfacet
  facet normal 0.382613 -0.923909 0
    outer loop
      vertex 87.835 2.67248 -0.6
      vertex 87.4725 2.52236 -2.6
      vertex 87.835 2.67248 -2.6
    endloop
  endfacet
  facet normal 0.97235 0.233527 0
    outer loop
      vertex 89.1692 67.0911 -0.6
      vertex 89.0776 67.4725 -2.6
      vertex 89.0776 67.4725 -0.6
    endloop
  endfacet
  facet normal 0.97235 0.233527 0
    outer loop
      vertex 89.0776 67.4725 -2.6
      vertex 89.1692 67.0911 -0.6
      vertex 89.1692 67.0911 -2.6
    endloop
  endfacet
  facet normal -0.923909 0.382613 0
    outer loop
      vertex 2.52236 67.4725 -2.6
      vertex 2.67248 67.835 -0.6
      vertex 2.67248 67.835 -2.6
    endloop
  endfacet
  facet normal -0.923909 0.382613 0
    outer loop
      vertex 2.67248 67.835 -0.6
      vertex 2.52236 67.4725 -2.6
      vertex 2.52236 67.4725 -0.6
    endloop
  endfacet
  facet normal 0.522532 0.85262 -0
    outer loop
      vertex 88.1695 68.7225 -2.6
      vertex 87.835 68.9275 -0.6
      vertex 88.1695 68.7225 -0.6
    endloop
  endfacet
  facet normal 0.522532 0.85262 0
    outer loop
      vertex 87.835 68.9275 -0.6
      vertex 88.1695 68.7225 -2.6
      vertex 87.835 68.9275 -2.6
    endloop
  endfacet
  facet normal -0.76042 -0.649432 0
    outer loop
      vertex 3.13223 3.13223 -2.6
      vertex 2.87746 3.43054 -0.6
      vertex 2.87746 3.43054 -2.6
    endloop
  endfacet
  facet normal -0.76042 -0.649432 0
    outer loop
      vertex 2.87746 3.43054 -0.6
      vertex 3.13223 3.13223 -2.6
      vertex 3.13223 3.13223 -0.6
    endloop
  endfacet
  facet normal -0.23345 -0.972369 0
    outer loop
      vertex 4.12746 2.52236 -2.6
      vertex 4.50891 2.43078 -0.6
      vertex 4.12746 2.52236 -0.6
    endloop
  endfacet
  facet normal -0.23345 -0.972369 -0
    outer loop
      vertex 4.50891 2.43078 -0.6
      vertex 4.12746 2.52236 -2.6
      vertex 4.50891 2.43078 -2.6
    endloop
  endfacet
  facet normal -0.382623 0.923904 0
    outer loop
      vertex 4.12746 69.0776 -2.6
      vertex 3.76502 68.9275 -0.6
      vertex 4.12746 69.0776 -0.6
    endloop
  endfacet
  facet normal -0.382623 0.923904 0
    outer loop
      vertex 3.76502 68.9275 -0.6
      vertex 4.12746 69.0776 -2.6
      vertex 3.76502 68.9275 -2.6
    endloop
  endfacet
  facet normal -0.760409 0.649445 0
    outer loop
      vertex 2.87746 68.1695 -2.6
      vertex 3.13223 68.4678 -0.6
      vertex 3.13223 68.4678 -2.6
    endloop
  endfacet
  facet normal -0.760409 0.649445 0
    outer loop
      vertex 3.13223 68.4678 -0.6
      vertex 2.87746 68.1695 -2.6
      vertex 2.87746 68.1695 -0.6
    endloop
  endfacet
  facet normal 0.233527 0.97235 -0
    outer loop
      vertex 87.4725 69.0776 -2.6
      vertex 87.0911 69.1692 -0.6
      vertex 87.4725 69.0776 -0.6
    endloop
  endfacet
  facet normal 0.233527 0.97235 0
    outer loop
      vertex 87.0911 69.1692 -0.6
      vertex 87.4725 69.0776 -2.6
      vertex 87.0911 69.1692 -2.6
    endloop
  endfacet
  facet normal -0.972362 0.233479 0
    outer loop
      vertex 2.43078 67.0911 -2.6
      vertex 2.52236 67.4725 -0.6
      vertex 2.52236 67.4725 -2.6
    endloop
  endfacet
  facet normal -0.972362 0.233479 0
    outer loop
      vertex 2.52236 67.4725 -0.6
      vertex 2.43078 67.0911 -2.6
      vertex 2.43078 67.0911 -0.6
    endloop
  endfacet
  facet normal 0.0785092 0.996913 -0
    outer loop
      vertex 87.0911 69.1692 -2.6
      vertex 86.7 69.2 -0.6
      vertex 87.0911 69.1692 -0.6
    endloop
  endfacet
  facet normal 0.0785092 0.996913 0
    outer loop
      vertex 86.7 69.2 -0.6
      vertex 87.0911 69.1692 -2.6
      vertex 86.7 69.2 -2.6
    endloop
  endfacet
  facet normal 0.649342 0.760497 -0
    outer loop
      vertex 88.4678 68.4678 -2.6
      vertex 88.1695 68.7225 -0.6
      vertex 88.4678 68.4678 -0.6
    endloop
  endfacet
  facet normal 0.649342 0.760497 0
    outer loop
      vertex 88.1695 68.7225 -0.6
      vertex 88.4678 68.4678 -2.6
      vertex 88.1695 68.7225 -2.6
    endloop
  endfacet
  facet normal -0.852628 -0.522518 0
    outer loop
      vertex 2.87746 3.43054 -2.6
      vertex 2.67248 3.76502 -0.6
      vertex 2.67248 3.76502 -2.6
    endloop
  endfacet
  facet normal -0.852628 -0.522518 0
    outer loop
      vertex 2.67248 3.76502 -0.6
      vertex 2.87746 3.43054 -2.6
      vertex 2.87746 3.43054 -0.6
    endloop
  endfacet
  facet normal -0.923886 -0.382667 0
    outer loop
      vertex 2.67248 3.76502 -2.6
      vertex 2.52236 4.12746 -0.6
      vertex 2.52236 4.12746 -2.6
    endloop
  endfacet
  facet normal -0.923886 -0.382667 0
    outer loop
      vertex 2.52236 4.12746 -0.6
      vertex 2.67248 3.76502 -2.6
      vertex 2.67248 3.76502 -0.6
    endloop
  endfacet
  facet normal 0.760508 -0.649329 0
    outer loop
      vertex 88.4678 3.13223 -0.6
      vertex 88.7225 3.43054 -2.6
      vertex 88.7225 3.43054 -0.6
    endloop
  endfacet
  facet normal 0.760508 -0.649329 0
    outer loop
      vertex 88.7225 3.43054 -2.6
      vertex 88.4678 3.13223 -0.6
      vertex 88.4678 3.13223 -2.6
    endloop
  endfacet
  facet normal 0.233479 -0.972362 0
    outer loop
      vertex 87.0911 2.43078 -2.6
      vertex 87.4725 2.52236 -0.6
      vertex 87.0911 2.43078 -0.6
    endloop
  endfacet
  facet normal 0.233479 -0.972362 0
    outer loop
      vertex 87.4725 2.52236 -0.6
      vertex 87.0911 2.43078 -2.6
      vertex 87.4725 2.52236 -2.6
    endloop
  endfacet
  facet normal 0.923927 0.382569 0
    outer loop
      vertex 89.0776 67.4725 -0.6
      vertex 88.9275 67.835 -2.6
      vertex 88.9275 67.835 -0.6
    endloop
  endfacet
  facet normal 0.923927 0.382569 0
    outer loop
      vertex 88.9275 67.835 -2.6
      vertex 89.0776 67.4725 -0.6
      vertex 89.0776 67.4725 -2.6
    endloop
  endfacet
  facet normal -0.522555 0.852606 0
    outer loop
      vertex 3.76502 68.9275 -2.6
      vertex 3.43054 68.7225 -0.6
      vertex 3.76502 68.9275 -0.6
    endloop
  endfacet
  facet normal -0.522555 0.852606 0
    outer loop
      vertex 3.43054 68.7225 -0.6
      vertex 3.76502 68.9275 -2.6
      vertex 3.43054 68.7225 -2.6
    endloop
  endfacet
  facet normal 0.996913 -0.0785112 0
    outer loop
      vertex 89.1692 4.50891 -0.6
      vertex 89.2 4.9 -2.6
      vertex 89.2 4.9 -0.6
    endloop
  endfacet
  facet normal 0.996913 -0.0785112 0
    outer loop
      vertex 89.2 4.9 -2.6
      vertex 89.1692 4.50891 -0.6
      vertex 89.1692 4.50891 -2.6
    endloop
  endfacet
  facet normal -0.0784605 -0.996917 0
    outer loop
      vertex 4.50891 2.43078 -2.6
      vertex 4.9 2.4 -0.6
      vertex 4.50891 2.43078 -0.6
    endloop
  endfacet
  facet normal -0.0784605 -0.996917 -0
    outer loop
      vertex 4.9 2.4 -0.6
      vertex 4.50891 2.43078 -2.6
      vertex 4.9 2.4 -2.6
    endloop
  endfacet
  facet normal -0.0785112 0.996913 0
    outer loop
      vertex 4.9 69.2 -2.6
      vertex 4.50891 69.1692 -0.6
      vertex 4.9 69.2 -0.6
    endloop
  endfacet
  facet normal -0.0785112 0.996913 0
    outer loop
      vertex 4.50891 69.1692 -0.6
      vertex 4.9 69.2 -2.6
      vertex 4.50891 69.1692 -2.6
    endloop
  endfacet
  facet normal 0 0 1
    outer loop
      vertex 87.9021 66.618 -0.6
      vertex 89.2 66.7 -0.6
      vertex 89.1692 67.0911 -0.6
    endloop
  endfacet
  facet normal 0 0 1
    outer loop
      vertex 89.2 66.7 -0.6
      vertex 88 66 -0.6
      vertex 89.2 4.9 -0.6
    endloop
  endfacet
  facet normal 0 0 1
    outer loop
      vertex 87.782 66.908 -0.6
      vertex 89.1692 67.0911 -0.6
      vertex 89.0776 67.4725 -0.6
    endloop
  endfacet
  facet normal -0 0 1
    outer loop
      vertex 88 5.6 -0.6
      vertex 89.2 4.9 -0.6
      vertex 88 66 -0.6
    endloop
  endfacet
  facet normal 0 0 1
    outer loop
      vertex 87.782 66.908 -0.6
      vertex 89.0776 67.4725 -0.6
      vertex 88.9275 67.835 -0.6
    endloop
  endfacet
  facet normal -0 0 1
    outer loop
      vertex 87.9754 5.28713 -0.6
      vertex 89.2 4.9 -0.6
      vertex 88 5.6 -0.6
    endloop
  endfacet
  facet normal 0 0 1
    outer loop
      vertex 87.618 67.1756 -0.6
      vertex 88.9275 67.835 -0.6
      vertex 88.7225 68.1695 -0.6
    endloop
  endfacet
  facet normal -0 0 1
    outer loop
      vertex 87.9021 4.98197 -0.6
      vertex 89.2 4.9 -0.6
      vertex 87.9754 5.28713 -0.6
    endloop
  endfacet
  facet normal 0 0 1
    outer loop
      vertex 87.4142 67.4142 -0.6
      vertex 88.7225 68.1695 -0.6
      vertex 88.4678 68.4678 -0.6
    endloop
  endfacet
  facet normal 0 0 1
    outer loop
      vertex 89.2 4.9 -0.6
      vertex 87.9021 4.98197 -0.6
      vertex 89.1692 4.50891 -0.6
    endloop
  endfacet
  facet normal 0 0 1
    outer loop
      vertex 87.4142 67.4142 -0.6
      vertex 88.4678 68.4678 -0.6
      vertex 88.1695 68.7225 -0.6
    endloop
  endfacet
  facet normal -0 0 1
    outer loop
      vertex 87.782 4.69202 -0.6
      vertex 89.1692 4.50891 -0.6
      vertex 87.9021 4.98197 -0.6
    endloop
  endfacet
  facet normal 0 0 1
    outer loop
      vertex 89.1692 4.50891 -0.6
      vertex 87.782 4.69202 -0.6
      vertex 89.0776 4.12746 -0.6
    endloop
  endfacet
  facet normal 0 0 1
    outer loop
      vertex 89.2 66.7 -0.6
      vertex 87.9754 66.3129 -0.6
      vertex 88 66 -0.6
    endloop
  endfacet
  facet normal 0 0 1
    outer loop
      vertex 89.2 66.7 -0.6
      vertex 87.9021 66.618 -0.6
      vertex 87.9754 66.3129 -0.6
    endloop
  endfacet
  facet normal 0 0 1
    outer loop
      vertex 87.1756 67.618 -0.6
      vertex 88.1695 68.7225 -0.6
      vertex 87.835 68.9275 -0.6
    endloop
  endfacet
  facet normal 0 0 1
    outer loop
      vertex 89.1692 67.0911 -0.6
      vertex 87.782 66.908 -0.6
      vertex 87.9021 66.618 -0.6
    endloop
  endfacet
  facet normal 0 0 1
    outer loop
      vertex 88.9275 67.835 -0.6
      vertex 87.618 67.1756 -0.6
      vertex 87.782 66.908 -0.6
    endloop
  endfacet
  facet normal 0 0 1
    outer loop
      vertex 86.908 67.782 -0.6
      vertex 87.835 68.9275 -0.6
      vertex 87.4725 69.0776 -0.6
    endloop
  endfacet
  facet normal 0 0 1
    outer loop
      vertex 88.7225 68.1695 -0.6
      vertex 87.4142 67.4142 -0.6
      vertex 87.618 67.1756 -0.6
    endloop
  endfacet
  facet normal 0 0 1
    outer loop
      vertex 88.1695 68.7225 -0.6
      vertex 87.1756 67.618 -0.6
      vertex 87.4142 67.4142 -0.6
    endloop
  endfacet
  facet normal 0 0 1
    outer loop
      vertex 86.908 67.782 -0.6
      vertex 87.4725 69.0776 -0.6
      vertex 87.0911 69.1692 -0.6
    endloop
  endfacet
  facet normal 0 0 1
    outer loop
      vertex 87.835 68.9275 -0.6
      vertex 86.908 67.782 -0.6
      vertex 87.1756 67.618 -0.6
    endloop
  endfacet
  facet normal 0 0 1
    outer loop
      vertex 86.618 67.9021 -0.6
      vertex 87.0911 69.1692 -0.6
      vertex 86.7 69.2 -0.6
    endloop
  endfacet
  facet normal 0 0 1
    outer loop
      vertex 87.0911 69.1692 -0.6
      vertex 86.618 67.9021 -0.6
      vertex 86.908 67.782 -0.6
    endloop
  endfacet
  facet normal 0 0 1
    outer loop
      vertex 86.7 69.2 -0.6
      vertex 86.3129 67.9754 -0.6
      vertex 86.618 67.9021 -0.6
    endloop
  endfacet
  facet normal 0 0 1
    outer loop
      vertex 86.7 69.2 -0.6
      vertex 86 68 -0.6
      vertex 86.3129 67.9754 -0.6
    endloop
  endfacet
  facet normal 0 0 1
    outer loop
      vertex 86.7 69.2 -0.6
      vertex 5.6 68 -0.6
      vertex 86 68 -0.6
    endloop
  endfacet
  facet normal -0 0 1
    outer loop
      vertex 4.9 69.2 -0.6
      vertex 5.6 68 -0.6
      vertex 86.7 69.2 -0.6
    endloop
  endfacet
  facet normal 0 0 1
    outer loop
      vertex 4.9 69.2 -0.6
      vertex 5.28713 67.9754 -0.6
      vertex 5.6 68 -0.6
    endloop
  endfacet
  facet normal 0 0 1
    outer loop
      vertex 4.9 69.2 -0.6
      vertex 4.98197 67.9021 -0.6
      vertex 5.28713 67.9754 -0.6
    endloop
  endfacet
  facet normal -0 0 1
    outer loop
      vertex 4.50891 69.1692 -0.6
      vertex 4.98197 67.9021 -0.6
      vertex 4.9 69.2 -0.6
    endloop
  endfacet
  facet normal 0 0 1
    outer loop
      vertex 4.98197 67.9021 -0.6
      vertex 4.50891 69.1692 -0.6
      vertex 4.69202 67.782 -0.6
    endloop
  endfacet
  facet normal -0 0 1
    outer loop
      vertex 4.12746 69.0776 -0.6
      vertex 4.69202 67.782 -0.6
      vertex 4.50891 69.1692 -0.6
    endloop
  endfacet
  facet normal -0 0 1
    outer loop
      vertex 3.76502 68.9275 -0.6
      vertex 4.69202 67.782 -0.6
      vertex 4.12746 69.0776 -0.6
    endloop
  endfacet
  facet normal 0 0 1
    outer loop
      vertex 4.69202 67.782 -0.6
      vertex 3.76502 68.9275 -0.6
      vertex 4.42443 67.618 -0.6
    endloop
  endfacet
  facet normal -0 0 1
    outer loop
      vertex 3.43054 68.7225 -0.6
      vertex 4.42443 67.618 -0.6
      vertex 3.76502 68.9275 -0.6
    endloop
  endfacet
  facet normal 0 0 1
    outer loop
      vertex 4.42443 67.618 -0.6
      vertex 3.43054 68.7225 -0.6
      vertex 4.18579 67.4142 -0.6
    endloop
  endfacet
  facet normal -0 0 1
    outer loop
      vertex 3.13223 68.4678 -0.6
      vertex 4.18579 67.4142 -0.6
      vertex 3.43054 68.7225 -0.6
    endloop
  endfacet
  facet normal -0 0 1
    outer loop
      vertex 2.87746 68.1695 -0.6
      vertex 4.18579 67.4142 -0.6
      vertex 3.13223 68.4678 -0.6
    endloop
  endfacet
  facet normal 0 0 1
    outer loop
      vertex 4.18579 67.4142 -0.6
      vertex 2.87746 68.1695 -0.6
      vertex 3.98197 67.1756 -0.6
    endloop
  endfacet
  facet normal -0 0 1
    outer loop
      vertex 2.67248 67.835 -0.6
      vertex 3.98197 67.1756 -0.6
      vertex 2.87746 68.1695 -0.6
    endloop
  endfacet
  facet normal -0 0 1
    outer loop
      vertex 2.52236 67.4725 -0.6
      vertex 3.81799 66.908 -0.6
      vertex 2.67248 67.835 -0.6
    endloop
  endfacet
  facet normal 0 0 1
    outer loop
      vertex 3.98197 67.1756 -0.6
      vertex 2.67248 67.835 -0.6
      vertex 3.81799 66.908 -0.6
    endloop
  endfacet
  facet normal 0 0 1
    outer loop
      vertex 89.0776 4.12746 -0.6
      vertex 87.782 4.69202 -0.6
      vertex 88.9275 3.76502 -0.6
    endloop
  endfacet
  facet normal -0 0 1
    outer loop
      vertex 87.618 4.42443 -0.6
      vertex 88.9275 3.76502 -0.6
      vertex 87.782 4.69202 -0.6
    endloop
  endfacet
  facet normal 0 0 1
    outer loop
      vertex 88.9275 3.76502 -0.6
      vertex 87.618 4.42443 -0.6
      vertex 88.7225 3.43054 -0.6
    endloop
  endfacet
  facet normal -0 0 1
    outer loop
      vertex 87.4142 4.18579 -0.6
      vertex 88.7225 3.43054 -0.6
      vertex 87.618 4.42443 -0.6
    endloop
  endfacet
  facet normal 0 0 1
    outer loop
      vertex 88.7225 3.43054 -0.6
      vertex 87.4142 4.18579 -0.6
      vertex 88.4678 3.13223 -0.6
    endloop
  endfacet
  facet normal 0 0 1
    outer loop
      vertex 88.4678 3.13223 -0.6
      vertex 87.4142 4.18579 -0.6
      vertex 88.1695 2.87746 -0.6
    endloop
  endfacet
  facet normal -0 0 1
    outer loop
      vertex 87.1756 3.98197 -0.6
      vertex 88.1695 2.87746 -0.6
      vertex 87.4142 4.18579 -0.6
    endloop
  endfacet
  facet normal 0 0 1
    outer loop
      vertex 88.1695 2.87746 -0.6
      vertex 87.1756 3.98197 -0.6
      vertex 87.835 2.67248 -0.6
    endloop
  endfacet
  facet normal -0 0 1
    outer loop
      vertex 86.908 3.81799 -0.6
      vertex 87.835 2.67248 -0.6
      vertex 87.1756 3.98197 -0.6
    endloop
  endfacet
  facet normal 0 0 1
    outer loop
      vertex 87.835 2.67248 -0.6
      vertex 86.908 3.81799 -0.6
      vertex 87.4725 2.52236 -0.6
    endloop
  endfacet
  facet normal 0 0 1
    outer loop
      vertex 87.4725 2.52236 -0.6
      vertex 86.908 3.81799 -0.6
      vertex 87.0911 2.43078 -0.6
    endloop
  endfacet
  facet normal -0 0 1
    outer loop
      vertex 86.618 3.69789 -0.6
      vertex 87.0911 2.43078 -0.6
      vertex 86.908 3.81799 -0.6
    endloop
  endfacet
  facet normal 0 0 1
    outer loop
      vertex 87.0911 2.43078 -0.6
      vertex 86.618 3.69789 -0.6
      vertex 86.7 2.4 -0.6
    endloop
  endfacet
  facet normal -0 0 1
    outer loop
      vertex 86.3129 3.62462 -0.6
      vertex 86.7 2.4 -0.6
      vertex 86.618 3.69789 -0.6
    endloop
  endfacet
  facet normal -0 0 1
    outer loop
      vertex 86 3.6 -0.6
      vertex 86.7 2.4 -0.6
      vertex 86.3129 3.62462 -0.6
    endloop
  endfacet
  facet normal -0 0 1
    outer loop
      vertex 5.6 3.6 -0.6
      vertex 86.7 2.4 -0.6
      vertex 86 3.6 -0.6
    endloop
  endfacet
  facet normal 0 0 1
    outer loop
      vertex 5.6 3.6 -0.6
      vertex 4.9 2.4 -0.6
      vertex 86.7 2.4 -0.6
    endloop
  endfacet
  facet normal 0 0 1
    outer loop
      vertex 5.28713 3.62462 -0.6
      vertex 4.9 2.4 -0.6
      vertex 5.6 3.6 -0.6
    endloop
  endfacet
  facet normal 0 0 1
    outer loop
      vertex 4.98197 3.69789 -0.6
      vertex 4.9 2.4 -0.6
      vertex 5.28713 3.62462 -0.6
    endloop
  endfacet
  facet normal 0 0 1
    outer loop
      vertex 4.50891 2.43078 -0.6
      vertex 4.98197 3.69789 -0.6
      vertex 4.69202 3.81799 -0.6
    endloop
  endfacet
  facet normal 0 0 1
    outer loop
      vertex 4.98197 3.69789 -0.6
      vertex 4.50891 2.43078 -0.6
      vertex 4.9 2.4 -0.6
    endloop
  endfacet
  facet normal 0 0 1
    outer loop
      vertex 3.76502 2.67248 -0.6
      vertex 4.69202 3.81799 -0.6
      vertex 4.42443 3.98197 -0.6
    endloop
  endfacet
  facet normal 0 0 1
    outer loop
      vertex 3.43054 2.87746 -0.6
      vertex 4.42443 3.98197 -0.6
      vertex 4.18579 4.18579 -0.6
    endloop
  endfacet
  facet normal 0 0 1
    outer loop
      vertex 4.69202 3.81799 -0.6
      vertex 4.12746 2.52236 -0.6
      vertex 4.50891 2.43078 -0.6
    endloop
  endfacet
  facet normal 0 0 1
    outer loop
      vertex 2.87746 3.43054 -0.6
      vertex 4.18579 4.18579 -0.6
      vertex 3.98197 4.42443 -0.6
    endloop
  endfacet
  facet normal 0 0 1
    outer loop
      vertex 2.67248 3.76502 -0.6
      vertex 3.98197 4.42443 -0.6
      vertex 3.81799 4.69202 -0.6
    endloop
  endfacet
  facet normal 0 0 1
    outer loop
      vertex 4.69202 3.81799 -0.6
      vertex 3.76502 2.67248 -0.6
      vertex 4.12746 2.52236 -0.6
    endloop
  endfacet
  facet normal 0 0 1
    outer loop
      vertex 2.43078 4.50891 -0.6
      vertex 3.81799 4.69202 -0.6
      vertex 3.69789 4.98197 -0.6
    endloop
  endfacet
  facet normal 0 0 1
    outer loop
      vertex 2.4 4.9 -0.6
      vertex 3.69789 4.98197 -0.6
      vertex 3.62462 5.28713 -0.6
    endloop
  endfacet
  facet normal 0 0 1
    outer loop
      vertex 2.4 4.9 -0.6
      vertex 3.62462 5.28713 -0.6
      vertex 3.6 5.6 -0.6
    endloop
  endfacet
  facet normal 0 0 1
    outer loop
      vertex 4.42443 3.98197 -0.6
      vertex 3.43054 2.87746 -0.6
      vertex 3.76502 2.67248 -0.6
    endloop
  endfacet
  facet normal 0 0 1
    outer loop
      vertex 3.6 66 -0.6
      vertex 2.4 66.7 -0.6
      vertex 3.6 5.6 -0.6
    endloop
  endfacet
  facet normal -0 0 1
    outer loop
      vertex 2.43078 67.0911 -0.6
      vertex 3.81799 66.908 -0.6
      vertex 2.52236 67.4725 -0.6
    endloop
  endfacet
  facet normal 0 0 1
    outer loop
      vertex 2.4 4.9 -0.6
      vertex 3.6 5.6 -0.6
      vertex 2.4 66.7 -0.6
    endloop
  endfacet
  facet normal 0 0 1
    outer loop
      vertex 3.81799 66.908 -0.6
      vertex 2.43078 67.0911 -0.6
      vertex 3.69789 66.618 -0.6
    endloop
  endfacet
  facet normal 0 0 1
    outer loop
      vertex 3.69789 4.98197 -0.6
      vertex 2.4 4.9 -0.6
      vertex 2.43078 4.50891 -0.6
    endloop
  endfacet
  facet normal -0 0 1
    outer loop
      vertex 2.4 66.7 -0.6
      vertex 3.69789 66.618 -0.6
      vertex 2.43078 67.0911 -0.6
    endloop
  endfacet
  facet normal 0 0 1
    outer loop
      vertex 4.18579 4.18579 -0.6
      vertex 3.13223 3.13223 -0.6
      vertex 3.43054 2.87746 -0.6
    endloop
  endfacet
  facet normal 0 0 1
    outer loop
      vertex 3.69789 66.618 -0.6
      vertex 2.4 66.7 -0.6
      vertex 3.62462 66.3129 -0.6
    endloop
  endfacet
  facet normal 0 0 1
    outer loop
      vertex 4.18579 4.18579 -0.6
      vertex 2.87746 3.43054 -0.6
      vertex 3.13223 3.13223 -0.6
    endloop
  endfacet
  facet normal 0 0 1
    outer loop
      vertex 3.62462 66.3129 -0.6
      vertex 2.4 66.7 -0.6
      vertex 3.6 66 -0.6
    endloop
  endfacet
  facet normal 0 0 1
    outer loop
      vertex 3.98197 4.42443 -0.6
      vertex 2.67248 3.76502 -0.6
      vertex 2.87746 3.43054 -0.6
    endloop
  endfacet
  facet normal 0 0 1
    outer loop
      vertex 3.81799 4.69202 -0.6
      vertex 2.52236 4.12746 -0.6
      vertex 2.67248 3.76502 -0.6
    endloop
  endfacet
  facet normal 0 0 1
    outer loop
      vertex 3.81799 4.69202 -0.6
      vertex 2.43078 4.50891 -0.6
      vertex 2.52236 4.12746 -0.6
    endloop
  endfacet
  facet normal -0.649432 -0.76042 0
    outer loop
      vertex 3.13223 3.13223 -2.6
      vertex 3.43054 2.87746 -0.6
      vertex 3.13223 3.13223 -0.6
    endloop
  endfacet
  facet normal -0.649432 -0.76042 -0
    outer loop
      vertex 3.43054 2.87746 -0.6
      vertex 3.13223 3.13223 -2.6
      vertex 3.43054 2.87746 -2.6
    endloop
  endfacet
  facet normal -0.522518 -0.852628 0
    outer loop
      vertex 3.43054 2.87746 -2.6
      vertex 3.76502 2.67248 -0.6
      vertex 3.43054 2.87746 -0.6
    endloop
  endfacet
  facet normal -0.522518 -0.852628 -0
    outer loop
      vertex 3.76502 2.67248 -0.6
      vertex 3.43054 2.87746 -2.6
      vertex 3.76502 2.67248 -2.6
    endloop
  endfacet
  facet normal 0.972364 0.233468 0
    outer loop
      vertex 3.69789 4.98197 -0.6
      vertex 3.62462 5.28713 -2.6
      vertex 3.62462 5.28713 -0.6
    endloop
  endfacet
  facet normal 0.972364 0.233468 0
    outer loop
      vertex 3.62462 5.28713 -2.6
      vertex 3.69789 4.98197 -0.6
      vertex 3.69789 4.98197 -2.6
    endloop
  endfacet
  facet normal 0.760403 0.649452 0
    outer loop
      vertex 4.18579 4.18579 -0.6
      vertex 3.98197 4.42443 -2.6
      vertex 3.98197 4.42443 -0.6
    endloop
  endfacet
  facet normal 0.760403 0.649452 0
    outer loop
      vertex 3.98197 4.42443 -2.6
      vertex 4.18579 4.18579 -0.6
      vertex 4.18579 4.18579 -2.6
    endloop
  endfacet
  facet normal 1 -0 0
    outer loop
      vertex 3.6 5.6 -0.6
      vertex 3.6 66 -2.6
      vertex 3.6 66 -0.6
    endloop
  endfacet
  facet normal 1 0 0
    outer loop
      vertex 3.6 66 -2.6
      vertex 3.6 5.6 -0.6
      vertex 3.6 5.6 -2.6
    endloop
  endfacet
  facet normal 0.996918 0.0784483 0
    outer loop
      vertex 3.62462 5.28713 -0.6
      vertex 3.6 5.6 -2.6
      vertex 3.6 5.6 -0.6
    endloop
  endfacet
  facet normal 0.996918 0.0784483 0
    outer loop
      vertex 3.6 5.6 -2.6
      vertex 3.62462 5.28713 -0.6
      vertex 3.62462 5.28713 -2.6
    endloop
  endfacet
  facet normal -0.0783775 -0.996924 0
    outer loop
      vertex 86 68 -2.6
      vertex 86.3129 67.9754 -0.6
      vertex 86 68 -0.6
    endloop
  endfacet
  facet normal -0.0783775 -0.996924 -0
    outer loop
      vertex 86.3129 67.9754 -0.6
      vertex 86 68 -2.6
      vertex 86.3129 67.9754 -2.6
    endloop
  endfacet
  facet normal 0.996919 -0.0784408 0
    outer loop
      vertex 3.6 66 -0.6
      vertex 3.62462 66.3129 -2.6
      vertex 3.62462 66.3129 -0.6
    endloop
  endfacet
  facet normal 0.996919 -0.0784408 0
    outer loop
      vertex 3.62462 66.3129 -2.6
      vertex 3.6 66 -0.6
      vertex 3.6 66 -2.6
    endloop
  endfacet
  facet normal 0 -1 0
    outer loop
      vertex 5.6 68 -2.6
      vertex 86 68 -0.6
      vertex 5.6 68 -0.6
    endloop
  endfacet
  facet normal 0 -1 -0
    outer loop
      vertex 86 68 -0.6
      vertex 5.6 68 -2.6
      vertex 86 68 -2.6
    endloop
  endfacet
  facet normal -0.972332 -0.233602 0
    outer loop
      vertex 87.9754 66.3129 -2.6
      vertex 87.9021 66.618 -0.6
      vertex 87.9021 66.618 -2.6
    endloop
  endfacet
  facet normal -0.972332 -0.233602 0
    outer loop
      vertex 87.9021 66.618 -0.6
      vertex 87.9754 66.3129 -2.6
      vertex 87.9754 66.3129 -0.6
    endloop
  endfacet
  facet normal 0.649415 -0.760434 0
    outer loop
      vertex 4.18579 67.4142 -2.6
      vertex 4.42443 67.618 -0.6
      vertex 4.18579 67.4142 -0.6
    endloop
  endfacet
  facet normal 0.649415 -0.760434 0
    outer loop
      vertex 4.42443 67.618 -0.6
      vertex 4.18579 67.4142 -2.6
      vertex 4.42443 67.618 -2.6
    endloop
  endfacet
  facet normal -0.76038 -0.649478 0
    outer loop
      vertex 87.618 67.1756 -2.6
      vertex 87.4142 67.4142 -0.6
      vertex 87.4142 67.4142 -2.6
    endloop
  endfacet
  facet normal -0.76038 -0.649478 0
    outer loop
      vertex 87.4142 67.4142 -0.6
      vertex 87.618 67.1756 -2.6
      vertex 87.618 67.1756 -0.6
    endloop
  endfacet
  facet normal 0.852639 0.5225 0
    outer loop
      vertex 3.98197 4.42443 -0.6
      vertex 3.81799 4.69202 -2.6
      vertex 3.81799 4.69202 -0.6
    endloop
  endfacet
  facet normal 0.852639 0.5225 0
    outer loop
      vertex 3.81799 4.69202 -2.6
      vertex 3.98197 4.42443 -0.6
      vertex 3.98197 4.42443 -2.6
    endloop
  endfacet
  facet normal -0.852611 0.522546 0
    outer loop
      vertex 87.618 4.42443 -2.6
      vertex 87.782 4.69202 -0.6
      vertex 87.782 4.69202 -2.6
    endloop
  endfacet
  facet normal -0.852611 0.522546 0
    outer loop
      vertex 87.782 4.69202 -0.6
      vertex 87.618 4.42443 -2.6
      vertex 87.618 4.42443 -0.6
    endloop
  endfacet
  facet normal -1 0 0
    outer loop
      vertex 88 5.6 -2.6
      vertex 88 66 -0.6
      vertex 88 66 -2.6
    endloop
  endfacet
  facet normal -1 -0 0
    outer loop
      vertex 88 66 -0.6
      vertex 88 5.6 -2.6
      vertex 88 5.6 -0.6
    endloop
  endfacet
  facet normal 0 1 -0
    outer loop
      vertex 86 3.6 -2.6
      vertex 5.6 3.6 -0.6
      vertex 86 3.6 -0.6
    endloop
  endfacet
  facet normal 0 1 0
    outer loop
      vertex 5.6 3.6 -0.6
      vertex 86 3.6 -2.6
      vertex 5.6 3.6 -2.6
    endloop
  endfacet
  facet normal -0.996924 -0.0783775 0
    outer loop
      vertex 88 66 -2.6
      vertex 87.9754 66.3129 -0.6
      vertex 87.9754 66.3129 -2.6
    endloop
  endfacet
  facet normal -0.996924 -0.0783775 0
    outer loop
      vertex 87.9754 66.3129 -0.6
      vertex 88 66 -2.6
      vertex 88 66 -0.6
    endloop
  endfacet
  facet normal 0.972354 -0.233512 0
    outer loop
      vertex 3.62462 66.3129 -0.6
      vertex 3.69789 66.618 -2.6
      vertex 3.69789 66.618 -0.6
    endloop
  endfacet
  facet normal 0.972354 -0.233512 0
    outer loop
      vertex 3.69789 66.618 -2.6
      vertex 3.62462 66.3129 -0.6
      vertex 3.62462 66.3129 -2.6
    endloop
  endfacet
  facet normal 0.078385 -0.996923 0
    outer loop
      vertex 5.28713 67.9754 -2.6
      vertex 5.6 68 -0.6
      vertex 5.28713 67.9754 -0.6
    endloop
  endfacet
  facet normal 0.078385 -0.996923 0
    outer loop
      vertex 5.6 68 -0.6
      vertex 5.28713 67.9754 -2.6
      vertex 5.6 68 -2.6
    endloop
  endfacet
  facet normal -0.0784408 0.996919 0
    outer loop
      vertex 86.3129 3.62462 -2.6
      vertex 86 3.6 -0.6
      vertex 86.3129 3.62462 -0.6
    endloop
  endfacet
  facet normal -0.0784408 0.996919 0
    outer loop
      vertex 86 3.6 -0.6
      vertex 86.3129 3.62462 -2.6
      vertex 86 3.6 -2.6
    endloop
  endfacet
  facet normal -0.649478 -0.76038 0
    outer loop
      vertex 87.1756 67.618 -2.6
      vertex 87.4142 67.4142 -0.6
      vertex 87.1756 67.618 -0.6
    endloop
  endfacet
  facet normal -0.649478 -0.76038 -0
    outer loop
      vertex 87.4142 67.4142 -0.6
      vertex 87.1756 67.618 -2.6
      vertex 87.4142 67.4142 -2.6
    endloop
  endfacet
  facet normal 0.38268 -0.923881 0
    outer loop
      vertex 4.69202 67.782 -2.6
      vertex 4.98197 67.9021 -0.6
      vertex 4.69202 67.782 -0.6
    endloop
  endfacet
  facet normal 0.38268 -0.923881 0
    outer loop
      vertex 4.98197 67.9021 -0.6
      vertex 4.69202 67.782 -2.6
      vertex 4.98197 67.9021 -2.6
    endloop
  endfacet
  facet normal 0.852648 -0.522486 0
    outer loop
      vertex 3.81799 66.908 -0.6
      vertex 3.98197 67.1756 -2.6
      vertex 3.98197 67.1756 -0.6
    endloop
  endfacet
  facet normal 0.852648 -0.522486 0
    outer loop
      vertex 3.98197 67.1756 -2.6
      vertex 3.81799 66.908 -0.6
      vertex 3.81799 66.908 -2.6
    endloop
  endfacet
  facet normal -0.522532 -0.85262 0
    outer loop
      vertex 86.908 67.782 -2.6
      vertex 87.1756 67.618 -0.6
      vertex 86.908 67.782 -0.6
    endloop
  endfacet
  facet normal -0.522532 -0.85262 -0
    outer loop
      vertex 87.1756 67.618 -0.6
      vertex 86.908 67.782 -2.6
      vertex 87.1756 67.618 -2.6
    endloop
  endfacet
  facet normal -0.382624 -0.923904 0
    outer loop
      vertex 86.618 67.9021 -2.6
      vertex 86.908 67.782 -0.6
      vertex 86.618 67.9021 -0.6
    endloop
  endfacet
  facet normal -0.382624 -0.923904 -0
    outer loop
      vertex 86.908 67.782 -0.6
      vertex 86.618 67.9021 -2.6
      vertex 86.908 67.782 -2.6
    endloop
  endfacet
  facet normal -0.649515 0.760349 0
    outer loop
      vertex 87.4142 4.18579 -2.6
      vertex 87.1756 3.98197 -0.6
      vertex 87.4142 4.18579 -0.6
    endloop
  endfacet
  facet normal -0.649515 0.760349 0
    outer loop
      vertex 87.1756 3.98197 -0.6
      vertex 87.4142 4.18579 -2.6
      vertex 87.1756 3.98197 -2.6
    endloop
  endfacet
  facet normal -0.923904 -0.382624 0
    outer loop
      vertex 87.9021 66.618 -2.6
      vertex 87.782 66.908 -0.6
      vertex 87.782 66.908 -2.6
    endloop
  endfacet
  facet normal -0.923904 -0.382624 0
    outer loop
      vertex 87.782 66.908 -0.6
      vertex 87.9021 66.618 -2.6
      vertex 87.9021 66.618 -0.6
    endloop
  endfacet
  facet normal 0.923904 -0.382624 0
    outer loop
      vertex 3.69789 66.618 -0.6
      vertex 3.81799 66.908 -2.6
      vertex 3.81799 66.908 -0.6
    endloop
  endfacet
  facet normal 0.923904 -0.382624 0
    outer loop
      vertex 3.81799 66.908 -2.6
      vertex 3.69789 66.618 -0.6
      vertex 3.69789 66.618 -2.6
    endloop
  endfacet
  facet normal -0.923881 0.38268 0
    outer loop
      vertex 87.782 4.69202 -2.6
      vertex 87.9021 4.98197 -0.6
      vertex 87.9021 4.98197 -2.6
    endloop
  endfacet
  facet normal -0.923881 0.38268 0
    outer loop
      vertex 87.9021 4.98197 -0.6
      vertex 87.782 4.69202 -2.6
      vertex 87.782 4.69202 -0.6
    endloop
  endfacet
  facet normal 0.522546 -0.852611 0
    outer loop
      vertex 4.42443 67.618 -2.6
      vertex 4.69202 67.782 -0.6
      vertex 4.42443 67.618 -0.6
    endloop
  endfacet
  facet normal 0.522546 -0.852611 0
    outer loop
      vertex 4.69202 67.782 -0.6
      vertex 4.42443 67.618 -2.6
      vertex 4.69202 67.782 -2.6
    endloop
  endfacet
  facet normal -0.382624 0.923904 0
    outer loop
      vertex 86.908 3.81799 -2.6
      vertex 86.618 3.69789 -0.6
      vertex 86.908 3.81799 -0.6
    endloop
  endfacet
  facet normal -0.382624 0.923904 0
    outer loop
      vertex 86.618 3.69789 -0.6
      vertex 86.908 3.81799 -2.6
      vertex 86.618 3.69789 -2.6
    endloop
  endfacet
  facet normal -0.233602 -0.972332 0
    outer loop
      vertex 86.3129 67.9754 -2.6
      vertex 86.618 67.9021 -0.6
      vertex 86.3129 67.9754 -0.6
    endloop
  endfacet
  facet normal -0.233602 -0.972332 -0
    outer loop
      vertex 86.618 67.9021 -0.6
      vertex 86.3129 67.9754 -2.6
      vertex 86.618 67.9021 -2.6
    endloop
  endfacet
  facet normal -0.760434 0.649415 0
    outer loop
      vertex 87.4142 4.18579 -2.6
      vertex 87.618 4.42443 -0.6
      vertex 87.618 4.42443 -2.6
    endloop
  endfacet
  facet normal -0.760434 0.649415 0
    outer loop
      vertex 87.618 4.42443 -0.6
      vertex 87.4142 4.18579 -2.6
      vertex 87.4142 4.18579 -0.6
    endloop
  endfacet
  facet normal -0.85262 -0.522532 0
    outer loop
      vertex 87.782 66.908 -2.6
      vertex 87.618 67.1756 -0.6
      vertex 87.618 67.1756 -2.6
    endloop
  endfacet
  facet normal -0.85262 -0.522532 0
    outer loop
      vertex 87.618 67.1756 -0.6
      vertex 87.782 66.908 -2.6
      vertex 87.782 66.908 -0.6
    endloop
  endfacet
  facet normal -0.522486 0.852648 0
    outer loop
      vertex 87.1756 3.98197 -2.6
      vertex 86.908 3.81799 -0.6
      vertex 87.1756 3.98197 -0.6
    endloop
  endfacet
  facet normal -0.522486 0.852648 0
    outer loop
      vertex 86.908 3.81799 -0.6
      vertex 87.1756 3.98197 -2.6
      vertex 86.908 3.81799 -2.6
    endloop
  endfacet
  facet normal 0.760349 -0.649515 0
    outer loop
      vertex 3.98197 67.1756 -0.6
      vertex 4.18579 67.4142 -2.6
      vertex 4.18579 67.4142 -0.6
    endloop
  endfacet
  facet normal 0.760349 -0.649515 0
    outer loop
      vertex 4.18579 67.4142 -2.6
      vertex 3.98197 67.1756 -0.6
      vertex 3.98197 67.1756 -2.6
    endloop
  endfacet
  facet normal 0.649452 0.760403 -0
    outer loop
      vertex 4.42443 3.98197 -2.6
      vertex 4.18579 4.18579 -0.6
      vertex 4.42443 3.98197 -0.6
    endloop
  endfacet
  facet normal 0.649452 0.760403 0
    outer loop
      vertex 4.18579 4.18579 -0.6
      vertex 4.42443 3.98197 -2.6
      vertex 4.18579 4.18579 -2.6
    endloop
  endfacet
  facet normal -0.233512 0.972354 0
    outer loop
      vertex 86.618 3.69789 -2.6
      vertex 86.3129 3.62462 -0.6
      vertex 86.618 3.69789 -0.6
    endloop
  endfacet
  facet normal -0.233512 0.972354 0
    outer loop
      vertex 86.3129 3.62462 -0.6
      vertex 86.618 3.69789 -2.6
      vertex 86.3129 3.62462 -2.6
    endloop
  endfacet
  facet normal 0.5225 0.852639 -0
    outer loop
      vertex 4.69202 3.81799 -2.6
      vertex 4.42443 3.98197 -0.6
      vertex 4.69202 3.81799 -0.6
    endloop
  endfacet
  facet normal 0.5225 0.852639 0
    outer loop
      vertex 4.42443 3.98197 -0.6
      vertex 4.69202 3.81799 -2.6
      vertex 4.42443 3.98197 -2.6
    endloop
  endfacet
  facet normal -0.996923 0.078385 0
    outer loop
      vertex 87.9754 5.28713 -2.6
      vertex 88 5.6 -0.6
      vertex 88 5.6 -2.6
    endloop
  endfacet
  facet normal -0.996923 0.078385 0
    outer loop
      vertex 88 5.6 -0.6
      vertex 87.9754 5.28713 -2.6
      vertex 87.9754 5.28713 -0.6
    endloop
  endfacet
  facet normal 0.0784483 0.996918 -0
    outer loop
      vertex 5.6 3.6 -2.6
      vertex 5.28713 3.62462 -0.6
      vertex 5.6 3.6 -0.6
    endloop
  endfacet
  facet normal 0.0784483 0.996918 0
    outer loop
      vertex 5.28713 3.62462 -0.6
      vertex 5.6 3.6 -2.6
      vertex 5.28713 3.62462 -2.6
    endloop
  endfacet
  facet normal 0.233559 -0.972343 0
    outer loop
      vertex 4.98197 67.9021 -2.6
      vertex 5.28713 67.9754 -0.6
      vertex 4.98197 67.9021 -0.6
    endloop
  endfacet
  facet normal 0.233559 -0.972343 0
    outer loop
      vertex 5.28713 67.9754 -0.6
      vertex 4.98197 67.9021 -2.6
      vertex 5.28713 67.9754 -2.6
    endloop
  endfacet
  facet normal -0.972343 0.233559 0
    outer loop
      vertex 87.9021 4.98197 -2.6
      vertex 87.9754 5.28713 -0.6
      vertex 87.9754 5.28713 -2.6
    endloop
  endfacet
  facet normal -0.972343 0.233559 0
    outer loop
      vertex 87.9754 5.28713 -0.6
      vertex 87.9021 4.98197 -2.6
      vertex 87.9021 4.98197 -0.6
    endloop
  endfacet
  facet normal 0.923881 0.38268 0
    outer loop
      vertex 3.81799 4.69202 -0.6
      vertex 3.69789 4.98197 -2.6
      vertex 3.69789 4.98197 -0.6
    endloop
  endfacet
  facet normal 0.923881 0.38268 0
    outer loop
      vertex 3.69789 4.98197 -2.6
      vertex 3.81799 4.69202 -0.6
      vertex 3.81799 4.69202 -2.6
    endloop
  endfacet
  facet normal 0.233468 0.972364 -0
    outer loop
      vertex 5.28713 3.62462 -2.6
      vertex 4.98197 3.69789 -0.6
      vertex 5.28713 3.62462 -0.6
    endloop
  endfacet
  facet normal 0.233468 0.972364 0
    outer loop
      vertex 4.98197 3.69789 -0.6
      vertex 5.28713 3.62462 -2.6
      vertex 4.98197 3.69789 -2.6
    endloop
  endfacet
  facet normal 0.38268 0.923881 -0
    outer loop
      vertex 4.98197 3.69789 -2.6
      vertex 4.69202 3.81799 -0.6
      vertex 4.98197 3.69789 -0.6
    endloop
  endfacet
  facet normal 0.38268 0.923881 0
    outer loop
      vertex 4.69202 3.81799 -0.6
      vertex 4.98197 3.69789 -2.6
      vertex 4.69202 3.81799 -2.6
    endloop
  endfacet
  facet normal 1 -0 0
    outer loop
      vertex 36.9 46 1.4
      vertex 36.9 67.6 -2.6
      vertex 36.9 67.6 1.4
    endloop
  endfacet
  facet normal 1 0 0
    outer loop
      vertex 36.9 67.6 -2.6
      vertex 36.9 46 1.4
      vertex 36.9 46 -2.6
    endloop
  endfacet
  facet normal 0 0 1
    outer loop
      vertex 36.9 67.6 1.4
      vertex 35.7 67.6 1.4
      vertex 36.9 46 1.4
    endloop
  endfacet
  facet normal 0 0 1
    outer loop
      vertex 55.1 46 1.4
      vertex 56.3 67.6 1.4
      vertex 55.1 67.6 1.4
    endloop
  endfacet
  facet normal 0 0 1
    outer loop
      vertex 56.3 67.6 1.4
      vertex 55.1 46 1.4
      vertex 56.3 44.8 1.4
    endloop
  endfacet
  facet normal -0 0 1
    outer loop
      vertex 36.9 46 1.4
      vertex 56.3 44.8 1.4
      vertex 55.1 46 1.4
    endloop
  endfacet
  facet normal 0 0 1
    outer loop
      vertex 36.9 46 1.4
      vertex 35.7 44.8 1.4
      vertex 56.3 44.8 1.4
    endloop
  endfacet
  facet normal 0 0 1
    outer loop
      vertex 35.7 44.8 1.4
      vertex 36.9 46 1.4
      vertex 35.7 67.6 1.4
    endloop
  endfacet
  facet normal 0 0 -1
    outer loop
      vertex 56.3 44.8 -2.6
      vertex 55.1 46 -2.6
      vertex 56.3 67.6 -2.6
    endloop
  endfacet
  facet normal 0 0 -1
    outer loop
      vertex 56.3 44.8 -2.6
      vertex 36.9 46 -2.6
      vertex 55.1 46 -2.6
    endloop
  endfacet
  facet normal 0 0 -1
    outer loop
      vertex 35.7 44.8 -2.6
      vertex 36.9 46 -2.6
      vertex 56.3 44.8 -2.6
    endloop
  endfacet
  facet normal 0 0 -1
    outer loop
      vertex 35.7 67.6 -2.6
      vertex 36.9 46 -2.6
      vertex 35.7 44.8 -2.6
    endloop
  endfacet
  facet normal 0 0 -1
    outer loop
      vertex 36.9 46 -2.6
      vertex 35.7 67.6 -2.6
      vertex 36.9 67.6 -2.6
    endloop
  endfacet
  facet normal -0 0 -1
    outer loop
      vertex 56.3 67.6 -2.6
      vertex 55.1 46 -2.6
      vertex 55.1 67.6 -2.6
    endloop
  endfacet
  facet normal -1 0 0
    outer loop
      vertex 35.7 44.8 -2.6
      vertex 35.7 67.6 1.4
      vertex 35.7 67.6 -2.6
    endloop
  endfacet
  facet normal -1 -0 0
    outer loop
      vertex 35.7 67.6 1.4
      vertex 35.7 44.8 -2.6
      vertex 35.7 44.8 1.4
    endloop
  endfacet
  facet normal 0 1 -0
    outer loop
      vertex 36.9 67.6 -2.6
      vertex 35.7 67.6 1.4
      vertex 36.9 67.6 1.4
    endloop
  endfacet
  facet normal 0 1 0
    outer loop
      vertex 35.7 67.6 1.4
      vertex 36.9 67.6 -2.6
      vertex 35.7 67.6 -2.6
    endloop
  endfacet
  facet normal 0 -1 0
    outer loop
      vertex 35.7 44.8 -2.6
      vertex 56.3 44.8 1.4
      vertex 35.7 44.8 1.4
    endloop
  endfacet
  facet normal 0 -1 -0
    outer loop
      vertex 56.3 44.8 1.4
      vertex 35.7 44.8 -2.6
      vertex 56.3 44.8 -2.6
    endloop
  endfacet
  facet normal 1 -0 0
    outer loop
      vertex 56.3 44.8 1.4
      vertex 56.3 67.6 -2.6
      vertex 56.3 67.6 1.4
    endloop
  endfacet
  facet normal 1 0 0
    outer loop
      vertex 56.3 67.6 -2.6
      vertex 56.3 44.8 1.4
      vertex 56.3 44.8 -2.6
    endloop
  endfacet
  facet normal -1 0 0
    outer loop
      vertex 55.1 46 -2.6
      vertex 55.1 67.6 1.4
      vertex 55.1 67.6 -2.6
    endloop
  endfacet
  facet normal -1 -0 0
    outer loop
      vertex 55.1 67.6 1.4
      vertex 55.1 46 -2.6
      vertex 55.1 46 1.4
    endloop
  endfacet
  facet normal 0 1 -0
    outer loop
      vertex 56.3 67.6 -2.6
      vertex 55.1 67.6 1.4
      vertex 56.3 67.6 1.4
    endloop
  endfacet
  facet normal 0 1 0
    outer loop
      vertex 55.1 67.6 1.4
      vertex 56.3 67.6 -2.6
      vertex 55.1 67.6 -2.6
    endloop
  endfacet
  facet normal 0 1 -0
    outer loop
      vertex 55.1 46 -2.6
      vertex 36.9 46 1.4
      vertex 55.1 46 1.4
    endloop
  endfacet
  facet normal 0 1 0
    outer loop
      vertex 36.9 46 1.4
      vertex 55.1 46 -2.6
      vertex 36.9 46 -2.6
    endloop
  endfacet
  facet normal 0.52244 0.852676 -0
    outer loop
      vertex 90.0336 70.8743 -5
      vertex 89.5252 71.1858 -2.6
      vertex 90.0336 70.8743 -2.6
    endloop
  endfacet
  facet normal 0.52244 0.852676 0
    outer loop
      vertex 89.5252 71.1858 -2.6
      vertex 90.0336 70.8743 -5
      vertex 89.5252 71.1858 -5
    endloop
  endfacet
  facet normal -0.972369 -0.233448 0
    outer loop
      vertex 0.185985 2.62574 -5
      vertex 0.0467834 3.20555 -2.6
      vertex 0.0467834 3.20555 -5
    endloop
  endfacet
  facet normal -0.972369 -0.233448 0
    outer loop
      vertex 0.0467834 3.20555 -2.6
      vertex 0.185985 2.62574 -5
      vertex 0.185985 2.62574 -2.6
    endloop
  endfacet
  facet normal -0.996917 -0.0784577 0
    outer loop
      vertex 0.0467834 3.20555 -5
      vertex 0 3.8 -2.6
      vertex 0 3.8 -5
    endloop
  endfacet
  facet normal -0.996917 -0.0784577 0
    outer loop
      vertex 0 3.8 -2.6
      vertex 0.0467834 3.20555 -5
      vertex 0.0467834 3.20555 -2.6
    endloop
  endfacet
  facet normal -0.649481 0.760378 0
    outer loop
      vertex 1.56642 70.8743 -5
      vertex 1.11299 70.487 -2.6
      vertex 1.56642 70.8743 -2.6
    endloop
  endfacet
  facet normal -0.649481 0.760378 0
    outer loop
      vertex 1.11299 70.487 -2.6
      vertex 1.56642 70.8743 -5
      vertex 1.11299 70.487 -5
    endloop
  endfacet
  facet normal -0.972378 0.233414 0
    outer loop
      vertex 0.0467834 68.3944 -5
      vertex 0.185985 68.9743 -2.6
      vertex 0.185985 68.9743 -5
    endloop
  endfacet
  facet normal -0.972378 0.233414 0
    outer loop
      vertex 0.185985 68.9743 -2.6
      vertex 0.0467834 68.3944 -5
      vertex 0.0467834 68.3944 -2.6
    endloop
  endfacet
  facet normal 1 -0 0
    outer loop
      vertex 91.6 3.8 -2.6
      vertex 91.6 67.8 -5
      vertex 91.6 67.8 -2.6
    endloop
  endfacet
  facet normal 1 0 0
    outer loop
      vertex 91.6 67.8 -5
      vertex 91.6 3.8 -2.6
      vertex 91.6 3.8 -5
    endloop
  endfacet
  facet normal 0 1 -0
    outer loop
      vertex 87.8 71.6 -5
      vertex 3.8 71.6 -2.6
      vertex 87.8 71.6 -2.6
    endloop
  endfacet
  facet normal 0 1 0
    outer loop
      vertex 3.8 71.6 -2.6
      vertex 87.8 71.6 -5
      vertex 3.8 71.6 -5
    endloop
  endfacet
  facet normal -1 0 0
    outer loop
      vertex 0 3.8 -5
      vertex 0 67.8 -2.6
      vertex 0 67.8 -5
    endloop
  endfacet
  facet normal -1 -0 0
    outer loop
      vertex 0 67.8 -2.6
      vertex 0 3.8 -5
      vertex 0 3.8 -2.6
    endloop
  endfacet
  facet normal -0.233445 0.97237 0
    outer loop
      vertex 3.20555 71.5532 -5
      vertex 2.62574 71.414 -2.6
      vertex 3.20555 71.5532 -2.6
    endloop
  endfacet
  facet normal -0.233445 0.97237 0
    outer loop
      vertex 2.62574 71.414 -2.6
      vertex 3.20555 71.5532 -5
      vertex 2.62574 71.414 -5
    endloop
  endfacet
  facet normal 0 -1 0
    outer loop
      vertex 3.8 0 -5
      vertex 87.8 0 -2.6
      vertex 3.8 0 -2.6
    endloop
  endfacet
  facet normal 0 -1 -0
    outer loop
      vertex 87.8 0 -2.6
      vertex 3.8 0 -5
      vertex 87.8 0 -5
    endloop
  endfacet
  facet normal 0.852685 -0.522425 0
    outer loop
      vertex 90.8743 1.56642 -2.6
      vertex 91.1858 2.07484 -5
      vertex 91.1858 2.07484 -2.6
    endloop
  endfacet
  facet normal 0.852685 -0.522425 0
    outer loop
      vertex 91.1858 2.07484 -5
      vertex 90.8743 1.56642 -2.6
      vertex 90.8743 1.56642 -5
    endloop
  endfacet
  facet normal -0.522425 0.852685 0
    outer loop
      vertex 2.07484 71.1858 -5
      vertex 1.56642 70.8743 -2.6
      vertex 2.07484 71.1858 -2.6
    endloop
  endfacet
  facet normal -0.522425 0.852685 0
    outer loop
      vertex 1.56642 70.8743 -2.6
      vertex 2.07484 71.1858 -5
      vertex 1.56642 70.8743 -5
    endloop
  endfacet
  facet normal -0.852631 0.522513 0
    outer loop
      vertex 0.414175 69.5252 -5
      vertex 0.725735 70.0336 -2.6
      vertex 0.725735 70.0336 -5
    endloop
  endfacet
  facet normal -0.852631 0.522513 0
    outer loop
      vertex 0.725735 70.0336 -2.6
      vertex 0.414175 69.5252 -5
      vertex 0.414175 69.5252 -2.6
    endloop
  endfacet
  facet normal 0.760356 0.649506 0
    outer loop
      vertex 90.8743 70.0336 -2.6
      vertex 90.487 70.487 -5
      vertex 90.487 70.487 -2.6
    endloop
  endfacet
  facet normal 0.760356 0.649506 0
    outer loop
      vertex 90.487 70.487 -5
      vertex 90.8743 70.0336 -2.6
      vertex 90.8743 70.0336 -5
    endloop
  endfacet
  facet normal 0.923874 0.382697 0
    outer loop
      vertex 91.414 68.9743 -2.6
      vertex 91.1858 69.5252 -5
      vertex 91.1858 69.5252 -2.6
    endloop
  endfacet
  facet normal 0.923874 0.382697 0
    outer loop
      vertex 91.1858 69.5252 -5
      vertex 91.414 68.9743 -2.6
      vertex 91.414 68.9743 -5
    endloop
  endfacet
  facet normal -0.85264 -0.522498 0
    outer loop
      vertex 0.725735 1.56642 -5
      vertex 0.414175 2.07484 -2.6
      vertex 0.414175 2.07484 -5
    endloop
  endfacet
  facet normal -0.85264 -0.522498 0
    outer loop
      vertex 0.414175 2.07484 -2.6
      vertex 0.725735 1.56642 -5
      vertex 0.725735 1.56642 -2.6
    endloop
  endfacet
  facet normal 0 0 -1
    outer loop
      vertex 8.57302 7.26197 -5
      vertex 16 20 -5
      vertex 8.75317 6.82705 -5
    endloop
  endfacet
  facet normal 0 0 -1
    outer loop
      vertex 16 22.5 -5
      vertex 8.86306 65.6307 -5
      vertex 8.9 66.1 -5
    endloop
  endfacet
  facet normal 0 0 -1
    outer loop
      vertex 8.32705 7.66336 -5
      vertex 16 20 -5
      vertex 8.57302 7.26197 -5
    endloop
  endfacet
  facet normal 0 0 -1
    outer loop
      vertex 16 22.5 -5
      vertex 8.75317 65.173 -5
      vertex 8.86306 65.6307 -5
    endloop
  endfacet
  facet normal 0 0 -1
    outer loop
      vertex 8.02132 8.02132 -5
      vertex 16 20 -5
      vertex 8.32705 7.66336 -5
    endloop
  endfacet
  facet normal 0 0 -1
    outer loop
      vertex 16 22.5 -5
      vertex 8.57302 64.738 -5
      vertex 8.75317 65.173 -5
    endloop
  endfacet
  facet normal 0 0 -1
    outer loop
      vertex 7.66336 8.32705 -5
      vertex 16 20 -5
      vertex 8.02132 8.02132 -5
    endloop
  endfacet
  facet normal 0 0 -1
    outer loop
      vertex 16 22.5 -5
      vertex 8.32705 64.3366 -5
      vertex 8.57302 64.738 -5
    endloop
  endfacet
  facet normal 0 0 -1
    outer loop
      vertex 7.26197 8.57302 -5
      vertex 16 20 -5
      vertex 7.66336 8.32705 -5
    endloop
  endfacet
  facet normal 0 0 -1
    outer loop
      vertex 16 22.5 -5
      vertex 8.02132 63.9787 -5
      vertex 8.32705 64.3366 -5
    endloop
  endfacet
  facet normal 0 0 -1
    outer loop
      vertex 6.82705 8.75317 -5
      vertex 16 20 -5
      vertex 7.26197 8.57302 -5
    endloop
  endfacet
  facet normal 0 0 -1
    outer loop
      vertex 16 22.5 -5
      vertex 7.66336 63.673 -5
      vertex 8.02132 63.9787 -5
    endloop
  endfacet
  facet normal 0 0 -1
    outer loop
      vertex 6.3693 8.86306 -5
      vertex 16 20 -5
      vertex 6.82705 8.75317 -5
    endloop
  endfacet
  facet normal 0 0 -1
    outer loop
      vertex 16 22.5 -5
      vertex 7.26197 63.427 -5
      vertex 7.66336 63.673 -5
    endloop
  endfacet
  facet normal 0 0 -1
    outer loop
      vertex 5.9 8.9 -5
      vertex 16 20 -5
      vertex 6.3693 8.86306 -5
    endloop
  endfacet
  facet normal 0 0 -1
    outer loop
      vertex 16 22.5 -5
      vertex 6.82705 63.2468 -5
      vertex 7.26197 63.427 -5
    endloop
  endfacet
  facet normal 0 0 -1
    outer loop
      vertex 5.4307 8.86306 -5
      vertex 16 20 -5
      vertex 5.9 8.9 -5
    endloop
  endfacet
  facet normal 0 0 -1
    outer loop
      vertex 16 22.5 -5
      vertex 6.3693 63.1369 -5
      vertex 6.82705 63.2468 -5
    endloop
  endfacet
  facet normal -0 0 -1
    outer loop
      vertex 16 20 -5
      vertex 5.4307 8.86306 -5
      vertex 16 22.5 -5
    endloop
  endfacet
  facet normal 0 0 -1
    outer loop
      vertex 16 22.5 -5
      vertex 5.9 63.1 -5
      vertex 6.3693 63.1369 -5
    endloop
  endfacet
  facet normal 0 0 -1
    outer loop
      vertex 4.97295 8.75317 -5
      vertex 16 22.5 -5
      vertex 5.4307 8.86306 -5
    endloop
  endfacet
  facet normal 0 0 -1
    outer loop
      vertex 16 22.5 -5
      vertex 5.4307 63.1369 -5
      vertex 5.9 63.1 -5
    endloop
  endfacet
  facet normal 0 0 -1
    outer loop
      vertex 4.53803 8.57302 -5
      vertex 16 22.5 -5
      vertex 4.97295 8.75317 -5
    endloop
  endfacet
  facet normal 0 0 -1
    outer loop
      vertex 16 22.5 -5
      vertex 4.97295 63.2468 -5
      vertex 5.4307 63.1369 -5
    endloop
  endfacet
  facet normal 0 0 -1
    outer loop
      vertex 4.13664 8.32705 -5
      vertex 16 22.5 -5
      vertex 4.53803 8.57302 -5
    endloop
  endfacet
  facet normal 0 0 -1
    outer loop
      vertex 16 22.5 -5
      vertex 4.53803 63.427 -5
      vertex 4.97295 63.2468 -5
    endloop
  endfacet
  facet normal 0 0 -1
    outer loop
      vertex 4.13664 63.673 -5
      vertex 16 22.5 -5
      vertex 4.13664 8.32705 -5
    endloop
  endfacet
  facet normal 0 0 -1
    outer loop
      vertex 16 22.5 -5
      vertex 4.13664 63.673 -5
      vertex 4.53803 63.427 -5
    endloop
  endfacet
  facet normal 0 0 -1
    outer loop
      vertex 3.77868 8.02132 -5
      vertex 4.13664 63.673 -5
      vertex 4.13664 8.32705 -5
    endloop
  endfacet
  facet normal 0 0 -1
    outer loop
      vertex 3.77868 8.02132 -5
      vertex 3.77868 63.9787 -5
      vertex 4.13664 63.673 -5
    endloop
  endfacet
  facet normal 0 0 -1
    outer loop
      vertex 0 67.8 -5
      vertex 3.77868 8.02132 -5
      vertex 3.47295 7.66336 -5
    endloop
  endfacet
  facet normal 0 0 -1
    outer loop
      vertex 3.77868 8.02132 -5
      vertex 0 67.8 -5
      vertex 3.77868 63.9787 -5
    endloop
  endfacet
  facet normal 0 0 -1
    outer loop
      vertex 0 3.8 -5
      vertex 3.47295 7.66336 -5
      vertex 3.22698 7.26197 -5
    endloop
  endfacet
  facet normal 0 0 -1
    outer loop
      vertex 3.77868 63.9787 -5
      vertex 0 67.8 -5
      vertex 3.47295 64.3366 -5
    endloop
  endfacet
  facet normal 0 0 -1
    outer loop
      vertex 0 3.8 -5
      vertex 3.22698 7.26197 -5
      vertex 3.04683 6.82705 -5
    endloop
  endfacet
  facet normal 0 0 -1
    outer loop
      vertex 3.47295 64.3366 -5
      vertex 0 67.8 -5
      vertex 3.22698 64.738 -5
    endloop
  endfacet
  facet normal 0 0 -1
    outer loop
      vertex 0 3.8 -5
      vertex 3.04683 6.82705 -5
      vertex 2.93694 6.3693 -5
    endloop
  endfacet
  facet normal 0 0 -1
    outer loop
      vertex 3.22698 64.738 -5
      vertex 0 67.8 -5
      vertex 3.04683 65.173 -5
    endloop
  endfacet
  facet normal 0 0 -1
    outer loop
      vertex 0 3.8 -5
      vertex 2.93694 6.3693 -5
      vertex 2.9 5.9 -5
    endloop
  endfacet
  facet normal 0 0 -1
    outer loop
      vertex 3.04683 65.173 -5
      vertex 0 67.8 -5
      vertex 2.93694 65.6307 -5
    endloop
  endfacet
  facet normal 0 0 -1
    outer loop
      vertex 88.773 7.26197 -5
      vertex 91.6 3.8 -5
      vertex 88.9532 6.82705 -5
    endloop
  endfacet
  facet normal 0 0 -1
    outer loop
      vertex 91.6 67.8 -5
      vertex 89.0631 65.6307 -5
      vertex 89.1 66.1 -5
    endloop
  endfacet
  facet normal 0 0 -1
    outer loop
      vertex 88.5271 7.66336 -5
      vertex 91.6 3.8 -5
      vertex 88.773 7.26197 -5
    endloop
  endfacet
  facet normal 0 0 -1
    outer loop
      vertex 91.6 67.8 -5
      vertex 88.9532 65.173 -5
      vertex 89.0631 65.6307 -5
    endloop
  endfacet
  facet normal 0 0 -1
    outer loop
      vertex 91.6 3.8 -5
      vertex 88.5271 7.66336 -5
      vertex 91.6 67.8 -5
    endloop
  endfacet
  facet normal 0 0 -1
    outer loop
      vertex 91.6 67.8 -5
      vertex 88.773 64.738 -5
      vertex 88.9532 65.173 -5
    endloop
  endfacet
  facet normal 0 0 -1
    outer loop
      vertex 88.5271 64.3366 -5
      vertex 91.6 67.8 -5
      vertex 88.5271 7.66336 -5
    endloop
  endfacet
  facet normal 0 0 -1
    outer loop
      vertex 91.6 67.8 -5
      vertex 88.5271 64.3366 -5
      vertex 88.773 64.738 -5
    endloop
  endfacet
  facet normal 0 0 -1
    outer loop
      vertex 88.2213 8.02132 -5
      vertex 88.5271 64.3366 -5
      vertex 88.5271 7.66336 -5
    endloop
  endfacet
  facet normal 0 0 -1
    outer loop
      vertex 88.2213 8.02132 -5
      vertex 88.2213 63.9787 -5
      vertex 88.5271 64.3366 -5
    endloop
  endfacet
  facet normal 0 0 -1
    outer loop
      vertex 87.8634 8.32705 -5
      vertex 88.2213 63.9787 -5
      vertex 88.2213 8.02132 -5
    endloop
  endfacet
  facet normal 0 0 -1
    outer loop
      vertex 87.8634 8.32705 -5
      vertex 87.8634 63.673 -5
      vertex 88.2213 63.9787 -5
    endloop
  endfacet
  facet normal 0 0 -1
    outer loop
      vertex 76 22.5 -5
      vertex 87.8634 8.32705 -5
      vertex 87.462 8.57302 -5
    endloop
  endfacet
  facet normal 0 0 -1
    outer loop
      vertex 87.8634 8.32705 -5
      vertex 76 22.5 -5
      vertex 87.8634 63.673 -5
    endloop
  endfacet
  facet normal 0 0 -1
    outer loop
      vertex 76 22.5 -5
      vertex 87.462 8.57302 -5
      vertex 87.0271 8.75317 -5
    endloop
  endfacet
  facet normal 0 0 -1
    outer loop
      vertex 87.8634 63.673 -5
      vertex 76 22.5 -5
      vertex 87.462 63.427 -5
    endloop
  endfacet
  facet normal 0 0 -1
    outer loop
      vertex 76 22.5 -5
      vertex 87.0271 8.75317 -5
      vertex 86.5693 8.86306 -5
    endloop
  endfacet
  facet normal 0 0 -1
    outer loop
      vertex 87.462 63.427 -5
      vertex 76 22.5 -5
      vertex 87.0271 63.2468 -5
    endloop
  endfacet
  facet normal 0 0 -1
    outer loop
      vertex 76 20 -5
      vertex 86.5693 8.86306 -5
      vertex 86.1 8.9 -5
    endloop
  endfacet
  facet normal 0 0 -1
    outer loop
      vertex 87.0271 63.2468 -5
      vertex 76 22.5 -5
      vertex 86.5693 63.1369 -5
    endloop
  endfacet
  facet normal 0 0 -1
    outer loop
      vertex 76 20 -5
      vertex 86.1 8.9 -5
      vertex 85.6307 8.86306 -5
    endloop
  endfacet
  facet normal 0 0 -1
    outer loop
      vertex 86.5693 63.1369 -5
      vertex 76 22.5 -5
      vertex 86.1 63.1 -5
    endloop
  endfacet
  facet normal 0 0 -1
    outer loop
      vertex 76 20 -5
      vertex 85.6307 8.86306 -5
      vertex 85.173 8.75317 -5
    endloop
  endfacet
  facet normal -0 0 -1
    outer loop
      vertex 86.1 63.1 -5
      vertex 76 22.5 -5
      vertex 85.6307 63.1369 -5
    endloop
  endfacet
  facet normal 0 0 -1
    outer loop
      vertex 76 20 -5
      vertex 85.173 8.75317 -5
      vertex 84.738 8.57302 -5
    endloop
  endfacet
  facet normal -0 0 -1
    outer loop
      vertex 85.6307 63.1369 -5
      vertex 76 22.5 -5
      vertex 85.173 63.2468 -5
    endloop
  endfacet
  facet normal 0 0 -1
    outer loop
      vertex 76 20 -5
      vertex 84.738 8.57302 -5
      vertex 84.3366 8.32705 -5
    endloop
  endfacet
  facet normal -0 0 -1
    outer loop
      vertex 85.173 63.2468 -5
      vertex 76 22.5 -5
      vertex 84.738 63.427 -5
    endloop
  endfacet
  facet normal 0 0 -1
    outer loop
      vertex 76 20 -5
      vertex 84.3366 8.32705 -5
      vertex 83.9787 8.02132 -5
    endloop
  endfacet
  facet normal -0 0 -1
    outer loop
      vertex 84.738 63.427 -5
      vertex 76 22.5 -5
      vertex 84.3366 63.673 -5
    endloop
  endfacet
  facet normal 0 0 -1
    outer loop
      vertex 76 20 -5
      vertex 83.9787 8.02132 -5
      vertex 83.673 7.66336 -5
    endloop
  endfacet
  facet normal -0 0 -1
    outer loop
      vertex 84.3366 63.673 -5
      vertex 76 22.5 -5
      vertex 83.9787 63.9787 -5
    endloop
  endfacet
  facet normal 0 0 -1
    outer loop
      vertex 76 20 -5
      vertex 83.673 7.66336 -5
      vertex 83.427 7.26197 -5
    endloop
  endfacet
  facet normal 0 0 -1
    outer loop
      vertex 56 22.5 -5
      vertex 83.9787 63.9787 -5
      vertex 76 22.5 -5
    endloop
  endfacet
  facet normal 0 0 -1
    outer loop
      vertex 76 20 -5
      vertex 83.427 7.26197 -5
      vertex 83.2468 6.82705 -5
    endloop
  endfacet
  facet normal -0 0 -1
    outer loop
      vertex 83.9787 63.9787 -5
      vertex 56 22.5 -5
      vertex 83.673 64.3366 -5
    endloop
  endfacet
  facet normal 0 0 -1
    outer loop
      vertex 76 20 -5
      vertex 83.2468 6.82705 -5
      vertex 83.1369 6.3693 -5
    endloop
  endfacet
  facet normal -0 0 -1
    outer loop
      vertex 83.673 64.3366 -5
      vertex 56 22.5 -5
      vertex 83.427 64.738 -5
    endloop
  endfacet
  facet normal 0 0 -1
    outer loop
      vertex 76 20 -5
      vertex 83.1369 6.3693 -5
      vertex 83.1 5.9 -5
    endloop
  endfacet
  facet normal -0 0 -1
    outer loop
      vertex 83.427 64.738 -5
      vertex 56 22.5 -5
      vertex 83.2468 65.173 -5
    endloop
  endfacet
  facet normal 0 0 -1
    outer loop
      vertex 88.773 4.53803 -5
      vertex 91.6 3.8 -5
      vertex 91.5532 3.20555 -5
    endloop
  endfacet
  facet normal 0 0 -1
    outer loop
      vertex 89.0631 6.3693 -5
      vertex 91.6 3.8 -5
      vertex 89.1 5.9 -5
    endloop
  endfacet
  facet normal 0 0 -1
    outer loop
      vertex 88.5271 4.13664 -5
      vertex 91.5532 3.20555 -5
      vertex 91.414 2.62574 -5
    endloop
  endfacet
  facet normal 0 0 -1
    outer loop
      vertex 88.9532 6.82705 -5
      vertex 91.6 3.8 -5
      vertex 89.0631 6.3693 -5
    endloop
  endfacet
  facet normal 0 0 -1
    outer loop
      vertex 88.5271 4.13664 -5
      vertex 91.414 2.62574 -5
      vertex 91.1858 2.07484 -5
    endloop
  endfacet
  facet normal 0 0 -1
    outer loop
      vertex 89.0631 66.5693 -5
      vertex 91.6 67.8 -5
      vertex 89.1 66.1 -5
    endloop
  endfacet
  facet normal 0 0 -1
    outer loop
      vertex 88.2213 3.77868 -5
      vertex 91.1858 2.07484 -5
      vertex 90.8743 1.56642 -5
    endloop
  endfacet
  facet normal 0 0 -1
    outer loop
      vertex 88.9532 67.0271 -5
      vertex 91.6 67.8 -5
      vertex 89.0631 66.5693 -5
    endloop
  endfacet
  facet normal 0 0 -1
    outer loop
      vertex 88.2213 3.77868 -5
      vertex 90.8743 1.56642 -5
      vertex 90.487 1.11299 -5
    endloop
  endfacet
  facet normal 0 0 -1
    outer loop
      vertex 88.773 67.462 -5
      vertex 91.6 67.8 -5
      vertex 88.9532 67.0271 -5
    endloop
  endfacet
  facet normal 0 0 -1
    outer loop
      vertex 87.8634 3.47295 -5
      vertex 90.487 1.11299 -5
      vertex 90.0336 0.725735 -5
    endloop
  endfacet
  facet normal -0 0 -1
    outer loop
      vertex 91.6 67.8 -5
      vertex 88.773 67.462 -5
      vertex 91.5532 68.3944 -5
    endloop
  endfacet
  facet normal 0 0 -1
    outer loop
      vertex 87.8634 3.47295 -5
      vertex 90.0336 0.725735 -5
      vertex 89.5252 0.414175 -5
    endloop
  endfacet
  facet normal -0 0 -1
    outer loop
      vertex 91.5532 68.3944 -5
      vertex 88.773 67.462 -5
      vertex 91.414 68.9743 -5
    endloop
  endfacet
  facet normal 0 0 -1
    outer loop
      vertex 88.5271 67.8634 -5
      vertex 91.414 68.9743 -5
      vertex 88.773 67.462 -5
    endloop
  endfacet
  facet normal 0 0 -1
    outer loop
      vertex 91.6 3.8 -5
      vertex 89.0631 5.4307 -5
      vertex 89.1 5.9 -5
    endloop
  endfacet
  facet normal 0 0 -1
    outer loop
      vertex 87.8634 3.47295 -5
      vertex 89.5252 0.414175 -5
      vertex 88.9743 0.185985 -5
    endloop
  endfacet
  facet normal 0 0 -1
    outer loop
      vertex 91.6 3.8 -5
      vertex 88.9532 4.97295 -5
      vertex 89.0631 5.4307 -5
    endloop
  endfacet
  facet normal 0 0 -1
    outer loop
      vertex 91.6 3.8 -5
      vertex 88.773 4.53803 -5
      vertex 88.9532 4.97295 -5
    endloop
  endfacet
  facet normal 0 0 -1
    outer loop
      vertex 91.5532 3.20555 -5
      vertex 88.5271 4.13664 -5
      vertex 88.773 4.53803 -5
    endloop
  endfacet
  facet normal 0 0 -1
    outer loop
      vertex 87.462 3.22698 -5
      vertex 88.9743 0.185985 -5
      vertex 88.3944 0.0467834 -5
    endloop
  endfacet
  facet normal 0 0 -1
    outer loop
      vertex 91.1858 2.07484 -5
      vertex 88.2213 3.77868 -5
      vertex 88.5271 4.13664 -5
    endloop
  endfacet
  facet normal 0 0 -1
    outer loop
      vertex 90.487 1.11299 -5
      vertex 87.8634 3.47295 -5
      vertex 88.2213 3.77868 -5
    endloop
  endfacet
  facet normal 0 0 -1
    outer loop
      vertex 87.462 3.22698 -5
      vertex 88.3944 0.0467834 -5
      vertex 87.8 0 -5
    endloop
  endfacet
  facet normal 0 0 -1
    outer loop
      vertex 88.9743 0.185985 -5
      vertex 87.462 3.22698 -5
      vertex 87.8634 3.47295 -5
    endloop
  endfacet
  facet normal 0 0 -1
    outer loop
      vertex 87.8 0 -5
      vertex 87.0271 3.04683 -5
      vertex 87.462 3.22698 -5
    endloop
  endfacet
  facet normal 0 0 -1
    outer loop
      vertex 87.8 0 -5
      vertex 86.5693 2.93694 -5
      vertex 87.0271 3.04683 -5
    endloop
  endfacet
  facet normal 0 0 -1
    outer loop
      vertex 87.8 0 -5
      vertex 86.1 2.9 -5
      vertex 86.5693 2.93694 -5
    endloop
  endfacet
  facet normal 0 0 -1
    outer loop
      vertex 87.8 0 -5
      vertex 85.6307 2.93694 -5
      vertex 86.1 2.9 -5
    endloop
  endfacet
  facet normal 0 0 -1
    outer loop
      vertex 87.8 0 -5
      vertex 85.173 3.04683 -5
      vertex 85.6307 2.93694 -5
    endloop
  endfacet
  facet normal 0 0 -1
    outer loop
      vertex 87.8 0 -5
      vertex 84.738 3.22698 -5
      vertex 85.173 3.04683 -5
    endloop
  endfacet
  facet normal 0 0 -1
    outer loop
      vertex 87.8 0 -5
      vertex 84.3366 3.47295 -5
      vertex 84.738 3.22698 -5
    endloop
  endfacet
  facet normal 0 0 -1
    outer loop
      vertex 87.8 0 -5
      vertex 83.9787 3.77868 -5
      vertex 84.3366 3.47295 -5
    endloop
  endfacet
  facet normal 0 0 -1
    outer loop
      vertex 86.5693 8.86306 -5
      vertex 76 20 -5
      vertex 76 22.5 -5
    endloop
  endfacet
  facet normal 0 0 -1
    outer loop
      vertex 56 20 -5
      vertex 83.1 5.9 -5
      vertex 83.1369 5.4307 -5
    endloop
  endfacet
  facet normal 0 0 -1
    outer loop
      vertex 56 20 -5
      vertex 83.1369 5.4307 -5
      vertex 83.2468 4.97295 -5
    endloop
  endfacet
  facet normal 0 0 -1
    outer loop
      vertex 56 20 -5
      vertex 83.2468 4.97295 -5
      vertex 83.427 4.53803 -5
    endloop
  endfacet
  facet normal 0 0 -1
    outer loop
      vertex 83.1 5.9 -5
      vertex 56 20 -5
      vertex 76 20 -5
    endloop
  endfacet
  facet normal 0 0 -1
    outer loop
      vertex 83.673 4.13664 -5
      vertex 56 20 -5
      vertex 83.427 4.53803 -5
    endloop
  endfacet
  facet normal 0 0 -1
    outer loop
      vertex 83.9787 3.77868 -5
      vertex 56 20 -5
      vertex 83.673 4.13664 -5
    endloop
  endfacet
  facet normal 0 0 -1
    outer loop
      vertex 8.02132 3.77868 -5
      vertex 83.9787 3.77868 -5
      vertex 87.8 0 -5
    endloop
  endfacet
  facet normal 0 0 -1
    outer loop
      vertex 56 20 -5
      vertex 36 20 -5
      vertex 56 22.5 -5
    endloop
  endfacet
  facet normal 0 0 -1
    outer loop
      vertex 83.9787 3.77868 -5
      vertex 8.02132 3.77868 -5
      vertex 56 20 -5
    endloop
  endfacet
  facet normal -0 0 -1
    outer loop
      vertex 56 20 -5
      vertex 8.02132 3.77868 -5
      vertex 36 20 -5
    endloop
  endfacet
  facet normal 0 0 -1
    outer loop
      vertex 8.86306 6.3693 -5
      vertex 16 20 -5
      vertex 8.9 5.9 -5
    endloop
  endfacet
  facet normal 0 -0 -1
    outer loop
      vertex 8.86306 5.4307 -5
      vertex 36 20 -5
      vertex 8.75317 4.97295 -5
    endloop
  endfacet
  facet normal -0 0 -1
    outer loop
      vertex 36 20 -5
      vertex 8.9 5.9 -5
      vertex 16 20 -5
    endloop
  endfacet
  facet normal 0 -0 -1
    outer loop
      vertex 8.9 5.9 -5
      vertex 36 20 -5
      vertex 8.86306 5.4307 -5
    endloop
  endfacet
  facet normal 0 0 -1
    outer loop
      vertex 36 20 -5
      vertex 8.57302 4.53803 -5
      vertex 8.75317 4.97295 -5
    endloop
  endfacet
  facet normal 0 0 -1
    outer loop
      vertex 36 20 -5
      vertex 8.32705 4.13664 -5
      vertex 8.57302 4.53803 -5
    endloop
  endfacet
  facet normal 0 0 -1
    outer loop
      vertex 36 20 -5
      vertex 8.02132 3.77868 -5
      vertex 8.32705 4.13664 -5
    endloop
  endfacet
  facet normal 0 0 -1
    outer loop
      vertex 87.8 0 -5
      vertex 7.66336 3.47295 -5
      vertex 8.02132 3.77868 -5
    endloop
  endfacet
  facet normal 0 0 -1
    outer loop
      vertex 3.8 0 -5
      vertex 7.66336 3.47295 -5
      vertex 87.8 0 -5
    endloop
  endfacet
  facet normal 0 0 -1
    outer loop
      vertex 7.66336 3.47295 -5
      vertex 3.8 0 -5
      vertex 7.26197 3.22698 -5
    endloop
  endfacet
  facet normal 0 0 -1
    outer loop
      vertex 7.26197 3.22698 -5
      vertex 3.8 0 -5
      vertex 6.82705 3.04683 -5
    endloop
  endfacet
  facet normal 0 0 -1
    outer loop
      vertex 6.82705 3.04683 -5
      vertex 3.8 0 -5
      vertex 6.3693 2.93694 -5
    endloop
  endfacet
  facet normal 0 0 -1
    outer loop
      vertex 6.3693 2.93694 -5
      vertex 3.8 0 -5
      vertex 5.9 2.9 -5
    endloop
  endfacet
  facet normal 0 0 -1
    outer loop
      vertex 3.8 0 -5
      vertex 5.4307 2.93694 -5
      vertex 5.9 2.9 -5
    endloop
  endfacet
  facet normal 0 0 -1
    outer loop
      vertex 3.8 0 -5
      vertex 4.97295 3.04683 -5
      vertex 5.4307 2.93694 -5
    endloop
  endfacet
  facet normal 0 0 -1
    outer loop
      vertex 3.8 0 -5
      vertex 4.53803 3.22698 -5
      vertex 4.97295 3.04683 -5
    endloop
  endfacet
  facet normal 0 0 -1
    outer loop
      vertex 3.20555 0.0467834 -5
      vertex 4.53803 3.22698 -5
      vertex 3.8 0 -5
    endloop
  endfacet
  facet normal -0 0 -1
    outer loop
      vertex 4.53803 3.22698 -5
      vertex 3.20555 0.0467834 -5
      vertex 4.13664 3.47295 -5
    endloop
  endfacet
  facet normal 0 0 -1
    outer loop
      vertex 2.62574 0.185985 -5
      vertex 4.13664 3.47295 -5
      vertex 3.20555 0.0467834 -5
    endloop
  endfacet
  facet normal 0 0 -1
    outer loop
      vertex 2.07484 0.414175 -5
      vertex 4.13664 3.47295 -5
      vertex 2.62574 0.185985 -5
    endloop
  endfacet
  facet normal 0 0 -1
    outer loop
      vertex 1.56642 0.725735 -5
      vertex 4.13664 3.47295 -5
      vertex 2.07484 0.414175 -5
    endloop
  endfacet
  facet normal -0 0 -1
    outer loop
      vertex 4.13664 3.47295 -5
      vertex 1.56642 0.725735 -5
      vertex 3.77868 3.77868 -5
    endloop
  endfacet
  facet normal 0 0 -1
    outer loop
      vertex 1.11299 1.11299 -5
      vertex 3.77868 3.77868 -5
      vertex 1.56642 0.725735 -5
    endloop
  endfacet
  facet normal 0 0 -1
    outer loop
      vertex 0.725735 1.56642 -5
      vertex 3.77868 3.77868 -5
      vertex 1.11299 1.11299 -5
    endloop
  endfacet
  facet normal 0 0 -1
    outer loop
      vertex 0.414175 2.07484 -5
      vertex 3.47295 4.13664 -5
      vertex 0.725735 1.56642 -5
    endloop
  endfacet
  facet normal -0 0 -1
    outer loop
      vertex 3.77868 3.77868 -5
      vertex 0.725735 1.56642 -5
      vertex 3.47295 4.13664 -5
    endloop
  endfacet
  facet normal -0 0 -1
    outer loop
      vertex 91.414 68.9743 -5
      vertex 88.5271 67.8634 -5
      vertex 91.1858 69.5252 -5
    endloop
  endfacet
  facet normal -0 0 -1
    outer loop
      vertex 91.1858 69.5252 -5
      vertex 88.5271 67.8634 -5
      vertex 90.8743 70.0336 -5
    endloop
  endfacet
  facet normal 0 0 -1
    outer loop
      vertex 88.2213 68.2213 -5
      vertex 90.8743 70.0336 -5
      vertex 88.5271 67.8634 -5
    endloop
  endfacet
  facet normal -0 0 -1
    outer loop
      vertex 90.8743 70.0336 -5
      vertex 88.2213 68.2213 -5
      vertex 90.487 70.487 -5
    endloop
  endfacet
  facet normal -0 0 -1
    outer loop
      vertex 90.487 70.487 -5
      vertex 88.2213 68.2213 -5
      vertex 90.0336 70.8743 -5
    endloop
  endfacet
  facet normal 0 0 -1
    outer loop
      vertex 87.8634 68.5271 -5
      vertex 90.0336 70.8743 -5
      vertex 88.2213 68.2213 -5
    endloop
  endfacet
  facet normal -0 0 -1
    outer loop
      vertex 90.0336 70.8743 -5
      vertex 87.8634 68.5271 -5
      vertex 89.5252 71.1858 -5
    endloop
  endfacet
  facet normal -0 0 -1
    outer loop
      vertex 89.5252 71.1858 -5
      vertex 87.8634 68.5271 -5
      vertex 88.9743 71.414 -5
    endloop
  endfacet
  facet normal 0 0 -1
    outer loop
      vertex 87.462 68.773 -5
      vertex 88.9743 71.414 -5
      vertex 87.8634 68.5271 -5
    endloop
  endfacet
  facet normal -0 0 -1
    outer loop
      vertex 88.9743 71.414 -5
      vertex 87.462 68.773 -5
      vertex 88.3944 71.5532 -5
    endloop
  endfacet
  facet normal -0 0 -1
    outer loop
      vertex 88.3944 71.5532 -5
      vertex 87.462 68.773 -5
      vertex 87.8 71.6 -5
    endloop
  endfacet
  facet normal 0 0 -1
    outer loop
      vertex 87.0271 68.9532 -5
      vertex 87.8 71.6 -5
      vertex 87.462 68.773 -5
    endloop
  endfacet
  facet normal 0 0 -1
    outer loop
      vertex 86.5693 69.0631 -5
      vertex 87.8 71.6 -5
      vertex 87.0271 68.9532 -5
    endloop
  endfacet
  facet normal 0 0 -1
    outer loop
      vertex 86.1 69.1 -5
      vertex 87.8 71.6 -5
      vertex 86.5693 69.0631 -5
    endloop
  endfacet
  facet normal 0 0 -1
    outer loop
      vertex 85.6307 69.0631 -5
      vertex 87.8 71.6 -5
      vertex 86.1 69.1 -5
    endloop
  endfacet
  facet normal 0 0 -1
    outer loop
      vertex 85.173 68.9532 -5
      vertex 87.8 71.6 -5
      vertex 85.6307 69.0631 -5
    endloop
  endfacet
  facet normal 0 0 -1
    outer loop
      vertex 84.738 68.773 -5
      vertex 87.8 71.6 -5
      vertex 85.173 68.9532 -5
    endloop
  endfacet
  facet normal 0 0 -1
    outer loop
      vertex 84.3366 68.5271 -5
      vertex 87.8 71.6 -5
      vertex 84.738 68.773 -5
    endloop
  endfacet
  facet normal 0 0 -1
    outer loop
      vertex 7.66336 68.5271 -5
      vertex 84.3366 68.5271 -5
      vertex 83.9787 68.2213 -5
    endloop
  endfacet
  facet normal -0 0 -1
    outer loop
      vertex 83.2468 65.173 -5
      vertex 56 22.5 -5
      vertex 83.1369 65.6307 -5
    endloop
  endfacet
  facet normal 0 0 -1
    outer loop
      vertex 36 22.5 -5
      vertex 83.1369 65.6307 -5
      vertex 56 22.5 -5
    endloop
  endfacet
  facet normal 0 0 -1
    outer loop
      vertex 8.9 66.1 -5
      vertex 83.1369 65.6307 -5
      vertex 36 22.5 -5
    endloop
  endfacet
  facet normal 0 0 -1
    outer loop
      vertex 83.1369 65.6307 -5
      vertex 8.9 66.1 -5
      vertex 83.1 66.1 -5
    endloop
  endfacet
  facet normal 0 0 -1
    outer loop
      vertex 83.1 66.1 -5
      vertex 8.9 66.1 -5
      vertex 83.1369 66.5693 -5
    endloop
  endfacet
  facet normal 0 0 -1
    outer loop
      vertex 36 22.5 -5
      vertex 56 22.5 -5
      vertex 36 20 -5
    endloop
  endfacet
  facet normal 0 0 -1
    outer loop
      vertex 8.86306 66.5693 -5
      vertex 83.1369 66.5693 -5
      vertex 8.9 66.1 -5
    endloop
  endfacet
  facet normal 0 0 -1
    outer loop
      vertex 83.1369 66.5693 -5
      vertex 8.86306 66.5693 -5
      vertex 83.2468 67.0271 -5
    endloop
  endfacet
  facet normal 0 0 -1
    outer loop
      vertex 8.75317 67.0271 -5
      vertex 83.2468 67.0271 -5
      vertex 8.86306 66.5693 -5
    endloop
  endfacet
  facet normal 0 0 -1
    outer loop
      vertex 8.9 66.1 -5
      vertex 36 22.5 -5
      vertex 16 22.5 -5
    endloop
  endfacet
  facet normal 0 0 -1
    outer loop
      vertex 83.2468 67.0271 -5
      vertex 8.75317 67.0271 -5
      vertex 83.427 67.462 -5
    endloop
  endfacet
  facet normal 0 0 -1
    outer loop
      vertex 8.75317 6.82705 -5
      vertex 16 20 -5
      vertex 8.86306 6.3693 -5
    endloop
  endfacet
  facet normal 0 0 -1
    outer loop
      vertex 8.57302 67.462 -5
      vertex 83.427 67.462 -5
      vertex 8.75317 67.0271 -5
    endloop
  endfacet
  facet normal 0 0 -1
    outer loop
      vertex 83.427 67.462 -5
      vertex 8.57302 67.462 -5
      vertex 83.673 67.8634 -5
    endloop
  endfacet
  facet normal 0 0 -1
    outer loop
      vertex 8.32705 67.8634 -5
      vertex 83.673 67.8634 -5
      vertex 8.57302 67.462 -5
    endloop
  endfacet
  facet normal 0 0 -1
    outer loop
      vertex 83.673 67.8634 -5
      vertex 8.32705 67.8634 -5
      vertex 83.9787 68.2213 -5
    endloop
  endfacet
  facet normal 0 0 -1
    outer loop
      vertex 8.02132 68.2213 -5
      vertex 83.9787 68.2213 -5
      vertex 8.32705 67.8634 -5
    endloop
  endfacet
  facet normal 0 0 -1
    outer loop
      vertex 7.66336 68.5271 -5
      vertex 83.9787 68.2213 -5
      vertex 8.02132 68.2213 -5
    endloop
  endfacet
  facet normal 0 0 -1
    outer loop
      vertex 84.3366 68.5271 -5
      vertex 7.66336 68.5271 -5
      vertex 87.8 71.6 -5
    endloop
  endfacet
  facet normal 0 0 -1
    outer loop
      vertex 3.8 71.6 -5
      vertex 7.66336 68.5271 -5
      vertex 7.26197 68.773 -5
    endloop
  endfacet
  facet normal 0 0 -1
    outer loop
      vertex 3.8 71.6 -5
      vertex 7.26197 68.773 -5
      vertex 6.82705 68.9532 -5
    endloop
  endfacet
  facet normal 0 0 -1
    outer loop
      vertex 3.8 71.6 -5
      vertex 6.82705 68.9532 -5
      vertex 6.3693 69.0631 -5
    endloop
  endfacet
  facet normal 0 0 -1
    outer loop
      vertex 3.8 71.6 -5
      vertex 6.3693 69.0631 -5
      vertex 5.9 69.1 -5
    endloop
  endfacet
  facet normal 0 0 -1
    outer loop
      vertex 7.66336 68.5271 -5
      vertex 3.8 71.6 -5
      vertex 87.8 71.6 -5
    endloop
  endfacet
  facet normal 0 0 -1
    outer loop
      vertex 5.4307 69.0631 -5
      vertex 3.8 71.6 -5
      vertex 5.9 69.1 -5
    endloop
  endfacet
  facet normal 0 0 -1
    outer loop
      vertex 4.97295 68.9532 -5
      vertex 3.8 71.6 -5
      vertex 5.4307 69.0631 -5
    endloop
  endfacet
  facet normal 0 0 -1
    outer loop
      vertex 4.53803 68.773 -5
      vertex 3.8 71.6 -5
      vertex 4.97295 68.9532 -5
    endloop
  endfacet
  facet normal 0 0 -1
    outer loop
      vertex 3.20555 71.5532 -5
      vertex 4.53803 68.773 -5
      vertex 4.13664 68.5271 -5
    endloop
  endfacet
  facet normal 0 0 -1
    outer loop
      vertex 2.07484 71.1858 -5
      vertex 4.13664 68.5271 -5
      vertex 3.77868 68.2213 -5
    endloop
  endfacet
  facet normal 0 0 -1
    outer loop
      vertex 1.11299 70.487 -5
      vertex 3.77868 68.2213 -5
      vertex 3.47295 67.8634 -5
    endloop
  endfacet
  facet normal 0 0 -1
    outer loop
      vertex 0.185985 68.9743 -5
      vertex 3.47295 67.8634 -5
      vertex 3.22698 67.462 -5
    endloop
  endfacet
  facet normal 0 0 -1
    outer loop
      vertex 4.53803 68.773 -5
      vertex 3.20555 71.5532 -5
      vertex 3.8 71.6 -5
    endloop
  endfacet
  facet normal 0 0 -1
    outer loop
      vertex 0 67.8 -5
      vertex 3.22698 67.462 -5
      vertex 3.04683 67.0271 -5
    endloop
  endfacet
  facet normal 0 0 -1
    outer loop
      vertex 0 67.8 -5
      vertex 3.04683 67.0271 -5
      vertex 2.93694 66.5693 -5
    endloop
  endfacet
  facet normal 0 0 -1
    outer loop
      vertex 0 67.8 -5
      vertex 2.93694 66.5693 -5
      vertex 2.9 66.1 -5
    endloop
  endfacet
  facet normal 0 0 -1
    outer loop
      vertex 4.13664 68.5271 -5
      vertex 2.62574 71.414 -5
      vertex 3.20555 71.5532 -5
    endloop
  endfacet
  facet normal -0 0 -1
    outer loop
      vertex 3.47295 7.66336 -5
      vertex 0 3.8 -5
      vertex 0 67.8 -5
    endloop
  endfacet
  facet normal 0 0 -1
    outer loop
      vertex 0.185985 2.62574 -5
      vertex 3.47295 4.13664 -5
      vertex 0.414175 2.07484 -5
    endloop
  endfacet
  facet normal 0 0 -1
    outer loop
      vertex 2.93694 65.6307 -5
      vertex 0 67.8 -5
      vertex 2.9 66.1 -5
    endloop
  endfacet
  facet normal 0 0 -1
    outer loop
      vertex 0.0467834 3.20555 -5
      vertex 3.47295 4.13664 -5
      vertex 0.185985 2.62574 -5
    endloop
  endfacet
  facet normal 0 0 -1
    outer loop
      vertex 3.22698 67.462 -5
      vertex 0 67.8 -5
      vertex 0.0467834 68.3944 -5
    endloop
  endfacet
  facet normal -0 0 -1
    outer loop
      vertex 3.47295 4.13664 -5
      vertex 0.0467834 3.20555 -5
      vertex 3.22698 4.53803 -5
    endloop
  endfacet
  facet normal 0 0 -1
    outer loop
      vertex 4.13664 68.5271 -5
      vertex 2.07484 71.1858 -5
      vertex 2.62574 71.414 -5
    endloop
  endfacet
  facet normal 0 0 -1
    outer loop
      vertex 0 3.8 -5
      vertex 3.22698 4.53803 -5
      vertex 0.0467834 3.20555 -5
    endloop
  endfacet
  facet normal 0 0 -1
    outer loop
      vertex 3.77868 68.2213 -5
      vertex 1.56642 70.8743 -5
      vertex 2.07484 71.1858 -5
    endloop
  endfacet
  facet normal -0 0 -1
    outer loop
      vertex 3.22698 4.53803 -5
      vertex 0 3.8 -5
      vertex 3.04683 4.97295 -5
    endloop
  endfacet
  facet normal 0 0 -1
    outer loop
      vertex 3.77868 68.2213 -5
      vertex 1.11299 70.487 -5
      vertex 1.56642 70.8743 -5
    endloop
  endfacet
  facet normal -0 0 -1
    outer loop
      vertex 3.04683 4.97295 -5
      vertex 0 3.8 -5
      vertex 2.93694 5.4307 -5
    endloop
  endfacet
  facet normal 0 0 -1
    outer loop
      vertex 3.47295 67.8634 -5
      vertex 0.725735 70.0336 -5
      vertex 1.11299 70.487 -5
    endloop
  endfacet
  facet normal -0 0 -1
    outer loop
      vertex 2.93694 5.4307 -5
      vertex 0 3.8 -5
      vertex 2.9 5.9 -5
    endloop
  endfacet
  facet normal 0 0 -1
    outer loop
      vertex 3.47295 67.8634 -5
      vertex 0.414175 69.5252 -5
      vertex 0.725735 70.0336 -5
    endloop
  endfacet
  facet normal 0 0 -1
    outer loop
      vertex 3.47295 67.8634 -5
      vertex 0.185985 68.9743 -5
      vertex 0.414175 69.5252 -5
    endloop
  endfacet
  facet normal 0 0 -1
    outer loop
      vertex 3.22698 67.462 -5
      vertex 0.0467834 68.3944 -5
      vertex 0.185985 68.9743 -5
    endloop
  endfacet
  facet normal 0.0784643 -0.996917 0
    outer loop
      vertex 87.8 0 -5
      vertex 88.3944 0.0467834 -2.6
      vertex 87.8 0 -2.6
    endloop
  endfacet
  facet normal 0.0784643 -0.996917 0
    outer loop
      vertex 88.3944 0.0467834 -2.6
      vertex 87.8 0 -5
      vertex 88.3944 0.0467834 -5
    endloop
  endfacet
  facet normal -0.0784854 0.996915 0
    outer loop
      vertex 3.8 71.6 -5
      vertex 3.20555 71.5532 -2.6
      vertex 3.8 71.6 -2.6
    endloop
  endfacet
  facet normal -0.0784854 0.996915 0
    outer loop
      vertex 3.20555 71.5532 -2.6
      vertex 3.8 71.6 -5
      vertex 3.20555 71.5532 -5
    endloop
  endfacet
  facet normal 0.996915 0.0784919 0
    outer loop
      vertex 91.6 67.8 -2.6
      vertex 91.5532 68.3944 -5
      vertex 91.5532 68.3944 -2.6
    endloop
  endfacet
  facet normal 0.996915 0.0784919 0
    outer loop
      vertex 91.5532 68.3944 -5
      vertex 91.6 67.8 -2.6
      vertex 91.6 67.8 -5
    endloop
  endfacet
  facet normal -0.760394 0.649462 0
    outer loop
      vertex 0.725735 70.0336 -5
      vertex 1.11299 70.487 -2.6
      vertex 1.11299 70.487 -5
    endloop
  endfacet
  facet normal -0.760394 0.649462 0
    outer loop
      vertex 1.11299 70.487 -2.6
      vertex 0.725735 70.0336 -5
      vertex 0.725735 70.0336 -2.6
    endloop
  endfacet
  facet normal 0.972378 0.233411 0
    outer loop
      vertex 91.5532 68.3944 -2.6
      vertex 91.414 68.9743 -5
      vertex 91.414 68.9743 -2.6
    endloop
  endfacet
  facet normal 0.972378 0.233411 0
    outer loop
      vertex 91.414 68.9743 -5
      vertex 91.5532 68.3944 -2.6
      vertex 91.5532 68.3944 -5
    endloop
  endfacet
  facet normal 0.0784919 0.996915 -0
    outer loop
      vertex 88.3944 71.5532 -5
      vertex 87.8 71.6 -2.6
      vertex 88.3944 71.5532 -2.6
    endloop
  endfacet
  facet normal 0.0784919 0.996915 0
    outer loop
      vertex 87.8 71.6 -2.6
      vertex 88.3944 71.5532 -5
      vertex 87.8 71.6 -5
    endloop
  endfacet
  facet normal -0.996917 0.0784643 0
    outer loop
      vertex 0 67.8 -5
      vertex 0.0467834 68.3944 -2.6
      vertex 0.0467834 68.3944 -5
    endloop
  endfacet
  facet normal -0.996917 0.0784643 0
    outer loop
      vertex 0.0467834 68.3944 -2.6
      vertex 0 67.8 -5
      vertex 0 67.8 -2.6
    endloop
  endfacet
  facet normal 0.522513 -0.852631 0
    outer loop
      vertex 89.5252 0.414175 -5
      vertex 90.0336 0.725735 -2.6
      vertex 89.5252 0.414175 -2.6
    endloop
  endfacet
  facet normal 0.522513 -0.852631 0
    outer loop
      vertex 90.0336 0.725735 -2.6
      vertex 89.5252 0.414175 -5
      vertex 90.0336 0.725735 -5
    endloop
  endfacet
  facet normal 0.852676 0.52244 0
    outer loop
      vertex 91.1858 69.5252 -2.6
      vertex 90.8743 70.0336 -5
      vertex 90.8743 70.0336 -2.6
    endloop
  endfacet
  facet normal 0.852676 0.52244 0
    outer loop
      vertex 90.8743 70.0336 -5
      vertex 91.1858 69.5252 -2.6
      vertex 91.1858 69.5252 -5
    endloop
  endfacet
  facet normal 0.233414 -0.972378 0
    outer loop
      vertex 88.3944 0.0467834 -5
      vertex 88.9743 0.185985 -2.6
      vertex 88.3944 0.0467834 -2.6
    endloop
  endfacet
  facet normal 0.233414 -0.972378 0
    outer loop
      vertex 88.9743 0.185985 -2.6
      vertex 88.3944 0.0467834 -5
      vertex 88.9743 0.185985 -5
    endloop
  endfacet
  facet normal -0.522498 -0.85264 0
    outer loop
      vertex 1.56642 0.725735 -5
      vertex 2.07484 0.414175 -2.6
      vertex 1.56642 0.725735 -2.6
    endloop
  endfacet
  facet normal -0.522498 -0.85264 -0
    outer loop
      vertex 2.07484 0.414175 -2.6
      vertex 1.56642 0.725735 -5
      vertex 2.07484 0.414175 -5
    endloop
  endfacet
  facet normal 0.649506 0.760356 -0
    outer loop
      vertex 90.487 70.487 -5
      vertex 90.0336 70.8743 -2.6
      vertex 90.487 70.487 -2.6
    endloop
  endfacet
  facet normal 0.649506 0.760356 0
    outer loop
      vertex 90.0336 70.8743 -2.6
      vertex 90.487 70.487 -5
      vertex 90.0336 70.8743 -5
    endloop
  endfacet
  facet normal 0.382697 0.923874 -0
    outer loop
      vertex 89.5252 71.1858 -5
      vertex 88.9743 71.414 -2.6
      vertex 89.5252 71.1858 -2.6
    endloop
  endfacet
  facet normal 0.382697 0.923874 0
    outer loop
      vertex 88.9743 71.414 -2.6
      vertex 89.5252 71.1858 -5
      vertex 88.9743 71.414 -5
    endloop
  endfacet
  facet normal -0.92388 0.382683 0
    outer loop
      vertex 0.185985 68.9743 -5
      vertex 0.414175 69.5252 -2.6
      vertex 0.414175 69.5252 -5
    endloop
  endfacet
  facet normal -0.92388 0.382683 0
    outer loop
      vertex 0.414175 69.5252 -2.6
      vertex 0.185985 68.9743 -5
      vertex 0.185985 68.9743 -2.6
    endloop
  endfacet
  facet normal 0.382683 -0.92388 0
    outer loop
      vertex 88.9743 0.185985 -5
      vertex 89.5252 0.414175 -2.6
      vertex 88.9743 0.185985 -2.6
    endloop
  endfacet
  facet normal 0.382683 -0.92388 0
    outer loop
      vertex 89.5252 0.414175 -2.6
      vertex 88.9743 0.185985 -5
      vertex 89.5252 0.414175 -5
    endloop
  endfacet
  facet normal 0.649462 -0.760394 0
    outer loop
      vertex 90.0336 0.725735 -5
      vertex 90.487 1.11299 -2.6
      vertex 90.0336 0.725735 -2.6
    endloop
  endfacet
  facet normal 0.649462 -0.760394 0
    outer loop
      vertex 90.487 1.11299 -2.6
      vertex 90.0336 0.725735 -5
      vertex 90.487 1.11299 -5
    endloop
  endfacet
  facet normal 0.760378 -0.649481 0
    outer loop
      vertex 90.487 1.11299 -2.6
      vertex 90.8743 1.56642 -5
      vertex 90.8743 1.56642 -2.6
    endloop
  endfacet
  facet normal 0.760378 -0.649481 0
    outer loop
      vertex 90.8743 1.56642 -5
      vertex 90.487 1.11299 -2.6
      vertex 90.487 1.11299 -5
    endloop
  endfacet
  facet normal -0.760415 -0.649438 0
    outer loop
      vertex 1.11299 1.11299 -5
      vertex 0.725735 1.56642 -2.6
      vertex 0.725735 1.56642 -5
    endloop
  endfacet
  facet normal -0.760415 -0.649438 0
    outer loop
      vertex 0.725735 1.56642 -2.6
      vertex 1.11299 1.11299 -5
      vertex 1.11299 1.11299 -2.6
    endloop
  endfacet
  facet normal -0.382683 -0.92388 0
    outer loop
      vertex 2.07484 0.414175 -5
      vertex 2.62574 0.185985 -2.6
      vertex 2.07484 0.414175 -2.6
    endloop
  endfacet
  facet normal -0.382683 -0.92388 -0
    outer loop
      vertex 2.62574 0.185985 -2.6
      vertex 2.07484 0.414175 -5
      vertex 2.62574 0.185985 -5
    endloop
  endfacet
  facet normal -0.649438 -0.760415 0
    outer loop
      vertex 1.11299 1.11299 -5
      vertex 1.56642 0.725735 -2.6
      vertex 1.11299 1.11299 -2.6
    endloop
  endfacet
  facet normal -0.649438 -0.760415 -0
    outer loop
      vertex 1.56642 0.725735 -2.6
      vertex 1.11299 1.11299 -5
      vertex 1.56642 0.725735 -5
    endloop
  endfacet
  facet normal 0.996915 -0.0784854 0
    outer loop
      vertex 91.5532 3.20555 -2.6
      vertex 91.6 3.8 -5
      vertex 91.6 3.8 -2.6
    endloop
  endfacet
  facet normal 0.996915 -0.0784854 0
    outer loop
      vertex 91.6 3.8 -5
      vertex 91.5532 3.20555 -2.6
      vertex 91.5532 3.20555 -5
    endloop
  endfacet
  facet normal -0.382697 0.923874 0
    outer loop
      vertex 2.62574 71.414 -5
      vertex 2.07484 71.1858 -2.6
      vertex 2.62574 71.414 -2.6
    endloop
  endfacet
  facet normal -0.382697 0.923874 0
    outer loop
      vertex 2.07484 71.1858 -2.6
      vertex 2.62574 71.414 -5
      vertex 2.07484 71.1858 -5
    endloop
  endfacet
  facet normal 0.923874 -0.382697 0
    outer loop
      vertex 91.1858 2.07484 -2.6
      vertex 91.414 2.62574 -5
      vertex 91.414 2.62574 -2.6
    endloop
  endfacet
  facet normal 0.923874 -0.382697 0
    outer loop
      vertex 91.414 2.62574 -5
      vertex 91.1858 2.07484 -2.6
      vertex 91.1858 2.07484 -5
    endloop
  endfacet
  facet normal -0.233448 -0.972369 0
    outer loop
      vertex 2.62574 0.185985 -5
      vertex 3.20555 0.0467834 -2.6
      vertex 2.62574 0.185985 -2.6
    endloop
  endfacet
  facet normal -0.233448 -0.972369 -0
    outer loop
      vertex 3.20555 0.0467834 -2.6
      vertex 2.62574 0.185985 -5
      vertex 3.20555 0.0467834 -5
    endloop
  endfacet
  facet normal 0.233411 0.972378 -0
    outer loop
      vertex 88.9743 71.414 -5
      vertex 88.3944 71.5532 -2.6
      vertex 88.9743 71.414 -2.6
    endloop
  endfacet
  facet normal 0.233411 0.972378 0
    outer loop
      vertex 88.3944 71.5532 -2.6
      vertex 88.9743 71.414 -5
      vertex 88.3944 71.5532 -5
    endloop
  endfacet
  facet normal -0.0784577 -0.996917 0
    outer loop
      vertex 3.20555 0.0467834 -5
      vertex 3.8 0 -2.6
      vertex 3.20555 0.0467834 -2.6
    endloop
  endfacet
  facet normal -0.0784577 -0.996917 -0
    outer loop
      vertex 3.8 0 -2.6
      vertex 3.20555 0.0467834 -5
      vertex 3.8 0 -5
    endloop
  endfacet
  facet normal -0 0 1
    outer loop
      vertex 7.41471 65.3282 -2.6
      vertex 36 22.5 -2.6
      vertex 7.5168 65.5747 -2.6
    endloop
  endfacet
  facet normal 0 0 1
    outer loop
      vertex 16 22.5 -2.6
      vertex 7.57907 6.16594 -2.6
      vertex 7.6 5.9 -2.6
    endloop
  endfacet
  facet normal -0 0 1
    outer loop
      vertex 7.27533 65.1008 -2.6
      vertex 36 22.5 -2.6
      vertex 7.41471 65.3282 -2.6
    endloop
  endfacet
  facet normal 0 0 1
    outer loop
      vertex 16 22.5 -2.6
      vertex 7.5168 6.42533 -2.6
      vertex 7.57907 6.16594 -2.6
    endloop
  endfacet
  facet normal -0 0 1
    outer loop
      vertex 7.10208 64.8979 -2.6
      vertex 36 22.5 -2.6
      vertex 7.27533 65.1008 -2.6
    endloop
  endfacet
  facet normal 0 0 1
    outer loop
      vertex 16 22.5 -2.6
      vertex 7.41471 6.67178 -2.6
      vertex 7.5168 6.42533 -2.6
    endloop
  endfacet
  facet normal 0 0 1
    outer loop
      vertex 36 22.5 -2.6
      vertex 7.10208 64.8979 -2.6
      vertex 16 22.5 -2.6
    endloop
  endfacet
  facet normal 0 0 1
    outer loop
      vertex 16 22.5 -2.6
      vertex 7.27533 6.89923 -2.6
      vertex 7.41471 6.67178 -2.6
    endloop
  endfacet
  facet normal -0 0 1
    outer loop
      vertex 6.89923 64.7247 -2.6
      vertex 16 22.5 -2.6
      vertex 7.10208 64.8979 -2.6
    endloop
  endfacet
  facet normal 0 0 1
    outer loop
      vertex 16 22.5 -2.6
      vertex 7.10208 7.10208 -2.6
      vertex 7.27533 6.89923 -2.6
    endloop
  endfacet
  facet normal -0 0 1
    outer loop
      vertex 6.67178 64.5853 -2.6
      vertex 16 22.5 -2.6
      vertex 6.89923 64.7247 -2.6
    endloop
  endfacet
  facet normal 0 0 1
    outer loop
      vertex 16 22.5 -2.6
      vertex 6.89923 7.27533 -2.6
      vertex 7.10208 7.10208 -2.6
    endloop
  endfacet
  facet normal -0 0 1
    outer loop
      vertex 6.42533 64.4832 -2.6
      vertex 16 22.5 -2.6
      vertex 6.67178 64.5853 -2.6
    endloop
  endfacet
  facet normal 0 0 1
    outer loop
      vertex 16 22.5 -2.6
      vertex 6.67178 7.41471 -2.6
      vertex 6.89923 7.27533 -2.6
    endloop
  endfacet
  facet normal -0 0 1
    outer loop
      vertex 6.16594 64.4209 -2.6
      vertex 16 22.5 -2.6
      vertex 6.42533 64.4832 -2.6
    endloop
  endfacet
  facet normal 0 0 1
    outer loop
      vertex 16 22.5 -2.6
      vertex 6.42533 7.5168 -2.6
      vertex 6.67178 7.41471 -2.6
    endloop
  endfacet
  facet normal -0 0 1
    outer loop
      vertex 5.9 64.4 -2.6
      vertex 16 22.5 -2.6
      vertex 6.16594 64.4209 -2.6
    endloop
  endfacet
  facet normal 0 0 1
    outer loop
      vertex 16 22.5 -2.6
      vertex 6.16594 7.57907 -2.6
      vertex 6.42533 7.5168 -2.6
    endloop
  endfacet
  facet normal 0 0 1
    outer loop
      vertex 5.63406 64.4209 -2.6
      vertex 16 22.5 -2.6
      vertex 5.9 64.4 -2.6
    endloop
  endfacet
  facet normal 0 0 1
    outer loop
      vertex 16 22.5 -2.6
      vertex 5.9 7.6 -2.6
      vertex 6.16594 7.57907 -2.6
    endloop
  endfacet
  facet normal 0 0 1
    outer loop
      vertex 5.37467 64.4832 -2.6
      vertex 16 22.5 -2.6
      vertex 5.63406 64.4209 -2.6
    endloop
  endfacet
  facet normal 0 0 1
    outer loop
      vertex 16 22.5 -2.6
      vertex 5.63406 7.57907 -2.6
      vertex 5.9 7.6 -2.6
    endloop
  endfacet
  facet normal 0 0 1
    outer loop
      vertex 5.12822 64.5853 -2.6
      vertex 16 22.5 -2.6
      vertex 5.37467 64.4832 -2.6
    endloop
  endfacet
  facet normal 0 0 1
    outer loop
      vertex 16 22.5 -2.6
      vertex 5.37467 7.5168 -2.6
      vertex 5.63406 7.57907 -2.6
    endloop
  endfacet
  facet normal 0 0 1
    outer loop
      vertex 4.90077 64.7247 -2.6
      vertex 16 22.5 -2.6
      vertex 5.12822 64.5853 -2.6
    endloop
  endfacet
  facet normal 0 0 1
    outer loop
      vertex 16 22.5 -2.6
      vertex 5.12822 7.41471 -2.6
      vertex 5.37467 7.5168 -2.6
    endloop
  endfacet
  facet normal 0 0 1
    outer loop
      vertex 0 67.8 -2.6
      vertex 16 22.5 -2.6
      vertex 4.90077 64.7247 -2.6
    endloop
  endfacet
  facet normal 0 0 1
    outer loop
      vertex 16 22.5 -2.6
      vertex 4.90077 7.27533 -2.6
      vertex 5.12822 7.41471 -2.6
    endloop
  endfacet
  facet normal 0 0 1
    outer loop
      vertex 0 67.8 -2.6
      vertex 4.90077 64.7247 -2.6
      vertex 4.69792 64.8979 -2.6
    endloop
  endfacet
  facet normal 0 0 1
    outer loop
      vertex 16 22.5 -2.6
      vertex 0 67.8 -2.6
      vertex 4.90077 7.27533 -2.6
    endloop
  endfacet
  facet normal 0 0 1
    outer loop
      vertex 0 67.8 -2.6
      vertex 4.69792 64.8979 -2.6
      vertex 4.52467 65.1008 -2.6
    endloop
  endfacet
  facet normal 0 0 1
    outer loop
      vertex 0 3.8 -2.6
      vertex 4.90077 7.27533 -2.6
      vertex 0 67.8 -2.6
    endloop
  endfacet
  facet normal 0 0 1
    outer loop
      vertex 0 67.8 -2.6
      vertex 4.52467 65.1008 -2.6
      vertex 4.38529 65.3282 -2.6
    endloop
  endfacet
  facet normal 0 0 1
    outer loop
      vertex 4.90077 7.27533 -2.6
      vertex 0 3.8 -2.6
      vertex 4.69792 7.10208 -2.6
    endloop
  endfacet
  facet normal 0 0 1
    outer loop
      vertex 0 67.8 -2.6
      vertex 4.38529 65.3282 -2.6
      vertex 4.2832 65.5747 -2.6
    endloop
  endfacet
  facet normal 0 0 1
    outer loop
      vertex 4.69792 7.10208 -2.6
      vertex 0 3.8 -2.6
      vertex 4.52467 6.89923 -2.6
    endloop
  endfacet
  facet normal 0 0 1
    outer loop
      vertex 0 67.8 -2.6
      vertex 4.2832 65.5747 -2.6
      vertex 4.22093 65.8341 -2.6
    endloop
  endfacet
  facet normal 0 0 1
    outer loop
      vertex 4.52467 6.89923 -2.6
      vertex 0 3.8 -2.6
      vertex 4.38529 6.67178 -2.6
    endloop
  endfacet
  facet normal 0 0 1
    outer loop
      vertex 0 67.8 -2.6
      vertex 4.22093 65.8341 -2.6
      vertex 4.2 66.1 -2.6
    endloop
  endfacet
  facet normal 0 0 1
    outer loop
      vertex 4.38529 6.67178 -2.6
      vertex 0 3.8 -2.6
      vertex 4.2832 6.42533 -2.6
    endloop
  endfacet
  facet normal 0 0 1
    outer loop
      vertex 87.7168 65.5747 -2.6
      vertex 91.6 67.8 -2.6
      vertex 87.7791 65.8341 -2.6
    endloop
  endfacet
  facet normal 0 0 1
    outer loop
      vertex 91.6 67.8 -2.6
      vertex 87.7791 6.16594 -2.6
      vertex 87.8 5.9 -2.6
    endloop
  endfacet
  facet normal 0 0 1
    outer loop
      vertex 87.6147 65.3282 -2.6
      vertex 91.6 67.8 -2.6
      vertex 87.7168 65.5747 -2.6
    endloop
  endfacet
  facet normal 0 0 1
    outer loop
      vertex 91.6 67.8 -2.6
      vertex 87.7168 6.42533 -2.6
      vertex 87.7791 6.16594 -2.6
    endloop
  endfacet
  facet normal 0 0 1
    outer loop
      vertex 87.4753 65.1008 -2.6
      vertex 91.6 67.8 -2.6
      vertex 87.6147 65.3282 -2.6
    endloop
  endfacet
  facet normal 0 0 1
    outer loop
      vertex 91.6 67.8 -2.6
      vertex 87.6147 6.67178 -2.6
      vertex 87.7168 6.42533 -2.6
    endloop
  endfacet
  facet normal 0 0 1
    outer loop
      vertex 87.3021 64.8979 -2.6
      vertex 91.6 67.8 -2.6
      vertex 87.4753 65.1008 -2.6
    endloop
  endfacet
  facet normal 0 0 1
    outer loop
      vertex 91.6 67.8 -2.6
      vertex 87.4753 6.89923 -2.6
      vertex 87.6147 6.67178 -2.6
    endloop
  endfacet
  facet normal 0 0 1
    outer loop
      vertex 87.0992 64.7247 -2.6
      vertex 91.6 67.8 -2.6
      vertex 87.3021 64.8979 -2.6
    endloop
  endfacet
  facet normal 0 0 1
    outer loop
      vertex 91.6 67.8 -2.6
      vertex 87.3021 7.10208 -2.6
      vertex 87.4753 6.89923 -2.6
    endloop
  endfacet
  facet normal 0 0 1
    outer loop
      vertex 76 22.5 -2.6
      vertex 91.6 67.8 -2.6
      vertex 87.0992 64.7247 -2.6
    endloop
  endfacet
  facet normal 0 0 1
    outer loop
      vertex 91.6 67.8 -2.6
      vertex 87.0992 7.27533 -2.6
      vertex 87.3021 7.10208 -2.6
    endloop
  endfacet
  facet normal 0 0 1
    outer loop
      vertex 76 22.5 -2.6
      vertex 87.0992 64.7247 -2.6
      vertex 86.8718 64.5853 -2.6
    endloop
  endfacet
  facet normal 0 0 1
    outer loop
      vertex 91.6 67.8 -2.6
      vertex 76 22.5 -2.6
      vertex 87.0992 7.27533 -2.6
    endloop
  endfacet
  facet normal 0 0 1
    outer loop
      vertex 76 22.5 -2.6
      vertex 86.8718 64.5853 -2.6
      vertex 86.6253 64.4832 -2.6
    endloop
  endfacet
  facet normal 0 0 1
    outer loop
      vertex 87.0992 7.27533 -2.6
      vertex 76 22.5 -2.6
      vertex 86.8718 7.41471 -2.6
    endloop
  endfacet
  facet normal 0 0 1
    outer loop
      vertex 76 22.5 -2.6
      vertex 86.6253 64.4832 -2.6
      vertex 86.3659 64.4209 -2.6
    endloop
  endfacet
  facet normal 0 0 1
    outer loop
      vertex 86.8718 7.41471 -2.6
      vertex 76 22.5 -2.6
      vertex 86.6253 7.5168 -2.6
    endloop
  endfacet
  facet normal 0 0 1
    outer loop
      vertex 76 22.5 -2.6
      vertex 86.3659 64.4209 -2.6
      vertex 86.1 64.4 -2.6
    endloop
  endfacet
  facet normal -0 0 1
    outer loop
      vertex 76 20 -2.6
      vertex 86.6253 7.5168 -2.6
      vertex 76 22.5 -2.6
    endloop
  endfacet
  facet normal 0 0 1
    outer loop
      vertex 76 22.5 -2.6
      vertex 86.1 64.4 -2.6
      vertex 85.8341 64.4209 -2.6
    endloop
  endfacet
  facet normal 0 0 1
    outer loop
      vertex 86.6253 7.5168 -2.6
      vertex 76 20 -2.6
      vertex 86.3659 7.57907 -2.6
    endloop
  endfacet
  facet normal 0 0 1
    outer loop
      vertex 76 22.5 -2.6
      vertex 85.8341 64.4209 -2.6
      vertex 85.5747 64.4832 -2.6
    endloop
  endfacet
  facet normal 0 0 1
    outer loop
      vertex 86.3659 7.57907 -2.6
      vertex 76 20 -2.6
      vertex 86.1 7.6 -2.6
    endloop
  endfacet
  facet normal 0 0 1
    outer loop
      vertex 76 22.5 -2.6
      vertex 85.5747 64.4832 -2.6
      vertex 85.3282 64.5853 -2.6
    endloop
  endfacet
  facet normal 0 0 1
    outer loop
      vertex 86.1 7.6 -2.6
      vertex 76 20 -2.6
      vertex 85.8341 7.57907 -2.6
    endloop
  endfacet
  facet normal 0 0 1
    outer loop
      vertex 76 22.5 -2.6
      vertex 85.3282 64.5853 -2.6
      vertex 85.1008 64.7247 -2.6
    endloop
  endfacet
  facet normal 0 0 1
    outer loop
      vertex 85.8341 7.57907 -2.6
      vertex 76 20 -2.6
      vertex 85.5747 7.5168 -2.6
    endloop
  endfacet
  facet normal 0 0 1
    outer loop
      vertex 76 22.5 -2.6
      vertex 85.1008 64.7247 -2.6
      vertex 84.8979 64.8979 -2.6
    endloop
  endfacet
  facet normal 0 0 1
    outer loop
      vertex 85.5747 7.5168 -2.6
      vertex 76 20 -2.6
      vertex 85.3282 7.41471 -2.6
    endloop
  endfacet
  facet normal 0 0 1
    outer loop
      vertex 56 22.5 -2.6
      vertex 84.8979 64.8979 -2.6
      vertex 84.7247 65.1008 -2.6
    endloop
  endfacet
  facet normal 0 0 1
    outer loop
      vertex 85.3282 7.41471 -2.6
      vertex 76 20 -2.6
      vertex 85.1008 7.27533 -2.6
    endloop
  endfacet
  facet normal 0 0 1
    outer loop
      vertex 56 22.5 -2.6
      vertex 84.7247 65.1008 -2.6
      vertex 84.5853 65.3282 -2.6
    endloop
  endfacet
  facet normal 0 0 1
    outer loop
      vertex 85.1008 7.27533 -2.6
      vertex 76 20 -2.6
      vertex 84.8979 7.10208 -2.6
    endloop
  endfacet
  facet normal 0 0 1
    outer loop
      vertex 56 22.5 -2.6
      vertex 84.5853 65.3282 -2.6
      vertex 84.4832 65.5747 -2.6
    endloop
  endfacet
  facet normal 0 0 1
    outer loop
      vertex 84.8979 7.10208 -2.6
      vertex 76 20 -2.6
      vertex 84.7247 6.89923 -2.6
    endloop
  endfacet
  facet normal 0 0 1
    outer loop
      vertex 56 22.5 -2.6
      vertex 84.4832 65.5747 -2.6
      vertex 84.4209 65.8341 -2.6
    endloop
  endfacet
  facet normal 0 0 1
    outer loop
      vertex 84.7247 6.89923 -2.6
      vertex 76 20 -2.6
      vertex 84.5853 6.67178 -2.6
    endloop
  endfacet
  facet normal -0 0 1
    outer loop
      vertex 7.6 66.1 -2.6
      vertex 84.4209 65.8341 -2.6
      vertex 84.4 66.1 -2.6
    endloop
  endfacet
  facet normal 0 0 1
    outer loop
      vertex 84.5853 6.67178 -2.6
      vertex 76 20 -2.6
      vertex 84.4832 6.42533 -2.6
    endloop
  endfacet
  facet normal 0 0 1
    outer loop
      vertex 91.6 67.8 -2.6
      vertex 87.7791 66.3659 -2.6
      vertex 87.8 66.1 -2.6
    endloop
  endfacet
  facet normal 0 0 1
    outer loop
      vertex 88.3944 71.5532 -2.6
      vertex 87.7168 66.6253 -2.6
      vertex 87.7791 66.3659 -2.6
    endloop
  endfacet
  facet normal 0 0 1
    outer loop
      vertex 88.3944 71.5532 -2.6
      vertex 87.6147 66.8718 -2.6
      vertex 87.7168 66.6253 -2.6
    endloop
  endfacet
  facet normal 0 0 1
    outer loop
      vertex 88.3944 71.5532 -2.6
      vertex 87.4753 67.0992 -2.6
      vertex 87.6147 66.8718 -2.6
    endloop
  endfacet
  facet normal 0 0 1
    outer loop
      vertex 88.3944 71.5532 -2.6
      vertex 87.3021 67.3021 -2.6
      vertex 87.4753 67.0992 -2.6
    endloop
  endfacet
  facet normal 0 0 1
    outer loop
      vertex 88.3944 71.5532 -2.6
      vertex 87.0992 67.4753 -2.6
      vertex 87.3021 67.3021 -2.6
    endloop
  endfacet
  facet normal 0 0 1
    outer loop
      vertex 88.3944 71.5532 -2.6
      vertex 86.8718 67.6147 -2.6
      vertex 87.0992 67.4753 -2.6
    endloop
  endfacet
  facet normal 0 0 1
    outer loop
      vertex 87.8 71.6 -2.6
      vertex 86.6253 67.7168 -2.6
      vertex 86.8718 67.6147 -2.6
    endloop
  endfacet
  facet normal 0 0 1
    outer loop
      vertex 87.8 71.6 -2.6
      vertex 86.3659 67.7791 -2.6
      vertex 86.6253 67.7168 -2.6
    endloop
  endfacet
  facet normal 0 0 1
    outer loop
      vertex 87.8 71.6 -2.6
      vertex 86.1 67.8 -2.6
      vertex 86.3659 67.7791 -2.6
    endloop
  endfacet
  facet normal 0 0 1
    outer loop
      vertex 87.8 71.6 -2.6
      vertex 85.8341 67.7791 -2.6
      vertex 86.1 67.8 -2.6
    endloop
  endfacet
  facet normal 0 0 1
    outer loop
      vertex 87.8 71.6 -2.6
      vertex 85.5747 67.7168 -2.6
      vertex 85.8341 67.7791 -2.6
    endloop
  endfacet
  facet normal 0 0 1
    outer loop
      vertex 87.8 71.6 -2.6
      vertex 85.3282 67.6147 -2.6
      vertex 85.5747 67.7168 -2.6
    endloop
  endfacet
  facet normal 0 0 1
    outer loop
      vertex 87.8 71.6 -2.6
      vertex 85.1008 67.4753 -2.6
      vertex 85.3282 67.6147 -2.6
    endloop
  endfacet
  facet normal 0 0 1
    outer loop
      vertex 87.8 71.6 -2.6
      vertex 84.8979 67.3021 -2.6
      vertex 85.1008 67.4753 -2.6
    endloop
  endfacet
  facet normal 0 0 1
    outer loop
      vertex 87.8 71.6 -2.6
      vertex 84.7247 67.0992 -2.6
      vertex 84.8979 67.3021 -2.6
    endloop
  endfacet
  facet normal 0 0 1
    outer loop
      vertex 84.4832 6.42533 -2.6
      vertex 76 20 -2.6
      vertex 84.4209 6.16594 -2.6
    endloop
  endfacet
  facet normal 0 0 1
    outer loop
      vertex 7.6 66.1 -2.6
      vertex 84.4 66.1 -2.6
      vertex 84.4209 66.3659 -2.6
    endloop
  endfacet
  facet normal 0 0 1
    outer loop
      vertex 84.8979 64.8979 -2.6
      vertex 56 22.5 -2.6
      vertex 76 22.5 -2.6
    endloop
  endfacet
  facet normal 0 0 1
    outer loop
      vertex 7.57907 66.3659 -2.6
      vertex 84.4209 66.3659 -2.6
      vertex 84.4832 66.6253 -2.6
    endloop
  endfacet
  facet normal 0 0 1
    outer loop
      vertex 7.5168 66.6253 -2.6
      vertex 84.4832 66.6253 -2.6
      vertex 84.5853 66.8718 -2.6
    endloop
  endfacet
  facet normal 0 0 1
    outer loop
      vertex 7.41471 66.8718 -2.6
      vertex 84.5853 66.8718 -2.6
      vertex 84.7247 67.0992 -2.6
    endloop
  endfacet
  facet normal 0 0 1
    outer loop
      vertex 56 22.5 -2.6
      vertex 36 22.5 -2.6
      vertex 56 20 -2.6
    endloop
  endfacet
  facet normal 0 0 1
    outer loop
      vertex 84.4209 65.8341 -2.6
      vertex 36 22.5 -2.6
      vertex 56 22.5 -2.6
    endloop
  endfacet
  facet normal 0 0 1
    outer loop
      vertex 7.27533 67.0992 -2.6
      vertex 84.7247 67.0992 -2.6
      vertex 87.8 71.6 -2.6
    endloop
  endfacet
  facet normal 0 0 1
    outer loop
      vertex 7.57907 65.8341 -2.6
      vertex 84.4209 65.8341 -2.6
      vertex 7.6 66.1 -2.6
    endloop
  endfacet
  facet normal -0 0 1
    outer loop
      vertex 7.5168 65.5747 -2.6
      vertex 36 22.5 -2.6
      vertex 7.57907 65.8341 -2.6
    endloop
  endfacet
  facet normal 0 0 1
    outer loop
      vertex 84.4209 65.8341 -2.6
      vertex 7.57907 65.8341 -2.6
      vertex 36 22.5 -2.6
    endloop
  endfacet
  facet normal 0 0 1
    outer loop
      vertex 84.4209 66.3659 -2.6
      vertex 7.57907 66.3659 -2.6
      vertex 7.6 66.1 -2.6
    endloop
  endfacet
  facet normal 0 0 1
    outer loop
      vertex 84.4832 66.6253 -2.6
      vertex 7.5168 66.6253 -2.6
      vertex 7.57907 66.3659 -2.6
    endloop
  endfacet
  facet normal 0 0 1
    outer loop
      vertex 84.5853 66.8718 -2.6
      vertex 7.41471 66.8718 -2.6
      vertex 7.5168 66.6253 -2.6
    endloop
  endfacet
  facet normal 0 0 1
    outer loop
      vertex 84.7247 67.0992 -2.6
      vertex 7.27533 67.0992 -2.6
      vertex 7.41471 66.8718 -2.6
    endloop
  endfacet
  facet normal 0 0 1
    outer loop
      vertex 87.8 71.6 -2.6
      vertex 7.10208 67.3021 -2.6
      vertex 7.27533 67.0992 -2.6
    endloop
  endfacet
  facet normal -0 0 1
    outer loop
      vertex 3.8 71.6 -2.6
      vertex 7.10208 67.3021 -2.6
      vertex 87.8 71.6 -2.6
    endloop
  endfacet
  facet normal 0 0 1
    outer loop
      vertex 7.10208 67.3021 -2.6
      vertex 3.8 71.6 -2.6
      vertex 6.89923 67.4753 -2.6
    endloop
  endfacet
  facet normal 0 0 1
    outer loop
      vertex 6.89923 67.4753 -2.6
      vertex 3.8 71.6 -2.6
      vertex 6.67178 67.6147 -2.6
    endloop
  endfacet
  facet normal 0 0 1
    outer loop
      vertex 6.67178 67.6147 -2.6
      vertex 3.8 71.6 -2.6
      vertex 6.42533 67.7168 -2.6
    endloop
  endfacet
  facet normal 0 0 1
    outer loop
      vertex 6.42533 67.7168 -2.6
      vertex 3.8 71.6 -2.6
      vertex 6.16594 67.7791 -2.6
    endloop
  endfacet
  facet normal 0 0 1
    outer loop
      vertex 4.69792 67.3021 -2.6
      vertex 1.11299 70.487 -2.6
      vertex 4.52467 67.0992 -2.6
    endloop
  endfacet
  facet normal -0 0 1
    outer loop
      vertex 1.11299 70.487 -2.6
      vertex 4.69792 67.3021 -2.6
      vertex 1.56642 70.8743 -2.6
    endloop
  endfacet
  facet normal -0 0 1
    outer loop
      vertex 1.56642 70.8743 -2.6
      vertex 4.69792 67.3021 -2.6
      vertex 2.07484 71.1858 -2.6
    endloop
  endfacet
  facet normal -0 0 1
    outer loop
      vertex 2.07484 71.1858 -2.6
      vertex 4.69792 67.3021 -2.6
      vertex 2.62574 71.414 -2.6
    endloop
  endfacet
  facet normal 0 0 1
    outer loop
      vertex 4.90077 67.4753 -2.6
      vertex 2.62574 71.414 -2.6
      vertex 4.69792 67.3021 -2.6
    endloop
  endfacet
  facet normal -0 0 1
    outer loop
      vertex 2.62574 71.414 -2.6
      vertex 4.90077 67.4753 -2.6
      vertex 3.20555 71.5532 -2.6
    endloop
  endfacet
  facet normal -0 0 1
    outer loop
      vertex 3.20555 71.5532 -2.6
      vertex 4.90077 67.4753 -2.6
      vertex 3.8 71.6 -2.6
    endloop
  endfacet
  facet normal 0 0 1
    outer loop
      vertex 5.12822 67.6147 -2.6
      vertex 3.8 71.6 -2.6
      vertex 4.90077 67.4753 -2.6
    endloop
  endfacet
  facet normal 0 0 1
    outer loop
      vertex 5.37467 67.7168 -2.6
      vertex 3.8 71.6 -2.6
      vertex 5.12822 67.6147 -2.6
    endloop
  endfacet
  facet normal 0 0 1
    outer loop
      vertex 5.63406 67.7791 -2.6
      vertex 3.8 71.6 -2.6
      vertex 5.37467 67.7168 -2.6
    endloop
  endfacet
  facet normal 0 0 1
    outer loop
      vertex 5.9 67.8 -2.6
      vertex 3.8 71.6 -2.6
      vertex 5.63406 67.7791 -2.6
    endloop
  endfacet
  facet normal 0 0 1
    outer loop
      vertex 6.16594 67.7791 -2.6
      vertex 3.8 71.6 -2.6
      vertex 5.9 67.8 -2.6
    endloop
  endfacet
  facet normal 0 0 1
    outer loop
      vertex 87.7791 66.3659 -2.6
      vertex 91.6 67.8 -2.6
      vertex 91.5532 68.3944 -2.6
    endloop
  endfacet
  facet normal 0 0 1
    outer loop
      vertex 87.7791 65.8341 -2.6
      vertex 91.6 67.8 -2.6
      vertex 87.8 66.1 -2.6
    endloop
  endfacet
  facet normal 0 0 1
    outer loop
      vertex 87.7791 66.3659 -2.6
      vertex 91.5532 68.3944 -2.6
      vertex 91.414 68.9743 -2.6
    endloop
  endfacet
  facet normal 0 0 1
    outer loop
      vertex 91.6 67.8 -2.6
      vertex 87.8 5.9 -2.6
      vertex 91.6 3.8 -2.6
    endloop
  endfacet
  facet normal 0 0 1
    outer loop
      vertex 87.7791 66.3659 -2.6
      vertex 91.414 68.9743 -2.6
      vertex 91.1858 69.5252 -2.6
    endloop
  endfacet
  facet normal -0 0 1
    outer loop
      vertex 87.7791 5.63406 -2.6
      vertex 91.6 3.8 -2.6
      vertex 87.8 5.9 -2.6
    endloop
  endfacet
  facet normal 0 0 1
    outer loop
      vertex 87.7791 66.3659 -2.6
      vertex 91.1858 69.5252 -2.6
      vertex 90.8743 70.0336 -2.6
    endloop
  endfacet
  facet normal -0 0 1
    outer loop
      vertex 87.7168 5.37467 -2.6
      vertex 91.6 3.8 -2.6
      vertex 87.7791 5.63406 -2.6
    endloop
  endfacet
  facet normal 0 0 1
    outer loop
      vertex 87.7791 66.3659 -2.6
      vertex 90.8743 70.0336 -2.6
      vertex 90.487 70.487 -2.6
    endloop
  endfacet
  facet normal -0 0 1
    outer loop
      vertex 87.6147 5.12822 -2.6
      vertex 91.6 3.8 -2.6
      vertex 87.7168 5.37467 -2.6
    endloop
  endfacet
  facet normal 0 0 1
    outer loop
      vertex 87.7791 66.3659 -2.6
      vertex 90.487 70.487 -2.6
      vertex 90.0336 70.8743 -2.6
    endloop
  endfacet
  facet normal -0 0 1
    outer loop
      vertex 87.4753 4.90077 -2.6
      vertex 91.6 3.8 -2.6
      vertex 87.6147 5.12822 -2.6
    endloop
  endfacet
  facet normal 0 0 1
    outer loop
      vertex 87.7791 66.3659 -2.6
      vertex 90.0336 70.8743 -2.6
      vertex 89.5252 71.1858 -2.6
    endloop
  endfacet
  facet normal 0 0 1
    outer loop
      vertex 91.6 3.8 -2.6
      vertex 87.4753 4.90077 -2.6
      vertex 91.5532 3.20555 -2.6
    endloop
  endfacet
  facet normal 0 0 1
    outer loop
      vertex 87.7791 66.3659 -2.6
      vertex 89.5252 71.1858 -2.6
      vertex 88.9743 71.414 -2.6
    endloop
  endfacet
  facet normal 0 0 1
    outer loop
      vertex 91.5532 3.20555 -2.6
      vertex 87.4753 4.90077 -2.6
      vertex 91.414 2.62574 -2.6
    endloop
  endfacet
  facet normal 0 0 1
    outer loop
      vertex 87.7791 66.3659 -2.6
      vertex 88.9743 71.414 -2.6
      vertex 88.3944 71.5532 -2.6
    endloop
  endfacet
  facet normal -0 0 1
    outer loop
      vertex 87.3021 4.69792 -2.6
      vertex 91.414 2.62574 -2.6
      vertex 87.4753 4.90077 -2.6
    endloop
  endfacet
  facet normal 0 0 1
    outer loop
      vertex 86.8718 67.6147 -2.6
      vertex 88.3944 71.5532 -2.6
      vertex 87.8 71.6 -2.6
    endloop
  endfacet
  facet normal 0 0 1
    outer loop
      vertex 91.414 2.62574 -2.6
      vertex 87.3021 4.69792 -2.6
      vertex 91.1858 2.07484 -2.6
    endloop
  endfacet
  facet normal 0 0 1
    outer loop
      vertex 91.1858 2.07484 -2.6
      vertex 87.3021 4.69792 -2.6
      vertex 90.8743 1.56642 -2.6
    endloop
  endfacet
  facet normal 0 0 1
    outer loop
      vertex 90.8743 1.56642 -2.6
      vertex 87.3021 4.69792 -2.6
      vertex 90.487 1.11299 -2.6
    endloop
  endfacet
  facet normal -0 0 1
    outer loop
      vertex 87.0992 4.52467 -2.6
      vertex 90.487 1.11299 -2.6
      vertex 87.3021 4.69792 -2.6
    endloop
  endfacet
  facet normal 0 0 1
    outer loop
      vertex 90.487 1.11299 -2.6
      vertex 87.0992 4.52467 -2.6
      vertex 90.0336 0.725735 -2.6
    endloop
  endfacet
  facet normal 0 0 1
    outer loop
      vertex 90.0336 0.725735 -2.6
      vertex 87.0992 4.52467 -2.6
      vertex 89.5252 0.414175 -2.6
    endloop
  endfacet
  facet normal 0 0 1
    outer loop
      vertex 89.5252 0.414175 -2.6
      vertex 87.0992 4.52467 -2.6
      vertex 88.9743 0.185985 -2.6
    endloop
  endfacet
  facet normal -0 0 1
    outer loop
      vertex 86.8718 4.38529 -2.6
      vertex 88.9743 0.185985 -2.6
      vertex 87.0992 4.52467 -2.6
    endloop
  endfacet
  facet normal 0 0 1
    outer loop
      vertex 88.9743 0.185985 -2.6
      vertex 86.8718 4.38529 -2.6
      vertex 88.3944 0.0467834 -2.6
    endloop
  endfacet
  facet normal 0 0 1
    outer loop
      vertex 88.3944 0.0467834 -2.6
      vertex 86.8718 4.38529 -2.6
      vertex 87.8 0 -2.6
    endloop
  endfacet
  facet normal -0 0 1
    outer loop
      vertex 86.6253 4.2832 -2.6
      vertex 87.8 0 -2.6
      vertex 86.8718 4.38529 -2.6
    endloop
  endfacet
  facet normal -0 0 1
    outer loop
      vertex 86.3659 4.22093 -2.6
      vertex 87.8 0 -2.6
      vertex 86.6253 4.2832 -2.6
    endloop
  endfacet
  facet normal -0 0 1
    outer loop
      vertex 86.1 4.2 -2.6
      vertex 87.8 0 -2.6
      vertex 86.3659 4.22093 -2.6
    endloop
  endfacet
  facet normal 0 0 1
    outer loop
      vertex 85.8341 4.22093 -2.6
      vertex 87.8 0 -2.6
      vertex 86.1 4.2 -2.6
    endloop
  endfacet
  facet normal 0 0 1
    outer loop
      vertex 85.5747 4.2832 -2.6
      vertex 87.8 0 -2.6
      vertex 85.8341 4.22093 -2.6
    endloop
  endfacet
  facet normal 0 0 1
    outer loop
      vertex 85.3282 4.38529 -2.6
      vertex 87.8 0 -2.6
      vertex 85.5747 4.2832 -2.6
    endloop
  endfacet
  facet normal 0 0 1
    outer loop
      vertex 85.1008 4.52467 -2.6
      vertex 87.8 0 -2.6
      vertex 85.3282 4.38529 -2.6
    endloop
  endfacet
  facet normal 0 0 1
    outer loop
      vertex 84.8979 4.69792 -2.6
      vertex 87.8 0 -2.6
      vertex 85.1008 4.52467 -2.6
    endloop
  endfacet
  facet normal 0 0 1
    outer loop
      vertex 84.7247 4.90077 -2.6
      vertex 87.8 0 -2.6
      vertex 84.8979 4.69792 -2.6
    endloop
  endfacet
  facet normal 0 0 1
    outer loop
      vertex 84.4209 6.16594 -2.6
      vertex 76 20 -2.6
      vertex 84.4 5.9 -2.6
    endloop
  endfacet
  facet normal 0 0 1
    outer loop
      vertex 84.4 5.9 -2.6
      vertex 76 20 -2.6
      vertex 84.4209 5.63406 -2.6
    endloop
  endfacet
  facet normal -0 0 1
    outer loop
      vertex 56 20 -2.6
      vertex 84.4209 5.63406 -2.6
      vertex 76 20 -2.6
    endloop
  endfacet
  facet normal 0 0 1
    outer loop
      vertex 84.4209 5.63406 -2.6
      vertex 56 20 -2.6
      vertex 84.4832 5.37467 -2.6
    endloop
  endfacet
  facet normal 0 0 1
    outer loop
      vertex 84.4832 5.37467 -2.6
      vertex 56 20 -2.6
      vertex 84.5853 5.12822 -2.6
    endloop
  endfacet
  facet normal 0 0 1
    outer loop
      vertex 56 20 -2.6
      vertex 84.7247 4.90077 -2.6
      vertex 84.5853 5.12822 -2.6
    endloop
  endfacet
  facet normal 0 0 1
    outer loop
      vertex 56 20 -2.6
      vertex 87.8 0 -2.6
      vertex 84.7247 4.90077 -2.6
    endloop
  endfacet
  facet normal 0 0 1
    outer loop
      vertex 36 20 -2.6
      vertex 56 20 -2.6
      vertex 36 22.5 -2.6
    endloop
  endfacet
  facet normal 0 0 1
    outer loop
      vertex 56 20 -2.6
      vertex 36 20 -2.6
      vertex 87.8 0 -2.6
    endloop
  endfacet
  facet normal 0 0 1
    outer loop
      vertex 7.57907 5.63406 -2.6
      vertex 36 20 -2.6
      vertex 16 20 -2.6
    endloop
  endfacet
  facet normal 0 0 1
    outer loop
      vertex 16 22.5 -2.6
      vertex 7.6 5.9 -2.6
      vertex 16 20 -2.6
    endloop
  endfacet
  facet normal 0 0 1
    outer loop
      vertex 7.57907 5.63406 -2.6
      vertex 16 20 -2.6
      vertex 7.6 5.9 -2.6
    endloop
  endfacet
  facet normal 0 0 1
    outer loop
      vertex 36 20 -2.6
      vertex 7.57907 5.63406 -2.6
      vertex 7.5168 5.37467 -2.6
    endloop
  endfacet
  facet normal 0 0 1
    outer loop
      vertex 7.41471 5.12822 -2.6
      vertex 36 20 -2.6
      vertex 7.5168 5.37467 -2.6
    endloop
  endfacet
  facet normal 0 0 1
    outer loop
      vertex 7.27533 4.90077 -2.6
      vertex 36 20 -2.6
      vertex 7.41471 5.12822 -2.6
    endloop
  endfacet
  facet normal 0 0 1
    outer loop
      vertex 3.8 0 -2.6
      vertex 36 20 -2.6
      vertex 7.27533 4.90077 -2.6
    endloop
  endfacet
  facet normal 0 0 1
    outer loop
      vertex 3.8 0 -2.6
      vertex 7.27533 4.90077 -2.6
      vertex 7.10208 4.69792 -2.6
    endloop
  endfacet
  facet normal 0 0 1
    outer loop
      vertex 3.8 0 -2.6
      vertex 7.10208 4.69792 -2.6
      vertex 6.89923 4.52467 -2.6
    endloop
  endfacet
  facet normal 0 0 1
    outer loop
      vertex 3.8 0 -2.6
      vertex 6.89923 4.52467 -2.6
      vertex 6.67178 4.38529 -2.6
    endloop
  endfacet
  facet normal 0 0 1
    outer loop
      vertex 3.8 0 -2.6
      vertex 6.67178 4.38529 -2.6
      vertex 6.42533 4.2832 -2.6
    endloop
  endfacet
  facet normal 0 0 1
    outer loop
      vertex 3.8 0 -2.6
      vertex 6.42533 4.2832 -2.6
      vertex 6.16594 4.22093 -2.6
    endloop
  endfacet
  facet normal 0 0 1
    outer loop
      vertex 3.8 0 -2.6
      vertex 6.16594 4.22093 -2.6
      vertex 5.9 4.2 -2.6
    endloop
  endfacet
  facet normal 0 0 1
    outer loop
      vertex 36 20 -2.6
      vertex 3.8 0 -2.6
      vertex 87.8 0 -2.6
    endloop
  endfacet
  facet normal 0 0 1
    outer loop
      vertex 5.63406 4.22093 -2.6
      vertex 3.8 0 -2.6
      vertex 5.9 4.2 -2.6
    endloop
  endfacet
  facet normal 0 0 1
    outer loop
      vertex 5.37467 4.2832 -2.6
      vertex 3.8 0 -2.6
      vertex 5.63406 4.22093 -2.6
    endloop
  endfacet
  facet normal 0 0 1
    outer loop
      vertex 5.12822 4.38529 -2.6
      vertex 3.8 0 -2.6
      vertex 5.37467 4.2832 -2.6
    endloop
  endfacet
  facet normal 0 0 1
    outer loop
      vertex 4.90077 4.52467 -2.6
      vertex 3.8 0 -2.6
      vertex 5.12822 4.38529 -2.6
    endloop
  endfacet
  facet normal 0 0 1
    outer loop
      vertex 2.07484 0.414175 -2.6
      vertex 4.90077 4.52467 -2.6
      vertex 4.69792 4.69792 -2.6
    endloop
  endfacet
  facet normal 0 0 1
    outer loop
      vertex 0.414175 2.07484 -2.6
      vertex 4.69792 4.69792 -2.6
      vertex 4.52467 4.90077 -2.6
    endloop
  endfacet
  facet normal 0 0 1
    outer loop
      vertex 0 3.8 -2.6
      vertex 4.52467 4.90077 -2.6
      vertex 4.38529 5.12822 -2.6
    endloop
  endfacet
  facet normal 0 0 1
    outer loop
      vertex 0 3.8 -2.6
      vertex 4.38529 5.12822 -2.6
      vertex 4.2832 5.37467 -2.6
    endloop
  endfacet
  facet normal 0 0 1
    outer loop
      vertex 0 3.8 -2.6
      vertex 4.2832 5.37467 -2.6
      vertex 4.22093 5.63406 -2.6
    endloop
  endfacet
  facet normal 0 0 1
    outer loop
      vertex 0 3.8 -2.6
      vertex 4.22093 5.63406 -2.6
      vertex 4.2 5.9 -2.6
    endloop
  endfacet
  facet normal 0 0 1
    outer loop
      vertex 4.2832 6.42533 -2.6
      vertex 0 3.8 -2.6
      vertex 4.22093 6.16594 -2.6
    endloop
  endfacet
  facet normal -0 0 1
    outer loop
      vertex 0.725735 70.0336 -2.6
      vertex 4.52467 67.0992 -2.6
      vertex 1.11299 70.487 -2.6
    endloop
  endfacet
  facet normal 0 0 1
    outer loop
      vertex 4.22093 6.16594 -2.6
      vertex 0 3.8 -2.6
      vertex 4.2 5.9 -2.6
    endloop
  endfacet
  facet normal -0 0 1
    outer loop
      vertex 0.414175 69.5252 -2.6
      vertex 4.52467 67.0992 -2.6
      vertex 0.725735 70.0336 -2.6
    endloop
  endfacet
  facet normal 0 0 1
    outer loop
      vertex 4.52467 4.90077 -2.6
      vertex 0 3.8 -2.6
      vertex 0.0467834 3.20555 -2.6
    endloop
  endfacet
  facet normal -0 0 1
    outer loop
      vertex 0.185985 68.9743 -2.6
      vertex 4.52467 67.0992 -2.6
      vertex 0.414175 69.5252 -2.6
    endloop
  endfacet
  facet normal 0 0 1
    outer loop
      vertex 4.90077 4.52467 -2.6
      vertex 3.20555 0.0467834 -2.6
      vertex 3.8 0 -2.6
    endloop
  endfacet
  facet normal 0 0 1
    outer loop
      vertex 4.52467 67.0992 -2.6
      vertex 0.185985 68.9743 -2.6
      vertex 4.38529 66.8718 -2.6
    endloop
  endfacet
  facet normal 0 0 1
    outer loop
      vertex 4.90077 4.52467 -2.6
      vertex 2.62574 0.185985 -2.6
      vertex 3.20555 0.0467834 -2.6
    endloop
  endfacet
  facet normal -0 0 1
    outer loop
      vertex 0.0467834 68.3944 -2.6
      vertex 4.38529 66.8718 -2.6
      vertex 0.185985 68.9743 -2.6
    endloop
  endfacet
  facet normal 0 0 1
    outer loop
      vertex 4.90077 4.52467 -2.6
      vertex 2.07484 0.414175 -2.6
      vertex 2.62574 0.185985 -2.6
    endloop
  endfacet
  facet normal -0 0 1
    outer loop
      vertex 0 67.8 -2.6
      vertex 4.38529 66.8718 -2.6
      vertex 0.0467834 68.3944 -2.6
    endloop
  endfacet
  facet normal 0 0 1
    outer loop
      vertex 4.69792 4.69792 -2.6
      vertex 1.56642 0.725735 -2.6
      vertex 2.07484 0.414175 -2.6
    endloop
  endfacet
  facet normal 0 0 1
    outer loop
      vertex 4.38529 66.8718 -2.6
      vertex 0 67.8 -2.6
      vertex 4.2832 66.6253 -2.6
    endloop
  endfacet
  facet normal 0 0 1
    outer loop
      vertex 4.69792 4.69792 -2.6
      vertex 1.11299 1.11299 -2.6
      vertex 1.56642 0.725735 -2.6
    endloop
  endfacet
  facet normal 0 0 1
    outer loop
      vertex 4.2832 66.6253 -2.6
      vertex 0 67.8 -2.6
      vertex 4.22093 66.3659 -2.6
    endloop
  endfacet
  facet normal 0 0 1
    outer loop
      vertex 4.69792 4.69792 -2.6
      vertex 0.725735 1.56642 -2.6
      vertex 1.11299 1.11299 -2.6
    endloop
  endfacet
  facet normal 0 0 1
    outer loop
      vertex 4.22093 66.3659 -2.6
      vertex 0 67.8 -2.6
      vertex 4.2 66.1 -2.6
    endloop
  endfacet
  facet normal 0 0 1
    outer loop
      vertex 4.69792 4.69792 -2.6
      vertex 0.414175 2.07484 -2.6
      vertex 0.725735 1.56642 -2.6
    endloop
  endfacet
  facet normal 0 0 1
    outer loop
      vertex 4.52467 4.90077 -2.6
      vertex 0.185985 2.62574 -2.6
      vertex 0.414175 2.07484 -2.6
    endloop
  endfacet
  facet normal 0 0 1
    outer loop
      vertex 4.52467 4.90077 -2.6
      vertex 0.0467834 3.20555 -2.6
      vertex 0.185985 2.62574 -2.6
    endloop
  endfacet
  facet normal 0.97237 -0.233445 0
    outer loop
      vertex 91.414 2.62574 -2.6
      vertex 91.5532 3.20555 -5
      vertex 91.5532 3.20555 -2.6
    endloop
  endfacet
  facet normal 0.97237 -0.233445 0
    outer loop
      vertex 91.5532 3.20555 -5
      vertex 91.414 2.62574 -2.6
      vertex 91.414 2.62574 -5
    endloop
  endfacet
  facet normal -0.92388 -0.382683 0
    outer loop
      vertex 0.414175 2.07484 -5
      vertex 0.185985 2.62574 -2.6
      vertex 0.185985 2.62574 -5
    endloop
  endfacet
  facet normal -0.92388 -0.382683 0
    outer loop
      vertex 0.185985 2.62574 -2.6
      vertex 0.414175 2.07484 -5
      vertex 0.414175 2.07484 -2.6
    endloop
  endfacet
  facet normal -0.972373 -0.233431 0
    outer loop
      vertex 7.57907 6.16594 -4.5
      vertex 7.5168 6.42533 -2.6
      vertex 7.5168 6.42533 -4.5
    endloop
  endfacet
  facet normal -0.972373 -0.233431 0
    outer loop
      vertex 7.5168 6.42533 -2.6
      vertex 7.57907 6.16594 -4.5
      vertex 7.57907 6.16594 -2.6
    endloop
  endfacet
  facet normal -0.996917 -0.0784593 0
    outer loop
      vertex 7.6 5.9 -4.5
      vertex 7.57907 6.16594 -2.6
      vertex 7.57907 6.16594 -4.5
    endloop
  endfacet
  facet normal -0.996917 -0.0784593 0
    outer loop
      vertex 7.57907 6.16594 -2.6
      vertex 7.6 5.9 -4.5
      vertex 7.6 5.9 -2.6
    endloop
  endfacet
  facet normal -0.92387 -0.382706 0
    outer loop
      vertex 7.5168 6.42533 -4.5
      vertex 7.41471 6.67178 -2.6
      vertex 7.41471 6.67178 -4.5
    endloop
  endfacet
  facet normal -0.92387 -0.382706 0
    outer loop
      vertex 7.41471 6.67178 -2.6
      vertex 7.5168 6.42533 -4.5
      vertex 7.5168 6.42533 -2.6
    endloop
  endfacet
  facet normal -0.522494 0.852643 0
    outer loop
      vertex 6.89923 4.52467 -4.5
      vertex 6.67178 4.38529 -2.6
      vertex 6.89923 4.52467 -2.6
    endloop
  endfacet
  facet normal -0.522494 0.852643 0
    outer loop
      vertex 6.67178 4.38529 -2.6
      vertex 6.89923 4.52467 -4.5
      vertex 6.67178 4.38529 -4.5
    endloop
  endfacet
  facet normal 0.92387 -0.382706 0
    outer loop
      vertex 4.2832 6.42533 -2.6
      vertex 4.38529 6.67178 -4.5
      vertex 4.38529 6.67178 -2.6
    endloop
  endfacet
  facet normal 0.92387 -0.382706 0
    outer loop
      vertex 4.38529 6.67178 -4.5
      vertex 4.2832 6.42533 -2.6
      vertex 4.2832 6.42533 -4.5
    endloop
  endfacet
  facet normal 0.522494 0.852643 -0
    outer loop
      vertex 5.12822 4.38529 -4.5
      vertex 4.90077 4.52467 -2.6
      vertex 5.12822 4.38529 -2.6
    endloop
  endfacet
  facet normal 0.522494 0.852643 0
    outer loop
      vertex 4.90077 4.52467 -2.6
      vertex 5.12822 4.38529 -4.5
      vertex 4.90077 4.52467 -4.5
    endloop
  endfacet
  facet normal -0.972373 0.233431 0
    outer loop
      vertex 7.5168 5.37467 -4.5
      vertex 7.57907 5.63406 -2.6
      vertex 7.57907 5.63406 -4.5
    endloop
  endfacet
  facet normal -0.972373 0.233431 0
    outer loop
      vertex 7.57907 5.63406 -2.6
      vertex 7.5168 5.37467 -4.5
      vertex 7.5168 5.37467 -2.6
    endloop
  endfacet
  facet normal -0.382706 0.92387 0
    outer loop
      vertex 6.67178 4.38529 -4.5
      vertex 6.42533 4.2832 -2.6
      vertex 6.67178 4.38529 -2.6
    endloop
  endfacet
  facet normal -0.382706 0.92387 0
    outer loop
      vertex 6.42533 4.2832 -2.6
      vertex 6.67178 4.38529 -4.5
      vertex 6.42533 4.2832 -4.5
    endloop
  endfacet
  facet normal 0.382706 -0.92387 0
    outer loop
      vertex 5.12822 7.41471 -4.5
      vertex 5.37467 7.5168 -2.6
      vertex 5.12822 7.41471 -2.6
    endloop
  endfacet
  facet normal 0.382706 -0.92387 0
    outer loop
      vertex 5.37467 7.5168 -2.6
      vertex 5.12822 7.41471 -4.5
      vertex 5.37467 7.5168 -4.5
    endloop
  endfacet
  facet normal 0.522494 -0.852643 0
    outer loop
      vertex 4.90077 7.27533 -4.5
      vertex 5.12822 7.41471 -2.6
      vertex 4.90077 7.27533 -2.6
    endloop
  endfacet
  facet normal 0.522494 -0.852643 0
    outer loop
      vertex 5.12822 7.41471 -2.6
      vertex 4.90077 7.27533 -4.5
      vertex 5.12822 7.41471 -4.5
    endloop
  endfacet
  facet normal 0.233431 -0.972373 0
    outer loop
      vertex 5.37467 7.5168 -4.5
      vertex 5.63406 7.57907 -2.6
      vertex 5.37467 7.5168 -2.6
    endloop
  endfacet
  facet normal 0.233431 -0.972373 0
    outer loop
      vertex 5.63406 7.57907 -2.6
      vertex 5.37467 7.5168 -4.5
      vertex 5.63406 7.57907 -4.5
    endloop
  endfacet
  facet normal -0.649447 0.760406 0
    outer loop
      vertex 7.10208 4.69792 -4.5
      vertex 6.89923 4.52467 -2.6
      vertex 7.10208 4.69792 -2.6
    endloop
  endfacet
  facet normal -0.649447 0.760406 0
    outer loop
      vertex 6.89923 4.52467 -2.6
      vertex 7.10208 4.69792 -4.5
      vertex 6.89923 4.52467 -4.5
    endloop
  endfacet
  facet normal 0.0784593 -0.996917 0
    outer loop
      vertex 5.63406 7.57907 -4.5
      vertex 5.9 7.6 -2.6
      vertex 5.63406 7.57907 -2.6
    endloop
  endfacet
  facet normal 0.0784593 -0.996917 0
    outer loop
      vertex 5.9 7.6 -2.6
      vertex 5.63406 7.57907 -4.5
      vertex 5.9 7.6 -4.5
    endloop
  endfacet
  facet normal 0.92387 0.382706 0
    outer loop
      vertex 4.38529 5.12822 -2.6
      vertex 4.2832 5.37467 -4.5
      vertex 4.2832 5.37467 -2.6
    endloop
  endfacet
  facet normal 0.92387 0.382706 0
    outer loop
      vertex 4.2832 5.37467 -4.5
      vertex 4.38529 5.12822 -2.6
      vertex 4.38529 5.12822 -4.5
    endloop
  endfacet
  facet normal 0.760406 -0.649447 0
    outer loop
      vertex 4.52467 6.89923 -2.6
      vertex 4.69792 7.10208 -4.5
      vertex 4.69792 7.10208 -2.6
    endloop
  endfacet
  facet normal 0.760406 -0.649447 0
    outer loop
      vertex 4.69792 7.10208 -4.5
      vertex 4.52467 6.89923 -2.6
      vertex 4.52467 6.89923 -4.5
    endloop
  endfacet
  facet normal 0.233431 0.972373 -0
    outer loop
      vertex 5.63406 4.22093 -4.5
      vertex 5.37467 4.2832 -2.6
      vertex 5.63406 4.22093 -2.6
    endloop
  endfacet
  facet normal 0.233431 0.972373 0
    outer loop
      vertex 5.37467 4.2832 -2.6
      vertex 5.63406 4.22093 -4.5
      vertex 5.37467 4.2832 -4.5
    endloop
  endfacet
  facet normal -0.92387 0.382706 0
    outer loop
      vertex 7.41471 5.12822 -4.5
      vertex 7.5168 5.37467 -2.6
      vertex 7.5168 5.37467 -4.5
    endloop
  endfacet
  facet normal -0.92387 0.382706 0
    outer loop
      vertex 7.5168 5.37467 -2.6
      vertex 7.41471 5.12822 -4.5
      vertex 7.41471 5.12822 -2.6
    endloop
  endfacet
  facet normal 0.760406 0.649447 0
    outer loop
      vertex 4.69792 4.69792 -2.6
      vertex 4.52467 4.90077 -4.5
      vertex 4.52467 4.90077 -2.6
    endloop
  endfacet
  facet normal 0.760406 0.649447 0
    outer loop
      vertex 4.52467 4.90077 -4.5
      vertex 4.69792 4.69792 -2.6
      vertex 4.69792 4.69792 -4.5
    endloop
  endfacet
  facet normal 0.649447 -0.760406 0
    outer loop
      vertex 4.69792 7.10208 -4.5
      vertex 4.90077 7.27533 -2.6
      vertex 4.69792 7.10208 -2.6
    endloop
  endfacet
  facet normal 0.649447 -0.760406 0
    outer loop
      vertex 4.90077 7.27533 -2.6
      vertex 4.69792 7.10208 -4.5
      vertex 4.90077 7.27533 -4.5
    endloop
  endfacet
  facet normal -0.0784593 0.996917 0
    outer loop
      vertex 6.16594 4.22093 -4.5
      vertex 5.9 4.2 -2.6
      vertex 6.16594 4.22093 -2.6
    endloop
  endfacet
  facet normal -0.0784593 0.996917 0
    outer loop
      vertex 5.9 4.2 -2.6
      vertex 6.16594 4.22093 -4.5
      vertex 5.9 4.2 -4.5
    endloop
  endfacet
  facet normal -0.852643 0.522494 0
    outer loop
      vertex 7.27533 4.90077 -4.5
      vertex 7.41471 5.12822 -2.6
      vertex 7.41471 5.12822 -4.5
    endloop
  endfacet
  facet normal -0.852643 0.522494 0
    outer loop
      vertex 7.41471 5.12822 -2.6
      vertex 7.27533 4.90077 -4.5
      vertex 7.27533 4.90077 -2.6
    endloop
  endfacet
  facet normal -0.852643 -0.522494 0
    outer loop
      vertex 7.41471 6.67178 -4.5
      vertex 7.27533 6.89923 -2.6
      vertex 7.27533 6.89923 -4.5
    endloop
  endfacet
  facet normal -0.852643 -0.522494 0
    outer loop
      vertex 7.27533 6.89923 -2.6
      vertex 7.41471 6.67178 -4.5
      vertex 7.41471 6.67178 -2.6
    endloop
  endfacet
  facet normal -0.996917 0.0784593 0
    outer loop
      vertex 7.57907 5.63406 -4.5
      vertex 7.6 5.9 -2.6
      vertex 7.6 5.9 -4.5
    endloop
  endfacet
  facet normal -0.996917 0.0784593 0
    outer loop
      vertex 7.6 5.9 -2.6
      vertex 7.57907 5.63406 -4.5
      vertex 7.57907 5.63406 -2.6
    endloop
  endfacet
  facet normal 0.972373 0.233431 0
    outer loop
      vertex 4.2832 5.37467 -2.6
      vertex 4.22093 5.63406 -4.5
      vertex 4.22093 5.63406 -2.6
    endloop
  endfacet
  facet normal 0.972373 0.233431 0
    outer loop
      vertex 4.22093 5.63406 -4.5
      vertex 4.2832 5.37467 -2.6
      vertex 4.2832 5.37467 -4.5
    endloop
  endfacet
  facet normal -0.522494 -0.852643 0
    outer loop
      vertex 6.67178 7.41471 -4.5
      vertex 6.89923 7.27533 -2.6
      vertex 6.67178 7.41471 -2.6
    endloop
  endfacet
  facet normal -0.522494 -0.852643 -0
    outer loop
      vertex 6.89923 7.27533 -2.6
      vertex 6.67178 7.41471 -4.5
      vertex 6.89923 7.27533 -4.5
    endloop
  endfacet
  facet normal -0.760406 -0.649447 0
    outer loop
      vertex 7.27533 6.89923 -4.5
      vertex 7.10208 7.10208 -2.6
      vertex 7.10208 7.10208 -4.5
    endloop
  endfacet
  facet normal -0.760406 -0.649447 0
    outer loop
      vertex 7.10208 7.10208 -2.6
      vertex 7.27533 6.89923 -4.5
      vertex 7.27533 6.89923 -2.6
    endloop
  endfacet
  facet normal 0.996917 -0.0784593 0
    outer loop
      vertex 4.2 5.9 -2.6
      vertex 4.22093 6.16594 -4.5
      vertex 4.22093 6.16594 -2.6
    endloop
  endfacet
  facet normal 0.996917 -0.0784593 0
    outer loop
      vertex 4.22093 6.16594 -4.5
      vertex 4.2 5.9 -2.6
      vertex 4.2 5.9 -4.5
    endloop
  endfacet
  facet normal -0.649447 -0.760406 0
    outer loop
      vertex 6.89923 7.27533 -4.5
      vertex 7.10208 7.10208 -2.6
      vertex 6.89923 7.27533 -2.6
    endloop
  endfacet
  facet normal -0.649447 -0.760406 -0
    outer loop
      vertex 7.10208 7.10208 -2.6
      vertex 6.89923 7.27533 -4.5
      vertex 7.10208 7.10208 -4.5
    endloop
  endfacet
  facet normal -0.233431 0.972373 0
    outer loop
      vertex 6.42533 4.2832 -4.5
      vertex 6.16594 4.22093 -2.6
      vertex 6.42533 4.2832 -2.6
    endloop
  endfacet
  facet normal -0.233431 0.972373 0
    outer loop
      vertex 6.16594 4.22093 -2.6
      vertex 6.42533 4.2832 -4.5
      vertex 6.16594 4.22093 -4.5
    endloop
  endfacet
  facet normal 0.852643 0.522494 0
    outer loop
      vertex 4.52467 4.90077 -2.6
      vertex 4.38529 5.12822 -4.5
      vertex 4.38529 5.12822 -2.6
    endloop
  endfacet
  facet normal 0.852643 0.522494 0
    outer loop
      vertex 4.38529 5.12822 -4.5
      vertex 4.52467 4.90077 -2.6
      vertex 4.52467 4.90077 -4.5
    endloop
  endfacet
  facet normal -0.0784593 -0.996917 0
    outer loop
      vertex 5.9 7.6 -4.5
      vertex 6.16594 7.57907 -2.6
      vertex 5.9 7.6 -2.6
    endloop
  endfacet
  facet normal -0.0784593 -0.996917 -0
    outer loop
      vertex 6.16594 7.57907 -2.6
      vertex 5.9 7.6 -4.5
      vertex 6.16594 7.57907 -4.5
    endloop
  endfacet
  facet normal 0.649447 0.760406 -0
    outer loop
      vertex 4.90077 4.52467 -4.5
      vertex 4.69792 4.69792 -2.6
      vertex 4.90077 4.52467 -2.6
    endloop
  endfacet
  facet normal 0.649447 0.760406 0
    outer loop
      vertex 4.69792 4.69792 -2.6
      vertex 4.90077 4.52467 -4.5
      vertex 4.69792 4.69792 -4.5
    endloop
  endfacet
  facet normal -0.760406 0.649447 0
    outer loop
      vertex 7.10208 4.69792 -4.5
      vertex 7.27533 4.90077 -2.6
      vertex 7.27533 4.90077 -4.5
    endloop
  endfacet
  facet normal -0.760406 0.649447 0
    outer loop
      vertex 7.27533 4.90077 -2.6
      vertex 7.10208 4.69792 -4.5
      vertex 7.10208 4.69792 -2.6
    endloop
  endfacet
  facet normal 0.852643 -0.522494 0
    outer loop
      vertex 4.38529 6.67178 -2.6
      vertex 4.52467 6.89923 -4.5
      vertex 4.52467 6.89923 -2.6
    endloop
  endfacet
  facet normal 0.852643 -0.522494 0
    outer loop
      vertex 4.52467 6.89923 -4.5
      vertex 4.38529 6.67178 -2.6
      vertex 4.38529 6.67178 -4.5
    endloop
  endfacet
  facet normal 0.996917 0.0784593 0
    outer loop
      vertex 4.22093 5.63406 -2.6
      vertex 4.2 5.9 -4.5
      vertex 4.2 5.9 -2.6
    endloop
  endfacet
  facet normal 0.996917 0.0784593 0
    outer loop
      vertex 4.2 5.9 -4.5
      vertex 4.22093 5.63406 -2.6
      vertex 4.22093 5.63406 -4.5
    endloop
  endfacet
  facet normal 0.382706 0.92387 -0
    outer loop
      vertex 5.37467 4.2832 -4.5
      vertex 5.12822 4.38529 -2.6
      vertex 5.37467 4.2832 -2.6
    endloop
  endfacet
  facet normal 0.382706 0.92387 0
    outer loop
      vertex 5.12822 4.38529 -2.6
      vertex 5.37467 4.2832 -4.5
      vertex 5.12822 4.38529 -4.5
    endloop
  endfacet
  facet normal -0.382706 -0.92387 0
    outer loop
      vertex 6.42533 7.5168 -4.5
      vertex 6.67178 7.41471 -2.6
      vertex 6.42533 7.5168 -2.6
    endloop
  endfacet
  facet normal -0.382706 -0.92387 -0
    outer loop
      vertex 6.67178 7.41471 -2.6
      vertex 6.42533 7.5168 -4.5
      vertex 6.67178 7.41471 -4.5
    endloop
  endfacet
  facet normal -0.233431 -0.972373 0
    outer loop
      vertex 6.16594 7.57907 -4.5
      vertex 6.42533 7.5168 -2.6
      vertex 6.16594 7.57907 -2.6
    endloop
  endfacet
  facet normal -0.233431 -0.972373 -0
    outer loop
      vertex 6.42533 7.5168 -2.6
      vertex 6.16594 7.57907 -4.5
      vertex 6.42533 7.5168 -4.5
    endloop
  endfacet
  facet normal 0.972373 -0.233431 0
    outer loop
      vertex 4.22093 6.16594 -2.6
      vertex 4.2832 6.42533 -4.5
      vertex 4.2832 6.42533 -2.6
    endloop
  endfacet
  facet normal 0.972373 -0.233431 0
    outer loop
      vertex 4.2832 6.42533 -4.5
      vertex 4.22093 6.16594 -2.6
      vertex 4.22093 6.16594 -4.5
    endloop
  endfacet
  facet normal 0.0784593 0.996917 -0
    outer loop
      vertex 5.9 4.2 -4.5
      vertex 5.63406 4.22093 -2.6
      vertex 5.9 4.2 -2.6
    endloop
  endfacet
  facet normal 0.0784593 0.996917 0
    outer loop
      vertex 5.63406 4.22093 -2.6
      vertex 5.9 4.2 -4.5
      vertex 5.63406 4.22093 -4.5
    endloop
  endfacet
  facet normal -0.233433 -0.972373 0
    outer loop
      vertex 6.3693 8.86306 -5
      vertex 6.82705 8.75317 -4.5
      vertex 6.3693 8.86306 -4.5
    endloop
  endfacet
  facet normal -0.233433 -0.972373 -0
    outer loop
      vertex 6.82705 8.75317 -4.5
      vertex 6.3693 8.86306 -5
      vertex 6.82705 8.75317 -5
    endloop
  endfacet
  facet normal -0.972373 -0.233433 0
    outer loop
      vertex 8.86306 6.3693 -5
      vertex 8.75317 6.82705 -4.5
      vertex 8.75317 6.82705 -5
    endloop
  endfacet
  facet normal -0.972373 -0.233433 0
    outer loop
      vertex 8.75317 6.82705 -4.5
      vertex 8.86306 6.3693 -5
      vertex 8.86306 6.3693 -4.5
    endloop
  endfacet
  facet normal -0.996916 -0.0784703 0
    outer loop
      vertex 8.9 5.9 -5
      vertex 8.86306 6.3693 -4.5
      vertex 8.86306 6.3693 -5
    endloop
  endfacet
  facet normal -0.996916 -0.0784703 0
    outer loop
      vertex 8.86306 6.3693 -4.5
      vertex 8.9 5.9 -5
      vertex 8.9 5.9 -4.5
    endloop
  endfacet
  facet normal -0.923879 -0.382684 0
    outer loop
      vertex 8.75317 6.82705 -5
      vertex 8.57302 7.26197 -4.5
      vertex 8.57302 7.26197 -5
    endloop
  endfacet
  facet normal -0.923879 -0.382684 0
    outer loop
      vertex 8.57302 7.26197 -4.5
      vertex 8.75317 6.82705 -5
      vertex 8.75317 6.82705 -4.5
    endloop
  endfacet
  facet normal 0.0784703 -0.996916 0
    outer loop
      vertex 5.4307 8.86306 -5
      vertex 5.9 8.9 -4.5
      vertex 5.4307 8.86306 -4.5
    endloop
  endfacet
  facet normal 0.0784703 -0.996916 0
    outer loop
      vertex 5.9 8.9 -4.5
      vertex 5.4307 8.86306 -5
      vertex 5.9 8.9 -5
    endloop
  endfacet
  facet normal -0.0784703 0.996916 0
    outer loop
      vertex 6.3693 2.93694 -5
      vertex 5.9 2.9 -4.5
      vertex 6.3693 2.93694 -4.5
    endloop
  endfacet
  facet normal -0.0784703 0.996916 0
    outer loop
      vertex 5.9 2.9 -4.5
      vertex 6.3693 2.93694 -5
      vertex 5.9 2.9 -5
    endloop
  endfacet
  facet normal 0.923879 0.382684 0
    outer loop
      vertex 3.22698 4.53803 -4.5
      vertex 3.04683 4.97295 -5
      vertex 3.04683 4.97295 -4.5
    endloop
  endfacet
  facet normal 0.923879 0.382684 0
    outer loop
      vertex 3.04683 4.97295 -5
      vertex 3.22698 4.53803 -4.5
      vertex 3.22698 4.53803 -5
    endloop
  endfacet
  facet normal -0.382684 0.923879 0
    outer loop
      vertex 7.26197 3.22698 -5
      vertex 6.82705 3.04683 -4.5
      vertex 7.26197 3.22698 -4.5
    endloop
  endfacet
  facet normal -0.382684 0.923879 0
    outer loop
      vertex 6.82705 3.04683 -4.5
      vertex 7.26197 3.22698 -5
      vertex 6.82705 3.04683 -5
    endloop
  endfacet
  facet normal -0.972373 0.233433 0
    outer loop
      vertex 8.75317 4.97295 -5
      vertex 8.86306 5.4307 -4.5
      vertex 8.86306 5.4307 -5
    endloop
  endfacet
  facet normal -0.972373 0.233433 0
    outer loop
      vertex 8.86306 5.4307 -4.5
      vertex 8.75317 4.97295 -5
      vertex 8.75317 4.97295 -4.5
    endloop
  endfacet
  facet normal -0.852642 -0.522495 0
    outer loop
      vertex 8.57302 7.26197 -5
      vertex 8.32705 7.66336 -4.5
      vertex 8.32705 7.66336 -5
    endloop
  endfacet
  facet normal -0.852642 -0.522495 0
    outer loop
      vertex 8.32705 7.66336 -4.5
      vertex 8.57302 7.26197 -5
      vertex 8.57302 7.26197 -4.5
    endloop
  endfacet
  facet normal 0 0 -1
    outer loop
      vertex 7.6 5.9 -4.5
      vertex 8.9 5.9 -4.5
      vertex 8.86306 5.4307 -4.5
    endloop
  endfacet
  facet normal 0 0 -1
    outer loop
      vertex 7.57907 5.63406 -4.5
      vertex 8.86306 5.4307 -4.5
      vertex 8.75317 4.97295 -4.5
    endloop
  endfacet
  facet normal 0 0 -1
    outer loop
      vertex 8.9 5.9 -4.5
      vertex 7.6 5.9 -4.5
      vertex 8.86306 6.3693 -4.5
    endloop
  endfacet
  facet normal 0 0 -1
    outer loop
      vertex 7.5168 5.37467 -4.5
      vertex 8.75317 4.97295 -4.5
      vertex 8.57302 4.53803 -4.5
    endloop
  endfacet
  facet normal 0 0 -1
    outer loop
      vertex 7.57907 6.16594 -4.5
      vertex 8.86306 6.3693 -4.5
      vertex 7.6 5.9 -4.5
    endloop
  endfacet
  facet normal 0 0 -1
    outer loop
      vertex 7.41471 5.12822 -4.5
      vertex 8.57302 4.53803 -4.5
      vertex 8.32705 4.13664 -4.5
    endloop
  endfacet
  facet normal -0 0 -1
    outer loop
      vertex 8.86306 6.3693 -4.5
      vertex 7.57907 6.16594 -4.5
      vertex 8.75317 6.82705 -4.5
    endloop
  endfacet
  facet normal 0 0 -1
    outer loop
      vertex 7.27533 4.90077 -4.5
      vertex 8.32705 4.13664 -4.5
      vertex 8.02132 3.77868 -4.5
    endloop
  endfacet
  facet normal 0 0 -1
    outer loop
      vertex 7.5168 6.42533 -4.5
      vertex 8.75317 6.82705 -4.5
      vertex 7.57907 6.16594 -4.5
    endloop
  endfacet
  facet normal 0 0 -1
    outer loop
      vertex 7.10208 4.69792 -4.5
      vertex 8.02132 3.77868 -4.5
      vertex 7.66336 3.47295 -4.5
    endloop
  endfacet
  facet normal -0 0 -1
    outer loop
      vertex 8.75317 6.82705 -4.5
      vertex 7.5168 6.42533 -4.5
      vertex 8.57302 7.26197 -4.5
    endloop
  endfacet
  facet normal 0 0 -1
    outer loop
      vertex 7.41471 6.67178 -4.5
      vertex 8.57302 7.26197 -4.5
      vertex 7.5168 6.42533 -4.5
    endloop
  endfacet
  facet normal 0 0 -1
    outer loop
      vertex 8.86306 5.4307 -4.5
      vertex 7.57907 5.63406 -4.5
      vertex 7.6 5.9 -4.5
    endloop
  endfacet
  facet normal 0 0 -1
    outer loop
      vertex 8.75317 4.97295 -4.5
      vertex 7.5168 5.37467 -4.5
      vertex 7.57907 5.63406 -4.5
    endloop
  endfacet
  facet normal 0 0 -1
    outer loop
      vertex 8.57302 4.53803 -4.5
      vertex 7.41471 5.12822 -4.5
      vertex 7.5168 5.37467 -4.5
    endloop
  endfacet
  facet normal 0 0 -1
    outer loop
      vertex 8.32705 4.13664 -4.5
      vertex 7.27533 4.90077 -4.5
      vertex 7.41471 5.12822 -4.5
    endloop
  endfacet
  facet normal 0 0 -1
    outer loop
      vertex 6.89923 4.52467 -4.5
      vertex 7.66336 3.47295 -4.5
      vertex 7.26197 3.22698 -4.5
    endloop
  endfacet
  facet normal 0 0 -1
    outer loop
      vertex 8.02132 3.77868 -4.5
      vertex 7.10208 4.69792 -4.5
      vertex 7.27533 4.90077 -4.5
    endloop
  endfacet
  facet normal 0 0 -1
    outer loop
      vertex 7.66336 3.47295 -4.5
      vertex 6.89923 4.52467 -4.5
      vertex 7.10208 4.69792 -4.5
    endloop
  endfacet
  facet normal 0 0 -1
    outer loop
      vertex 6.67178 4.38529 -4.5
      vertex 7.26197 3.22698 -4.5
      vertex 6.82705 3.04683 -4.5
    endloop
  endfacet
  facet normal 0 0 -1
    outer loop
      vertex 7.26197 3.22698 -4.5
      vertex 6.67178 4.38529 -4.5
      vertex 6.89923 4.52467 -4.5
    endloop
  endfacet
  facet normal 0 0 -1
    outer loop
      vertex 6.82705 3.04683 -4.5
      vertex 6.42533 4.2832 -4.5
      vertex 6.67178 4.38529 -4.5
    endloop
  endfacet
  facet normal 0 0 -1
    outer loop
      vertex 6.3693 2.93694 -4.5
      vertex 6.42533 4.2832 -4.5
      vertex 6.82705 3.04683 -4.5
    endloop
  endfacet
  facet normal 0 0 -1
    outer loop
      vertex 6.3693 2.93694 -4.5
      vertex 6.16594 4.22093 -4.5
      vertex 6.42533 4.2832 -4.5
    endloop
  endfacet
  facet normal 0 0 -1
    outer loop
      vertex 5.9 2.9 -4.5
      vertex 6.16594 4.22093 -4.5
      vertex 6.3693 2.93694 -4.5
    endloop
  endfacet
  facet normal 0 0 -1
    outer loop
      vertex 5.9 2.9 -4.5
      vertex 5.9 4.2 -4.5
      vertex 6.16594 4.22093 -4.5
    endloop
  endfacet
  facet normal 0 0 -1
    outer loop
      vertex 5.9 2.9 -4.5
      vertex 5.63406 4.22093 -4.5
      vertex 5.9 4.2 -4.5
    endloop
  endfacet
  facet normal 0 0 -1
    outer loop
      vertex 5.4307 2.93694 -4.5
      vertex 5.63406 4.22093 -4.5
      vertex 5.9 2.9 -4.5
    endloop
  endfacet
  facet normal 0 0 -1
    outer loop
      vertex 5.4307 2.93694 -4.5
      vertex 5.37467 4.2832 -4.5
      vertex 5.63406 4.22093 -4.5
    endloop
  endfacet
  facet normal 0 0 -1
    outer loop
      vertex 4.97295 3.04683 -4.5
      vertex 5.37467 4.2832 -4.5
      vertex 5.4307 2.93694 -4.5
    endloop
  endfacet
  facet normal -0 0 -1
    outer loop
      vertex 5.37467 4.2832 -4.5
      vertex 4.97295 3.04683 -4.5
      vertex 5.12822 4.38529 -4.5
    endloop
  endfacet
  facet normal 0 0 -1
    outer loop
      vertex 4.53803 3.22698 -4.5
      vertex 5.12822 4.38529 -4.5
      vertex 4.97295 3.04683 -4.5
    endloop
  endfacet
  facet normal -0 0 -1
    outer loop
      vertex 5.12822 4.38529 -4.5
      vertex 4.53803 3.22698 -4.5
      vertex 4.90077 4.52467 -4.5
    endloop
  endfacet
  facet normal 0 0 -1
    outer loop
      vertex 4.13664 3.47295 -4.5
      vertex 4.90077 4.52467 -4.5
      vertex 4.53803 3.22698 -4.5
    endloop
  endfacet
  facet normal -0 0 -1
    outer loop
      vertex 4.90077 4.52467 -4.5
      vertex 4.13664 3.47295 -4.5
      vertex 4.69792 4.69792 -4.5
    endloop
  endfacet
  facet normal 0 0 -1
    outer loop
      vertex 3.77868 3.77868 -4.5
      vertex 4.69792 4.69792 -4.5
      vertex 4.13664 3.47295 -4.5
    endloop
  endfacet
  facet normal -0 0 -1
    outer loop
      vertex 4.69792 4.69792 -4.5
      vertex 3.77868 3.77868 -4.5
      vertex 4.52467 4.90077 -4.5
    endloop
  endfacet
  facet normal 0 0 -1
    outer loop
      vertex 3.47295 4.13664 -4.5
      vertex 4.52467 4.90077 -4.5
      vertex 3.77868 3.77868 -4.5
    endloop
  endfacet
  facet normal 0 0 -1
    outer loop
      vertex 3.22698 4.53803 -4.5
      vertex 4.38529 5.12822 -4.5
      vertex 3.47295 4.13664 -4.5
    endloop
  endfacet
  facet normal -0 0 -1
    outer loop
      vertex 4.52467 4.90077 -4.5
      vertex 3.47295 4.13664 -4.5
      vertex 4.38529 5.12822 -4.5
    endloop
  endfacet
  facet normal -0 0 -1
    outer loop
      vertex 8.57302 7.26197 -4.5
      vertex 7.41471 6.67178 -4.5
      vertex 8.32705 7.66336 -4.5
    endloop
  endfacet
  facet normal 0 0 -1
    outer loop
      vertex 7.27533 6.89923 -4.5
      vertex 8.32705 7.66336 -4.5
      vertex 7.41471 6.67178 -4.5
    endloop
  endfacet
  facet normal -0 0 -1
    outer loop
      vertex 8.32705 7.66336 -4.5
      vertex 7.27533 6.89923 -4.5
      vertex 8.02132 8.02132 -4.5
    endloop
  endfacet
  facet normal 0 0 -1
    outer loop
      vertex 7.10208 7.10208 -4.5
      vertex 8.02132 8.02132 -4.5
      vertex 7.27533 6.89923 -4.5
    endloop
  endfacet
  facet normal -0 0 -1
    outer loop
      vertex 8.02132 8.02132 -4.5
      vertex 7.10208 7.10208 -4.5
      vertex 7.66336 8.32705 -4.5
    endloop
  endfacet
  facet normal 0 0 -1
    outer loop
      vertex 6.89923 7.27533 -4.5
      vertex 7.66336 8.32705 -4.5
      vertex 7.10208 7.10208 -4.5
    endloop
  endfacet
  facet normal -0 0 -1
    outer loop
      vertex 7.66336 8.32705 -4.5
      vertex 6.89923 7.27533 -4.5
      vertex 7.26197 8.57302 -4.5
    endloop
  endfacet
  facet normal 0 0 -1
    outer loop
      vertex 6.67178 7.41471 -4.5
      vertex 7.26197 8.57302 -4.5
      vertex 6.89923 7.27533 -4.5
    endloop
  endfacet
  facet normal -0 0 -1
    outer loop
      vertex 7.26197 8.57302 -4.5
      vertex 6.67178 7.41471 -4.5
      vertex 6.82705 8.75317 -4.5
    endloop
  endfacet
  facet normal 0 0 -1
    outer loop
      vertex 6.42533 7.5168 -4.5
      vertex 6.82705 8.75317 -4.5
      vertex 6.67178 7.41471 -4.5
    endloop
  endfacet
  facet normal 0 0 -1
    outer loop
      vertex 6.42533 7.5168 -4.5
      vertex 6.3693 8.86306 -4.5
      vertex 6.82705 8.75317 -4.5
    endloop
  endfacet
  facet normal 0 0 -1
    outer loop
      vertex 6.16594 7.57907 -4.5
      vertex 6.3693 8.86306 -4.5
      vertex 6.42533 7.5168 -4.5
    endloop
  endfacet
  facet normal 0 0 -1
    outer loop
      vertex 5.9 7.6 -4.5
      vertex 6.3693 8.86306 -4.5
      vertex 6.16594 7.57907 -4.5
    endloop
  endfacet
  facet normal 0 0 -1
    outer loop
      vertex 5.9 7.6 -4.5
      vertex 5.9 8.9 -4.5
      vertex 6.3693 8.86306 -4.5
    endloop
  endfacet
  facet normal 0 0 -1
    outer loop
      vertex 5.63406 7.57907 -4.5
      vertex 5.9 8.9 -4.5
      vertex 5.9 7.6 -4.5
    endloop
  endfacet
  facet normal 0 0 -1
    outer loop
      vertex 5.63406 7.57907 -4.5
      vertex 5.4307 8.86306 -4.5
      vertex 5.9 8.9 -4.5
    endloop
  endfacet
  facet normal 0 0 -1
    outer loop
      vertex 5.37467 7.5168 -4.5
      vertex 5.4307 8.86306 -4.5
      vertex 5.63406 7.57907 -4.5
    endloop
  endfacet
  facet normal 0 0 -1
    outer loop
      vertex 4.97295 8.75317 -4.5
      vertex 5.37467 7.5168 -4.5
      vertex 5.12822 7.41471 -4.5
    endloop
  endfacet
  facet normal 0 0 -1
    outer loop
      vertex 5.37467 7.5168 -4.5
      vertex 4.97295 8.75317 -4.5
      vertex 5.4307 8.86306 -4.5
    endloop
  endfacet
  facet normal 0 0 -1
    outer loop
      vertex 4.53803 8.57302 -4.5
      vertex 5.12822 7.41471 -4.5
      vertex 4.90077 7.27533 -4.5
    endloop
  endfacet
  facet normal 0 0 -1
    outer loop
      vertex 4.13664 8.32705 -4.5
      vertex 4.90077 7.27533 -4.5
      vertex 4.69792 7.10208 -4.5
    endloop
  endfacet
  facet normal 0 0 -1
    outer loop
      vertex 5.12822 7.41471 -4.5
      vertex 4.53803 8.57302 -4.5
      vertex 4.97295 8.75317 -4.5
    endloop
  endfacet
  facet normal 0 0 -1
    outer loop
      vertex 3.77868 8.02132 -4.5
      vertex 4.69792 7.10208 -4.5
      vertex 4.52467 6.89923 -4.5
    endloop
  endfacet
  facet normal 0 0 -1
    outer loop
      vertex 3.47295 7.66336 -4.5
      vertex 4.52467 6.89923 -4.5
      vertex 4.38529 6.67178 -4.5
    endloop
  endfacet
  facet normal 0 0 -1
    outer loop
      vertex 3.22698 7.26197 -4.5
      vertex 4.38529 6.67178 -4.5
      vertex 4.2832 6.42533 -4.5
    endloop
  endfacet
  facet normal 0 0 -1
    outer loop
      vertex 3.04683 6.82705 -4.5
      vertex 4.2832 6.42533 -4.5
      vertex 4.22093 6.16594 -4.5
    endloop
  endfacet
  facet normal 0 0 -1
    outer loop
      vertex 4.90077 7.27533 -4.5
      vertex 4.13664 8.32705 -4.5
      vertex 4.53803 8.57302 -4.5
    endloop
  endfacet
  facet normal 0 0 -1
    outer loop
      vertex 2.93694 6.3693 -4.5
      vertex 4.22093 6.16594 -4.5
      vertex 4.2 5.9 -4.5
    endloop
  endfacet
  facet normal -0 0 -1
    outer loop
      vertex 4.38529 5.12822 -4.5
      vertex 3.22698 4.53803 -4.5
      vertex 4.2832 5.37467 -4.5
    endloop
  endfacet
  facet normal 0 0 -1
    outer loop
      vertex 3.04683 4.97295 -4.5
      vertex 4.2832 5.37467 -4.5
      vertex 3.22698 4.53803 -4.5
    endloop
  endfacet
  facet normal 0 0 -1
    outer loop
      vertex 4.69792 7.10208 -4.5
      vertex 3.77868 8.02132 -4.5
      vertex 4.13664 8.32705 -4.5
    endloop
  endfacet
  facet normal -0 0 -1
    outer loop
      vertex 4.2832 5.37467 -4.5
      vertex 3.04683 4.97295 -4.5
      vertex 4.22093 5.63406 -4.5
    endloop
  endfacet
  facet normal 0 0 -1
    outer loop
      vertex 4.52467 6.89923 -4.5
      vertex 3.47295 7.66336 -4.5
      vertex 3.77868 8.02132 -4.5
    endloop
  endfacet
  facet normal 0 0 -1
    outer loop
      vertex 2.93694 5.4307 -4.5
      vertex 4.22093 5.63406 -4.5
      vertex 3.04683 4.97295 -4.5
    endloop
  endfacet
  facet normal 0 0 -1
    outer loop
      vertex 4.38529 6.67178 -4.5
      vertex 3.22698 7.26197 -4.5
      vertex 3.47295 7.66336 -4.5
    endloop
  endfacet
  facet normal -0 0 -1
    outer loop
      vertex 4.22093 5.63406 -4.5
      vertex 2.93694 5.4307 -4.5
      vertex 4.2 5.9 -4.5
    endloop
  endfacet
  facet normal 0 0 -1
    outer loop
      vertex 4.2832 6.42533 -4.5
      vertex 3.04683 6.82705 -4.5
      vertex 3.22698 7.26197 -4.5
    endloop
  endfacet
  facet normal 0 0 -1
    outer loop
      vertex 2.9 5.9 -4.5
      vertex 4.2 5.9 -4.5
      vertex 2.93694 5.4307 -4.5
    endloop
  endfacet
  facet normal 0 0 -1
    outer loop
      vertex 4.22093 6.16594 -4.5
      vertex 2.93694 6.3693 -4.5
      vertex 3.04683 6.82705 -4.5
    endloop
  endfacet
  facet normal 0 0 -1
    outer loop
      vertex 4.2 5.9 -4.5
      vertex 2.9 5.9 -4.5
      vertex 2.93694 6.3693 -4.5
    endloop
  endfacet
  facet normal -0.522495 -0.852642 0
    outer loop
      vertex 7.26197 8.57302 -5
      vertex 7.66336 8.32705 -4.5
      vertex 7.26197 8.57302 -4.5
    endloop
  endfacet
  facet normal -0.522495 -0.852642 -0
    outer loop
      vertex 7.66336 8.32705 -4.5
      vertex 7.26197 8.57302 -5
      vertex 7.66336 8.32705 -5
    endloop
  endfacet
  facet normal -0.233433 0.972373 0
    outer loop
      vertex 6.82705 3.04683 -5
      vertex 6.3693 2.93694 -4.5
      vertex 6.82705 3.04683 -4.5
    endloop
  endfacet
  facet normal -0.233433 0.972373 0
    outer loop
      vertex 6.3693 2.93694 -4.5
      vertex 6.82705 3.04683 -5
      vertex 6.3693 2.93694 -5
    endloop
  endfacet
  facet normal 0.0784703 0.996916 -0
    outer loop
      vertex 5.9 2.9 -5
      vertex 5.4307 2.93694 -4.5
      vertex 5.9 2.9 -4.5
    endloop
  endfacet
  facet normal 0.0784703 0.996916 0
    outer loop
      vertex 5.4307 2.93694 -4.5
      vertex 5.9 2.9 -5
      vertex 5.4307 2.93694 -5
    endloop
  endfacet
  facet normal -0.996916 0.0784703 0
    outer loop
      vertex 8.86306 5.4307 -5
      vertex 8.9 5.9 -4.5
      vertex 8.9 5.9 -5
    endloop
  endfacet
  facet normal -0.996916 0.0784703 0
    outer loop
      vertex 8.9 5.9 -4.5
      vertex 8.86306 5.4307 -5
      vertex 8.86306 5.4307 -4.5
    endloop
  endfacet
  facet normal 0.649452 0.760403 -0
    outer loop
      vertex 4.13664 3.47295 -5
      vertex 3.77868 3.77868 -4.5
      vertex 4.13664 3.47295 -4.5
    endloop
  endfacet
  facet normal 0.649452 0.760403 0
    outer loop
      vertex 3.77868 3.77868 -4.5
      vertex 4.13664 3.47295 -5
      vertex 3.77868 3.77868 -5
    endloop
  endfacet
  facet normal -0.649452 -0.760403 0
    outer loop
      vertex 7.66336 8.32705 -5
      vertex 8.02132 8.02132 -4.5
      vertex 7.66336 8.32705 -4.5
    endloop
  endfacet
  facet normal -0.649452 -0.760403 -0
    outer loop
      vertex 8.02132 8.02132 -4.5
      vertex 7.66336 8.32705 -5
      vertex 8.02132 8.02132 -5
    endloop
  endfacet
  facet normal 0.522495 0.852642 -0
    outer loop
      vertex 4.53803 3.22698 -5
      vertex 4.13664 3.47295 -4.5
      vertex 4.53803 3.22698 -4.5
    endloop
  endfacet
  facet normal 0.522495 0.852642 0
    outer loop
      vertex 4.13664 3.47295 -4.5
      vertex 4.53803 3.22698 -5
      vertex 4.13664 3.47295 -5
    endloop
  endfacet
  facet normal -0.382684 -0.923879 0
    outer loop
      vertex 6.82705 8.75317 -5
      vertex 7.26197 8.57302 -4.5
      vertex 6.82705 8.75317 -4.5
    endloop
  endfacet
  facet normal -0.382684 -0.923879 -0
    outer loop
      vertex 7.26197 8.57302 -4.5
      vertex 6.82705 8.75317 -5
      vertex 7.26197 8.57302 -5
    endloop
  endfacet
  facet normal -0.852642 0.522495 0
    outer loop
      vertex 8.32705 4.13664 -5
      vertex 8.57302 4.53803 -4.5
      vertex 8.57302 4.53803 -5
    endloop
  endfacet
  facet normal -0.852642 0.522495 0
    outer loop
      vertex 8.57302 4.53803 -4.5
      vertex 8.32705 4.13664 -5
      vertex 8.32705 4.13664 -4.5
    endloop
  endfacet
  facet normal 0.233433 0.972373 -0
    outer loop
      vertex 5.4307 2.93694 -5
      vertex 4.97295 3.04683 -4.5
      vertex 5.4307 2.93694 -4.5
    endloop
  endfacet
  facet normal 0.233433 0.972373 0
    outer loop
      vertex 4.97295 3.04683 -4.5
      vertex 5.4307 2.93694 -5
      vertex 4.97295 3.04683 -5
    endloop
  endfacet
  facet normal -0.923879 0.382684 0
    outer loop
      vertex 8.57302 4.53803 -5
      vertex 8.75317 4.97295 -4.5
      vertex 8.75317 4.97295 -5
    endloop
  endfacet
  facet normal -0.923879 0.382684 0
    outer loop
      vertex 8.75317 4.97295 -4.5
      vertex 8.57302 4.53803 -5
      vertex 8.57302 4.53803 -4.5
    endloop
  endfacet
  facet normal -0.522495 0.852642 0
    outer loop
      vertex 7.66336 3.47295 -5
      vertex 7.26197 3.22698 -4.5
      vertex 7.66336 3.47295 -4.5
    endloop
  endfacet
  facet normal -0.522495 0.852642 0
    outer loop
      vertex 7.26197 3.22698 -4.5
      vertex 7.66336 3.47295 -5
      vertex 7.26197 3.22698 -5
    endloop
  endfacet
  facet normal 0.522495 -0.852642 0
    outer loop
      vertex 4.13664 8.32705 -5
      vertex 4.53803 8.57302 -4.5
      vertex 4.13664 8.32705 -4.5
    endloop
  endfacet
  facet normal 0.522495 -0.852642 0
    outer loop
      vertex 4.53803 8.57302 -4.5
      vertex 4.13664 8.32705 -5
      vertex 4.53803 8.57302 -5
    endloop
  endfacet
  facet normal 0.972373 -0.233433 0
    outer loop
      vertex 2.93694 6.3693 -4.5
      vertex 3.04683 6.82705 -5
      vertex 3.04683 6.82705 -4.5
    endloop
  endfacet
  facet normal 0.972373 -0.233433 0
    outer loop
      vertex 3.04683 6.82705 -5
      vertex 2.93694 6.3693 -4.5
      vertex 2.93694 6.3693 -5
    endloop
  endfacet
  facet normal -0.0784703 -0.996916 0
    outer loop
      vertex 5.9 8.9 -5
      vertex 6.3693 8.86306 -4.5
      vertex 5.9 8.9 -4.5
    endloop
  endfacet
  facet normal -0.0784703 -0.996916 -0
    outer loop
      vertex 6.3693 8.86306 -4.5
      vertex 5.9 8.9 -5
      vertex 6.3693 8.86306 -5
    endloop
  endfacet
  facet normal -0.760403 -0.649452 0
    outer loop
      vertex 8.32705 7.66336 -5
      vertex 8.02132 8.02132 -4.5
      vertex 8.02132 8.02132 -5
    endloop
  endfacet
  facet normal -0.760403 -0.649452 0
    outer loop
      vertex 8.02132 8.02132 -4.5
      vertex 8.32705 7.66336 -5
      vertex 8.32705 7.66336 -4.5
    endloop
  endfacet
  facet normal 0.649452 -0.760403 0
    outer loop
      vertex 3.77868 8.02132 -5
      vertex 4.13664 8.32705 -4.5
      vertex 3.77868 8.02132 -4.5
    endloop
  endfacet
  facet normal 0.649452 -0.760403 0
    outer loop
      vertex 4.13664 8.32705 -4.5
      vertex 3.77868 8.02132 -5
      vertex 4.13664 8.32705 -5
    endloop
  endfacet
  facet normal 0.996916 0.0784703 0
    outer loop
      vertex 2.93694 5.4307 -4.5
      vertex 2.9 5.9 -5
      vertex 2.9 5.9 -4.5
    endloop
  endfacet
  facet normal 0.996916 0.0784703 0
    outer loop
      vertex 2.9 5.9 -5
      vertex 2.93694 5.4307 -4.5
      vertex 2.93694 5.4307 -5
    endloop
  endfacet
  facet normal 0.972373 0.233433 0
    outer loop
      vertex 3.04683 4.97295 -4.5
      vertex 2.93694 5.4307 -5
      vertex 2.93694 5.4307 -4.5
    endloop
  endfacet
  facet normal 0.972373 0.233433 0
    outer loop
      vertex 2.93694 5.4307 -5
      vertex 3.04683 4.97295 -4.5
      vertex 3.04683 4.97295 -5
    endloop
  endfacet
  facet normal 0.923879 -0.382684 0
    outer loop
      vertex 3.04683 6.82705 -4.5
      vertex 3.22698 7.26197 -5
      vertex 3.22698 7.26197 -4.5
    endloop
  endfacet
  facet normal 0.923879 -0.382684 0
    outer loop
      vertex 3.22698 7.26197 -5
      vertex 3.04683 6.82705 -4.5
      vertex 3.04683 6.82705 -5
    endloop
  endfacet
  facet normal 0.382684 -0.923879 0
    outer loop
      vertex 4.53803 8.57302 -5
      vertex 4.97295 8.75317 -4.5
      vertex 4.53803 8.57302 -4.5
    endloop
  endfacet
  facet normal 0.382684 -0.923879 0
    outer loop
      vertex 4.97295 8.75317 -4.5
      vertex 4.53803 8.57302 -5
      vertex 4.97295 8.75317 -5
    endloop
  endfacet
  facet normal 0.852642 0.522495 0
    outer loop
      vertex 3.47295 4.13664 -4.5
      vertex 3.22698 4.53803 -5
      vertex 3.22698 4.53803 -4.5
    endloop
  endfacet
  facet normal 0.852642 0.522495 0
    outer loop
      vertex 3.22698 4.53803 -5
      vertex 3.47295 4.13664 -4.5
      vertex 3.47295 4.13664 -5
    endloop
  endfacet
  facet normal 0.760403 0.649452 0
    outer loop
      vertex 3.77868 3.77868 -4.5
      vertex 3.47295 4.13664 -5
      vertex 3.47295 4.13664 -4.5
    endloop
  endfacet
  facet normal 0.760403 0.649452 0
    outer loop
      vertex 3.47295 4.13664 -5
      vertex 3.77868 3.77868 -4.5
      vertex 3.77868 3.77868 -5
    endloop
  endfacet
  facet normal 0.382684 0.923879 -0
    outer loop
      vertex 4.97295 3.04683 -5
      vertex 4.53803 3.22698 -4.5
      vertex 4.97295 3.04683 -4.5
    endloop
  endfacet
  facet normal 0.382684 0.923879 0
    outer loop
      vertex 4.53803 3.22698 -4.5
      vertex 4.97295 3.04683 -5
      vertex 4.53803 3.22698 -5
    endloop
  endfacet
  facet normal 0.760403 -0.649452 0
    outer loop
      vertex 3.47295 7.66336 -4.5
      vertex 3.77868 8.02132 -5
      vertex 3.77868 8.02132 -4.5
    endloop
  endfacet
  facet normal 0.760403 -0.649452 0
    outer loop
      vertex 3.77868 8.02132 -5
      vertex 3.47295 7.66336 -4.5
      vertex 3.47295 7.66336 -5
    endloop
  endfacet
  facet normal 0.852642 -0.522495 0
    outer loop
      vertex 3.22698 7.26197 -4.5
      vertex 3.47295 7.66336 -5
      vertex 3.47295 7.66336 -4.5
    endloop
  endfacet
  facet normal 0.852642 -0.522495 0
    outer loop
      vertex 3.47295 7.66336 -5
      vertex 3.22698 7.26197 -4.5
      vertex 3.22698 7.26197 -5
    endloop
  endfacet
  facet normal 0.996916 -0.0784703 0
    outer loop
      vertex 2.9 5.9 -4.5
      vertex 2.93694 6.3693 -5
      vertex 2.93694 6.3693 -4.5
    endloop
  endfacet
  facet normal 0.996916 -0.0784703 0
    outer loop
      vertex 2.93694 6.3693 -5
      vertex 2.9 5.9 -4.5
      vertex 2.9 5.9 -5
    endloop
  endfacet
  facet normal 0.233433 -0.972373 0
    outer loop
      vertex 4.97295 8.75317 -5
      vertex 5.4307 8.86306 -4.5
      vertex 4.97295 8.75317 -4.5
    endloop
  endfacet
  facet normal 0.233433 -0.972373 0
    outer loop
      vertex 5.4307 8.86306 -4.5
      vertex 4.97295 8.75317 -5
      vertex 5.4307 8.86306 -5
    endloop
  endfacet
  facet normal -0.760403 0.649452 0
    outer loop
      vertex 8.02132 3.77868 -5
      vertex 8.32705 4.13664 -4.5
      vertex 8.32705 4.13664 -5
    endloop
  endfacet
  facet normal -0.760403 0.649452 0
    outer loop
      vertex 8.32705 4.13664 -4.5
      vertex 8.02132 3.77868 -5
      vertex 8.02132 3.77868 -4.5
    endloop
  endfacet
  facet normal -0.649452 0.760403 0
    outer loop
      vertex 8.02132 3.77868 -5
      vertex 7.66336 3.47295 -4.5
      vertex 8.02132 3.77868 -4.5
    endloop
  endfacet
  facet normal -0.649452 0.760403 0
    outer loop
      vertex 7.66336 3.47295 -4.5
      vertex 8.02132 3.77868 -5
      vertex 7.66336 3.47295 -5
    endloop
  endfacet
  facet normal -0.760499 0.649339 0
    outer loop
      vertex 87.3021 4.69792 -4.5
      vertex 87.4753 4.90077 -2.6
      vertex 87.4753 4.90077 -4.5
    endloop
  endfacet
  facet normal -0.760499 0.649339 0
    outer loop
      vertex 87.4753 4.90077 -2.6
      vertex 87.3021 4.69792 -4.5
      vertex 87.3021 4.69792 -2.6
    endloop
  endfacet
  facet normal 0.0784711 0.996916 -0
    outer loop
      vertex 86.1 4.2 -4.5
      vertex 85.8341 4.22093 -2.6
      vertex 86.1 4.2 -2.6
    endloop
  endfacet
  facet normal 0.0784711 0.996916 0
    outer loop
      vertex 85.8341 4.22093 -2.6
      vertex 86.1 4.2 -4.5
      vertex 85.8341 4.22093 -4.5
    endloop
  endfacet
  facet normal -0.972348 -0.233537 0
    outer loop
      vertex 87.7791 6.16594 -4.5
      vertex 87.7168 6.42533 -2.6
      vertex 87.7168 6.42533 -4.5
    endloop
  endfacet
  facet normal -0.972348 -0.233537 0
    outer loop
      vertex 87.7168 6.42533 -2.6
      vertex 87.7791 6.16594 -4.5
      vertex 87.7791 6.16594 -2.6
    endloop
  endfacet
  facet normal 0.972348 -0.233537 0
    outer loop
      vertex 84.4209 6.16594 -2.6
      vertex 84.4832 6.42533 -4.5
      vertex 84.4832 6.42533 -2.6
    endloop
  endfacet
  facet normal 0.972348 -0.233537 0
    outer loop
      vertex 84.4832 6.42533 -4.5
      vertex 84.4209 6.16594 -2.6
      vertex 84.4209 6.16594 -4.5
    endloop
  endfacet
  facet normal 0.649355 -0.760485 0
    outer loop
      vertex 84.8979 7.10208 -4.5
      vertex 85.1008 7.27533 -2.6
      vertex 84.8979 7.10208 -2.6
    endloop
  endfacet
  facet normal 0.649355 -0.760485 0
    outer loop
      vertex 85.1008 7.27533 -2.6
      vertex 84.8979 7.10208 -4.5
      vertex 85.1008 7.27533 -4.5
    endloop
  endfacet
  facet normal -0.852609 0.522549 0
    outer loop
      vertex 87.4753 4.90077 -4.5
      vertex 87.6147 5.12822 -2.6
      vertex 87.6147 5.12822 -4.5
    endloop
  endfacet
  facet normal -0.852609 0.522549 0
    outer loop
      vertex 87.6147 5.12822 -2.6
      vertex 87.4753 4.90077 -4.5
      vertex 87.4753 4.90077 -2.6
    endloop
  endfacet
  facet normal -0.649355 -0.760485 0
    outer loop
      vertex 87.0992 7.27533 -4.5
      vertex 87.3021 7.10208 -2.6
      vertex 87.0992 7.27533 -2.6
    endloop
  endfacet
  facet normal -0.649355 -0.760485 -0
    outer loop
      vertex 87.3021 7.10208 -2.6
      vertex 87.0992 7.27533 -4.5
      vertex 87.3021 7.10208 -4.5
    endloop
  endfacet
  facet normal 0.38264 0.923898 -0
    outer loop
      vertex 85.5747 4.2832 -4.5
      vertex 85.3282 4.38529 -2.6
      vertex 85.5747 4.2832 -2.6
    endloop
  endfacet
  facet normal 0.38264 0.923898 0
    outer loop
      vertex 85.3282 4.38529 -2.6
      vertex 85.5747 4.2832 -4.5
      vertex 85.3282 4.38529 -4.5
    endloop
  endfacet
  facet normal -0.38264 -0.923898 0
    outer loop
      vertex 86.6253 7.5168 -4.5
      vertex 86.8718 7.41471 -2.6
      vertex 86.6253 7.5168 -2.6
    endloop
  endfacet
  facet normal -0.38264 -0.923898 -0
    outer loop
      vertex 86.8718 7.41471 -2.6
      vertex 86.6253 7.5168 -4.5
      vertex 86.8718 7.41471 -4.5
    endloop
  endfacet
  facet normal -0.649355 0.760485 0
    outer loop
      vertex 87.3021 4.69792 -4.5
      vertex 87.0992 4.52467 -2.6
      vertex 87.3021 4.69792 -2.6
    endloop
  endfacet
  facet normal -0.649355 0.760485 0
    outer loop
      vertex 87.0992 4.52467 -2.6
      vertex 87.3021 4.69792 -4.5
      vertex 87.0992 4.52467 -4.5
    endloop
  endfacet
  facet normal -0.522578 0.852592 0
    outer loop
      vertex 87.0992 4.52467 -4.5
      vertex 86.8718 4.38529 -2.6
      vertex 87.0992 4.52467 -2.6
    endloop
  endfacet
  facet normal -0.522578 0.852592 0
    outer loop
      vertex 86.8718 4.38529 -2.6
      vertex 87.0992 4.52467 -4.5
      vertex 86.8718 4.38529 -4.5
    endloop
  endfacet
  facet normal -0.996926 -0.0783476 0
    outer loop
      vertex 87.8 5.9 -4.5
      vertex 87.7791 6.16594 -2.6
      vertex 87.7791 6.16594 -4.5
    endloop
  endfacet
  facet normal -0.996926 -0.0783476 0
    outer loop
      vertex 87.7791 6.16594 -2.6
      vertex 87.8 5.9 -4.5
      vertex 87.8 5.9 -2.6
    endloop
  endfacet
  facet normal 0.996926 -0.0783476 0
    outer loop
      vertex 84.4 5.9 -2.6
      vertex 84.4209 6.16594 -4.5
      vertex 84.4209 6.16594 -2.6
    endloop
  endfacet
  facet normal 0.996926 -0.0783476 0
    outer loop
      vertex 84.4209 6.16594 -4.5
      vertex 84.4 5.9 -2.6
      vertex 84.4 5.9 -4.5
    endloop
  endfacet
  facet normal -0.0784711 0.996916 0
    outer loop
      vertex 86.3659 4.22093 -4.5
      vertex 86.1 4.2 -2.6
      vertex 86.3659 4.22093 -2.6
    endloop
  endfacet
  facet normal -0.0784711 0.996916 0
    outer loop
      vertex 86.1 4.2 -2.6
      vertex 86.3659 4.22093 -4.5
      vertex 86.1 4.2 -4.5
    endloop
  endfacet
  facet normal -0.923857 -0.382738 0
    outer loop
      vertex 87.7168 6.42533 -4.5
      vertex 87.6147 6.67178 -2.6
      vertex 87.6147 6.67178 -4.5
    endloop
  endfacet
  facet normal -0.923857 -0.382738 0
    outer loop
      vertex 87.6147 6.67178 -2.6
      vertex 87.7168 6.42533 -4.5
      vertex 87.7168 6.42533 -2.6
    endloop
  endfacet
  facet normal -0.522578 -0.852592 0
    outer loop
      vertex 86.8718 7.41471 -4.5
      vertex 87.0992 7.27533 -2.6
      vertex 86.8718 7.41471 -2.6
    endloop
  endfacet
  facet normal -0.522578 -0.852592 -0
    outer loop
      vertex 87.0992 7.27533 -2.6
      vertex 86.8718 7.41471 -4.5
      vertex 87.0992 7.27533 -4.5
    endloop
  endfacet
  facet normal 0.972348 0.233537 0
    outer loop
      vertex 84.4832 5.37467 -2.6
      vertex 84.4209 5.63406 -4.5
      vertex 84.4209 5.63406 -2.6
    endloop
  endfacet
  facet normal 0.972348 0.233537 0
    outer loop
      vertex 84.4209 5.63406 -4.5
      vertex 84.4832 5.37467 -2.6
      vertex 84.4832 5.37467 -4.5
    endloop
  endfacet
  facet normal 0.38264 -0.923898 0
    outer loop
      vertex 85.3282 7.41471 -4.5
      vertex 85.5747 7.5168 -2.6
      vertex 85.3282 7.41471 -2.6
    endloop
  endfacet
  facet normal 0.38264 -0.923898 0
    outer loop
      vertex 85.5747 7.5168 -2.6
      vertex 85.3282 7.41471 -4.5
      vertex 85.5747 7.5168 -4.5
    endloop
  endfacet
  facet normal -0.923857 0.382738 0
    outer loop
      vertex 87.6147 5.12822 -4.5
      vertex 87.7168 5.37467 -2.6
      vertex 87.7168 5.37467 -4.5
    endloop
  endfacet
  facet normal -0.923857 0.382738 0
    outer loop
      vertex 87.7168 5.37467 -2.6
      vertex 87.6147 5.12822 -4.5
      vertex 87.6147 5.12822 -2.6
    endloop
  endfacet
  facet normal -0.996926 0.0783476 0
    outer loop
      vertex 87.7791 5.63406 -4.5
      vertex 87.8 5.9 -2.6
      vertex 87.8 5.9 -4.5
    endloop
  endfacet
  facet normal -0.996926 0.0783476 0
    outer loop
      vertex 87.8 5.9 -2.6
      vertex 87.7791 5.63406 -4.5
      vertex 87.7791 5.63406 -2.6
    endloop
  endfacet
  facet normal 0.923857 -0.382738 0
    outer loop
      vertex 84.4832 6.42533 -2.6
      vertex 84.5853 6.67178 -4.5
      vertex 84.5853 6.67178 -2.6
    endloop
  endfacet
  facet normal 0.923857 -0.382738 0
    outer loop
      vertex 84.5853 6.67178 -4.5
      vertex 84.4832 6.42533 -2.6
      vertex 84.4832 6.42533 -4.5
    endloop
  endfacet
  facet normal -0.760499 -0.649339 0
    outer loop
      vertex 87.4753 6.89923 -4.5
      vertex 87.3021 7.10208 -2.6
      vertex 87.3021 7.10208 -4.5
    endloop
  endfacet
  facet normal -0.760499 -0.649339 0
    outer loop
      vertex 87.3021 7.10208 -2.6
      vertex 87.4753 6.89923 -4.5
      vertex 87.4753 6.89923 -2.6
    endloop
  endfacet
  facet normal -0.38264 0.923898 0
    outer loop
      vertex 86.8718 4.38529 -4.5
      vertex 86.6253 4.2832 -2.6
      vertex 86.8718 4.38529 -2.6
    endloop
  endfacet
  facet normal -0.38264 0.923898 0
    outer loop
      vertex 86.6253 4.2832 -2.6
      vertex 86.8718 4.38529 -4.5
      vertex 86.6253 4.2832 -4.5
    endloop
  endfacet
  facet normal 0.0784711 -0.996916 0
    outer loop
      vertex 85.8341 7.57907 -4.5
      vertex 86.1 7.6 -2.6
      vertex 85.8341 7.57907 -2.6
    endloop
  endfacet
  facet normal 0.0784711 -0.996916 0
    outer loop
      vertex 86.1 7.6 -2.6
      vertex 85.8341 7.57907 -4.5
      vertex 86.1 7.6 -4.5
    endloop
  endfacet
  facet normal -0.852609 -0.522549 0
    outer loop
      vertex 87.6147 6.67178 -4.5
      vertex 87.4753 6.89923 -2.6
      vertex 87.4753 6.89923 -4.5
    endloop
  endfacet
  facet normal -0.852609 -0.522549 0
    outer loop
      vertex 87.4753 6.89923 -2.6
      vertex 87.6147 6.67178 -4.5
      vertex 87.6147 6.67178 -2.6
    endloop
  endfacet
  facet normal 0.233423 -0.972375 0
    outer loop
      vertex 85.5747 7.5168 -4.5
      vertex 85.8341 7.57907 -2.6
      vertex 85.5747 7.5168 -2.6
    endloop
  endfacet
  facet normal 0.233423 -0.972375 0
    outer loop
      vertex 85.8341 7.57907 -2.6
      vertex 85.5747 7.5168 -4.5
      vertex 85.8341 7.57907 -4.5
    endloop
  endfacet
  facet normal 0.923857 0.382738 0
    outer loop
      vertex 84.5853 5.12822 -2.6
      vertex 84.4832 5.37467 -4.5
      vertex 84.4832 5.37467 -2.6
    endloop
  endfacet
  facet normal 0.923857 0.382738 0
    outer loop
      vertex 84.4832 5.37467 -4.5
      vertex 84.5853 5.12822 -2.6
      vertex 84.5853 5.12822 -4.5
    endloop
  endfacet
  facet normal 0.522578 0.852592 -0
    outer loop
      vertex 85.3282 4.38529 -4.5
      vertex 85.1008 4.52467 -2.6
      vertex 85.3282 4.38529 -2.6
    endloop
  endfacet
  facet normal 0.522578 0.852592 0
    outer loop
      vertex 85.1008 4.52467 -2.6
      vertex 85.3282 4.38529 -4.5
      vertex 85.1008 4.52467 -4.5
    endloop
  endfacet
  facet normal 0.852609 -0.522549 0
    outer loop
      vertex 84.5853 6.67178 -2.6
      vertex 84.7247 6.89923 -4.5
      vertex 84.7247 6.89923 -2.6
    endloop
  endfacet
  facet normal 0.852609 -0.522549 0
    outer loop
      vertex 84.7247 6.89923 -4.5
      vertex 84.5853 6.67178 -2.6
      vertex 84.5853 6.67178 -4.5
    endloop
  endfacet
  facet normal 0.522578 -0.852592 0
    outer loop
      vertex 85.1008 7.27533 -4.5
      vertex 85.3282 7.41471 -2.6
      vertex 85.1008 7.27533 -2.6
    endloop
  endfacet
  facet normal 0.522578 -0.852592 0
    outer loop
      vertex 85.3282 7.41471 -2.6
      vertex 85.1008 7.27533 -4.5
      vertex 85.3282 7.41471 -4.5
    endloop
  endfacet
  facet normal 0.852609 0.522549 0
    outer loop
      vertex 84.7247 4.90077 -2.6
      vertex 84.5853 5.12822 -4.5
      vertex 84.5853 5.12822 -2.6
    endloop
  endfacet
  facet normal 0.852609 0.522549 0
    outer loop
      vertex 84.5853 5.12822 -4.5
      vertex 84.7247 4.90077 -2.6
      vertex 84.7247 4.90077 -4.5
    endloop
  endfacet
  facet normal 0.760499 0.649339 0
    outer loop
      vertex 84.8979 4.69792 -2.6
      vertex 84.7247 4.90077 -4.5
      vertex 84.7247 4.90077 -2.6
    endloop
  endfacet
  facet normal 0.760499 0.649339 0
    outer loop
      vertex 84.7247 4.90077 -4.5
      vertex 84.8979 4.69792 -2.6
      vertex 84.8979 4.69792 -4.5
    endloop
  endfacet
  facet normal -0.233423 0.972375 0
    outer loop
      vertex 86.6253 4.2832 -4.5
      vertex 86.3659 4.22093 -2.6
      vertex 86.6253 4.2832 -2.6
    endloop
  endfacet
  facet normal -0.233423 0.972375 0
    outer loop
      vertex 86.3659 4.22093 -2.6
      vertex 86.6253 4.2832 -4.5
      vertex 86.3659 4.22093 -4.5
    endloop
  endfacet
  facet normal 0.649355 0.760485 -0
    outer loop
      vertex 85.1008 4.52467 -4.5
      vertex 84.8979 4.69792 -2.6
      vertex 85.1008 4.52467 -2.6
    endloop
  endfacet
  facet normal 0.649355 0.760485 0
    outer loop
      vertex 84.8979 4.69792 -2.6
      vertex 85.1008 4.52467 -4.5
      vertex 84.8979 4.69792 -4.5
    endloop
  endfacet
  facet normal -0.972348 0.233537 0
    outer loop
      vertex 87.7168 5.37467 -4.5
      vertex 87.7791 5.63406 -2.6
      vertex 87.7791 5.63406 -4.5
    endloop
  endfacet
  facet normal -0.972348 0.233537 0
    outer loop
      vertex 87.7791 5.63406 -2.6
      vertex 87.7168 5.37467 -4.5
      vertex 87.7168 5.37467 -2.6
    endloop
  endfacet
  facet normal -0.0784711 -0.996916 0
    outer loop
      vertex 86.1 7.6 -4.5
      vertex 86.3659 7.57907 -2.6
      vertex 86.1 7.6 -2.6
    endloop
  endfacet
  facet normal -0.0784711 -0.996916 -0
    outer loop
      vertex 86.3659 7.57907 -2.6
      vertex 86.1 7.6 -4.5
      vertex 86.3659 7.57907 -4.5
    endloop
  endfacet
  facet normal 0.996926 0.0783476 0
    outer loop
      vertex 84.4209 5.63406 -2.6
      vertex 84.4 5.9 -4.5
      vertex 84.4 5.9 -2.6
    endloop
  endfacet
  facet normal 0.996926 0.0783476 0
    outer loop
      vertex 84.4 5.9 -4.5
      vertex 84.4209 5.63406 -2.6
      vertex 84.4209 5.63406 -4.5
    endloop
  endfacet
  facet normal 0.233423 0.972375 -0
    outer loop
      vertex 85.8341 4.22093 -4.5
      vertex 85.5747 4.2832 -2.6
      vertex 85.8341 4.22093 -2.6
    endloop
  endfacet
  facet normal 0.233423 0.972375 0
    outer loop
      vertex 85.5747 4.2832 -2.6
      vertex 85.8341 4.22093 -4.5
      vertex 85.5747 4.2832 -4.5
    endloop
  endfacet
  facet normal -0.233423 -0.972375 0
    outer loop
      vertex 86.3659 7.57907 -4.5
      vertex 86.6253 7.5168 -2.6
      vertex 86.3659 7.57907 -2.6
    endloop
  endfacet
  facet normal -0.233423 -0.972375 -0
    outer loop
      vertex 86.6253 7.5168 -2.6
      vertex 86.3659 7.57907 -4.5
      vertex 86.6253 7.5168 -4.5
    endloop
  endfacet
  facet normal 0.760499 -0.649339 0
    outer loop
      vertex 84.7247 6.89923 -2.6
      vertex 84.8979 7.10208 -4.5
      vertex 84.8979 7.10208 -2.6
    endloop
  endfacet
  facet normal 0.760499 -0.649339 0
    outer loop
      vertex 84.8979 7.10208 -4.5
      vertex 84.7247 6.89923 -2.6
      vertex 84.7247 6.89923 -4.5
    endloop
  endfacet
  facet normal 0.923842 -0.382775 0
    outer loop
      vertex 83.2468 6.82705 -4.5
      vertex 83.427 7.26197 -5
      vertex 83.427 7.26197 -4.5
    endloop
  endfacet
  facet normal 0.923842 -0.382775 0
    outer loop
      vertex 83.427 7.26197 -5
      vertex 83.2468 6.82705 -4.5
      vertex 83.2468 6.82705 -5
    endloop
  endfacet
  facet normal -0.972368 -0.233453 0
    outer loop
      vertex 89.0631 6.3693 -5
      vertex 88.9532 6.82705 -4.5
      vertex 88.9532 6.82705 -5
    endloop
  endfacet
  facet normal -0.972368 -0.233453 0
    outer loop
      vertex 88.9532 6.82705 -4.5
      vertex 89.0631 6.3693 -5
      vertex 89.0631 6.3693 -4.5
    endloop
  endfacet
  facet normal -0.996923 -0.0783858 0
    outer loop
      vertex 89.1 5.9 -5
      vertex 89.0631 6.3693 -4.5
      vertex 89.0631 6.3693 -5
    endloop
  endfacet
  facet normal -0.996923 -0.0783858 0
    outer loop
      vertex 89.0631 6.3693 -4.5
      vertex 89.1 5.9 -5
      vertex 89.1 5.9 -4.5
    endloop
  endfacet
  facet normal -0.923842 -0.382775 0
    outer loop
      vertex 88.9532 6.82705 -5
      vertex 88.773 7.26197 -4.5
      vertex 88.773 7.26197 -5
    endloop
  endfacet
  facet normal -0.923842 -0.382775 0
    outer loop
      vertex 88.773 7.26197 -4.5
      vertex 88.9532 6.82705 -5
      vertex 88.9532 6.82705 -4.5
    endloop
  endfacet
  facet normal -0.522486 0.852648 0
    outer loop
      vertex 87.8634 3.47295 -5
      vertex 87.462 3.22698 -4.5
      vertex 87.8634 3.47295 -4.5
    endloop
  endfacet
  facet normal -0.522486 0.852648 0
    outer loop
      vertex 87.462 3.22698 -4.5
      vertex 87.8634 3.47295 -5
      vertex 87.462 3.22698 -5
    endloop
  endfacet
  facet normal -0.972368 0.233453 0
    outer loop
      vertex 88.9532 4.97295 -5
      vertex 89.0631 5.4307 -4.5
      vertex 89.0631 5.4307 -5
    endloop
  endfacet
  facet normal -0.972368 0.233453 0
    outer loop
      vertex 89.0631 5.4307 -4.5
      vertex 88.9532 4.97295 -5
      vertex 88.9532 4.97295 -4.5
    endloop
  endfacet
  facet normal -0.382699 0.923873 0
    outer loop
      vertex 87.462 3.22698 -5
      vertex 87.0271 3.04683 -4.5
      vertex 87.462 3.22698 -4.5
    endloop
  endfacet
  facet normal -0.382699 0.923873 0
    outer loop
      vertex 87.0271 3.04683 -4.5
      vertex 87.462 3.22698 -5
      vertex 87.0271 3.04683 -5
    endloop
  endfacet
  facet normal 0.382624 -0.923904 0
    outer loop
      vertex 84.738 8.57302 -5
      vertex 85.173 8.75317 -4.5
      vertex 84.738 8.57302 -4.5
    endloop
  endfacet
  facet normal 0.382624 -0.923904 0
    outer loop
      vertex 85.173 8.75317 -4.5
      vertex 84.738 8.57302 -5
      vertex 85.173 8.75317 -5
    endloop
  endfacet
  facet normal 0.522486 -0.852648 0
    outer loop
      vertex 84.3366 8.32705 -5
      vertex 84.738 8.57302 -4.5
      vertex 84.3366 8.32705 -4.5
    endloop
  endfacet
  facet normal 0.522486 -0.852648 0
    outer loop
      vertex 84.738 8.57302 -4.5
      vertex 84.3366 8.32705 -5
      vertex 84.738 8.57302 -5
    endloop
  endfacet
  facet normal -0.649515 -0.760349 0
    outer loop
      vertex 87.8634 8.32705 -5
      vertex 88.2213 8.02132 -4.5
      vertex 87.8634 8.32705 -4.5
    endloop
  endfacet
  facet normal -0.649515 -0.760349 -0
    outer loop
      vertex 88.2213 8.02132 -4.5
      vertex 87.8634 8.32705 -5
      vertex 88.2213 8.02132 -5
    endloop
  endfacet
  facet normal 0.233457 -0.972367 0
    outer loop
      vertex 85.173 8.75317 -5
      vertex 85.6307 8.86306 -4.5
      vertex 85.173 8.75317 -4.5
    endloop
  endfacet
  facet normal 0.233457 -0.972367 0
    outer loop
      vertex 85.6307 8.86306 -4.5
      vertex 85.173 8.75317 -5
      vertex 85.6307 8.86306 -5
    endloop
  endfacet
  facet normal 0.923842 0.382775 0
    outer loop
      vertex 83.427 4.53803 -4.5
      vertex 83.2468 4.97295 -5
      vertex 83.2468 4.97295 -4.5
    endloop
  endfacet
  facet normal 0.923842 0.382775 0
    outer loop
      vertex 83.2468 4.97295 -5
      vertex 83.427 4.53803 -4.5
      vertex 83.427 4.53803 -5
    endloop
  endfacet
  facet normal 0.0784703 -0.996916 0
    outer loop
      vertex 85.6307 8.86306 -5
      vertex 86.1 8.9 -4.5
      vertex 85.6307 8.86306 -4.5
    endloop
  endfacet
  facet normal 0.0784703 -0.996916 0
    outer loop
      vertex 86.1 8.9 -4.5
      vertex 85.6307 8.86306 -5
      vertex 86.1 8.9 -5
    endloop
  endfacet
  facet normal 0.233457 0.972367 -0
    outer loop
      vertex 85.6307 2.93694 -5
      vertex 85.173 3.04683 -4.5
      vertex 85.6307 2.93694 -4.5
    endloop
  endfacet
  facet normal 0.233457 0.972367 0
    outer loop
      vertex 85.173 3.04683 -4.5
      vertex 85.6307 2.93694 -5
      vertex 85.173 3.04683 -5
    endloop
  endfacet
  facet normal -0.923842 0.382775 0
    outer loop
      vertex 88.773 4.53803 -5
      vertex 88.9532 4.97295 -4.5
      vertex 88.9532 4.97295 -5
    endloop
  endfacet
  facet normal -0.923842 0.382775 0
    outer loop
      vertex 88.9532 4.97295 -4.5
      vertex 88.773 4.53803 -5
      vertex 88.773 4.53803 -4.5
    endloop
  endfacet
  facet normal 0.760434 0.649415 0
    outer loop
      vertex 83.9787 3.77868 -4.5
      vertex 83.673 4.13664 -5
      vertex 83.673 4.13664 -4.5
    endloop
  endfacet
  facet normal 0.760434 0.649415 0
    outer loop
      vertex 83.673 4.13664 -5
      vertex 83.9787 3.77868 -4.5
      vertex 83.9787 3.77868 -5
    endloop
  endfacet
  facet normal 0.649515 -0.760349 0
    outer loop
      vertex 83.9787 8.02132 -5
      vertex 84.3366 8.32705 -4.5
      vertex 83.9787 8.02132 -4.5
    endloop
  endfacet
  facet normal 0.649515 -0.760349 0
    outer loop
      vertex 84.3366 8.32705 -4.5
      vertex 83.9787 8.02132 -5
      vertex 84.3366 8.32705 -5
    endloop
  endfacet
  facet normal -0.0784703 0.996916 0
    outer loop
      vertex 86.5693 2.93694 -5
      vertex 86.1 2.9 -4.5
      vertex 86.5693 2.93694 -4.5
    endloop
  endfacet
  facet normal -0.0784703 0.996916 0
    outer loop
      vertex 86.1 2.9 -4.5
      vertex 86.5693 2.93694 -5
      vertex 86.1 2.9 -5
    endloop
  endfacet
  facet normal 0.649515 0.760349 -0
    outer loop
      vertex 84.3366 3.47295 -5
      vertex 83.9787 3.77868 -4.5
      vertex 84.3366 3.47295 -4.5
    endloop
  endfacet
  facet normal 0.649515 0.760349 0
    outer loop
      vertex 83.9787 3.77868 -4.5
      vertex 84.3366 3.47295 -5
      vertex 83.9787 3.77868 -5
    endloop
  endfacet
  facet normal -0.852708 0.522387 0
    outer loop
      vertex 88.5271 4.13664 -5
      vertex 88.773 4.53803 -4.5
      vertex 88.773 4.53803 -5
    endloop
  endfacet
  facet normal -0.852708 0.522387 0
    outer loop
      vertex 88.773 4.53803 -4.5
      vertex 88.5271 4.13664 -5
      vertex 88.5271 4.13664 -4.5
    endloop
  endfacet
  facet normal -0.852708 -0.522387 0
    outer loop
      vertex 88.773 7.26197 -5
      vertex 88.5271 7.66336 -4.5
      vertex 88.5271 7.66336 -5
    endloop
  endfacet
  facet normal -0.852708 -0.522387 0
    outer loop
      vertex 88.5271 7.66336 -4.5
      vertex 88.773 7.26197 -5
      vertex 88.773 7.26197 -4.5
    endloop
  endfacet
  facet normal -0.760329 -0.649538 0
    outer loop
      vertex 88.5271 7.66336 -5
      vertex 88.2213 8.02132 -4.5
      vertex 88.2213 8.02132 -5
    endloop
  endfacet
  facet normal -0.760329 -0.649538 0
    outer loop
      vertex 88.2213 8.02132 -4.5
      vertex 88.5271 7.66336 -5
      vertex 88.5271 7.66336 -4.5
    endloop
  endfacet
  facet normal 0.760434 -0.649415 0
    outer loop
      vertex 83.673 7.66336 -4.5
      vertex 83.9787 8.02132 -5
      vertex 83.9787 8.02132 -4.5
    endloop
  endfacet
  facet normal 0.760434 -0.649415 0
    outer loop
      vertex 83.9787 8.02132 -5
      vertex 83.673 7.66336 -4.5
      vertex 83.673 7.66336 -5
    endloop
  endfacet
  facet normal -0.0784703 -0.996916 0
    outer loop
      vertex 86.1 8.9 -5
      vertex 86.5693 8.86306 -4.5
      vertex 86.1 8.9 -4.5
    endloop
  endfacet
  facet normal -0.0784703 -0.996916 -0
    outer loop
      vertex 86.5693 8.86306 -4.5
      vertex 86.1 8.9 -5
      vertex 86.5693 8.86306 -5
    endloop
  endfacet
  facet normal -0.382699 -0.923873 0
    outer loop
      vertex 87.0271 8.75317 -5
      vertex 87.462 8.57302 -4.5
      vertex 87.0271 8.75317 -4.5
    endloop
  endfacet
  facet normal -0.382699 -0.923873 -0
    outer loop
      vertex 87.462 8.57302 -4.5
      vertex 87.0271 8.75317 -5
      vertex 87.462 8.57302 -5
    endloop
  endfacet
  facet normal 0.972368 -0.233453 0
    outer loop
      vertex 83.1369 6.3693 -4.5
      vertex 83.2468 6.82705 -5
      vertex 83.2468 6.82705 -4.5
    endloop
  endfacet
  facet normal 0.972368 -0.233453 0
    outer loop
      vertex 83.2468 6.82705 -5
      vertex 83.1369 6.3693 -4.5
      vertex 83.1369 6.3693 -5
    endloop
  endfacet
  facet normal 0.972368 0.233453 0
    outer loop
      vertex 83.2468 4.97295 -4.5
      vertex 83.1369 5.4307 -5
      vertex 83.1369 5.4307 -4.5
    endloop
  endfacet
  facet normal 0.972368 0.233453 0
    outer loop
      vertex 83.1369 5.4307 -5
      vertex 83.2468 4.97295 -4.5
      vertex 83.2468 4.97295 -5
    endloop
  endfacet
  facet normal -0.522486 -0.852648 0
    outer loop
      vertex 87.462 8.57302 -5
      vertex 87.8634 8.32705 -4.5
      vertex 87.462 8.57302 -4.5
    endloop
  endfacet
  facet normal -0.522486 -0.852648 -0
    outer loop
      vertex 87.8634 8.32705 -4.5
      vertex 87.462 8.57302 -5
      vertex 87.8634 8.32705 -5
    endloop
  endfacet
  facet normal -0.233409 0.972379 0
    outer loop
      vertex 87.0271 3.04683 -5
      vertex 86.5693 2.93694 -4.5
      vertex 87.0271 3.04683 -4.5
    endloop
  endfacet
  facet normal -0.233409 0.972379 0
    outer loop
      vertex 86.5693 2.93694 -4.5
      vertex 87.0271 3.04683 -5
      vertex 86.5693 2.93694 -5
    endloop
  endfacet
  facet normal -0.996923 0.0783858 0
    outer loop
      vertex 89.0631 5.4307 -5
      vertex 89.1 5.9 -4.5
      vertex 89.1 5.9 -5
    endloop
  endfacet
  facet normal -0.996923 0.0783858 0
    outer loop
      vertex 89.1 5.9 -4.5
      vertex 89.0631 5.4307 -5
      vertex 89.0631 5.4307 -4.5
    endloop
  endfacet
  facet normal -0.760329 0.649538 0
    outer loop
      vertex 88.2213 3.77868 -5
      vertex 88.5271 4.13664 -4.5
      vertex 88.5271 4.13664 -5
    endloop
  endfacet
  facet normal -0.760329 0.649538 0
    outer loop
      vertex 88.5271 4.13664 -4.5
      vertex 88.2213 3.77868 -5
      vertex 88.2213 3.77868 -4.5
    endloop
  endfacet
  facet normal 0.852614 0.522542 0
    outer loop
      vertex 83.673 4.13664 -4.5
      vertex 83.427 4.53803 -5
      vertex 83.427 4.53803 -4.5
    endloop
  endfacet
  facet normal 0.852614 0.522542 0
    outer loop
      vertex 83.427 4.53803 -5
      vertex 83.673 4.13664 -4.5
      vertex 83.673 4.13664 -5
    endloop
  endfacet
  facet normal 0.996923 0.0783858 0
    outer loop
      vertex 83.1369 5.4307 -4.5
      vertex 83.1 5.9 -5
      vertex 83.1 5.9 -4.5
    endloop
  endfacet
  facet normal 0.996923 0.0783858 0
    outer loop
      vertex 83.1 5.9 -5
      vertex 83.1369 5.4307 -4.5
      vertex 83.1369 5.4307 -5
    endloop
  endfacet
  facet normal 0.996923 -0.0783858 0
    outer loop
      vertex 83.1 5.9 -4.5
      vertex 83.1369 6.3693 -5
      vertex 83.1369 6.3693 -4.5
    endloop
  endfacet
  facet normal 0.996923 -0.0783858 0
    outer loop
      vertex 83.1369 6.3693 -5
      vertex 83.1 5.9 -4.5
      vertex 83.1 5.9 -5
    endloop
  endfacet
  facet normal 0.0784703 0.996916 -0
    outer loop
      vertex 86.1 2.9 -5
      vertex 85.6307 2.93694 -4.5
      vertex 86.1 2.9 -4.5
    endloop
  endfacet
  facet normal 0.0784703 0.996916 0
    outer loop
      vertex 85.6307 2.93694 -4.5
      vertex 86.1 2.9 -5
      vertex 85.6307 2.93694 -5
    endloop
  endfacet
  facet normal -0.233409 -0.972379 0
    outer loop
      vertex 86.5693 8.86306 -5
      vertex 87.0271 8.75317 -4.5
      vertex 86.5693 8.86306 -4.5
    endloop
  endfacet
  facet normal -0.233409 -0.972379 -0
    outer loop
      vertex 87.0271 8.75317 -4.5
      vertex 86.5693 8.86306 -5
      vertex 87.0271 8.75317 -5
    endloop
  endfacet
  facet normal 0.522486 0.852648 -0
    outer loop
      vertex 84.738 3.22698 -5
      vertex 84.3366 3.47295 -4.5
      vertex 84.738 3.22698 -4.5
    endloop
  endfacet
  facet normal 0.522486 0.852648 0
    outer loop
      vertex 84.3366 3.47295 -4.5
      vertex 84.738 3.22698 -5
      vertex 84.3366 3.47295 -5
    endloop
  endfacet
  facet normal 0 0 -1
    outer loop
      vertex 87.8 5.9 -4.5
      vertex 89.1 5.9 -4.5
      vertex 89.0631 5.4307 -4.5
    endloop
  endfacet
  facet normal 0 0 -1
    outer loop
      vertex 87.7791 5.63406 -4.5
      vertex 89.0631 5.4307 -4.5
      vertex 88.9532 4.97295 -4.5
    endloop
  endfacet
  facet normal 0 0 -1
    outer loop
      vertex 89.1 5.9 -4.5
      vertex 87.8 5.9 -4.5
      vertex 89.0631 6.3693 -4.5
    endloop
  endfacet
  facet normal 0 0 -1
    outer loop
      vertex 87.7168 5.37467 -4.5
      vertex 88.9532 4.97295 -4.5
      vertex 88.773 4.53803 -4.5
    endloop
  endfacet
  facet normal 0 0 -1
    outer loop
      vertex 87.7791 6.16594 -4.5
      vertex 89.0631 6.3693 -4.5
      vertex 87.8 5.9 -4.5
    endloop
  endfacet
  facet normal 0 0 -1
    outer loop
      vertex 87.6147 5.12822 -4.5
      vertex 88.773 4.53803 -4.5
      vertex 88.5271 4.13664 -4.5
    endloop
  endfacet
  facet normal -0 0 -1
    outer loop
      vertex 89.0631 6.3693 -4.5
      vertex 87.7791 6.16594 -4.5
      vertex 88.9532 6.82705 -4.5
    endloop
  endfacet
  facet normal 0 0 -1
    outer loop
      vertex 87.4753 4.90077 -4.5
      vertex 88.5271 4.13664 -4.5
      vertex 88.2213 3.77868 -4.5
    endloop
  endfacet
  facet normal 0 0 -1
    outer loop
      vertex 87.7168 6.42533 -4.5
      vertex 88.9532 6.82705 -4.5
      vertex 87.7791 6.16594 -4.5
    endloop
  endfacet
  facet normal 0 0 -1
    outer loop
      vertex 87.3021 4.69792 -4.5
      vertex 88.2213 3.77868 -4.5
      vertex 87.8634 3.47295 -4.5
    endloop
  endfacet
  facet normal -0 0 -1
    outer loop
      vertex 88.9532 6.82705 -4.5
      vertex 87.7168 6.42533 -4.5
      vertex 88.773 7.26197 -4.5
    endloop
  endfacet
  facet normal 0 0 -1
    outer loop
      vertex 87.6147 6.67178 -4.5
      vertex 88.773 7.26197 -4.5
      vertex 87.7168 6.42533 -4.5
    endloop
  endfacet
  facet normal 0 0 -1
    outer loop
      vertex 89.0631 5.4307 -4.5
      vertex 87.7791 5.63406 -4.5
      vertex 87.8 5.9 -4.5
    endloop
  endfacet
  facet normal 0 0 -1
    outer loop
      vertex 88.9532 4.97295 -4.5
      vertex 87.7168 5.37467 -4.5
      vertex 87.7791 5.63406 -4.5
    endloop
  endfacet
  facet normal 0 0 -1
    outer loop
      vertex 88.773 4.53803 -4.5
      vertex 87.6147 5.12822 -4.5
      vertex 87.7168 5.37467 -4.5
    endloop
  endfacet
  facet normal 0 0 -1
    outer loop
      vertex 88.5271 4.13664 -4.5
      vertex 87.4753 4.90077 -4.5
      vertex 87.6147 5.12822 -4.5
    endloop
  endfacet
  facet normal 0 0 -1
    outer loop
      vertex 87.0992 4.52467 -4.5
      vertex 87.8634 3.47295 -4.5
      vertex 87.462 3.22698 -4.5
    endloop
  endfacet
  facet normal 0 0 -1
    outer loop
      vertex 88.2213 3.77868 -4.5
      vertex 87.3021 4.69792 -4.5
      vertex 87.4753 4.90077 -4.5
    endloop
  endfacet
  facet normal 0 0 -1
    outer loop
      vertex 87.8634 3.47295 -4.5
      vertex 87.0992 4.52467 -4.5
      vertex 87.3021 4.69792 -4.5
    endloop
  endfacet
  facet normal 0 0 -1
    outer loop
      vertex 86.8718 4.38529 -4.5
      vertex 87.462 3.22698 -4.5
      vertex 87.0271 3.04683 -4.5
    endloop
  endfacet
  facet normal 0 0 -1
    outer loop
      vertex 87.462 3.22698 -4.5
      vertex 86.8718 4.38529 -4.5
      vertex 87.0992 4.52467 -4.5
    endloop
  endfacet
  facet normal 0 0 -1
    outer loop
      vertex 87.0271 3.04683 -4.5
      vertex 86.6253 4.2832 -4.5
      vertex 86.8718 4.38529 -4.5
    endloop
  endfacet
  facet normal 0 0 -1
    outer loop
      vertex 86.5693 2.93694 -4.5
      vertex 86.6253 4.2832 -4.5
      vertex 87.0271 3.04683 -4.5
    endloop
  endfacet
  facet normal 0 0 -1
    outer loop
      vertex 86.5693 2.93694 -4.5
      vertex 86.3659 4.22093 -4.5
      vertex 86.6253 4.2832 -4.5
    endloop
  endfacet
  facet normal 0 0 -1
    outer loop
      vertex 86.1 2.9 -4.5
      vertex 86.3659 4.22093 -4.5
      vertex 86.5693 2.93694 -4.5
    endloop
  endfacet
  facet normal 0 0 -1
    outer loop
      vertex 86.1 2.9 -4.5
      vertex 86.1 4.2 -4.5
      vertex 86.3659 4.22093 -4.5
    endloop
  endfacet
  facet normal 0 0 -1
    outer loop
      vertex 86.1 2.9 -4.5
      vertex 85.8341 4.22093 -4.5
      vertex 86.1 4.2 -4.5
    endloop
  endfacet
  facet normal 0 0 -1
    outer loop
      vertex 85.6307 2.93694 -4.5
      vertex 85.8341 4.22093 -4.5
      vertex 86.1 2.9 -4.5
    endloop
  endfacet
  facet normal 0 0 -1
    outer loop
      vertex 85.6307 2.93694 -4.5
      vertex 85.5747 4.2832 -4.5
      vertex 85.8341 4.22093 -4.5
    endloop
  endfacet
  facet normal 0 0 -1
    outer loop
      vertex 85.173 3.04683 -4.5
      vertex 85.5747 4.2832 -4.5
      vertex 85.6307 2.93694 -4.5
    endloop
  endfacet
  facet normal -0 0 -1
    outer loop
      vertex 85.5747 4.2832 -4.5
      vertex 85.173 3.04683 -4.5
      vertex 85.3282 4.38529 -4.5
    endloop
  endfacet
  facet normal 0 0 -1
    outer loop
      vertex 84.738 3.22698 -4.5
      vertex 85.3282 4.38529 -4.5
      vertex 85.173 3.04683 -4.5
    endloop
  endfacet
  facet normal -0 0 -1
    outer loop
      vertex 85.3282 4.38529 -4.5
      vertex 84.738 3.22698 -4.5
      vertex 85.1008 4.52467 -4.5
    endloop
  endfacet
  facet normal 0 0 -1
    outer loop
      vertex 84.3366 3.47295 -4.5
      vertex 85.1008 4.52467 -4.5
      vertex 84.738 3.22698 -4.5
    endloop
  endfacet
  facet normal -0 0 -1
    outer loop
      vertex 85.1008 4.52467 -4.5
      vertex 84.3366 3.47295 -4.5
      vertex 84.8979 4.69792 -4.5
    endloop
  endfacet
  facet normal 0 0 -1
    outer loop
      vertex 83.9787 3.77868 -4.5
      vertex 84.8979 4.69792 -4.5
      vertex 84.3366 3.47295 -4.5
    endloop
  endfacet
  facet normal -0 0 -1
    outer loop
      vertex 84.8979 4.69792 -4.5
      vertex 83.9787 3.77868 -4.5
      vertex 84.7247 4.90077 -4.5
    endloop
  endfacet
  facet normal 0 0 -1
    outer loop
      vertex 83.673 4.13664 -4.5
      vertex 84.7247 4.90077 -4.5
      vertex 83.9787 3.77868 -4.5
    endloop
  endfacet
  facet normal 0 0 -1
    outer loop
      vertex 83.427 4.53803 -4.5
      vertex 84.5853 5.12822 -4.5
      vertex 83.673 4.13664 -4.5
    endloop
  endfacet
  facet normal -0 0 -1
    outer loop
      vertex 84.7247 4.90077 -4.5
      vertex 83.673 4.13664 -4.5
      vertex 84.5853 5.12822 -4.5
    endloop
  endfacet
  facet normal -0 0 -1
    outer loop
      vertex 88.773 7.26197 -4.5
      vertex 87.6147 6.67178 -4.5
      vertex 88.5271 7.66336 -4.5
    endloop
  endfacet
  facet normal 0 0 -1
    outer loop
      vertex 87.4753 6.89923 -4.5
      vertex 88.5271 7.66336 -4.5
      vertex 87.6147 6.67178 -4.5
    endloop
  endfacet
  facet normal -0 0 -1
    outer loop
      vertex 88.5271 7.66336 -4.5
      vertex 87.4753 6.89923 -4.5
      vertex 88.2213 8.02132 -4.5
    endloop
  endfacet
  facet normal 0 0 -1
    outer loop
      vertex 87.3021 7.10208 -4.5
      vertex 88.2213 8.02132 -4.5
      vertex 87.4753 6.89923 -4.5
    endloop
  endfacet
  facet normal -0 0 -1
    outer loop
      vertex 88.2213 8.02132 -4.5
      vertex 87.3021 7.10208 -4.5
      vertex 87.8634 8.32705 -4.5
    endloop
  endfacet
  facet normal 0 0 -1
    outer loop
      vertex 87.0992 7.27533 -4.5
      vertex 87.8634 8.32705 -4.5
      vertex 87.3021 7.10208 -4.5
    endloop
  endfacet
  facet normal -0 0 -1
    outer loop
      vertex 87.8634 8.32705 -4.5
      vertex 87.0992 7.27533 -4.5
      vertex 87.462 8.57302 -4.5
    endloop
  endfacet
  facet normal 0 0 -1
    outer loop
      vertex 86.8718 7.41471 -4.5
      vertex 87.462 8.57302 -4.5
      vertex 87.0992 7.27533 -4.5
    endloop
  endfacet
  facet normal -0 0 -1
    outer loop
      vertex 87.462 8.57302 -4.5
      vertex 86.8718 7.41471 -4.5
      vertex 87.0271 8.75317 -4.5
    endloop
  endfacet
  facet normal 0 0 -1
    outer loop
      vertex 86.6253 7.5168 -4.5
      vertex 87.0271 8.75317 -4.5
      vertex 86.8718 7.41471 -4.5
    endloop
  endfacet
  facet normal 0 0 -1
    outer loop
      vertex 86.6253 7.5168 -4.5
      vertex 86.5693 8.86306 -4.5
      vertex 87.0271 8.75317 -4.5
    endloop
  endfacet
  facet normal 0 0 -1
    outer loop
      vertex 86.3659 7.57907 -4.5
      vertex 86.5693 8.86306 -4.5
      vertex 86.6253 7.5168 -4.5
    endloop
  endfacet
  facet normal 0 0 -1
    outer loop
      vertex 86.1 7.6 -4.5
      vertex 86.5693 8.86306 -4.5
      vertex 86.3659 7.57907 -4.5
    endloop
  endfacet
  facet normal 0 0 -1
    outer loop
      vertex 86.1 7.6 -4.5
      vertex 86.1 8.9 -4.5
      vertex 86.5693 8.86306 -4.5
    endloop
  endfacet
  facet normal 0 0 -1
    outer loop
      vertex 85.8341 7.57907 -4.5
      vertex 86.1 8.9 -4.5
      vertex 86.1 7.6 -4.5
    endloop
  endfacet
  facet normal 0 0 -1
    outer loop
      vertex 85.8341 7.57907 -4.5
      vertex 85.6307 8.86306 -4.5
      vertex 86.1 8.9 -4.5
    endloop
  endfacet
  facet normal 0 0 -1
    outer loop
      vertex 85.5747 7.5168 -4.5
      vertex 85.6307 8.86306 -4.5
      vertex 85.8341 7.57907 -4.5
    endloop
  endfacet
  facet normal 0 0 -1
    outer loop
      vertex 85.173 8.75317 -4.5
      vertex 85.5747 7.5168 -4.5
      vertex 85.3282 7.41471 -4.5
    endloop
  endfacet
  facet normal 0 0 -1
    outer loop
      vertex 85.5747 7.5168 -4.5
      vertex 85.173 8.75317 -4.5
      vertex 85.6307 8.86306 -4.5
    endloop
  endfacet
  facet normal 0 0 -1
    outer loop
      vertex 84.738 8.57302 -4.5
      vertex 85.3282 7.41471 -4.5
      vertex 85.1008 7.27533 -4.5
    endloop
  endfacet
  facet normal 0 0 -1
    outer loop
      vertex 84.3366 8.32705 -4.5
      vertex 85.1008 7.27533 -4.5
      vertex 84.8979 7.10208 -4.5
    endloop
  endfacet
  facet normal 0 0 -1
    outer loop
      vertex 85.3282 7.41471 -4.5
      vertex 84.738 8.57302 -4.5
      vertex 85.173 8.75317 -4.5
    endloop
  endfacet
  facet normal 0 0 -1
    outer loop
      vertex 83.9787 8.02132 -4.5
      vertex 84.8979 7.10208 -4.5
      vertex 84.7247 6.89923 -4.5
    endloop
  endfacet
  facet normal 0 0 -1
    outer loop
      vertex 83.673 7.66336 -4.5
      vertex 84.7247 6.89923 -4.5
      vertex 84.5853 6.67178 -4.5
    endloop
  endfacet
  facet normal 0 0 -1
    outer loop
      vertex 83.427 7.26197 -4.5
      vertex 84.5853 6.67178 -4.5
      vertex 84.4832 6.42533 -4.5
    endloop
  endfacet
  facet normal 0 0 -1
    outer loop
      vertex 83.2468 6.82705 -4.5
      vertex 84.4832 6.42533 -4.5
      vertex 84.4209 6.16594 -4.5
    endloop
  endfacet
  facet normal 0 0 -1
    outer loop
      vertex 85.1008 7.27533 -4.5
      vertex 84.3366 8.32705 -4.5
      vertex 84.738 8.57302 -4.5
    endloop
  endfacet
  facet normal 0 0 -1
    outer loop
      vertex 83.1369 6.3693 -4.5
      vertex 84.4209 6.16594 -4.5
      vertex 84.4 5.9 -4.5
    endloop
  endfacet
  facet normal -0 0 -1
    outer loop
      vertex 84.5853 5.12822 -4.5
      vertex 83.427 4.53803 -4.5
      vertex 84.4832 5.37467 -4.5
    endloop
  endfacet
  facet normal 0 0 -1
    outer loop
      vertex 83.2468 4.97295 -4.5
      vertex 84.4832 5.37467 -4.5
      vertex 83.427 4.53803 -4.5
    endloop
  endfacet
  facet normal 0 0 -1
    outer loop
      vertex 84.8979 7.10208 -4.5
      vertex 83.9787 8.02132 -4.5
      vertex 84.3366 8.32705 -4.5
    endloop
  endfacet
  facet normal -0 0 -1
    outer loop
      vertex 84.4832 5.37467 -4.5
      vertex 83.2468 4.97295 -4.5
      vertex 84.4209 5.63406 -4.5
    endloop
  endfacet
  facet normal 0 0 -1
    outer loop
      vertex 84.7247 6.89923 -4.5
      vertex 83.673 7.66336 -4.5
      vertex 83.9787 8.02132 -4.5
    endloop
  endfacet
  facet normal 0 0 -1
    outer loop
      vertex 83.1369 5.4307 -4.5
      vertex 84.4209 5.63406 -4.5
      vertex 83.2468 4.97295 -4.5
    endloop
  endfacet
  facet normal 0 0 -1
    outer loop
      vertex 84.5853 6.67178 -4.5
      vertex 83.427 7.26197 -4.5
      vertex 83.673 7.66336 -4.5
    endloop
  endfacet
  facet normal -0 0 -1
    outer loop
      vertex 84.4209 5.63406 -4.5
      vertex 83.1369 5.4307 -4.5
      vertex 84.4 5.9 -4.5
    endloop
  endfacet
  facet normal 0 0 -1
    outer loop
      vertex 84.4832 6.42533 -4.5
      vertex 83.2468 6.82705 -4.5
      vertex 83.427 7.26197 -4.5
    endloop
  endfacet
  facet normal 0 0 -1
    outer loop
      vertex 83.1 5.9 -4.5
      vertex 84.4 5.9 -4.5
      vertex 83.1369 5.4307 -4.5
    endloop
  endfacet
  facet normal 0 0 -1
    outer loop
      vertex 84.4209 6.16594 -4.5
      vertex 83.1369 6.3693 -4.5
      vertex 83.2468 6.82705 -4.5
    endloop
  endfacet
  facet normal 0 0 -1
    outer loop
      vertex 84.4 5.9 -4.5
      vertex 83.1 5.9 -4.5
      vertex 83.1369 6.3693 -4.5
    endloop
  endfacet
  facet normal 0.382624 0.923904 -0
    outer loop
      vertex 85.173 3.04683 -5
      vertex 84.738 3.22698 -4.5
      vertex 85.173 3.04683 -4.5
    endloop
  endfacet
  facet normal 0.382624 0.923904 0
    outer loop
      vertex 84.738 3.22698 -4.5
      vertex 85.173 3.04683 -5
      vertex 84.738 3.22698 -5
    endloop
  endfacet
  facet normal 0.852614 -0.522542 0
    outer loop
      vertex 83.427 7.26197 -4.5
      vertex 83.673 7.66336 -5
      vertex 83.673 7.66336 -4.5
    endloop
  endfacet
  facet normal 0.852614 -0.522542 0
    outer loop
      vertex 83.673 7.66336 -5
      vertex 83.427 7.26197 -4.5
      vertex 83.427 7.26197 -5
    endloop
  endfacet
  facet normal -0.649515 0.760349 0
    outer loop
      vertex 88.2213 3.77868 -5
      vertex 87.8634 3.47295 -4.5
      vertex 88.2213 3.77868 -4.5
    endloop
  endfacet
  facet normal -0.649515 0.760349 0
    outer loop
      vertex 87.8634 3.47295 -4.5
      vertex 88.2213 3.77868 -5
      vertex 87.8634 3.47295 -5
    endloop
  endfacet
  facet normal -0.97235 -0.233529 0
    outer loop
      vertex 87.7791 66.3659 -4.5
      vertex 87.7168 66.6253 -2.6
      vertex 87.7168 66.6253 -4.5
    endloop
  endfacet
  facet normal -0.97235 -0.233529 0
    outer loop
      vertex 87.7168 66.6253 -2.6
      vertex 87.7791 66.3659 -4.5
      vertex 87.7791 66.3659 -2.6
    endloop
  endfacet
  facet normal -0.996925 -0.0783593 0
    outer loop
      vertex 87.8 66.1 -4.5
      vertex 87.7791 66.3659 -2.6
      vertex 87.7791 66.3659 -4.5
    endloop
  endfacet
  facet normal -0.996925 -0.0783593 0
    outer loop
      vertex 87.7791 66.3659 -2.6
      vertex 87.8 66.1 -4.5
      vertex 87.8 66.1 -2.6
    endloop
  endfacet
  facet normal -0.923884 -0.382672 0
    outer loop
      vertex 87.7168 66.6253 -4.5
      vertex 87.6147 66.8718 -2.6
      vertex 87.6147 66.8718 -4.5
    endloop
  endfacet
  facet normal -0.923884 -0.382672 0
    outer loop
      vertex 87.6147 66.8718 -2.6
      vertex 87.7168 66.6253 -4.5
      vertex 87.7168 66.6253 -2.6
    endloop
  endfacet
  facet normal -0.522632 0.852558 0
    outer loop
      vertex 87.0992 64.7247 -4.5
      vertex 86.8718 64.5853 -2.6
      vertex 87.0992 64.7247 -2.6
    endloop
  endfacet
  facet normal -0.522632 0.852558 0
    outer loop
      vertex 86.8718 64.5853 -2.6
      vertex 87.0992 64.7247 -4.5
      vertex 86.8718 64.5853 -4.5
    endloop
  endfacet
  facet normal 0.923884 -0.382672 0
    outer loop
      vertex 84.4832 66.6253 -2.6
      vertex 84.5853 66.8718 -4.5
      vertex 84.5853 66.8718 -2.6
    endloop
  endfacet
  facet normal 0.923884 -0.382672 0
    outer loop
      vertex 84.5853 66.8718 -4.5
      vertex 84.4832 66.6253 -2.6
      vertex 84.4832 66.6253 -4.5
    endloop
  endfacet
  facet normal 0.522632 0.852558 -0
    outer loop
      vertex 85.3282 64.5853 -4.5
      vertex 85.1008 64.7247 -2.6
      vertex 85.3282 64.5853 -2.6
    endloop
  endfacet
  facet normal 0.522632 0.852558 0
    outer loop
      vertex 85.1008 64.7247 -2.6
      vertex 85.3282 64.5853 -4.5
      vertex 85.1008 64.7247 -4.5
    endloop
  endfacet
  facet normal -0.382672 0.923884 0
    outer loop
      vertex 86.8718 64.5853 -4.5
      vertex 86.6253 64.4832 -2.6
      vertex 86.8718 64.5853 -2.6
    endloop
  endfacet
  facet normal -0.382672 0.923884 0
    outer loop
      vertex 86.6253 64.4832 -2.6
      vertex 86.8718 64.5853 -4.5
      vertex 86.6253 64.4832 -4.5
    endloop
  endfacet
  facet normal 0.382672 -0.923884 0
    outer loop
      vertex 85.3282 67.6147 -4.5
      vertex 85.5747 67.7168 -2.6
      vertex 85.3282 67.6147 -2.6
    endloop
  endfacet
  facet normal 0.382672 -0.923884 0
    outer loop
      vertex 85.5747 67.7168 -2.6
      vertex 85.3282 67.6147 -4.5
      vertex 85.5747 67.7168 -4.5
    endloop
  endfacet
  facet normal 0.522632 -0.852558 0
    outer loop
      vertex 85.1008 67.4753 -4.5
      vertex 85.3282 67.6147 -2.6
      vertex 85.1008 67.4753 -2.6
    endloop
  endfacet
  facet normal 0.522632 -0.852558 0
    outer loop
      vertex 85.3282 67.6147 -2.6
      vertex 85.1008 67.4753 -4.5
      vertex 85.3282 67.6147 -4.5
    endloop
  endfacet
  facet normal 0.233529 -0.97235 0
    outer loop
      vertex 85.5747 67.7168 -4.5
      vertex 85.8341 67.7791 -2.6
      vertex 85.5747 67.7168 -2.6
    endloop
  endfacet
  facet normal 0.233529 -0.97235 0
    outer loop
      vertex 85.8341 67.7791 -2.6
      vertex 85.5747 67.7168 -4.5
      vertex 85.8341 67.7791 -4.5
    endloop
  endfacet
  facet normal -0.649247 0.760578 0
    outer loop
      vertex 87.3021 64.8979 -4.5
      vertex 87.0992 64.7247 -2.6
      vertex 87.3021 64.8979 -2.6
    endloop
  endfacet
  facet normal -0.649247 0.760578 0
    outer loop
      vertex 87.0992 64.7247 -2.6
      vertex 87.3021 64.8979 -4.5
      vertex 87.0992 64.7247 -4.5
    endloop
  endfacet
  facet normal 0.0783593 -0.996925 0
    outer loop
      vertex 85.8341 67.7791 -4.5
      vertex 86.1 67.8 -2.6
      vertex 85.8341 67.7791 -2.6
    endloop
  endfacet
  facet normal 0.0783593 -0.996925 0
    outer loop
      vertex 86.1 67.8 -2.6
      vertex 85.8341 67.7791 -4.5
      vertex 86.1 67.8 -4.5
    endloop
  endfacet
  facet normal 0.923884 0.382672 0
    outer loop
      vertex 84.5853 65.3282 -2.6
      vertex 84.4832 65.5747 -4.5
      vertex 84.4832 65.5747 -2.6
    endloop
  endfacet
  facet normal 0.923884 0.382672 0
    outer loop
      vertex 84.4832 65.5747 -4.5
      vertex 84.5853 65.3282 -2.6
      vertex 84.5853 65.3282 -4.5
    endloop
  endfacet
  facet normal 0.760578 -0.649247 0
    outer loop
      vertex 84.7247 67.0992 -2.6
      vertex 84.8979 67.3021 -4.5
      vertex 84.8979 67.3021 -2.6
    endloop
  endfacet
  facet normal 0.760578 -0.649247 0
    outer loop
      vertex 84.8979 67.3021 -4.5
      vertex 84.7247 67.0992 -2.6
      vertex 84.7247 67.0992 -4.5
    endloop
  endfacet
  facet normal 0.233529 0.97235 -0
    outer loop
      vertex 85.8341 64.4209 -4.5
      vertex 85.5747 64.4832 -2.6
      vertex 85.8341 64.4209 -2.6
    endloop
  endfacet
  facet normal 0.233529 0.97235 0
    outer loop
      vertex 85.5747 64.4832 -2.6
      vertex 85.8341 64.4209 -4.5
      vertex 85.5747 64.4832 -4.5
    endloop
  endfacet
  facet normal -0.923884 0.382672 0
    outer loop
      vertex 87.6147 65.3282 -4.5
      vertex 87.7168 65.5747 -2.6
      vertex 87.7168 65.5747 -4.5
    endloop
  endfacet
  facet normal -0.923884 0.382672 0
    outer loop
      vertex 87.7168 65.5747 -2.6
      vertex 87.6147 65.3282 -4.5
      vertex 87.6147 65.3282 -2.6
    endloop
  endfacet
  facet normal 0.760578 0.649247 0
    outer loop
      vertex 84.8979 64.8979 -2.6
      vertex 84.7247 65.1008 -4.5
      vertex 84.7247 65.1008 -2.6
    endloop
  endfacet
  facet normal 0.760578 0.649247 0
    outer loop
      vertex 84.7247 65.1008 -4.5
      vertex 84.8979 64.8979 -2.6
      vertex 84.8979 64.8979 -4.5
    endloop
  endfacet
  facet normal 0.649247 -0.760578 0
    outer loop
      vertex 84.8979 67.3021 -4.5
      vertex 85.1008 67.4753 -2.6
      vertex 84.8979 67.3021 -2.6
    endloop
  endfacet
  facet normal 0.649247 -0.760578 0
    outer loop
      vertex 85.1008 67.4753 -2.6
      vertex 84.8979 67.3021 -4.5
      vertex 85.1008 67.4753 -4.5
    endloop
  endfacet
  facet normal -0.0783593 0.996925 0
    outer loop
      vertex 86.3659 64.4209 -4.5
      vertex 86.1 64.4 -2.6
      vertex 86.3659 64.4209 -2.6
    endloop
  endfacet
  facet normal -0.0783593 0.996925 0
    outer loop
      vertex 86.1 64.4 -2.6
      vertex 86.3659 64.4209 -4.5
      vertex 86.1 64.4 -4.5
    endloop
  endfacet
  facet normal -0.852558 0.522632 0
    outer loop
      vertex 87.4753 65.1008 -4.5
      vertex 87.6147 65.3282 -2.6
      vertex 87.6147 65.3282 -4.5
    endloop
  endfacet
  facet normal -0.852558 0.522632 0
    outer loop
      vertex 87.6147 65.3282 -2.6
      vertex 87.4753 65.1008 -4.5
      vertex 87.4753 65.1008 -2.6
    endloop
  endfacet
  facet normal -0.852558 -0.522632 0
    outer loop
      vertex 87.6147 66.8718 -4.5
      vertex 87.4753 67.0992 -2.6
      vertex 87.4753 67.0992 -4.5
    endloop
  endfacet
  facet normal -0.852558 -0.522632 0
    outer loop
      vertex 87.4753 67.0992 -2.6
      vertex 87.6147 66.8718 -4.5
      vertex 87.6147 66.8718 -2.6
    endloop
  endfacet
  facet normal -0.996925 0.0783593 0
    outer loop
      vertex 87.7791 65.8341 -4.5
      vertex 87.8 66.1 -2.6
      vertex 87.8 66.1 -4.5
    endloop
  endfacet
  facet normal -0.996925 0.0783593 0
    outer loop
      vertex 87.8 66.1 -2.6
      vertex 87.7791 65.8341 -4.5
      vertex 87.7791 65.8341 -2.6
    endloop
  endfacet
  facet normal -0.97235 0.233529 0
    outer loop
      vertex 87.7168 65.5747 -4.5
      vertex 87.7791 65.8341 -2.6
      vertex 87.7791 65.8341 -4.5
    endloop
  endfacet
  facet normal -0.97235 0.233529 0
    outer loop
      vertex 87.7791 65.8341 -2.6
      vertex 87.7168 65.5747 -4.5
      vertex 87.7168 65.5747 -2.6
    endloop
  endfacet
  facet normal 0.97235 0.233529 0
    outer loop
      vertex 84.4832 65.5747 -2.6
      vertex 84.4209 65.8341 -4.5
      vertex 84.4209 65.8341 -2.6
    endloop
  endfacet
  facet normal 0.97235 0.233529 0
    outer loop
      vertex 84.4209 65.8341 -4.5
      vertex 84.4832 65.5747 -2.6
      vertex 84.4832 65.5747 -4.5
    endloop
  endfacet
  facet normal -0.522632 -0.852558 0
    outer loop
      vertex 86.8718 67.6147 -4.5
      vertex 87.0992 67.4753 -2.6
      vertex 86.8718 67.6147 -2.6
    endloop
  endfacet
  facet normal -0.522632 -0.852558 -0
    outer loop
      vertex 87.0992 67.4753 -2.6
      vertex 86.8718 67.6147 -4.5
      vertex 87.0992 67.4753 -4.5
    endloop
  endfacet
  facet normal -0.760578 -0.649247 0
    outer loop
      vertex 87.4753 67.0992 -4.5
      vertex 87.3021 67.3021 -2.6
      vertex 87.3021 67.3021 -4.5
    endloop
  endfacet
  facet normal -0.760578 -0.649247 0
    outer loop
      vertex 87.3021 67.3021 -2.6
      vertex 87.4753 67.0992 -4.5
      vertex 87.4753 67.0992 -2.6
    endloop
  endfacet
  facet normal 0.996925 -0.0783593 0
    outer loop
      vertex 84.4 66.1 -2.6
      vertex 84.4209 66.3659 -4.5
      vertex 84.4209 66.3659 -2.6
    endloop
  endfacet
  facet normal 0.996925 -0.0783593 0
    outer loop
      vertex 84.4209 66.3659 -4.5
      vertex 84.4 66.1 -2.6
      vertex 84.4 66.1 -4.5
    endloop
  endfacet
  facet normal -0.649247 -0.760578 0
    outer loop
      vertex 87.0992 67.4753 -4.5
      vertex 87.3021 67.3021 -2.6
      vertex 87.0992 67.4753 -2.6
    endloop
  endfacet
  facet normal -0.649247 -0.760578 -0
    outer loop
      vertex 87.3021 67.3021 -2.6
      vertex 87.0992 67.4753 -4.5
      vertex 87.3021 67.3021 -4.5
    endloop
  endfacet
  facet normal -0.233529 0.97235 0
    outer loop
      vertex 86.6253 64.4832 -4.5
      vertex 86.3659 64.4209 -2.6
      vertex 86.6253 64.4832 -2.6
    endloop
  endfacet
  facet normal -0.233529 0.97235 0
    outer loop
      vertex 86.3659 64.4209 -2.6
      vertex 86.6253 64.4832 -4.5
      vertex 86.3659 64.4209 -4.5
    endloop
  endfacet
  facet normal 0.852558 0.522632 0
    outer loop
      vertex 84.7247 65.1008 -2.6
      vertex 84.5853 65.3282 -4.5
      vertex 84.5853 65.3282 -2.6
    endloop
  endfacet
  facet normal 0.852558 0.522632 0
    outer loop
      vertex 84.5853 65.3282 -4.5
      vertex 84.7247 65.1008 -2.6
      vertex 84.7247 65.1008 -4.5
    endloop
  endfacet
  facet normal 0.649247 0.760578 -0
    outer loop
      vertex 85.1008 64.7247 -4.5
      vertex 84.8979 64.8979 -2.6
      vertex 85.1008 64.7247 -2.6
    endloop
  endfacet
  facet normal 0.649247 0.760578 0
    outer loop
      vertex 84.8979 64.8979 -2.6
      vertex 85.1008 64.7247 -4.5
      vertex 84.8979 64.8979 -4.5
    endloop
  endfacet
  facet normal -0.760578 0.649247 0
    outer loop
      vertex 87.3021 64.8979 -4.5
      vertex 87.4753 65.1008 -2.6
      vertex 87.4753 65.1008 -4.5
    endloop
  endfacet
  facet normal -0.760578 0.649247 0
    outer loop
      vertex 87.4753 65.1008 -2.6
      vertex 87.3021 64.8979 -4.5
      vertex 87.3021 64.8979 -2.6
    endloop
  endfacet
  facet normal 0.852558 -0.522632 0
    outer loop
      vertex 84.5853 66.8718 -2.6
      vertex 84.7247 67.0992 -4.5
      vertex 84.7247 67.0992 -2.6
    endloop
  endfacet
  facet normal 0.852558 -0.522632 0
    outer loop
      vertex 84.7247 67.0992 -4.5
      vertex 84.5853 66.8718 -2.6
      vertex 84.5853 66.8718 -4.5
    endloop
  endfacet
  facet normal 0.996925 0.0783593 0
    outer loop
      vertex 84.4209 65.8341 -2.6
      vertex 84.4 66.1 -4.5
      vertex 84.4 66.1 -2.6
    endloop
  endfacet
  facet normal 0.996925 0.0783593 0
    outer loop
      vertex 84.4 66.1 -4.5
      vertex 84.4209 65.8341 -2.6
      vertex 84.4209 65.8341 -4.5
    endloop
  endfacet
  facet normal 0.382672 0.923884 -0
    outer loop
      vertex 85.5747 64.4832 -4.5
      vertex 85.3282 64.5853 -2.6
      vertex 85.5747 64.4832 -2.6
    endloop
  endfacet
  facet normal 0.382672 0.923884 0
    outer loop
      vertex 85.3282 64.5853 -2.6
      vertex 85.5747 64.4832 -4.5
      vertex 85.3282 64.5853 -4.5
    endloop
  endfacet
  facet normal -0.382672 -0.923884 0
    outer loop
      vertex 86.6253 67.7168 -4.5
      vertex 86.8718 67.6147 -2.6
      vertex 86.6253 67.7168 -2.6
    endloop
  endfacet
  facet normal -0.382672 -0.923884 -0
    outer loop
      vertex 86.8718 67.6147 -2.6
      vertex 86.6253 67.7168 -4.5
      vertex 86.8718 67.6147 -4.5
    endloop
  endfacet
  facet normal -0.233529 -0.97235 0
    outer loop
      vertex 86.3659 67.7791 -4.5
      vertex 86.6253 67.7168 -2.6
      vertex 86.3659 67.7791 -2.6
    endloop
  endfacet
  facet normal -0.233529 -0.97235 -0
    outer loop
      vertex 86.6253 67.7168 -2.6
      vertex 86.3659 67.7791 -4.5
      vertex 86.6253 67.7168 -4.5
    endloop
  endfacet
  facet normal -0.0783593 -0.996925 0
    outer loop
      vertex 86.1 67.8 -4.5
      vertex 86.3659 67.7791 -2.6
      vertex 86.1 67.8 -2.6
    endloop
  endfacet
  facet normal -0.0783593 -0.996925 -0
    outer loop
      vertex 86.3659 67.7791 -2.6
      vertex 86.1 67.8 -4.5
      vertex 86.3659 67.7791 -4.5
    endloop
  endfacet
  facet normal 0.97235 -0.233529 0
    outer loop
      vertex 84.4209 66.3659 -2.6
      vertex 84.4832 66.6253 -4.5
      vertex 84.4832 66.6253 -2.6
    endloop
  endfacet
  facet normal 0.97235 -0.233529 0
    outer loop
      vertex 84.4832 66.6253 -4.5
      vertex 84.4209 66.3659 -2.6
      vertex 84.4209 66.3659 -4.5
    endloop
  endfacet
  facet normal 0.0783593 0.996925 -0
    outer loop
      vertex 86.1 64.4 -4.5
      vertex 85.8341 64.4209 -2.6
      vertex 86.1 64.4 -2.6
    endloop
  endfacet
  facet normal 0.0783593 0.996925 0
    outer loop
      vertex 85.8341 64.4209 -2.6
      vertex 86.1 64.4 -4.5
      vertex 85.8341 64.4209 -4.5
    endloop
  endfacet
  facet normal 0.0783858 0.996923 -0
    outer loop
      vertex 86.1 63.1 -5
      vertex 85.6307 63.1369 -4.5
      vertex 86.1 63.1 -4.5
    endloop
  endfacet
  facet normal 0.0783858 0.996923 0
    outer loop
      vertex 85.6307 63.1369 -4.5
      vertex 86.1 63.1 -5
      vertex 85.6307 63.1369 -5
    endloop
  endfacet
  facet normal -0.972374 -0.233429 0
    outer loop
      vertex 89.0631 66.5693 -5
      vertex 88.9532 67.0271 -4.5
      vertex 88.9532 67.0271 -5
    endloop
  endfacet
  facet normal -0.972374 -0.233429 0
    outer loop
      vertex 88.9532 67.0271 -4.5
      vertex 89.0631 66.5693 -5
      vertex 89.0631 66.5693 -4.5
    endloop
  endfacet
  facet normal -0.233429 -0.972374 0
    outer loop
      vertex 86.5693 69.0631 -5
      vertex 87.0271 68.9532 -4.5
      vertex 86.5693 69.0631 -4.5
    endloop
  endfacet
  facet normal -0.233429 -0.972374 -0
    outer loop
      vertex 87.0271 68.9532 -4.5
      vertex 86.5693 69.0631 -5
      vertex 87.0271 68.9532 -5
    endloop
  endfacet
  facet normal 0.649601 -0.760275 0
    outer loop
      vertex 83.9787 68.2213 -5
      vertex 84.3366 68.5271 -4.5
      vertex 83.9787 68.2213 -4.5
    endloop
  endfacet
  facet normal 0.649601 -0.760275 0
    outer loop
      vertex 84.3366 68.5271 -4.5
      vertex 83.9787 68.2213 -5
      vertex 84.3366 68.5271 -5
    endloop
  endfacet
  facet normal -0.852714 0.522378 0
    outer loop
      vertex 88.5271 64.3366 -5
      vertex 88.773 64.738 -4.5
      vertex 88.773 64.738 -5
    endloop
  endfacet
  facet normal -0.852714 0.522378 0
    outer loop
      vertex 88.773 64.738 -4.5
      vertex 88.5271 64.3366 -5
      vertex 88.5271 64.3366 -4.5
    endloop
  endfacet
  facet normal 0.382714 0.923867 -0
    outer loop
      vertex 85.173 63.2468 -5
      vertex 84.738 63.427 -4.5
      vertex 85.173 63.2468 -4.5
    endloop
  endfacet
  facet normal 0.382714 0.923867 0
    outer loop
      vertex 84.738 63.427 -4.5
      vertex 85.173 63.2468 -5
      vertex 84.738 63.427 -5
    endloop
  endfacet
  facet normal -0.996923 -0.0783858 0
    outer loop
      vertex 89.1 66.1 -5
      vertex 89.0631 66.5693 -4.5
      vertex 89.0631 66.5693 -5
    endloop
  endfacet
  facet normal -0.996923 -0.0783858 0
    outer loop
      vertex 89.0631 66.5693 -4.5
      vertex 89.1 66.1 -5
      vertex 89.1 66.1 -4.5
    endloop
  endfacet
  facet normal -0.0783858 0.996923 0
    outer loop
      vertex 86.5693 63.1369 -5
      vertex 86.1 63.1 -4.5
      vertex 86.5693 63.1369 -4.5
    endloop
  endfacet
  facet normal -0.0783858 0.996923 0
    outer loop
      vertex 86.1 63.1 -4.5
      vertex 86.5693 63.1369 -5
      vertex 86.1 63.1 -5
    endloop
  endfacet
  facet normal 0.76038 -0.649478 0
    outer loop
      vertex 83.673 67.8634 -4.5
      vertex 83.9787 68.2213 -5
      vertex 83.9787 68.2213 -4.5
    endloop
  endfacet
  facet normal 0.76038 -0.649478 0
    outer loop
      vertex 83.9787 68.2213 -5
      vertex 83.673 67.8634 -4.5
      vertex 83.673 67.8634 -5
    endloop
  endfacet
  facet normal -0.649478 0.76038 0
    outer loop
      vertex 88.2213 63.9787 -5
      vertex 87.8634 63.673 -4.5
      vertex 88.2213 63.9787 -4.5
    endloop
  endfacet
  facet normal -0.649478 0.76038 0
    outer loop
      vertex 87.8634 63.673 -4.5
      vertex 88.2213 63.9787 -5
      vertex 87.8634 63.673 -5
    endloop
  endfacet
  facet normal -0.923836 -0.38279 0
    outer loop
      vertex 88.9532 67.0271 -5
      vertex 88.773 67.462 -4.5
      vertex 88.773 67.462 -5
    endloop
  endfacet
  facet normal -0.923836 -0.38279 0
    outer loop
      vertex 88.773 67.462 -4.5
      vertex 88.9532 67.0271 -5
      vertex 88.9532 67.0271 -4.5
    endloop
  endfacet
  facet normal -0.38279 -0.923836 0
    outer loop
      vertex 87.0271 68.9532 -5
      vertex 87.462 68.773 -4.5
      vertex 87.0271 68.9532 -4.5
    endloop
  endfacet
  facet normal -0.38279 -0.923836 -0
    outer loop
      vertex 87.462 68.773 -4.5
      vertex 87.0271 68.9532 -5
      vertex 87.462 68.773 -5
    endloop
  endfacet
  facet normal 0.0783858 -0.996923 0
    outer loop
      vertex 85.6307 69.0631 -5
      vertex 86.1 69.1 -4.5
      vertex 85.6307 69.0631 -4.5
    endloop
  endfacet
  facet normal 0.0783858 -0.996923 0
    outer loop
      vertex 86.1 69.1 -4.5
      vertex 85.6307 69.0631 -5
      vertex 86.1 69.1 -5
    endloop
  endfacet
  facet normal 0.522532 0.85262 -0
    outer loop
      vertex 84.738 63.427 -5
      vertex 84.3366 63.673 -4.5
      vertex 84.738 63.427 -4.5
    endloop
  endfacet
  facet normal 0.522532 0.85262 0
    outer loop
      vertex 84.3366 63.673 -4.5
      vertex 84.738 63.427 -5
      vertex 84.3366 63.673 -5
    endloop
  endfacet
  facet normal 0.923867 0.382714 0
    outer loop
      vertex 83.427 64.738 -4.5
      vertex 83.2468 65.173 -5
      vertex 83.2468 65.173 -4.5
    endloop
  endfacet
  facet normal 0.923867 0.382714 0
    outer loop
      vertex 83.2468 65.173 -5
      vertex 83.427 64.738 -4.5
      vertex 83.427 64.738 -5
    endloop
  endfacet
  facet normal 0.382714 -0.923867 0
    outer loop
      vertex 84.738 68.773 -5
      vertex 85.173 68.9532 -4.5
      vertex 84.738 68.773 -4.5
    endloop
  endfacet
  facet normal 0.382714 -0.923867 0
    outer loop
      vertex 85.173 68.9532 -4.5
      vertex 84.738 68.773 -5
      vertex 85.173 68.9532 -5
    endloop
  endfacet
  facet normal -0.923867 0.382714 0
    outer loop
      vertex 88.773 64.738 -5
      vertex 88.9532 65.173 -4.5
      vertex 88.9532 65.173 -5
    endloop
  endfacet
  facet normal -0.923867 0.382714 0
    outer loop
      vertex 88.9532 65.173 -4.5
      vertex 88.773 64.738 -5
      vertex 88.773 64.738 -4.5
    endloop
  endfacet
  facet normal -0.649601 -0.760275 0
    outer loop
      vertex 87.8634 68.5271 -5
      vertex 88.2213 68.2213 -4.5
      vertex 87.8634 68.5271 -4.5
    endloop
  endfacet
  facet normal -0.649601 -0.760275 -0
    outer loop
      vertex 88.2213 68.2213 -4.5
      vertex 87.8634 68.5271 -5
      vertex 88.2213 68.2213 -5
    endloop
  endfacet
  facet normal 0.972362 0.233477 0
    outer loop
      vertex 83.2468 65.173 -4.5
      vertex 83.1369 65.6307 -5
      vertex 83.1369 65.6307 -4.5
    endloop
  endfacet
  facet normal 0.972362 0.233477 0
    outer loop
      vertex 83.1369 65.6307 -5
      vertex 83.2468 65.173 -4.5
      vertex 83.2468 65.173 -5
    endloop
  endfacet
  facet normal -0.996923 0.0783858 0
    outer loop
      vertex 89.0631 65.6307 -5
      vertex 89.1 66.1 -4.5
      vertex 89.1 66.1 -5
    endloop
  endfacet
  facet normal -0.996923 0.0783858 0
    outer loop
      vertex 89.1 66.1 -4.5
      vertex 89.0631 65.6307 -5
      vertex 89.0631 65.6307 -4.5
    endloop
  endfacet
  facet normal 0.923836 -0.38279 0
    outer loop
      vertex 83.2468 67.0271 -4.5
      vertex 83.427 67.462 -5
      vertex 83.427 67.462 -4.5
    endloop
  endfacet
  facet normal 0.923836 -0.38279 0
    outer loop
      vertex 83.427 67.462 -5
      vertex 83.2468 67.0271 -4.5
      vertex 83.2468 67.0271 -5
    endloop
  endfacet
  facet normal 0.649478 0.76038 -0
    outer loop
      vertex 84.3366 63.673 -5
      vertex 83.9787 63.9787 -4.5
      vertex 84.3366 63.673 -4.5
    endloop
  endfacet
  facet normal 0.649478 0.76038 0
    outer loop
      vertex 83.9787 63.9787 -4.5
      vertex 84.3366 63.673 -5
      vertex 83.9787 63.9787 -5
    endloop
  endfacet
  facet normal -0.38279 0.923836 0
    outer loop
      vertex 87.462 63.427 -5
      vertex 87.0271 63.2468 -4.5
      vertex 87.462 63.427 -4.5
    endloop
  endfacet
  facet normal -0.38279 0.923836 0
    outer loop
      vertex 87.0271 63.2468 -4.5
      vertex 87.462 63.427 -5
      vertex 87.0271 63.2468 -5
    endloop
  endfacet
  facet normal 0.996923 0.0783858 0
    outer loop
      vertex 83.1369 65.6307 -4.5
      vertex 83.1 66.1 -5
      vertex 83.1 66.1 -4.5
    endloop
  endfacet
  facet normal 0.996923 0.0783858 0
    outer loop
      vertex 83.1 66.1 -5
      vertex 83.1369 65.6307 -4.5
      vertex 83.1369 65.6307 -5
    endloop
  endfacet
  facet normal -0.852714 -0.522378 0
    outer loop
      vertex 88.773 67.462 -5
      vertex 88.5271 67.8634 -4.5
      vertex 88.5271 67.8634 -5
    endloop
  endfacet
  facet normal -0.852714 -0.522378 0
    outer loop
      vertex 88.5271 67.8634 -4.5
      vertex 88.773 67.462 -5
      vertex 88.773 67.462 -4.5
    endloop
  endfacet
  facet normal -0.522378 -0.852714 0
    outer loop
      vertex 87.462 68.773 -5
      vertex 87.8634 68.5271 -4.5
      vertex 87.462 68.773 -4.5
    endloop
  endfacet
  facet normal -0.522378 -0.852714 -0
    outer loop
      vertex 87.8634 68.5271 -4.5
      vertex 87.462 68.773 -5
      vertex 87.8634 68.5271 -5
    endloop
  endfacet
  facet normal 0.233477 -0.972362 0
    outer loop
      vertex 85.173 68.9532 -5
      vertex 85.6307 69.0631 -4.5
      vertex 85.173 68.9532 -4.5
    endloop
  endfacet
  facet normal 0.233477 -0.972362 0
    outer loop
      vertex 85.6307 69.0631 -4.5
      vertex 85.173 68.9532 -5
      vertex 85.6307 69.0631 -5
    endloop
  endfacet
  facet normal 0.522378 -0.852714 0
    outer loop
      vertex 84.3366 68.5271 -5
      vertex 84.738 68.773 -4.5
      vertex 84.3366 68.5271 -4.5
    endloop
  endfacet
  facet normal 0.522378 -0.852714 0
    outer loop
      vertex 84.738 68.773 -4.5
      vertex 84.3366 68.5271 -5
      vertex 84.738 68.773 -5
    endloop
  endfacet
  facet normal 0.85262 0.522532 0
    outer loop
      vertex 83.673 64.3366 -4.5
      vertex 83.427 64.738 -5
      vertex 83.427 64.738 -4.5
    endloop
  endfacet
  facet normal 0.85262 0.522532 0
    outer loop
      vertex 83.427 64.738 -5
      vertex 83.673 64.3366 -4.5
      vertex 83.673 64.3366 -5
    endloop
  endfacet
  facet normal 0.76038 0.649478 0
    outer loop
      vertex 83.9787 63.9787 -4.5
      vertex 83.673 64.3366 -5
      vertex 83.673 64.3366 -4.5
    endloop
  endfacet
  facet normal 0.76038 0.649478 0
    outer loop
      vertex 83.673 64.3366 -5
      vertex 83.9787 63.9787 -4.5
      vertex 83.9787 63.9787 -5
    endloop
  endfacet
  facet normal -0.233429 0.972374 0
    outer loop
      vertex 87.0271 63.2468 -5
      vertex 86.5693 63.1369 -4.5
      vertex 87.0271 63.2468 -4.5
    endloop
  endfacet
  facet normal -0.233429 0.972374 0
    outer loop
      vertex 86.5693 63.1369 -4.5
      vertex 87.0271 63.2468 -5
      vertex 86.5693 63.1369 -5
    endloop
  endfacet
  facet normal -0.0783858 -0.996923 0
    outer loop
      vertex 86.1 69.1 -5
      vertex 86.5693 69.0631 -4.5
      vertex 86.1 69.1 -4.5
    endloop
  endfacet
  facet normal -0.0783858 -0.996923 -0
    outer loop
      vertex 86.5693 69.0631 -4.5
      vertex 86.1 69.1 -5
      vertex 86.5693 69.0631 -5
    endloop
  endfacet
  facet normal -0.522532 0.85262 0
    outer loop
      vertex 87.8634 63.673 -5
      vertex 87.462 63.427 -4.5
      vertex 87.8634 63.673 -4.5
    endloop
  endfacet
  facet normal -0.522532 0.85262 0
    outer loop
      vertex 87.462 63.427 -4.5
      vertex 87.8634 63.673 -5
      vertex 87.462 63.427 -5
    endloop
  endfacet
  facet normal -0.972362 0.233477 0
    outer loop
      vertex 88.9532 65.173 -5
      vertex 89.0631 65.6307 -4.5
      vertex 89.0631 65.6307 -5
    endloop
  endfacet
  facet normal -0.972362 0.233477 0
    outer loop
      vertex 89.0631 65.6307 -4.5
      vertex 88.9532 65.173 -5
      vertex 88.9532 65.173 -4.5
    endloop
  endfacet
  facet normal 0.996923 -0.0783858 0
    outer loop
      vertex 83.1 66.1 -4.5
      vertex 83.1369 66.5693 -5
      vertex 83.1369 66.5693 -4.5
    endloop
  endfacet
  facet normal 0.996923 -0.0783858 0
    outer loop
      vertex 83.1369 66.5693 -5
      vertex 83.1 66.1 -4.5
      vertex 83.1 66.1 -5
    endloop
  endfacet
  facet normal 0.85262 -0.522532 0
    outer loop
      vertex 83.427 67.462 -4.5
      vertex 83.673 67.8634 -5
      vertex 83.673 67.8634 -4.5
    endloop
  endfacet
  facet normal 0.85262 -0.522532 0
    outer loop
      vertex 83.673 67.8634 -5
      vertex 83.427 67.462 -4.5
      vertex 83.427 67.462 -5
    endloop
  endfacet
  facet normal -0.760275 -0.649601 0
    outer loop
      vertex 88.5271 67.8634 -5
      vertex 88.2213 68.2213 -4.5
      vertex 88.2213 68.2213 -5
    endloop
  endfacet
  facet normal -0.760275 -0.649601 0
    outer loop
      vertex 88.2213 68.2213 -4.5
      vertex 88.5271 67.8634 -5
      vertex 88.5271 67.8634 -4.5
    endloop
  endfacet
  facet normal 0.972374 -0.233429 0
    outer loop
      vertex 83.1369 66.5693 -4.5
      vertex 83.2468 67.0271 -5
      vertex 83.2468 67.0271 -4.5
    endloop
  endfacet
  facet normal 0.972374 -0.233429 0
    outer loop
      vertex 83.2468 67.0271 -5
      vertex 83.1369 66.5693 -4.5
      vertex 83.1369 66.5693 -5
    endloop
  endfacet
  facet normal -0.760275 0.649601 0
    outer loop
      vertex 88.2213 63.9787 -5
      vertex 88.5271 64.3366 -4.5
      vertex 88.5271 64.3366 -5
    endloop
  endfacet
  facet normal -0.760275 0.649601 0
    outer loop
      vertex 88.5271 64.3366 -4.5
      vertex 88.2213 63.9787 -5
      vertex 88.2213 63.9787 -4.5
    endloop
  endfacet
  facet normal 0.233477 0.972362 -0
    outer loop
      vertex 85.6307 63.1369 -5
      vertex 85.173 63.2468 -4.5
      vertex 85.6307 63.1369 -4.5
    endloop
  endfacet
  facet normal 0.233477 0.972362 0
    outer loop
      vertex 85.173 63.2468 -4.5
      vertex 85.6307 63.1369 -5
      vertex 85.173 63.2468 -5
    endloop
  endfacet
  facet normal 0 0 -1
    outer loop
      vertex 87.8 66.1 -4.5
      vertex 89.1 66.1 -4.5
      vertex 89.0631 65.6307 -4.5
    endloop
  endfacet
  facet normal 0 0 -1
    outer loop
      vertex 87.7791 65.8341 -4.5
      vertex 89.0631 65.6307 -4.5
      vertex 88.9532 65.173 -4.5
    endloop
  endfacet
  facet normal 0 0 -1
    outer loop
      vertex 89.1 66.1 -4.5
      vertex 87.8 66.1 -4.5
      vertex 89.0631 66.5693 -4.5
    endloop
  endfacet
  facet normal 0 0 -1
    outer loop
      vertex 87.7168 65.5747 -4.5
      vertex 88.9532 65.173 -4.5
      vertex 88.773 64.738 -4.5
    endloop
  endfacet
  facet normal 0 0 -1
    outer loop
      vertex 87.7791 66.3659 -4.5
      vertex 89.0631 66.5693 -4.5
      vertex 87.8 66.1 -4.5
    endloop
  endfacet
  facet normal 0 0 -1
    outer loop
      vertex 87.6147 65.3282 -4.5
      vertex 88.773 64.738 -4.5
      vertex 88.5271 64.3366 -4.5
    endloop
  endfacet
  facet normal -0 0 -1
    outer loop
      vertex 89.0631 66.5693 -4.5
      vertex 87.7791 66.3659 -4.5
      vertex 88.9532 67.0271 -4.5
    endloop
  endfacet
  facet normal 0 0 -1
    outer loop
      vertex 87.4753 65.1008 -4.5
      vertex 88.5271 64.3366 -4.5
      vertex 88.2213 63.9787 -4.5
    endloop
  endfacet
  facet normal 0 0 -1
    outer loop
      vertex 87.7168 66.6253 -4.5
      vertex 88.9532 67.0271 -4.5
      vertex 87.7791 66.3659 -4.5
    endloop
  endfacet
  facet normal 0 0 -1
    outer loop
      vertex 87.3021 64.8979 -4.5
      vertex 88.2213 63.9787 -4.5
      vertex 87.8634 63.673 -4.5
    endloop
  endfacet
  facet normal -0 0 -1
    outer loop
      vertex 88.9532 67.0271 -4.5
      vertex 87.7168 66.6253 -4.5
      vertex 88.773 67.462 -4.5
    endloop
  endfacet
  facet normal 0 0 -1
    outer loop
      vertex 87.6147 66.8718 -4.5
      vertex 88.773 67.462 -4.5
      vertex 87.7168 66.6253 -4.5
    endloop
  endfacet
  facet normal 0 0 -1
    outer loop
      vertex 89.0631 65.6307 -4.5
      vertex 87.7791 65.8341 -4.5
      vertex 87.8 66.1 -4.5
    endloop
  endfacet
  facet normal 0 0 -1
    outer loop
      vertex 88.9532 65.173 -4.5
      vertex 87.7168 65.5747 -4.5
      vertex 87.7791 65.8341 -4.5
    endloop
  endfacet
  facet normal 0 0 -1
    outer loop
      vertex 88.773 64.738 -4.5
      vertex 87.6147 65.3282 -4.5
      vertex 87.7168 65.5747 -4.5
    endloop
  endfacet
  facet normal 0 0 -1
    outer loop
      vertex 88.5271 64.3366 -4.5
      vertex 87.4753 65.1008 -4.5
      vertex 87.6147 65.3282 -4.5
    endloop
  endfacet
  facet normal 0 0 -1
    outer loop
      vertex 87.0992 64.7247 -4.5
      vertex 87.8634 63.673 -4.5
      vertex 87.462 63.427 -4.5
    endloop
  endfacet
  facet normal 0 0 -1
    outer loop
      vertex 88.2213 63.9787 -4.5
      vertex 87.3021 64.8979 -4.5
      vertex 87.4753 65.1008 -4.5
    endloop
  endfacet
  facet normal 0 0 -1
    outer loop
      vertex 87.8634 63.673 -4.5
      vertex 87.0992 64.7247 -4.5
      vertex 87.3021 64.8979 -4.5
    endloop
  endfacet
  facet normal 0 0 -1
    outer loop
      vertex 86.8718 64.5853 -4.5
      vertex 87.462 63.427 -4.5
      vertex 87.0271 63.2468 -4.5
    endloop
  endfacet
  facet normal 0 0 -1
    outer loop
      vertex 87.462 63.427 -4.5
      vertex 86.8718 64.5853 -4.5
      vertex 87.0992 64.7247 -4.5
    endloop
  endfacet
  facet normal 0 0 -1
    outer loop
      vertex 87.0271 63.2468 -4.5
      vertex 86.6253 64.4832 -4.5
      vertex 86.8718 64.5853 -4.5
    endloop
  endfacet
  facet normal 0 0 -1
    outer loop
      vertex 86.5693 63.1369 -4.5
      vertex 86.6253 64.4832 -4.5
      vertex 87.0271 63.2468 -4.5
    endloop
  endfacet
  facet normal 0 0 -1
    outer loop
      vertex 86.5693 63.1369 -4.5
      vertex 86.3659 64.4209 -4.5
      vertex 86.6253 64.4832 -4.5
    endloop
  endfacet
  facet normal 0 0 -1
    outer loop
      vertex 86.1 63.1 -4.5
      vertex 86.3659 64.4209 -4.5
      vertex 86.5693 63.1369 -4.5
    endloop
  endfacet
  facet normal 0 0 -1
    outer loop
      vertex 86.1 63.1 -4.5
      vertex 86.1 64.4 -4.5
      vertex 86.3659 64.4209 -4.5
    endloop
  endfacet
  facet normal 0 0 -1
    outer loop
      vertex 86.1 63.1 -4.5
      vertex 85.8341 64.4209 -4.5
      vertex 86.1 64.4 -4.5
    endloop
  endfacet
  facet normal 0 0 -1
    outer loop
      vertex 85.6307 63.1369 -4.5
      vertex 85.8341 64.4209 -4.5
      vertex 86.1 63.1 -4.5
    endloop
  endfacet
  facet normal 0 0 -1
    outer loop
      vertex 85.6307 63.1369 -4.5
      vertex 85.5747 64.4832 -4.5
      vertex 85.8341 64.4209 -4.5
    endloop
  endfacet
  facet normal 0 0 -1
    outer loop
      vertex 85.173 63.2468 -4.5
      vertex 85.5747 64.4832 -4.5
      vertex 85.6307 63.1369 -4.5
    endloop
  endfacet
  facet normal -0 0 -1
    outer loop
      vertex 85.5747 64.4832 -4.5
      vertex 85.173 63.2468 -4.5
      vertex 85.3282 64.5853 -4.5
    endloop
  endfacet
  facet normal 0 0 -1
    outer loop
      vertex 84.738 63.427 -4.5
      vertex 85.3282 64.5853 -4.5
      vertex 85.173 63.2468 -4.5
    endloop
  endfacet
  facet normal -0 0 -1
    outer loop
      vertex 85.3282 64.5853 -4.5
      vertex 84.738 63.427 -4.5
      vertex 85.1008 64.7247 -4.5
    endloop
  endfacet
  facet normal 0 0 -1
    outer loop
      vertex 84.3366 63.673 -4.5
      vertex 85.1008 64.7247 -4.5
      vertex 84.738 63.427 -4.5
    endloop
  endfacet
  facet normal -0 0 -1
    outer loop
      vertex 85.1008 64.7247 -4.5
      vertex 84.3366 63.673 -4.5
      vertex 84.8979 64.8979 -4.5
    endloop
  endfacet
  facet normal 0 0 -1
    outer loop
      vertex 83.9787 63.9787 -4.5
      vertex 84.8979 64.8979 -4.5
      vertex 84.3366 63.673 -4.5
    endloop
  endfacet
  facet normal -0 0 -1
    outer loop
      vertex 84.8979 64.8979 -4.5
      vertex 83.9787 63.9787 -4.5
      vertex 84.7247 65.1008 -4.5
    endloop
  endfacet
  facet normal 0 0 -1
    outer loop
      vertex 83.673 64.3366 -4.5
      vertex 84.7247 65.1008 -4.5
      vertex 83.9787 63.9787 -4.5
    endloop
  endfacet
  facet normal 0 0 -1
    outer loop
      vertex 83.427 64.738 -4.5
      vertex 84.5853 65.3282 -4.5
      vertex 83.673 64.3366 -4.5
    endloop
  endfacet
  facet normal -0 0 -1
    outer loop
      vertex 84.7247 65.1008 -4.5
      vertex 83.673 64.3366 -4.5
      vertex 84.5853 65.3282 -4.5
    endloop
  endfacet
  facet normal -0 0 -1
    outer loop
      vertex 88.773 67.462 -4.5
      vertex 87.6147 66.8718 -4.5
      vertex 88.5271 67.8634 -4.5
    endloop
  endfacet
  facet normal 0 0 -1
    outer loop
      vertex 87.4753 67.0992 -4.5
      vertex 88.5271 67.8634 -4.5
      vertex 87.6147 66.8718 -4.5
    endloop
  endfacet
  facet normal -0 0 -1
    outer loop
      vertex 88.5271 67.8634 -4.5
      vertex 87.4753 67.0992 -4.5
      vertex 88.2213 68.2213 -4.5
    endloop
  endfacet
  facet normal 0 0 -1
    outer loop
      vertex 87.3021 67.3021 -4.5
      vertex 88.2213 68.2213 -4.5
      vertex 87.4753 67.0992 -4.5
    endloop
  endfacet
  facet normal -0 0 -1
    outer loop
      vertex 88.2213 68.2213 -4.5
      vertex 87.3021 67.3021 -4.5
      vertex 87.8634 68.5271 -4.5
    endloop
  endfacet
  facet normal 0 0 -1
    outer loop
      vertex 87.0992 67.4753 -4.5
      vertex 87.8634 68.5271 -4.5
      vertex 87.3021 67.3021 -4.5
    endloop
  endfacet
  facet normal -0 0 -1
    outer loop
      vertex 87.8634 68.5271 -4.5
      vertex 87.0992 67.4753 -4.5
      vertex 87.462 68.773 -4.5
    endloop
  endfacet
  facet normal 0 0 -1
    outer loop
      vertex 86.8718 67.6147 -4.5
      vertex 87.462 68.773 -4.5
      vertex 87.0992 67.4753 -4.5
    endloop
  endfacet
  facet normal -0 0 -1
    outer loop
      vertex 87.462 68.773 -4.5
      vertex 86.8718 67.6147 -4.5
      vertex 87.0271 68.9532 -4.5
    endloop
  endfacet
  facet normal 0 0 -1
    outer loop
      vertex 86.6253 67.7168 -4.5
      vertex 87.0271 68.9532 -4.5
      vertex 86.8718 67.6147 -4.5
    endloop
  endfacet
  facet normal 0 0 -1
    outer loop
      vertex 86.6253 67.7168 -4.5
      vertex 86.5693 69.0631 -4.5
      vertex 87.0271 68.9532 -4.5
    endloop
  endfacet
  facet normal 0 0 -1
    outer loop
      vertex 86.3659 67.7791 -4.5
      vertex 86.5693 69.0631 -4.5
      vertex 86.6253 67.7168 -4.5
    endloop
  endfacet
  facet normal 0 0 -1
    outer loop
      vertex 86.1 67.8 -4.5
      vertex 86.5693 69.0631 -4.5
      vertex 86.3659 67.7791 -4.5
    endloop
  endfacet
  facet normal 0 0 -1
    outer loop
      vertex 86.1 67.8 -4.5
      vertex 86.1 69.1 -4.5
      vertex 86.5693 69.0631 -4.5
    endloop
  endfacet
  facet normal 0 0 -1
    outer loop
      vertex 85.8341 67.7791 -4.5
      vertex 86.1 69.1 -4.5
      vertex 86.1 67.8 -4.5
    endloop
  endfacet
  facet normal 0 0 -1
    outer loop
      vertex 85.8341 67.7791 -4.5
      vertex 85.6307 69.0631 -4.5
      vertex 86.1 69.1 -4.5
    endloop
  endfacet
  facet normal 0 0 -1
    outer loop
      vertex 85.5747 67.7168 -4.5
      vertex 85.6307 69.0631 -4.5
      vertex 85.8341 67.7791 -4.5
    endloop
  endfacet
  facet normal 0 0 -1
    outer loop
      vertex 85.173 68.9532 -4.5
      vertex 85.5747 67.7168 -4.5
      vertex 85.3282 67.6147 -4.5
    endloop
  endfacet
  facet normal 0 0 -1
    outer loop
      vertex 85.5747 67.7168 -4.5
      vertex 85.173 68.9532 -4.5
      vertex 85.6307 69.0631 -4.5
    endloop
  endfacet
  facet normal 0 0 -1
    outer loop
      vertex 84.738 68.773 -4.5
      vertex 85.3282 67.6147 -4.5
      vertex 85.1008 67.4753 -4.5
    endloop
  endfacet
  facet normal 0 0 -1
    outer loop
      vertex 84.3366 68.5271 -4.5
      vertex 85.1008 67.4753 -4.5
      vertex 84.8979 67.3021 -4.5
    endloop
  endfacet
  facet normal 0 0 -1
    outer loop
      vertex 85.3282 67.6147 -4.5
      vertex 84.738 68.773 -4.5
      vertex 85.173 68.9532 -4.5
    endloop
  endfacet
  facet normal 0 0 -1
    outer loop
      vertex 83.9787 68.2213 -4.5
      vertex 84.8979 67.3021 -4.5
      vertex 84.7247 67.0992 -4.5
    endloop
  endfacet
  facet normal 0 0 -1
    outer loop
      vertex 83.673 67.8634 -4.5
      vertex 84.7247 67.0992 -4.5
      vertex 84.5853 66.8718 -4.5
    endloop
  endfacet
  facet normal 0 0 -1
    outer loop
      vertex 83.427 67.462 -4.5
      vertex 84.5853 66.8718 -4.5
      vertex 84.4832 66.6253 -4.5
    endloop
  endfacet
  facet normal 0 0 -1
    outer loop
      vertex 83.2468 67.0271 -4.5
      vertex 84.4832 66.6253 -4.5
      vertex 84.4209 66.3659 -4.5
    endloop
  endfacet
  facet normal 0 0 -1
    outer loop
      vertex 85.1008 67.4753 -4.5
      vertex 84.3366 68.5271 -4.5
      vertex 84.738 68.773 -4.5
    endloop
  endfacet
  facet normal 0 0 -1
    outer loop
      vertex 83.1369 66.5693 -4.5
      vertex 84.4209 66.3659 -4.5
      vertex 84.4 66.1 -4.5
    endloop
  endfacet
  facet normal -0 0 -1
    outer loop
      vertex 84.5853 65.3282 -4.5
      vertex 83.427 64.738 -4.5
      vertex 84.4832 65.5747 -4.5
    endloop
  endfacet
  facet normal 0 0 -1
    outer loop
      vertex 83.2468 65.173 -4.5
      vertex 84.4832 65.5747 -4.5
      vertex 83.427 64.738 -4.5
    endloop
  endfacet
  facet normal 0 0 -1
    outer loop
      vertex 84.8979 67.3021 -4.5
      vertex 83.9787 68.2213 -4.5
      vertex 84.3366 68.5271 -4.5
    endloop
  endfacet
  facet normal -0 0 -1
    outer loop
      vertex 84.4832 65.5747 -4.5
      vertex 83.2468 65.173 -4.5
      vertex 84.4209 65.8341 -4.5
    endloop
  endfacet
  facet normal 0 0 -1
    outer loop
      vertex 84.7247 67.0992 -4.5
      vertex 83.673 67.8634 -4.5
      vertex 83.9787 68.2213 -4.5
    endloop
  endfacet
  facet normal 0 0 -1
    outer loop
      vertex 83.1369 65.6307 -4.5
      vertex 84.4209 65.8341 -4.5
      vertex 83.2468 65.173 -4.5
    endloop
  endfacet
  facet normal 0 0 -1
    outer loop
      vertex 84.5853 66.8718 -4.5
      vertex 83.427 67.462 -4.5
      vertex 83.673 67.8634 -4.5
    endloop
  endfacet
  facet normal -0 0 -1
    outer loop
      vertex 84.4209 65.8341 -4.5
      vertex 83.1369 65.6307 -4.5
      vertex 84.4 66.1 -4.5
    endloop
  endfacet
  facet normal 0 0 -1
    outer loop
      vertex 84.4832 66.6253 -4.5
      vertex 83.2468 67.0271 -4.5
      vertex 83.427 67.462 -4.5
    endloop
  endfacet
  facet normal 0 0 -1
    outer loop
      vertex 83.1 66.1 -4.5
      vertex 84.4 66.1 -4.5
      vertex 83.1369 65.6307 -4.5
    endloop
  endfacet
  facet normal 0 0 -1
    outer loop
      vertex 84.4209 66.3659 -4.5
      vertex 83.1369 66.5693 -4.5
      vertex 83.2468 67.0271 -4.5
    endloop
  endfacet
  facet normal 0 0 -1
    outer loop
      vertex 84.4 66.1 -4.5
      vertex 83.1 66.1 -4.5
      vertex 83.1369 66.5693 -4.5
    endloop
  endfacet
  facet normal -0.972375 -0.233423 0
    outer loop
      vertex 7.57907 66.3659 -4.5
      vertex 7.5168 66.6253 -2.6
      vertex 7.5168 66.6253 -4.5
    endloop
  endfacet
  facet normal -0.972375 -0.233423 0
    outer loop
      vertex 7.5168 66.6253 -2.6
      vertex 7.57907 66.3659 -4.5
      vertex 7.57907 66.3659 -2.6
    endloop
  endfacet
  facet normal -0.996916 -0.0784711 0
    outer loop
      vertex 7.6 66.1 -4.5
      vertex 7.57907 66.3659 -2.6
      vertex 7.57907 66.3659 -4.5
    endloop
  endfacet
  facet normal -0.996916 -0.0784711 0
    outer loop
      vertex 7.57907 66.3659 -2.6
      vertex 7.6 66.1 -4.5
      vertex 7.6 66.1 -2.6
    endloop
  endfacet
  facet normal -0.923898 -0.38264 0
    outer loop
      vertex 7.5168 66.6253 -4.5
      vertex 7.41471 66.8718 -2.6
      vertex 7.41471 66.8718 -4.5
    endloop
  endfacet
  facet normal -0.923898 -0.38264 0
    outer loop
      vertex 7.41471 66.8718 -2.6
      vertex 7.5168 66.6253 -4.5
      vertex 7.5168 66.6253 -2.6
    endloop
  endfacet
  facet normal -0.522549 0.852609 0
    outer loop
      vertex 6.89923 64.7247 -4.5
      vertex 6.67178 64.5853 -2.6
      vertex 6.89923 64.7247 -2.6
    endloop
  endfacet
  facet normal -0.522549 0.852609 0
    outer loop
      vertex 6.67178 64.5853 -2.6
      vertex 6.89923 64.7247 -4.5
      vertex 6.67178 64.5853 -4.5
    endloop
  endfacet
  facet normal 0.923898 -0.38264 0
    outer loop
      vertex 4.2832 66.6253 -2.6
      vertex 4.38529 66.8718 -4.5
      vertex 4.38529 66.8718 -2.6
    endloop
  endfacet
  facet normal 0.923898 -0.38264 0
    outer loop
      vertex 4.38529 66.8718 -4.5
      vertex 4.2832 66.6253 -2.6
      vertex 4.2832 66.6253 -4.5
    endloop
  endfacet
  facet normal 0.522549 0.852609 -0
    outer loop
      vertex 5.12822 64.5853 -4.5
      vertex 4.90077 64.7247 -2.6
      vertex 5.12822 64.5853 -2.6
    endloop
  endfacet
  facet normal 0.522549 0.852609 0
    outer loop
      vertex 4.90077 64.7247 -2.6
      vertex 5.12822 64.5853 -4.5
      vertex 4.90077 64.7247 -4.5
    endloop
  endfacet
  facet normal -0.382738 0.923857 0
    outer loop
      vertex 6.67178 64.5853 -4.5
      vertex 6.42533 64.4832 -2.6
      vertex 6.67178 64.5853 -2.6
    endloop
  endfacet
  facet normal -0.382738 0.923857 0
    outer loop
      vertex 6.42533 64.4832 -2.6
      vertex 6.67178 64.5853 -4.5
      vertex 6.42533 64.4832 -4.5
    endloop
  endfacet
  facet normal 0.382738 -0.923857 0
    outer loop
      vertex 5.12822 67.6147 -4.5
      vertex 5.37467 67.7168 -2.6
      vertex 5.12822 67.6147 -2.6
    endloop
  endfacet
  facet normal 0.382738 -0.923857 0
    outer loop
      vertex 5.37467 67.7168 -2.6
      vertex 5.12822 67.6147 -4.5
      vertex 5.37467 67.7168 -4.5
    endloop
  endfacet
  facet normal 0.522549 -0.852609 0
    outer loop
      vertex 4.90077 67.4753 -4.5
      vertex 5.12822 67.6147 -2.6
      vertex 4.90077 67.4753 -2.6
    endloop
  endfacet
  facet normal 0.522549 -0.852609 0
    outer loop
      vertex 5.12822 67.6147 -2.6
      vertex 4.90077 67.4753 -4.5
      vertex 5.12822 67.6147 -4.5
    endloop
  endfacet
  facet normal 0.233537 -0.972348 0
    outer loop
      vertex 5.37467 67.7168 -4.5
      vertex 5.63406 67.7791 -2.6
      vertex 5.37467 67.7168 -2.6
    endloop
  endfacet
  facet normal 0.233537 -0.972348 0
    outer loop
      vertex 5.63406 67.7791 -2.6
      vertex 5.37467 67.7168 -4.5
      vertex 5.63406 67.7791 -4.5
    endloop
  endfacet
  facet normal -0.649339 0.760499 0
    outer loop
      vertex 7.10208 64.8979 -4.5
      vertex 6.89923 64.7247 -2.6
      vertex 7.10208 64.8979 -2.6
    endloop
  endfacet
  facet normal -0.649339 0.760499 0
    outer loop
      vertex 6.89923 64.7247 -2.6
      vertex 7.10208 64.8979 -4.5
      vertex 6.89923 64.7247 -4.5
    endloop
  endfacet
  facet normal 0.0783476 -0.996926 0
    outer loop
      vertex 5.63406 67.7791 -4.5
      vertex 5.9 67.8 -2.6
      vertex 5.63406 67.7791 -2.6
    endloop
  endfacet
  facet normal 0.0783476 -0.996926 0
    outer loop
      vertex 5.9 67.8 -2.6
      vertex 5.63406 67.7791 -4.5
      vertex 5.9 67.8 -4.5
    endloop
  endfacet
  facet normal 0.923898 0.38264 0
    outer loop
      vertex 4.38529 65.3282 -2.6
      vertex 4.2832 65.5747 -4.5
      vertex 4.2832 65.5747 -2.6
    endloop
  endfacet
  facet normal 0.923898 0.38264 0
    outer loop
      vertex 4.2832 65.5747 -4.5
      vertex 4.38529 65.3282 -2.6
      vertex 4.38529 65.3282 -4.5
    endloop
  endfacet
  facet normal 0.760485 -0.649355 0
    outer loop
      vertex 4.52467 67.0992 -2.6
      vertex 4.69792 67.3021 -4.5
      vertex 4.69792 67.3021 -2.6
    endloop
  endfacet
  facet normal 0.760485 -0.649355 0
    outer loop
      vertex 4.69792 67.3021 -4.5
      vertex 4.52467 67.0992 -2.6
      vertex 4.52467 67.0992 -4.5
    endloop
  endfacet
  facet normal 0.233537 0.972348 -0
    outer loop
      vertex 5.63406 64.4209 -4.5
      vertex 5.37467 64.4832 -2.6
      vertex 5.63406 64.4209 -2.6
    endloop
  endfacet
  facet normal 0.233537 0.972348 0
    outer loop
      vertex 5.37467 64.4832 -2.6
      vertex 5.63406 64.4209 -4.5
      vertex 5.37467 64.4832 -4.5
    endloop
  endfacet
  facet normal -0.923898 0.38264 0
    outer loop
      vertex 7.41471 65.3282 -4.5
      vertex 7.5168 65.5747 -2.6
      vertex 7.5168 65.5747 -4.5
    endloop
  endfacet
  facet normal -0.923898 0.38264 0
    outer loop
      vertex 7.5168 65.5747 -2.6
      vertex 7.41471 65.3282 -4.5
      vertex 7.41471 65.3282 -2.6
    endloop
  endfacet
  facet normal 0.760485 0.649355 0
    outer loop
      vertex 4.69792 64.8979 -2.6
      vertex 4.52467 65.1008 -4.5
      vertex 4.52467 65.1008 -2.6
    endloop
  endfacet
  facet normal 0.760485 0.649355 0
    outer loop
      vertex 4.52467 65.1008 -4.5
      vertex 4.69792 64.8979 -2.6
      vertex 4.69792 64.8979 -4.5
    endloop
  endfacet
  facet normal 0.649339 -0.760499 0
    outer loop
      vertex 4.69792 67.3021 -4.5
      vertex 4.90077 67.4753 -2.6
      vertex 4.69792 67.3021 -2.6
    endloop
  endfacet
  facet normal 0.649339 -0.760499 0
    outer loop
      vertex 4.90077 67.4753 -2.6
      vertex 4.69792 67.3021 -4.5
      vertex 4.90077 67.4753 -4.5
    endloop
  endfacet
  facet normal -0.0783476 0.996926 0
    outer loop
      vertex 6.16594 64.4209 -4.5
      vertex 5.9 64.4 -2.6
      vertex 6.16594 64.4209 -2.6
    endloop
  endfacet
  facet normal -0.0783476 0.996926 0
    outer loop
      vertex 5.9 64.4 -2.6
      vertex 6.16594 64.4209 -4.5
      vertex 5.9 64.4 -4.5
    endloop
  endfacet
  facet normal -0.852592 0.522578 0
    outer loop
      vertex 7.27533 65.1008 -4.5
      vertex 7.41471 65.3282 -2.6
      vertex 7.41471 65.3282 -4.5
    endloop
  endfacet
  facet normal -0.852592 0.522578 0
    outer loop
      vertex 7.41471 65.3282 -2.6
      vertex 7.27533 65.1008 -4.5
      vertex 7.27533 65.1008 -2.6
    endloop
  endfacet
  facet normal -0.852592 -0.522578 0
    outer loop
      vertex 7.41471 66.8718 -4.5
      vertex 7.27533 67.0992 -2.6
      vertex 7.27533 67.0992 -4.5
    endloop
  endfacet
  facet normal -0.852592 -0.522578 0
    outer loop
      vertex 7.27533 67.0992 -2.6
      vertex 7.41471 66.8718 -4.5
      vertex 7.41471 66.8718 -2.6
    endloop
  endfacet
  facet normal -0.996916 0.0784711 0
    outer loop
      vertex 7.57907 65.8341 -4.5
      vertex 7.6 66.1 -2.6
      vertex 7.6 66.1 -4.5
    endloop
  endfacet
  facet normal -0.996916 0.0784711 0
    outer loop
      vertex 7.6 66.1 -2.6
      vertex 7.57907 65.8341 -4.5
      vertex 7.57907 65.8341 -2.6
    endloop
  endfacet
  facet normal -0.972375 0.233423 0
    outer loop
      vertex 7.5168 65.5747 -4.5
      vertex 7.57907 65.8341 -2.6
      vertex 7.57907 65.8341 -4.5
    endloop
  endfacet
  facet normal -0.972375 0.233423 0
    outer loop
      vertex 7.57907 65.8341 -2.6
      vertex 7.5168 65.5747 -4.5
      vertex 7.5168 65.5747 -2.6
    endloop
  endfacet
  facet normal 0.972375 0.233423 0
    outer loop
      vertex 4.2832 65.5747 -2.6
      vertex 4.22093 65.8341 -4.5
      vertex 4.22093 65.8341 -2.6
    endloop
  endfacet
  facet normal 0.972375 0.233423 0
    outer loop
      vertex 4.22093 65.8341 -4.5
      vertex 4.2832 65.5747 -2.6
      vertex 4.2832 65.5747 -4.5
    endloop
  endfacet
  facet normal -0.522549 -0.852609 0
    outer loop
      vertex 6.67178 67.6147 -4.5
      vertex 6.89923 67.4753 -2.6
      vertex 6.67178 67.6147 -2.6
    endloop
  endfacet
  facet normal -0.522549 -0.852609 -0
    outer loop
      vertex 6.89923 67.4753 -2.6
      vertex 6.67178 67.6147 -4.5
      vertex 6.89923 67.4753 -4.5
    endloop
  endfacet
  facet normal -0.760485 -0.649355 0
    outer loop
      vertex 7.27533 67.0992 -4.5
      vertex 7.10208 67.3021 -2.6
      vertex 7.10208 67.3021 -4.5
    endloop
  endfacet
  facet normal -0.760485 -0.649355 0
    outer loop
      vertex 7.10208 67.3021 -2.6
      vertex 7.27533 67.0992 -4.5
      vertex 7.27533 67.0992 -2.6
    endloop
  endfacet
  facet normal 0.996916 -0.0784711 0
    outer loop
      vertex 4.2 66.1 -2.6
      vertex 4.22093 66.3659 -4.5
      vertex 4.22093 66.3659 -2.6
    endloop
  endfacet
  facet normal 0.996916 -0.0784711 0
    outer loop
      vertex 4.22093 66.3659 -4.5
      vertex 4.2 66.1 -2.6
      vertex 4.2 66.1 -4.5
    endloop
  endfacet
  facet normal -0.649339 -0.760499 0
    outer loop
      vertex 6.89923 67.4753 -4.5
      vertex 7.10208 67.3021 -2.6
      vertex 6.89923 67.4753 -2.6
    endloop
  endfacet
  facet normal -0.649339 -0.760499 -0
    outer loop
      vertex 7.10208 67.3021 -2.6
      vertex 6.89923 67.4753 -4.5
      vertex 7.10208 67.3021 -4.5
    endloop
  endfacet
  facet normal -0.233537 0.972348 0
    outer loop
      vertex 6.42533 64.4832 -4.5
      vertex 6.16594 64.4209 -2.6
      vertex 6.42533 64.4832 -2.6
    endloop
  endfacet
  facet normal -0.233537 0.972348 0
    outer loop
      vertex 6.16594 64.4209 -2.6
      vertex 6.42533 64.4832 -4.5
      vertex 6.16594 64.4209 -4.5
    endloop
  endfacet
  facet normal 0.852592 0.522578 0
    outer loop
      vertex 4.52467 65.1008 -2.6
      vertex 4.38529 65.3282 -4.5
      vertex 4.38529 65.3282 -2.6
    endloop
  endfacet
  facet normal 0.852592 0.522578 0
    outer loop
      vertex 4.38529 65.3282 -4.5
      vertex 4.52467 65.1008 -2.6
      vertex 4.52467 65.1008 -4.5
    endloop
  endfacet
  facet normal 0.649339 0.760499 -0
    outer loop
      vertex 4.90077 64.7247 -4.5
      vertex 4.69792 64.8979 -2.6
      vertex 4.90077 64.7247 -2.6
    endloop
  endfacet
  facet normal 0.649339 0.760499 0
    outer loop
      vertex 4.69792 64.8979 -2.6
      vertex 4.90077 64.7247 -4.5
      vertex 4.69792 64.8979 -4.5
    endloop
  endfacet
  facet normal -0.760485 0.649355 0
    outer loop
      vertex 7.10208 64.8979 -4.5
      vertex 7.27533 65.1008 -2.6
      vertex 7.27533 65.1008 -4.5
    endloop
  endfacet
  facet normal -0.760485 0.649355 0
    outer loop
      vertex 7.27533 65.1008 -2.6
      vertex 7.10208 64.8979 -4.5
      vertex 7.10208 64.8979 -2.6
    endloop
  endfacet
  facet normal 0.852592 -0.522578 0
    outer loop
      vertex 4.38529 66.8718 -2.6
      vertex 4.52467 67.0992 -4.5
      vertex 4.52467 67.0992 -2.6
    endloop
  endfacet
  facet normal 0.852592 -0.522578 0
    outer loop
      vertex 4.52467 67.0992 -4.5
      vertex 4.38529 66.8718 -2.6
      vertex 4.38529 66.8718 -4.5
    endloop
  endfacet
  facet normal 0.996916 0.0784711 0
    outer loop
      vertex 4.22093 65.8341 -2.6
      vertex 4.2 66.1 -4.5
      vertex 4.2 66.1 -2.6
    endloop
  endfacet
  facet normal 0.996916 0.0784711 0
    outer loop
      vertex 4.2 66.1 -4.5
      vertex 4.22093 65.8341 -2.6
      vertex 4.22093 65.8341 -4.5
    endloop
  endfacet
  facet normal 0.382738 0.923857 -0
    outer loop
      vertex 5.37467 64.4832 -4.5
      vertex 5.12822 64.5853 -2.6
      vertex 5.37467 64.4832 -2.6
    endloop
  endfacet
  facet normal 0.382738 0.923857 0
    outer loop
      vertex 5.12822 64.5853 -2.6
      vertex 5.37467 64.4832 -4.5
      vertex 5.12822 64.5853 -4.5
    endloop
  endfacet
  facet normal -0.382738 -0.923857 0
    outer loop
      vertex 6.42533 67.7168 -4.5
      vertex 6.67178 67.6147 -2.6
      vertex 6.42533 67.7168 -2.6
    endloop
  endfacet
  facet normal -0.382738 -0.923857 -0
    outer loop
      vertex 6.67178 67.6147 -2.6
      vertex 6.42533 67.7168 -4.5
      vertex 6.67178 67.6147 -4.5
    endloop
  endfacet
  facet normal -0.233537 -0.972348 0
    outer loop
      vertex 6.16594 67.7791 -4.5
      vertex 6.42533 67.7168 -2.6
      vertex 6.16594 67.7791 -2.6
    endloop
  endfacet
  facet normal -0.233537 -0.972348 -0
    outer loop
      vertex 6.42533 67.7168 -2.6
      vertex 6.16594 67.7791 -4.5
      vertex 6.42533 67.7168 -4.5
    endloop
  endfacet
  facet normal -0.0783476 -0.996926 0
    outer loop
      vertex 5.9 67.8 -4.5
      vertex 6.16594 67.7791 -2.6
      vertex 5.9 67.8 -2.6
    endloop
  endfacet
  facet normal -0.0783476 -0.996926 -0
    outer loop
      vertex 6.16594 67.7791 -2.6
      vertex 5.9 67.8 -4.5
      vertex 6.16594 67.7791 -4.5
    endloop
  endfacet
  facet normal 0.972375 -0.233423 0
    outer loop
      vertex 4.22093 66.3659 -2.6
      vertex 4.2832 66.6253 -4.5
      vertex 4.2832 66.6253 -2.6
    endloop
  endfacet
  facet normal 0.972375 -0.233423 0
    outer loop
      vertex 4.2832 66.6253 -4.5
      vertex 4.22093 66.3659 -2.6
      vertex 4.22093 66.3659 -4.5
    endloop
  endfacet
  facet normal 0.0783476 0.996926 -0
    outer loop
      vertex 5.9 64.4 -4.5
      vertex 5.63406 64.4209 -2.6
      vertex 5.9 64.4 -2.6
    endloop
  endfacet
  facet normal 0.0783476 0.996926 0
    outer loop
      vertex 5.63406 64.4209 -2.6
      vertex 5.9 64.4 -4.5
      vertex 5.63406 64.4209 -4.5
    endloop
  endfacet
  facet normal 0.0783858 0.996923 -0
    outer loop
      vertex 5.9 63.1 -5
      vertex 5.4307 63.1369 -4.5
      vertex 5.9 63.1 -4.5
    endloop
  endfacet
  facet normal 0.0783858 0.996923 0
    outer loop
      vertex 5.4307 63.1369 -4.5
      vertex 5.9 63.1 -5
      vertex 5.4307 63.1369 -5
    endloop
  endfacet
  facet normal -0.972379 -0.233409 0
    outer loop
      vertex 8.86306 66.5693 -5
      vertex 8.75317 67.0271 -4.5
      vertex 8.75317 67.0271 -5
    endloop
  endfacet
  facet normal -0.972379 -0.233409 0
    outer loop
      vertex 8.75317 67.0271 -4.5
      vertex 8.86306 66.5693 -5
      vertex 8.86306 66.5693 -4.5
    endloop
  endfacet
  facet normal -0.233453 -0.972368 0
    outer loop
      vertex 6.3693 69.0631 -5
      vertex 6.82705 68.9532 -4.5
      vertex 6.3693 69.0631 -4.5
    endloop
  endfacet
  facet normal -0.233453 -0.972368 -0
    outer loop
      vertex 6.82705 68.9532 -4.5
      vertex 6.3693 69.0631 -5
      vertex 6.82705 68.9532 -5
    endloop
  endfacet
  facet normal 0.649538 -0.760329 0
    outer loop
      vertex 3.77868 68.2213 -5
      vertex 4.13664 68.5271 -4.5
      vertex 3.77868 68.2213 -4.5
    endloop
  endfacet
  facet normal 0.649538 -0.760329 0
    outer loop
      vertex 4.13664 68.5271 -4.5
      vertex 3.77868 68.2213 -5
      vertex 4.13664 68.5271 -5
    endloop
  endfacet
  facet normal -0.852648 0.522486 0
    outer loop
      vertex 8.32705 64.3366 -5
      vertex 8.57302 64.738 -4.5
      vertex 8.57302 64.738 -5
    endloop
  endfacet
  facet normal -0.852648 0.522486 0
    outer loop
      vertex 8.57302 64.738 -4.5
      vertex 8.32705 64.3366 -5
      vertex 8.32705 64.3366 -4.5
    endloop
  endfacet
  facet normal 0.382775 0.923842 -0
    outer loop
      vertex 4.97295 63.2468 -5
      vertex 4.53803 63.427 -4.5
      vertex 4.97295 63.2468 -4.5
    endloop
  endfacet
  facet normal 0.382775 0.923842 0
    outer loop
      vertex 4.53803 63.427 -4.5
      vertex 4.97295 63.2468 -5
      vertex 4.53803 63.427 -5
    endloop
  endfacet
  facet normal -0.996916 -0.0784703 0
    outer loop
      vertex 8.9 66.1 -5
      vertex 8.86306 66.5693 -4.5
      vertex 8.86306 66.5693 -5
    endloop
  endfacet
  facet normal -0.996916 -0.0784703 0
    outer loop
      vertex 8.86306 66.5693 -4.5
      vertex 8.9 66.1 -5
      vertex 8.9 66.1 -4.5
    endloop
  endfacet
  facet normal -0.0783858 0.996923 0
    outer loop
      vertex 6.3693 63.1369 -5
      vertex 5.9 63.1 -4.5
      vertex 6.3693 63.1369 -4.5
    endloop
  endfacet
  facet normal -0.0783858 0.996923 0
    outer loop
      vertex 5.9 63.1 -4.5
      vertex 6.3693 63.1369 -5
      vertex 5.9 63.1 -5
    endloop
  endfacet
  facet normal 0.760349 -0.649515 0
    outer loop
      vertex 3.47295 67.8634 -4.5
      vertex 3.77868 68.2213 -5
      vertex 3.77868 68.2213 -4.5
    endloop
  endfacet
  facet normal 0.760349 -0.649515 0
    outer loop
      vertex 3.77868 68.2213 -5
      vertex 3.47295 67.8634 -4.5
      vertex 3.47295 67.8634 -5
    endloop
  endfacet
  facet normal -0.649415 0.760434 0
    outer loop
      vertex 8.02132 63.9787 -5
      vertex 7.66336 63.673 -4.5
      vertex 8.02132 63.9787 -4.5
    endloop
  endfacet
  facet normal -0.649415 0.760434 0
    outer loop
      vertex 7.66336 63.673 -4.5
      vertex 8.02132 63.9787 -5
      vertex 7.66336 63.673 -5
    endloop
  endfacet
  facet normal -0.923873 -0.382699 0
    outer loop
      vertex 8.75317 67.0271 -5
      vertex 8.57302 67.462 -4.5
      vertex 8.57302 67.462 -5
    endloop
  endfacet
  facet normal -0.923873 -0.382699 0
    outer loop
      vertex 8.57302 67.462 -4.5
      vertex 8.75317 67.0271 -5
      vertex 8.75317 67.0271 -4.5
    endloop
  endfacet
  facet normal -0.382775 -0.923842 0
    outer loop
      vertex 6.82705 68.9532 -5
      vertex 7.26197 68.773 -4.5
      vertex 6.82705 68.9532 -4.5
    endloop
  endfacet
  facet normal -0.382775 -0.923842 -0
    outer loop
      vertex 7.26197 68.773 -4.5
      vertex 6.82705 68.9532 -5
      vertex 7.26197 68.773 -5
    endloop
  endfacet
  facet normal 0.522542 0.852614 -0
    outer loop
      vertex 4.53803 63.427 -5
      vertex 4.13664 63.673 -4.5
      vertex 4.53803 63.427 -4.5
    endloop
  endfacet
  facet normal 0.522542 0.852614 0
    outer loop
      vertex 4.13664 63.673 -4.5
      vertex 4.53803 63.427 -5
      vertex 4.13664 63.673 -5
    endloop
  endfacet
  facet normal 0.923904 0.382624 0
    outer loop
      vertex 3.22698 64.738 -4.5
      vertex 3.04683 65.173 -5
      vertex 3.04683 65.173 -4.5
    endloop
  endfacet
  facet normal 0.923904 0.382624 0
    outer loop
      vertex 3.04683 65.173 -5
      vertex 3.22698 64.738 -4.5
      vertex 3.22698 64.738 -5
    endloop
  endfacet
  facet normal 0.382775 -0.923842 0
    outer loop
      vertex 4.53803 68.773 -5
      vertex 4.97295 68.9532 -4.5
      vertex 4.53803 68.773 -4.5
    endloop
  endfacet
  facet normal 0.382775 -0.923842 0
    outer loop
      vertex 4.97295 68.9532 -4.5
      vertex 4.53803 68.773 -5
      vertex 4.97295 68.9532 -5
    endloop
  endfacet
  facet normal -0.923904 0.382624 0
    outer loop
      vertex 8.57302 64.738 -5
      vertex 8.75317 65.173 -4.5
      vertex 8.75317 65.173 -5
    endloop
  endfacet
  facet normal -0.923904 0.382624 0
    outer loop
      vertex 8.75317 65.173 -4.5
      vertex 8.57302 64.738 -5
      vertex 8.57302 64.738 -4.5
    endloop
  endfacet
  facet normal -0.649538 -0.760329 0
    outer loop
      vertex 7.66336 68.5271 -5
      vertex 8.02132 68.2213 -4.5
      vertex 7.66336 68.5271 -4.5
    endloop
  endfacet
  facet normal -0.649538 -0.760329 -0
    outer loop
      vertex 8.02132 68.2213 -4.5
      vertex 7.66336 68.5271 -5
      vertex 8.02132 68.2213 -5
    endloop
  endfacet
  facet normal 0.972367 0.233457 0
    outer loop
      vertex 3.04683 65.173 -4.5
      vertex 2.93694 65.6307 -5
      vertex 2.93694 65.6307 -4.5
    endloop
  endfacet
  facet normal 0.972367 0.233457 0
    outer loop
      vertex 2.93694 65.6307 -5
      vertex 3.04683 65.173 -4.5
      vertex 3.04683 65.173 -5
    endloop
  endfacet
  facet normal -0.996916 0.0784703 0
    outer loop
      vertex 8.86306 65.6307 -5
      vertex 8.9 66.1 -4.5
      vertex 8.9 66.1 -5
    endloop
  endfacet
  facet normal -0.996916 0.0784703 0
    outer loop
      vertex 8.9 66.1 -4.5
      vertex 8.86306 65.6307 -5
      vertex 8.86306 65.6307 -4.5
    endloop
  endfacet
  facet normal 0.923873 -0.382699 0
    outer loop
      vertex 3.04683 67.0271 -4.5
      vertex 3.22698 67.462 -5
      vertex 3.22698 67.462 -4.5
    endloop
  endfacet
  facet normal 0.923873 -0.382699 0
    outer loop
      vertex 3.22698 67.462 -5
      vertex 3.04683 67.0271 -4.5
      vertex 3.04683 67.0271 -5
    endloop
  endfacet
  facet normal 0.649415 0.760434 -0
    outer loop
      vertex 4.13664 63.673 -5
      vertex 3.77868 63.9787 -4.5
      vertex 4.13664 63.673 -4.5
    endloop
  endfacet
  facet normal 0.649415 0.760434 0
    outer loop
      vertex 3.77868 63.9787 -4.5
      vertex 4.13664 63.673 -5
      vertex 3.77868 63.9787 -5
    endloop
  endfacet
  facet normal -0.382775 0.923842 0
    outer loop
      vertex 7.26197 63.427 -5
      vertex 6.82705 63.2468 -4.5
      vertex 7.26197 63.427 -4.5
    endloop
  endfacet
  facet normal -0.382775 0.923842 0
    outer loop
      vertex 6.82705 63.2468 -4.5
      vertex 7.26197 63.427 -5
      vertex 6.82705 63.2468 -5
    endloop
  endfacet
  facet normal 0.996916 0.0784703 0
    outer loop
      vertex 2.93694 65.6307 -4.5
      vertex 2.9 66.1 -5
      vertex 2.9 66.1 -4.5
    endloop
  endfacet
  facet normal 0.996916 0.0784703 0
    outer loop
      vertex 2.9 66.1 -5
      vertex 2.93694 65.6307 -4.5
      vertex 2.93694 65.6307 -5
    endloop
  endfacet
  facet normal -0.852648 -0.522486 0
    outer loop
      vertex 8.57302 67.462 -5
      vertex 8.32705 67.8634 -4.5
      vertex 8.32705 67.8634 -5
    endloop
  endfacet
  facet normal -0.852648 -0.522486 0
    outer loop
      vertex 8.32705 67.8634 -4.5
      vertex 8.57302 67.462 -5
      vertex 8.57302 67.462 -4.5
    endloop
  endfacet
  facet normal -0.522387 -0.852708 0
    outer loop
      vertex 7.26197 68.773 -5
      vertex 7.66336 68.5271 -4.5
      vertex 7.26197 68.773 -4.5
    endloop
  endfacet
  facet normal -0.522387 -0.852708 -0
    outer loop
      vertex 7.66336 68.5271 -4.5
      vertex 7.26197 68.773 -5
      vertex 7.66336 68.5271 -5
    endloop
  endfacet
  facet normal 0.233453 -0.972368 0
    outer loop
      vertex 4.97295 68.9532 -5
      vertex 5.4307 69.0631 -4.5
      vertex 4.97295 68.9532 -4.5
    endloop
  endfacet
  facet normal 0.233453 -0.972368 0
    outer loop
      vertex 5.4307 69.0631 -4.5
      vertex 4.97295 68.9532 -5
      vertex 5.4307 69.0631 -5
    endloop
  endfacet
  facet normal 0.233453 0.972368 -0
    outer loop
      vertex 5.4307 63.1369 -5
      vertex 4.97295 63.2468 -4.5
      vertex 5.4307 63.1369 -4.5
    endloop
  endfacet
  facet normal 0.233453 0.972368 0
    outer loop
      vertex 4.97295 63.2468 -4.5
      vertex 5.4307 63.1369 -5
      vertex 4.97295 63.2468 -5
    endloop
  endfacet
  facet normal 0.522387 -0.852708 0
    outer loop
      vertex 4.13664 68.5271 -5
      vertex 4.53803 68.773 -4.5
      vertex 4.13664 68.5271 -4.5
    endloop
  endfacet
  facet normal 0.522387 -0.852708 0
    outer loop
      vertex 4.53803 68.773 -4.5
      vertex 4.13664 68.5271 -5
      vertex 4.53803 68.773 -5
    endloop
  endfacet
  facet normal 0.852648 0.522486 0
    outer loop
      vertex 3.47295 64.3366 -4.5
      vertex 3.22698 64.738 -5
      vertex 3.22698 64.738 -4.5
    endloop
  endfacet
  facet normal 0.852648 0.522486 0
    outer loop
      vertex 3.22698 64.738 -5
      vertex 3.47295 64.3366 -4.5
      vertex 3.47295 64.3366 -5
    endloop
  endfacet
  facet normal 0.760349 0.649515 0
    outer loop
      vertex 3.77868 63.9787 -4.5
      vertex 3.47295 64.3366 -5
      vertex 3.47295 64.3366 -4.5
    endloop
  endfacet
  facet normal 0.760349 0.649515 0
    outer loop
      vertex 3.47295 64.3366 -5
      vertex 3.77868 63.9787 -4.5
      vertex 3.77868 63.9787 -5
    endloop
  endfacet
  facet normal -0.233453 0.972368 0
    outer loop
      vertex 6.82705 63.2468 -5
      vertex 6.3693 63.1369 -4.5
      vertex 6.82705 63.2468 -4.5
    endloop
  endfacet
  facet normal -0.233453 0.972368 0
    outer loop
      vertex 6.3693 63.1369 -4.5
      vertex 6.82705 63.2468 -5
      vertex 6.3693 63.1369 -5
    endloop
  endfacet
  facet normal -0.0783858 -0.996923 0
    outer loop
      vertex 5.9 69.1 -5
      vertex 6.3693 69.0631 -4.5
      vertex 5.9 69.1 -4.5
    endloop
  endfacet
  facet normal -0.0783858 -0.996923 -0
    outer loop
      vertex 6.3693 69.0631 -4.5
      vertex 5.9 69.1 -5
      vertex 6.3693 69.0631 -5
    endloop
  endfacet
  facet normal -0.522542 0.852614 0
    outer loop
      vertex 7.66336 63.673 -5
      vertex 7.26197 63.427 -4.5
      vertex 7.66336 63.673 -4.5
    endloop
  endfacet
  facet normal -0.522542 0.852614 0
    outer loop
      vertex 7.26197 63.427 -4.5
      vertex 7.66336 63.673 -5
      vertex 7.26197 63.427 -5
    endloop
  endfacet
  facet normal -0.972367 0.233457 0
    outer loop
      vertex 8.75317 65.173 -5
      vertex 8.86306 65.6307 -4.5
      vertex 8.86306 65.6307 -5
    endloop
  endfacet
  facet normal -0.972367 0.233457 0
    outer loop
      vertex 8.86306 65.6307 -4.5
      vertex 8.75317 65.173 -5
      vertex 8.75317 65.173 -4.5
    endloop
  endfacet
  facet normal 0.996916 -0.0784703 0
    outer loop
      vertex 2.9 66.1 -4.5
      vertex 2.93694 66.5693 -5
      vertex 2.93694 66.5693 -4.5
    endloop
  endfacet
  facet normal 0.996916 -0.0784703 0
    outer loop
      vertex 2.93694 66.5693 -5
      vertex 2.9 66.1 -4.5
      vertex 2.9 66.1 -5
    endloop
  endfacet
  facet normal 0.852648 -0.522486 0
    outer loop
      vertex 3.22698 67.462 -4.5
      vertex 3.47295 67.8634 -5
      vertex 3.47295 67.8634 -4.5
    endloop
  endfacet
  facet normal 0.852648 -0.522486 0
    outer loop
      vertex 3.47295 67.8634 -5
      vertex 3.22698 67.462 -4.5
      vertex 3.22698 67.462 -5
    endloop
  endfacet
  facet normal 0.0783858 -0.996923 0
    outer loop
      vertex 5.4307 69.0631 -5
      vertex 5.9 69.1 -4.5
      vertex 5.4307 69.0631 -4.5
    endloop
  endfacet
  facet normal 0.0783858 -0.996923 0
    outer loop
      vertex 5.9 69.1 -4.5
      vertex 5.4307 69.0631 -5
      vertex 5.9 69.1 -5
    endloop
  endfacet
  facet normal -0.760349 -0.649515 0
    outer loop
      vertex 8.32705 67.8634 -5
      vertex 8.02132 68.2213 -4.5
      vertex 8.02132 68.2213 -5
    endloop
  endfacet
  facet normal -0.760349 -0.649515 0
    outer loop
      vertex 8.02132 68.2213 -4.5
      vertex 8.32705 67.8634 -5
      vertex 8.32705 67.8634 -4.5
    endloop
  endfacet
  facet normal 0.972379 -0.233409 0
    outer loop
      vertex 2.93694 66.5693 -4.5
      vertex 3.04683 67.0271 -5
      vertex 3.04683 67.0271 -4.5
    endloop
  endfacet
  facet normal 0.972379 -0.233409 0
    outer loop
      vertex 3.04683 67.0271 -5
      vertex 2.93694 66.5693 -4.5
      vertex 2.93694 66.5693 -5
    endloop
  endfacet
  facet normal -0.760349 0.649515 0
    outer loop
      vertex 8.02132 63.9787 -5
      vertex 8.32705 64.3366 -4.5
      vertex 8.32705 64.3366 -5
    endloop
  endfacet
  facet normal -0.760349 0.649515 0
    outer loop
      vertex 8.32705 64.3366 -4.5
      vertex 8.02132 63.9787 -5
      vertex 8.02132 63.9787 -4.5
    endloop
  endfacet
  facet normal 0 0 -1
    outer loop
      vertex 7.6 66.1 -4.5
      vertex 8.9 66.1 -4.5
      vertex 8.86306 65.6307 -4.5
    endloop
  endfacet
  facet normal 0 0 -1
    outer loop
      vertex 7.57907 65.8341 -4.5
      vertex 8.86306 65.6307 -4.5
      vertex 8.75317 65.173 -4.5
    endloop
  endfacet
  facet normal 0 0 -1
    outer loop
      vertex 8.9 66.1 -4.5
      vertex 7.6 66.1 -4.5
      vertex 8.86306 66.5693 -4.5
    endloop
  endfacet
  facet normal 0 0 -1
    outer loop
      vertex 7.5168 65.5747 -4.5
      vertex 8.75317 65.173 -4.5
      vertex 8.57302 64.738 -4.5
    endloop
  endfacet
  facet normal 0 0 -1
    outer loop
      vertex 7.57907 66.3659 -4.5
      vertex 8.86306 66.5693 -4.5
      vertex 7.6 66.1 -4.5
    endloop
  endfacet
  facet normal 0 0 -1
    outer loop
      vertex 7.41471 65.3282 -4.5
      vertex 8.57302 64.738 -4.5
      vertex 8.32705 64.3366 -4.5
    endloop
  endfacet
  facet normal -0 0 -1
    outer loop
      vertex 8.86306 66.5693 -4.5
      vertex 7.57907 66.3659 -4.5
      vertex 8.75317 67.0271 -4.5
    endloop
  endfacet
  facet normal 0 0 -1
    outer loop
      vertex 7.27533 65.1008 -4.5
      vertex 8.32705 64.3366 -4.5
      vertex 8.02132 63.9787 -4.5
    endloop
  endfacet
  facet normal 0 0 -1
    outer loop
      vertex 7.5168 66.6253 -4.5
      vertex 8.75317 67.0271 -4.5
      vertex 7.57907 66.3659 -4.5
    endloop
  endfacet
  facet normal 0 0 -1
    outer loop
      vertex 7.10208 64.8979 -4.5
      vertex 8.02132 63.9787 -4.5
      vertex 7.66336 63.673 -4.5
    endloop
  endfacet
  facet normal -0 0 -1
    outer loop
      vertex 8.75317 67.0271 -4.5
      vertex 7.5168 66.6253 -4.5
      vertex 8.57302 67.462 -4.5
    endloop
  endfacet
  facet normal 0 0 -1
    outer loop
      vertex 7.41471 66.8718 -4.5
      vertex 8.57302 67.462 -4.5
      vertex 7.5168 66.6253 -4.5
    endloop
  endfacet
  facet normal 0 0 -1
    outer loop
      vertex 8.86306 65.6307 -4.5
      vertex 7.57907 65.8341 -4.5
      vertex 7.6 66.1 -4.5
    endloop
  endfacet
  facet normal 0 0 -1
    outer loop
      vertex 8.75317 65.173 -4.5
      vertex 7.5168 65.5747 -4.5
      vertex 7.57907 65.8341 -4.5
    endloop
  endfacet
  facet normal 0 0 -1
    outer loop
      vertex 8.57302 64.738 -4.5
      vertex 7.41471 65.3282 -4.5
      vertex 7.5168 65.5747 -4.5
    endloop
  endfacet
  facet normal 0 0 -1
    outer loop
      vertex 8.32705 64.3366 -4.5
      vertex 7.27533 65.1008 -4.5
      vertex 7.41471 65.3282 -4.5
    endloop
  endfacet
  facet normal 0 0 -1
    outer loop
      vertex 6.89923 64.7247 -4.5
      vertex 7.66336 63.673 -4.5
      vertex 7.26197 63.427 -4.5
    endloop
  endfacet
  facet normal 0 0 -1
    outer loop
      vertex 8.02132 63.9787 -4.5
      vertex 7.10208 64.8979 -4.5
      vertex 7.27533 65.1008 -4.5
    endloop
  endfacet
  facet normal 0 0 -1
    outer loop
      vertex 7.66336 63.673 -4.5
      vertex 6.89923 64.7247 -4.5
      vertex 7.10208 64.8979 -4.5
    endloop
  endfacet
  facet normal 0 0 -1
    outer loop
      vertex 6.67178 64.5853 -4.5
      vertex 7.26197 63.427 -4.5
      vertex 6.82705 63.2468 -4.5
    endloop
  endfacet
  facet normal 0 0 -1
    outer loop
      vertex 7.26197 63.427 -4.5
      vertex 6.67178 64.5853 -4.5
      vertex 6.89923 64.7247 -4.5
    endloop
  endfacet
  facet normal 0 0 -1
    outer loop
      vertex 6.82705 63.2468 -4.5
      vertex 6.42533 64.4832 -4.5
      vertex 6.67178 64.5853 -4.5
    endloop
  endfacet
  facet normal 0 0 -1
    outer loop
      vertex 6.3693 63.1369 -4.5
      vertex 6.42533 64.4832 -4.5
      vertex 6.82705 63.2468 -4.5
    endloop
  endfacet
  facet normal 0 0 -1
    outer loop
      vertex 6.3693 63.1369 -4.5
      vertex 6.16594 64.4209 -4.5
      vertex 6.42533 64.4832 -4.5
    endloop
  endfacet
  facet normal 0 0 -1
    outer loop
      vertex 5.9 63.1 -4.5
      vertex 6.16594 64.4209 -4.5
      vertex 6.3693 63.1369 -4.5
    endloop
  endfacet
  facet normal 0 0 -1
    outer loop
      vertex 5.9 63.1 -4.5
      vertex 5.9 64.4 -4.5
      vertex 6.16594 64.4209 -4.5
    endloop
  endfacet
  facet normal 0 0 -1
    outer loop
      vertex 5.9 63.1 -4.5
      vertex 5.63406 64.4209 -4.5
      vertex 5.9 64.4 -4.5
    endloop
  endfacet
  facet normal 0 0 -1
    outer loop
      vertex 5.4307 63.1369 -4.5
      vertex 5.63406 64.4209 -4.5
      vertex 5.9 63.1 -4.5
    endloop
  endfacet
  facet normal 0 0 -1
    outer loop
      vertex 5.4307 63.1369 -4.5
      vertex 5.37467 64.4832 -4.5
      vertex 5.63406 64.4209 -4.5
    endloop
  endfacet
  facet normal 0 0 -1
    outer loop
      vertex 4.97295 63.2468 -4.5
      vertex 5.37467 64.4832 -4.5
      vertex 5.4307 63.1369 -4.5
    endloop
  endfacet
  facet normal -0 0 -1
    outer loop
      vertex 5.37467 64.4832 -4.5
      vertex 4.97295 63.2468 -4.5
      vertex 5.12822 64.5853 -4.5
    endloop
  endfacet
  facet normal 0 0 -1
    outer loop
      vertex 4.53803 63.427 -4.5
      vertex 5.12822 64.5853 -4.5
      vertex 4.97295 63.2468 -4.5
    endloop
  endfacet
  facet normal -0 0 -1
    outer loop
      vertex 5.12822 64.5853 -4.5
      vertex 4.53803 63.427 -4.5
      vertex 4.90077 64.7247 -4.5
    endloop
  endfacet
  facet normal 0 0 -1
    outer loop
      vertex 4.13664 63.673 -4.5
      vertex 4.90077 64.7247 -4.5
      vertex 4.53803 63.427 -4.5
    endloop
  endfacet
  facet normal -0 0 -1
    outer loop
      vertex 4.90077 64.7247 -4.5
      vertex 4.13664 63.673 -4.5
      vertex 4.69792 64.8979 -4.5
    endloop
  endfacet
  facet normal 0 0 -1
    outer loop
      vertex 3.77868 63.9787 -4.5
      vertex 4.69792 64.8979 -4.5
      vertex 4.13664 63.673 -4.5
    endloop
  endfacet
  facet normal -0 0 -1
    outer loop
      vertex 4.69792 64.8979 -4.5
      vertex 3.77868 63.9787 -4.5
      vertex 4.52467 65.1008 -4.5
    endloop
  endfacet
  facet normal 0 0 -1
    outer loop
      vertex 3.47295 64.3366 -4.5
      vertex 4.52467 65.1008 -4.5
      vertex 3.77868 63.9787 -4.5
    endloop
  endfacet
  facet normal 0 0 -1
    outer loop
      vertex 3.22698 64.738 -4.5
      vertex 4.38529 65.3282 -4.5
      vertex 3.47295 64.3366 -4.5
    endloop
  endfacet
  facet normal -0 0 -1
    outer loop
      vertex 4.52467 65.1008 -4.5
      vertex 3.47295 64.3366 -4.5
      vertex 4.38529 65.3282 -4.5
    endloop
  endfacet
  facet normal -0 0 -1
    outer loop
      vertex 8.57302 67.462 -4.5
      vertex 7.41471 66.8718 -4.5
      vertex 8.32705 67.8634 -4.5
    endloop
  endfacet
  facet normal 0 0 -1
    outer loop
      vertex 7.27533 67.0992 -4.5
      vertex 8.32705 67.8634 -4.5
      vertex 7.41471 66.8718 -4.5
    endloop
  endfacet
  facet normal -0 0 -1
    outer loop
      vertex 8.32705 67.8634 -4.5
      vertex 7.27533 67.0992 -4.5
      vertex 8.02132 68.2213 -4.5
    endloop
  endfacet
  facet normal 0 0 -1
    outer loop
      vertex 7.10208 67.3021 -4.5
      vertex 8.02132 68.2213 -4.5
      vertex 7.27533 67.0992 -4.5
    endloop
  endfacet
  facet normal -0 0 -1
    outer loop
      vertex 8.02132 68.2213 -4.5
      vertex 7.10208 67.3021 -4.5
      vertex 7.66336 68.5271 -4.5
    endloop
  endfacet
  facet normal 0 0 -1
    outer loop
      vertex 6.89923 67.4753 -4.5
      vertex 7.66336 68.5271 -4.5
      vertex 7.10208 67.3021 -4.5
    endloop
  endfacet
  facet normal -0 0 -1
    outer loop
      vertex 7.66336 68.5271 -4.5
      vertex 6.89923 67.4753 -4.5
      vertex 7.26197 68.773 -4.5
    endloop
  endfacet
  facet normal 0 0 -1
    outer loop
      vertex 6.67178 67.6147 -4.5
      vertex 7.26197 68.773 -4.5
      vertex 6.89923 67.4753 -4.5
    endloop
  endfacet
  facet normal -0 0 -1
    outer loop
      vertex 7.26197 68.773 -4.5
      vertex 6.67178 67.6147 -4.5
      vertex 6.82705 68.9532 -4.5
    endloop
  endfacet
  facet normal 0 0 -1
    outer loop
      vertex 6.42533 67.7168 -4.5
      vertex 6.82705 68.9532 -4.5
      vertex 6.67178 67.6147 -4.5
    endloop
  endfacet
  facet normal 0 0 -1
    outer loop
      vertex 6.42533 67.7168 -4.5
      vertex 6.3693 69.0631 -4.5
      vertex 6.82705 68.9532 -4.5
    endloop
  endfacet
  facet normal 0 0 -1
    outer loop
      vertex 6.16594 67.7791 -4.5
      vertex 6.3693 69.0631 -4.5
      vertex 6.42533 67.7168 -4.5
    endloop
  endfacet
  facet normal 0 0 -1
    outer loop
      vertex 5.9 67.8 -4.5
      vertex 6.3693 69.0631 -4.5
      vertex 6.16594 67.7791 -4.5
    endloop
  endfacet
  facet normal 0 0 -1
    outer loop
      vertex 5.9 67.8 -4.5
      vertex 5.9 69.1 -4.5
      vertex 6.3693 69.0631 -4.5
    endloop
  endfacet
  facet normal 0 0 -1
    outer loop
      vertex 5.63406 67.7791 -4.5
      vertex 5.9 69.1 -4.5
      vertex 5.9 67.8 -4.5
    endloop
  endfacet
  facet normal 0 0 -1
    outer loop
      vertex 5.63406 67.7791 -4.5
      vertex 5.4307 69.0631 -4.5
      vertex 5.9 69.1 -4.5
    endloop
  endfacet
  facet normal 0 0 -1
    outer loop
      vertex 5.37467 67.7168 -4.5
      vertex 5.4307 69.0631 -4.5
      vertex 5.63406 67.7791 -4.5
    endloop
  endfacet
  facet normal 0 0 -1
    outer loop
      vertex 4.97295 68.9532 -4.5
      vertex 5.37467 67.7168 -4.5
      vertex 5.12822 67.6147 -4.5
    endloop
  endfacet
  facet normal 0 0 -1
    outer loop
      vertex 5.37467 67.7168 -4.5
      vertex 4.97295 68.9532 -4.5
      vertex 5.4307 69.0631 -4.5
    endloop
  endfacet
  facet normal 0 0 -1
    outer loop
      vertex 4.53803 68.773 -4.5
      vertex 5.12822 67.6147 -4.5
      vertex 4.90077 67.4753 -4.5
    endloop
  endfacet
  facet normal 0 0 -1
    outer loop
      vertex 4.13664 68.5271 -4.5
      vertex 4.90077 67.4753 -4.5
      vertex 4.69792 67.3021 -4.5
    endloop
  endfacet
  facet normal 0 0 -1
    outer loop
      vertex 5.12822 67.6147 -4.5
      vertex 4.53803 68.773 -4.5
      vertex 4.97295 68.9532 -4.5
    endloop
  endfacet
  facet normal 0 0 -1
    outer loop
      vertex 3.77868 68.2213 -4.5
      vertex 4.69792 67.3021 -4.5
      vertex 4.52467 67.0992 -4.5
    endloop
  endfacet
  facet normal 0 0 -1
    outer loop
      vertex 3.47295 67.8634 -4.5
      vertex 4.52467 67.0992 -4.5
      vertex 4.38529 66.8718 -4.5
    endloop
  endfacet
  facet normal 0 0 -1
    outer loop
      vertex 3.22698 67.462 -4.5
      vertex 4.38529 66.8718 -4.5
      vertex 4.2832 66.6253 -4.5
    endloop
  endfacet
  facet normal 0 0 -1
    outer loop
      vertex 3.04683 67.0271 -4.5
      vertex 4.2832 66.6253 -4.5
      vertex 4.22093 66.3659 -4.5
    endloop
  endfacet
  facet normal 0 0 -1
    outer loop
      vertex 4.90077 67.4753 -4.5
      vertex 4.13664 68.5271 -4.5
      vertex 4.53803 68.773 -4.5
    endloop
  endfacet
  facet normal 0 0 -1
    outer loop
      vertex 2.93694 66.5693 -4.5
      vertex 4.22093 66.3659 -4.5
      vertex 4.2 66.1 -4.5
    endloop
  endfacet
  facet normal -0 0 -1
    outer loop
      vertex 4.38529 65.3282 -4.5
      vertex 3.22698 64.738 -4.5
      vertex 4.2832 65.5747 -4.5
    endloop
  endfacet
  facet normal 0 0 -1
    outer loop
      vertex 3.04683 65.173 -4.5
      vertex 4.2832 65.5747 -4.5
      vertex 3.22698 64.738 -4.5
    endloop
  endfacet
  facet normal 0 0 -1
    outer loop
      vertex 4.69792 67.3021 -4.5
      vertex 3.77868 68.2213 -4.5
      vertex 4.13664 68.5271 -4.5
    endloop
  endfacet
  facet normal -0 0 -1
    outer loop
      vertex 4.2832 65.5747 -4.5
      vertex 3.04683 65.173 -4.5
      vertex 4.22093 65.8341 -4.5
    endloop
  endfacet
  facet normal 0 0 -1
    outer loop
      vertex 4.52467 67.0992 -4.5
      vertex 3.47295 67.8634 -4.5
      vertex 3.77868 68.2213 -4.5
    endloop
  endfacet
  facet normal 0 0 -1
    outer loop
      vertex 2.93694 65.6307 -4.5
      vertex 4.22093 65.8341 -4.5
      vertex 3.04683 65.173 -4.5
    endloop
  endfacet
  facet normal 0 0 -1
    outer loop
      vertex 4.38529 66.8718 -4.5
      vertex 3.22698 67.462 -4.5
      vertex 3.47295 67.8634 -4.5
    endloop
  endfacet
  facet normal -0 0 -1
    outer loop
      vertex 4.22093 65.8341 -4.5
      vertex 2.93694 65.6307 -4.5
      vertex 4.2 66.1 -4.5
    endloop
  endfacet
  facet normal 0 0 -1
    outer loop
      vertex 4.2832 66.6253 -4.5
      vertex 3.04683 67.0271 -4.5
      vertex 3.22698 67.462 -4.5
    endloop
  endfacet
  facet normal 0 0 -1
    outer loop
      vertex 2.9 66.1 -4.5
      vertex 4.2 66.1 -4.5
      vertex 2.93694 65.6307 -4.5
    endloop
  endfacet
  facet normal 0 0 -1
    outer loop
      vertex 4.22093 66.3659 -4.5
      vertex 2.93694 66.5693 -4.5
      vertex 3.04683 67.0271 -4.5
    endloop
  endfacet
  facet normal 0 0 -1
    outer loop
      vertex 4.2 66.1 -4.5
      vertex 2.9 66.1 -4.5
      vertex 2.93694 66.5693 -4.5
    endloop
  endfacet
  facet normal -1 0 0
    outer loop
      vertex 36 20 -5
      vertex 36 22.5 -2.6
      vertex 36 22.5 -5
    endloop
  endfacet
  facet normal -1 -0 0
    outer loop
      vertex 36 22.5 -2.6
      vertex 36 20 -5
      vertex 36 20 -2.6
    endloop
  endfacet
  facet normal 1 -0 0
    outer loop
      vertex 16 20 -2.6
      vertex 16 22.5 -5
      vertex 16 22.5 -2.6
    endloop
  endfacet
  facet normal 1 0 0
    outer loop
      vertex 16 22.5 -5
      vertex 16 20 -2.6
      vertex 16 20 -5
    endloop
  endfacet
  facet normal 0 -1 0
    outer loop
      vertex 16 22.5 -5
      vertex 36 22.5 -2.6
      vertex 16 22.5 -2.6
    endloop
  endfacet
  facet normal 0 -1 -0
    outer loop
      vertex 36 22.5 -2.6
      vertex 16 22.5 -5
      vertex 36 22.5 -5
    endloop
  endfacet
  facet normal 0 1 -0
    outer loop
      vertex 36 20 -5
      vertex 16 20 -2.6
      vertex 36 20 -2.6
    endloop
  endfacet
  facet normal 0 1 0
    outer loop
      vertex 16 20 -2.6
      vertex 36 20 -5
      vertex 16 20 -5
    endloop
  endfacet
  facet normal -1 0 0
    outer loop
      vertex 76 20 -5
      vertex 76 22.5 -2.6
      vertex 76 22.5 -5
    endloop
  endfacet
  facet normal -1 -0 0
    outer loop
      vertex 76 22.5 -2.6
      vertex 76 20 -5
      vertex 76 20 -2.6
    endloop
  endfacet
  facet normal 1 -0 0
    outer loop
      vertex 56 20 -2.6
      vertex 56 22.5 -5
      vertex 56 22.5 -2.6
    endloop
  endfacet
  facet normal 1 0 0
    outer loop
      vertex 56 22.5 -5
      vertex 56 20 -2.6
      vertex 56 20 -5
    endloop
  endfacet
  facet normal 0 -1 0
    outer loop
      vertex 56 22.5 -5
      vertex 76 22.5 -2.6
      vertex 56 22.5 -2.6
    endloop
  endfacet
  facet normal 0 -1 -0
    outer loop
      vertex 76 22.5 -2.6
      vertex 56 22.5 -5
      vertex 76 22.5 -5
    endloop
  endfacet
  facet normal 0 1 -0
    outer loop
      vertex 76 20 -5
      vertex 56 20 -2.6
      vertex 76 20 -2.6
    endloop
  endfacet
  facet normal 0 1 0
    outer loop
      vertex 56 20 -2.6
      vertex 76 20 -5
      vertex 56 20 -5
    endloop
  endfacet
endsolid OpenSCAD_Model
