// Generated Boot Logo RGB565 Data for GC9A01 240x240 Display
#pragma once
#include <Arduino.h>

#define BOOT_LOGO_WIDTH  240
#define BOOT_LOGO_HEIGHT 240

const uint16_t boot_logo_cyber[57600] PROGMEM = {
    0xFFFF, 0xFFFF, 0xFFFF, 0xFFFF, 0xFFFF, 0xFFFF, 0xFFFF, 0xFFFF, 0xFFFF, 0xFFFF, 0xFFFF, 0xFFFF, 0xFFFF, 0xFFFF, 0xFFFF, 0xFFFF,
    0xFFFF, 0xFFFF, 0xFFFF, 0xFFFF, 0xFFFF, 0xFFFF, 0xFFFF, 0xFFFF, 0xFFFF, 0xFFFF, 0xFFFF, 0xFFFF, 0xFFFF, 0xFFFF, 0xFFFF, 0xFFFF,
    0xFFFF, 0xFFFF, 0xFFFF, 0xFFFF, 0xFFFF, 0xFFFF, 0xFFFF, 0xFFFF, 0xFFFF, 0xFFFF, 0xFFFF, 0xFFFF, 0xFFFF, 0xFFFF, 0xFFFF, 0xFFFF,
    0xFFFF, 0xFFFF, 0xFFFF, 0xFFFF, 0xFFFF, 0xFFFF, 0xFFFF, 0xFFFF, 0xFFFF, 0xFFFF, 0xFFFF, 0xFFFF, 0xFFFF, 0xFFFF, 0xFFFF, 0xFFFF,
    0xFFFF, 0xFFFF, 0xFFFF, 0xFFFF, 0xFFFF, 0xFFFF, 0xFFFF, 0xFFFF, 0xFFFF, 0xFFFF, 0xFFFF, 0xFFFF, 0xFFFF, 0xFFFF, 0xFFFF, 0xFFFF,
    0xFFFF, 0xFFFF, 0xFFFF, 0xFFFF, 0xFFFF, 0xFFFF, 0xFFFF, 0xFFFF, 0xFFFF, 0xFFFF, 0xFFFF, 0xFFFF, 0xFFFF, 0xFFFF, 0xFFDF, 0xFFDF,
    0xFFFF, 0xFFFF, 0xFFFF, 0xFFFF, 0xFFFF, 0xFFFF, 0xFFFF, 0xF79E, 0xDEFB, 0xC638, 0xAD55, 0x8C71, 0x73CF, 0x5B0B, 0x4A49, 0x31A6,
    0x2144, 0x18C3, 0x1082, 0x0841, 0x0020, 0x0000, 0x0000, 0x0000, 0x0000, 0x0000, 0x0000, 0x0020, 0x0841, 0x1082, 0x18E3, 0x2945,
    0x31C7, 0x4A49, 0x5AEB, 0x73CE, 0x8C91, 0xAD55, 0xC638, 0xE71B, 0xF7BE, 0xFFFF, 0xFFFF, 0xFFFF, 0xFFFF, 0xFFFF, 0xFFFF, 0xFFFF,
    0xFFDF, 0xFFDF, 0xFFFF, 0xFFFF, 0xFFFF, 0xFFFF, 0xFFFF, 0xFFFF, 0xFFFF, 0xFFFF, 0xFFFF, 0xFFFF, 0xFFFF, 0xFFFF, 0xFFFF, 0xFFFF,
    0xFFFF, 0xFFFF, 0xFFFF, 0xFFFF, 0xFFFF, 0xFFFF, 0xFFFF, 0xFFFF, 0xFFFF, 0xFFFF, 0xFFFF, 0xFFFF, 0xFFFF, 0xFFFF, 0xFFFF, 0xFFFF,
    0xFFFF, 0xFFFF, 0xFFFF, 0xFFFF, 0xFFFF, 0xFFFF, 0xFFFF, 0xFFFF, 0xFFFF, 0xFFFF, 0xFFFF, 0xFFFF, 0xFFFF, 0xFFFF, 0xFFFF, 0xFFFF,
    0xFFFF, 0xFFFF, 0xFFFF, 0xFFFF, 0xFFFF, 0xFFFF, 0xFFFF, 0xFFFF, 0xFFFF, 0xFFFF, 0xFFFF, 0xFFFF, 0xFFFF, 0xFFFF, 0xFFFF, 0xFFFF,
    0xFFFF, 0xFFFF, 0xFFFF, 0xFFFF, 0xFFFF, 0xFFFF, 0xFFFF, 0xFFFF, 0xFFFF, 0xFFFF, 0xFFFF, 0xFFFF, 0xFFFF, 0xFFFF, 0xFFFF, 0xFFFF,
    0xFFFF, 0xFFFF, 0xFFFF, 0xFFFF, 0xFFFF, 0xFFFF, 0xFFFF, 0xFFFF, 0xFFFF, 0xFFFF, 0xFFFF, 0xFFFF, 0xFFFF, 0xFFFF, 0xFFFF, 0xFFFF,
    0xFFFF, 0xFFFF, 0xFFFF, 0xFFFF, 0xFFFF, 0xFFFF, 0xFFFF, 0xFFFF, 0xFFFF, 0xFFFF, 0xFFFF, 0xFFFF, 0xFFFF, 0xFFFF, 0xFFFF, 0xFFFF,
    0xFFFF, 0xFFFF, 0xFFFF, 0xFFFF, 0xFFFF, 0xFFFF, 0xFFFF, 0xFFFF, 0xFFFF, 0xFFFF, 0xFFFF, 0xFFFF, 0xFFFF, 0xFFFF, 0xFFFF, 0xFFFF,
    0xFFFF, 0xFFFF, 0xFFFF, 0xFFFF, 0xFFFF, 0xFFFF, 0xFFFF, 0xFFFF, 0xFFFF, 0xFFFF, 0xFFFF, 0xFFFF, 0xFFFF, 0xFFFF, 0xFFFF, 0xFFFF,
    0xFFFF, 0xFFFF, 0xFFFF, 0xFFFF, 0xFFFF, 0xFFFF, 0xFFFF, 0xFFFF, 0xFFFF, 0xFFFF, 0xFFFF, 0xFFFF, 0xFFFF, 0xFFFF, 0xFFFF, 0xFFFF,
    0xFFFF, 0xFFFF, 0xFFFF, 0xFFFF, 0xFFFF, 0xFFFF, 0xFFFF, 0xFFFF, 0xFFFF, 0xFFFF, 0xFFFF, 0xFFFF, 0xFFFF, 0xFFFF, 0xFFFF, 0xFFFF,
    0xFFFF, 0xFFFF, 0xFFFF, 0xFFFF, 0xFFFF, 0xFFFF, 0xFFFF, 0xFFFF, 0xFFFF, 0xFFFF, 0xFFDF, 0xFFFF, 0xFFFF, 0xFFFF, 0xFFFF, 0xFFFF,
    0xFFFF, 0xEF9D, 0xCE79, 0xAD55, 0x8410, 0x5ACB, 0x39E7, 0x2104, 0x0861, 0x0000, 0x0000, 0x0000, 0x0000, 0x0000, 0x0000, 0x0000,
    0x0000, 0x0000, 0x0000, 0x0000, 0x0000, 0x0000, 0x0000, 0x0000, 0x0000, 0x0000, 0x0000, 0x0000, 0x0000, 0x0000, 0x0000, 0x0000,
    0x0000, 0x0000, 0x0000, 0x0000, 0x0000, 0x0000, 0x0000, 0x1082, 0x2124, 0x4208, 0x630C, 0x8430, 0xAD75, 0xD69A, 0xF79E, 0xFFFF,
    0xFFFF, 0xFFFF, 0xFFFF, 0xFFFF, 0xFFFF, 0xFFDF, 0xFFFF, 0xFFFF, 0xFFFF, 0xFFFF, 0xFFFF, 0xFFFF, 0xFFFF, 0xFFFF, 0xFFFF, 0xFFFF,
    0xFFFF, 0xFFFF, 0xFFFF, 0xFFFF, 0xFFFF, 0xFFFF, 0xFFFF, 0xFFFF, 0xFFFF, 0xFFFF, 0xFFFF, 0xFFFF, 0xFFFF, 0xFFFF, 0xFFFF, 0xFFFF,
    0xFFFF, 0xFFFF, 0xFFFF, 0xFFFF, 0xFFFF, 0xFFFF, 0xFFFF, 0xFFFF, 0xFFFF, 0xFFFF, 0xFFFF, 0xFFFF, 0xFFFF, 0xFFFF, 0xFFFF, 0xFFFF,
    0xFFFF, 0xFFFF, 0xFFFF, 0xFFFF, 0xFFFF, 0xFFFF, 0xFFFF, 0xFFFF, 0xFFFF, 0xFFFF, 0xFFFF, 0xFFFF, 0xFFFF, 0xFFFF, 0xFFFF, 0xFFFF,
    0xFFFF, 0xFFFF, 0xFFFF, 0xFFFF, 0xFFFF, 0xFFFF, 0xFFFF, 0xFFFF, 0xFFFF, 0xFFFF, 0xFFFF, 0xFFFF, 0xFFFF, 0xFFFF, 0xFFFF, 0xFFFF,
    0xFFFF, 0xFFFF, 0xFFFF, 0xFFFF, 0xFFFF, 0xFFFF, 0xFFFF, 0xFFFF, 0xFFFF, 0xFFFF, 0xFFFF, 0xFFFF, 0xFFFF, 0xFFFF, 0xFFFF, 0xFFFF,
    0xFFFF, 0xFFFF, 0xFFFF, 0xFFFF, 0xFFFF, 0xFFFF, 0xFFFF, 0xFFFF, 0xFFFF, 0xFFFF, 0xFFFF, 0xFFFF, 0xFFFF, 0xFFFF, 0xFFFF, 0xFFFF,
    0xFFFF, 0xFFFF, 0xFFFF, 0xFFFF, 0xFFFF, 0xFFFF, 0xFFFF, 0xFFFF, 0xFFFF, 0xFFFF, 0xFFFF, 0xFFFF, 0xFFFF, 0xFFFF, 0xFFFF, 0xFFFF,
    0xFFFF, 0xFFFF, 0xFFFF, 0xFFFF, 0xFFFF, 0xFFFF, 0xFFFF, 0xFFFF, 0xFFFF, 0xFFFF, 0xFFFF, 0xFFFF, 0xFFFF, 0xFFFF, 0xFFFF, 0xFFFF,
    0xFFFF, 0xFFFF, 0xFFFF, 0xFFFF, 0xFFFF, 0xFFFF, 0xFFFF, 0xFFFF, 0xFFFF, 0xFFFF, 0xFFFF, 0xFFFF, 0xFFFF, 0xFFFF, 0xFFFF, 0xFFFF,
    0xFFFF, 0xFFFF, 0xFFFF, 0xFFFF, 0xFFFF, 0xFFFF, 0xFFFF, 0xFFFF, 0xFFFF, 0xFFFF, 0xFFFF, 0xFFFF, 0xFFFF, 0xFFFF, 0xFFFF, 0xFFFF,
    0xFFFF, 0xFFFF, 0xFFFF, 0xFFFF, 0xFFFF, 0xFFFF, 0xFFFF, 0xFFFF, 0xFFFF, 0xFFFF, 0xFFFF, 0xFFFF, 0xFFDF, 0xD6BA, 0xA534, 0x6B8E,
    0x39E7, 0x18C3, 0x0000, 0x0000, 0x0000, 0x0000, 0x0000, 0x0000, 0x0000, 0x0000, 0x0000, 0x0000, 0x0000, 0x0000, 0x0000, 0x0000,
    0x0000, 0x0000, 0x0000, 0x0000, 0x0000, 0x0000, 0x0000, 0x0000, 0x0000, 0x0000, 0x0000, 0x0000, 0x0000, 0x0000, 0x0000, 0x0000,
    0x0000, 0x0000, 0x0000, 0x0000, 0x0000, 0x0000, 0x0000, 0x0000, 0x0000, 0x0000, 0x0000, 0x0000, 0x0000, 0x0000, 0x18C3, 0x4208,
    0x738E, 0xA534, 0xD6BA, 0xFFDF, 0xFFFF, 0xFFFF, 0xFFFF, 0xFFFF, 0xFFFF, 0xFFFF, 0xFFFF, 0xFFFF, 0xFFFF, 0xFFFF, 0xFFFF, 0xFFFF,
    0xFFFF, 0xFFFF, 0xFFFF, 0xFFFF, 0xFFFF, 0xFFFF, 0xFFFF, 0xFFFF, 0xFFFF, 0xFFFF, 0xFFFF, 0xFFFF, 0xFFFF, 0xFFFF, 0xFFFF, 0xFFFF,
    0xFFFF, 0xFFFF, 0xFFFF, 0xFFFF, 0xFFFF, 0xFFFF, 0xFFFF, 0xFFFF, 0xFFFF, 0xFFFF, 0xFFFF, 0xFFFF, 0xFFFF, 0xFFFF, 0xFFFF, 0xFFFF,
    0xFFFF, 0xFFFF, 0xFFFF, 0xFFFF, 0xFFFF, 0xFFFF, 0xFFFF, 0xFFFF, 0xFFFF, 0xFFFF, 0xFFFF, 0xFFFF, 0xFFFF, 0xFFFF, 0xFFFF, 0xFFFF,
    0xFFFF, 0xFFFF, 0xFFFF, 0xFFFF, 0xFFFF, 0xFFFF, 0xFFFF, 0xFFFF, 0xFFFF, 0xFFFF, 0xFFFF, 0xFFFF, 0xFFFF, 0xFFFF, 0xFFFF, 0xFFFF,
    0xFFFF, 0xFFFF, 0xFFFF, 0xFFFF, 0xFFFF, 0xFFFF, 0xFFFF, 0xFFFF, 0xFFFF, 0xFFFF, 0xFFFF, 0xFFFF, 0xFFFF, 0xFFFF, 0xFFFF, 0xFFFF,
    0xFFFF, 0xFFFF, 0xFFFF, 0xFFFF, 0xFFFF, 0xFFFF, 0xFFFF, 0xFFFF, 0xFFFF, 0xFFFF, 0xFFFF, 0xFFFF, 0xFFFF, 0xFFFF, 0xFFFF, 0xFFFF,
    0xFFFF, 0xFFFF, 0xFFFF, 0xFFFF, 0xFFFF, 0xFFFF, 0xFFFF, 0xFFFF, 0xFFFF, 0xFFFF, 0xFFFF, 0xFFFF, 0xFFFF, 0xFFFF, 0xFFFF, 0xFFFF,
    0xFFFF, 0xFFFF, 0xFFFF, 0xFFFF, 0xFFFF, 0xFFFF, 0xFFFF, 0xFFFF, 0xFFFF, 0xFFFF, 0xFFFF, 0xFFFF, 0xFFFF, 0xFFFF, 0xFFFF, 0xFFFF,
    0xFFFF, 0xFFFF, 0xFFFF, 0xFFFF, 0xFFFF, 0xFFFF, 0xFFFF, 0xFFFF, 0xFFFF, 0xFFFF, 0xFFFF, 0xFFFF, 0xFFFF, 0xFFFF, 0xFFFF, 0xFFFF,
    0xFFFF, 0xFFFF, 0xFFFF, 0xFFFF, 0xFFFF, 0xFFFF, 0xFFFF, 0xFFFF, 0xFFFF, 0xFFFF, 0xFFFF, 0xFFFF, 0xFFFF, 0xFFFF, 0xFFFF, 0xFFFF,
    0xFFFF, 0xFFFF, 0xFFFF, 0xFFDF, 0xFFFF, 0xFFFF, 0xFFFF, 0xFFFF, 0xFFFF, 0xD69A, 0x94B2, 0x5ACB, 0x2124, 0x0020, 0x0000, 0x0000,
    0x0000, 0x0000, 0x0000, 0x0000, 0x0020, 0x0020, 0x0000, 0x0000, 0x0000, 0x0000, 0x0000, 0x0000, 0x0000, 0x0000, 0x0000, 0x0000,
    0x0000, 0x0000, 0x0000, 0x0000, 0x0000, 0x0000, 0x0000, 0x0000, 0x0000, 0x0000, 0x0000, 0x0000, 0x0000, 0x0000, 0x0000, 0x0000,
    0x0000, 0x0000, 0x0000, 0x0000, 0x0000, 0x0000, 0x0000, 0x0000, 0x0000, 0x0000, 0x0020, 0x0020, 0x0000, 0x0000, 0x0000, 0x0000,
    0x0000, 0x0000, 0x0020, 0x2124, 0x5ACB, 0x9CD3, 0xD6BA, 0xFFFF, 0xFFFF, 0xFFFF, 0xFFFF, 0xFFFF, 0xFFDF, 0xFFFF, 0xFFFF, 0xFFFF,
    0xFFFF, 0xFFFF, 0xFFFF, 0xFFFF, 0xFFFF, 0xFFFF, 0xFFFF, 0xFFFF, 0xFFFF, 0xFFFF, 0xFFFF, 0xFFFF, 0xFFFF, 0xFFFF, 0xFFFF, 0xFFFF,
    0xFFFF, 0xFFFF, 0xFFFF, 0xFFFF, 0xFFFF, 0xFFFF, 0xFFFF, 0xFFFF, 0xFFFF, 0xFFFF, 0xFFFF, 0xFFFF, 0xFFFF, 0xFFFF, 0xFFFF, 0xFFFF,
    0xFFFF, 0xFFFF, 0xFFFF, 0xFFFF, 0xFFFF, 0xFFFF, 0xFFFF, 0xFFFF, 0xFFFF, 0xFFFF, 0xFFFF, 0xFFFF, 0xFFFF, 0xFFFF, 0xFFFF, 0xFFFF,
    0xFFFF, 0xFFFF, 0xFFFF, 0xFFFF, 0xFFFF, 0xFFFF, 0xFFFF, 0xFFFF, 0xFFFF, 0xFFFF, 0xFFFF, 0xFFFF, 0xFFFF, 0xFFFF, 0xFFFF, 0xFFFF,
    0xFFFF, 0xFFFF, 0xFFFF, 0xFFFF, 0xFFFF, 0xFFFF, 0xFFFF, 0xFFFF, 0xFFFF, 0xFFFF, 0xFFFF, 0xFFFF, 0xFFFF, 0xFFFF, 0xFFFF, 0xFFFF,
    0xFFFF, 0xFFFF, 0xFFFF, 0xFFFF, 0xFFFF, 0xFFFF, 0xFFFF, 0xFFFF, 0xFFFF, 0xFFFF, 0xFFFF, 0xFFFF, 0xFFFF, 0xFFFF, 0xFFFF, 0xFFFF,
    0xFFFF, 0xFFFF, 0xFFFF, 0xFFFF, 0xFFFF, 0xFFFF, 0xFFFF, 0xFFFF, 0xFFFF, 0xFFFF, 0xFFFF, 0xFFFF, 0xFFFF, 0xFFFF, 0xFFFF, 0xFFFF,
    0xFFFF, 0xFFFF, 0xFFFF, 0xFFFF, 0xFFFF, 0xFFFF, 0xFFFF, 0xFFFF, 0xFFFF, 0xFFFF, 0xFFFF, 0xFFFF, 0xFFFF, 0xFFFF, 0xFFFF, 0xFFFF,
    0xFFFF, 0xFFFF, 0xFFFF, 0xFFFF, 0xFFFF, 0xFFFF, 0xFFFF, 0xFFFF, 0xFFFF, 0xFFFF, 0xFFFF, 0xFFFF, 0xFFFF, 0xFFFF, 0xFFFF, 0xFFFF,
    0xFFFF, 0xFFFF, 0xFFFF, 0xFFFF, 0xFFFF, 0xFFFF, 0xFFFF, 0xFFFF, 0xFFFF, 0xFFFF, 0xFFFF, 0xFFFF, 0xFFFF, 0xFFFF, 0xFFFF, 0xFFFF,
    0xFFDF, 0xFFFF, 0xFFFF, 0xFFFF, 0xFFFF, 0xE73C, 0xAD75, 0x634C, 0x2945, 0x0000, 0x0000, 0x0000, 0x0000, 0x0000, 0x0000, 0x0020,
    0x0000, 0x0000, 0x0000, 0x0000, 0x0000, 0x0000, 0x0000, 0x0000, 0x0000, 0x0000, 0x0000, 0x0000, 0x0000, 0x0000, 0x0000, 0x0000,
    0x0000, 0x0000, 0x0000, 0x0000, 0x0000, 0x0000, 0x0000, 0x0000, 0x0000, 0x0000, 0x0000, 0x0000, 0x0000, 0x0000, 0x0000, 0x0000,
    0x0000, 0x0000, 0x0000, 0x0000, 0x0000, 0x0000, 0x0000, 0x0000, 0x0000, 0x0000, 0x0000, 0x0000, 0x0000, 0x0000, 0x0000, 0x0000,
    0x0020, 0x0000, 0x0000, 0x0000, 0x0000, 0x0000, 0x0020, 0x2965, 0x6B4D, 0xAD75, 0xEF5D, 0xFFFF, 0xFFFF, 0xFFFF, 0xFFFF, 0xFFFF,
    0xFFFF, 0xFFFF, 0xFFFF, 0xFFFF, 0xFFFF, 0xFFFF, 0xFFFF, 0xFFFF, 0xFFFF, 0xFFFF, 0xFFFF, 0xFFFF, 0xFFFF, 0xFFFF, 0xFFFF, 0xFFFF,
    0xFFFF, 0xFFFF, 0xFFFF, 0xFFFF, 0xFFFF, 0xFFFF, 0xFFFF, 0xFFFF, 0xFFFF, 0xFFFF, 0xFFFF, 0xFFFF, 0xFFFF, 0xFFFF, 0xFFFF, 0xFFFF,
    0xFFFF, 0xFFFF, 0xFFFF, 0xFFFF, 0xFFFF, 0xFFFF, 0xFFFF, 0xFFFF, 0xFFFF, 0xFFFF, 0xFFFF, 0xFFFF, 0xFFFF, 0xFFFF, 0xFFFF, 0xFFFF,
    0xFFFF, 0xFFFF, 0xFFFF, 0xFFFF, 0xFFFF, 0xFFFF, 0xFFFF, 0xFFFF, 0xFFFF, 0xFFFF, 0xFFFF, 0xFFFF, 0xFFFF, 0xFFFF, 0xFFFF, 0xFFFF,
    0xFFFF, 0xFFFF, 0xFFFF, 0xFFFF, 0xFFFF, 0xFFFF, 0xFFFF, 0xFFFF, 0xFFFF, 0xFFFF, 0xFFFF, 0xFFFF, 0xFFFF, 0xFFFF, 0xFFFF, 0xFFFF,
    0xFFFF, 0xFFFF, 0xFFFF, 0xFFFF, 0xFFFF, 0xFFFF, 0xFFFF, 0xFFFF, 0xFFFF, 0xFFFF, 0xFFFF, 0xFFFF, 0xFFFF, 0xFFFF, 0xFFFF, 0xFFFF,
    0xFFFF, 0xFFFF, 0xFFFF, 0xFFFF, 0xFFFF, 0xFFFF, 0xFFFF, 0xFFFF, 0xFFFF, 0xFFFF, 0xFFFF, 0xFFFF, 0xFFFF, 0xFFFF, 0xFFFF, 0xFFFF,
    0xFFFF, 0xFFFF, 0xFFFF, 0xFFFF, 0xFFFF, 0xFFFF, 0xFFFF, 0xFFFF, 0xFFFF, 0xFFFF, 0xFFFF, 0xFFFF, 0xFFFF, 0xFFFF, 0xFFFF, 0xFFFF,
    0xFFFF, 0xFFFF, 0xFFFF, 0xFFFF, 0xFFFF, 0xFFFF, 0xFFFF, 0xFFFF, 0xFFFF, 0xFFFF, 0xFFFF, 0xFFFF, 0xFFFF, 0xFFFF, 0xFFFF, 0xFFFF,
    0xFFFF, 0xFFFF, 0xFFFF, 0xFFFF, 0xFFFF, 0xFFFF, 0xFFFF, 0xFFFF, 0xFFFF, 0xFFFF, 0xFFFF, 0xFFFF, 0xFFFF, 0xFFFF, 0xFFFF, 0xFFFF,
    0xFFFF, 0xFFFF, 0xDEFB, 0x9CD3, 0x4A49, 0x1082, 0x0000, 0x0000, 0x0000, 0x0000, 0x0000, 0x0000, 0x0000, 0x0000, 0x0000, 0x0000,
    0x0000, 0x0000, 0x0000, 0x0000, 0x0000, 0x0000, 0x0000, 0x0000, 0x0000, 0x0000, 0x0000, 0x0000, 0x0000, 0x0000, 0x0000, 0x0000,
    0x0000, 0x0000, 0x0000, 0x0000, 0x0000, 0x0000, 0x0000, 0x0000, 0x0000, 0x0000, 0x0000, 0x0000, 0x0000, 0x0000, 0x0000, 0x0000,
    0x0000, 0x0000, 0x0000, 0x0000, 0x0000, 0x0000, 0x0000, 0x0000, 0x0000, 0x0000, 0x0000, 0x0000, 0x0000, 0x0000, 0x0000, 0x0000,
    0x0000, 0x0000, 0x0000, 0x0000, 0x0020, 0x0000, 0x0000, 0x0000, 0x0000, 0x0000, 0x10A2, 0x4A69, 0x9CD3, 0xDEDB, 0xFFFF, 0xFFFF,
    0xFFFF, 0xFFFF, 0xFFFF, 0xFFFF, 0xFFFF, 0xFFFF, 0xFFFF, 0xFFFF, 0xFFFF, 0xFFFF, 0xFFFF, 0xFFFF, 0xFFFF, 0xFFFF, 0xFFFF, 0xFFFF,
    0xFFFF, 0xFFFF, 0xFFFF, 0xFFFF, 0xFFFF, 0xFFFF, 0xFFFF, 0xFFFF, 0xFFFF, 0xFFFF, 0xFFFF, 0xFFFF, 0xFFFF, 0xFFFF, 0xFFFF, 0xFFFF,
    0xFFFF, 0xFFFF, 0xFFFF, 0xFFFF, 0xFFFF, 0xFFFF, 0xFFFF, 0xFFFF, 0xFFFF, 0xFFFF, 0xFFFF, 0xFFFF, 0xFFFF, 0xFFFF, 0xFFFF, 0xFFFF,
    0xFFFF, 0xFFFF, 0xFFFF, 0xFFFF, 0xFFFF, 0xFFFF, 0xFFFF, 0xFFFF, 0xFFFF, 0xFFFF, 0xFFFF, 0xFFFF, 0xFFFF, 0xFFFF, 0xFFFF, 0xFFFF,
    0xFFFF, 0xFFFF, 0xFFFF, 0xFFFF, 0xFFFF, 0xFFFF, 0xFFFF, 0xFFFF, 0xFFFF, 0xFFFF, 0xFFFF, 0xFFFF, 0xFFFF, 0xFFFF, 0xFFFF, 0xFFFF,
    0xFFFF, 0xFFFF, 0xFFFF, 0xFFFF, 0xFFFF, 0xFFFF, 0xFFFF, 0xFFFF, 0xFFFF, 0xFFFF, 0xFFFF, 0xFFFF, 0xFFFF, 0xFFFF, 0xFFFF, 0xFFFF,
    0xFFFF, 0xFFFF, 0xFFFF, 0xFFFF, 0xFFFF, 0xFFFF, 0xFFFF, 0xFFFF, 0xFFFF, 0xFFFF, 0xFFFF, 0xFFFF, 0xFFFF, 0xFFFF, 0xFFFF, 0xFFFF,
    0xFFFF, 0xFFFF, 0xFFFF, 0xFFFF, 0xFFFF, 0xFFFF, 0xFFFF, 0xFFFF, 0xFFFF, 0xFFFF, 0xFFFF, 0xFFFF, 0xFFFF, 0xFFFF, 0xFFFF, 0xFFFF,
    0xFFFF, 0xFFFF, 0xFFFF, 0xFFFF, 0xFFFF, 0xFFFF, 0xFFFF, 0xFFFF, 0xFFFF, 0xFFFF, 0xFFFF, 0xFFFF, 0xFFFF, 0xFFFF, 0xFFFF, 0xFFFF,
    0xFFFF, 0xFFFF, 0xFFFF, 0xFFFF, 0xFFFF, 0xFFFF, 0xFFFF, 0xFFFF, 0xFFFF, 0xFFFF, 0xFFFF, 0xFFDF, 0xFFFF, 0xFFFF, 0xFFFF, 0xE71C,
    0x94B2, 0x4228, 0x0841, 0x0000, 0x0000, 0x0000, 0x0000, 0x0020, 0x0000, 0x0000, 0x0000, 0x0000, 0x0000, 0x0000, 0x0000, 0x0000,
    0x0000, 0x0000, 0x0000, 0x0000, 0x0000, 0x0000, 0x0000, 0x0000, 0x0000, 0x0000, 0x0001, 0x0000, 0x0001, 0x0001, 0x0000, 0x0000,
    0x0001, 0x0001, 0x0001, 0x0000, 0x0001, 0x0001, 0x0001, 0x0000, 0x0001, 0x0001, 0x0001, 0x0000, 0x0001, 0x0001, 0x0000, 0x0001,
    0x0001, 0x0001, 0x0001, 0x0001, 0x0001, 0x0000, 0x0000, 0x0000, 0x0000, 0x0000, 0x0000, 0x0000, 0x0000, 0x0000, 0x0000, 0x0000,
    0x0000, 0x0000, 0x0000, 0x0000, 0x0000, 0x0000, 0x0000, 0x0000, 0x0020, 0x0000, 0x0000, 0x0000, 0x0000, 0x0841, 0x4228, 0x94B2,
    0xE71C, 0xFFFF, 0xFFFF, 0xFFFF, 0xFFDF, 0xFFFF, 0xFFFF, 0xFFFF, 0xFFFF, 0xFFFF, 0xFFFF, 0xFFFF, 0xFFFF, 0xFFFF, 0xFFFF, 0xFFFF,
    0xFFFF, 0xFFFF, 0xFFFF, 0xFFFF, 0xFFFF, 0xFFFF, 0xFFFF, 0xFFFF, 0xFFFF, 0xFFFF, 0xFFFF, 0xFFFF, 0xFFFF, 0xFFFF, 0xFFFF, 0xFFFF,
    0xFFFF, 0xFFFF, 0xFFFF, 0xFFFF, 0xFFFF, 0xFFFF, 0xFFFF, 0xFFFF, 0xFFFF, 0xFFFF, 0xFFFF, 0xFFFF, 0xFFFF, 0xFFFF, 0xFFFF, 0xFFFF,
    0xFFFF, 0xFFFF, 0xFFFF, 0xFFFF, 0xFFFF, 0xFFFF, 0xFFFF, 0xFFFF, 0xFFFF, 0xFFFF, 0xFFFF, 0xFFFF, 0xFFFF, 0xFFFF, 0xFFFF, 0xFFFF,
    0xFFFF, 0xFFFF, 0xFFFF, 0xFFFF, 0xFFFF, 0xFFFF, 0xFFFF, 0xFFFF, 0xFFFF, 0xFFFF, 0xFFFF, 0xFFFF, 0xFFFF, 0xFFFF, 0xFFFF, 0xFFFF,
    0xFFFF, 0xFFFF, 0xFFFF, 0xFFFF, 0xFFFF, 0xFFFF, 0xFFFF, 0xFFFF, 0xFFFF, 0xFFFF, 0xFFFF, 0xFFFF, 0xFFFF, 0xFFFF, 0xFFFF, 0xFFFF,
    0xFFFF, 0xFFFF, 0xFFFF, 0xFFFF, 0xFFFF, 0xFFFF, 0xFFFF, 0xFFFF, 0xFFFF, 0xFFFF, 0xFFFF, 0xFFFF, 0xFFFF, 0xFFFF, 0xFFFF, 0xFFFF,
    0xFFFF, 0xFFFF, 0xFFFF, 0xFFFF, 0xFFFF, 0xFFFF, 0xFFFF, 0xFFFF, 0xFFFF, 0xFFFF, 0xFFFF, 0xFFFF, 0xFFFF, 0xFFFF, 0xFFFF, 0xFFFF,
    0xFFFF, 0xFFFF, 0xFFFF, 0xFFFF, 0xFFFF, 0xFFFF, 0xFFFF, 0xFFFF, 0xFFFF, 0xFFFF, 0xFFFF, 0xFFFF, 0xFFFF, 0xFFFF, 0xFFFF, 0xFFFF,
    0xFFFF, 0xFFFF, 0xFFFF, 0xFFFF, 0xFFFF, 0xFFFF, 0xFFFF, 0xFFFF, 0xFFFF, 0xFFFF, 0xFFFF, 0xFFFF, 0xF7BE, 0xB596, 0x52AA, 0x1082,
    0x0000, 0x0000, 0x0000, 0x0000, 0x0000, 0x0000, 0x0000, 0x0000, 0x0000, 0x0000, 0x0000, 0x0000, 0x0000, 0x0000, 0x0000, 0x0000,
    0x0000, 0x0000, 0x0000, 0x0000, 0x0001, 0x0001, 0x0001, 0x0001, 0x0001, 0x0001, 0x0021, 0x0001, 0x0001, 0x0000, 0x0000, 0x0000,
    0x0001, 0x0001, 0x0001, 0x0001, 0x0001, 0x0001, 0x0001, 0x0000, 0x0001, 0x0001, 0x0001, 0x0001, 0x0001, 0x0001, 0x0001, 0x0001,
    0x0000, 0x0000, 0x0001, 0x0001, 0x0001, 0x0001, 0x0001, 0x0001, 0x0001, 0x0001, 0x0001, 0x0001, 0x0000, 0x0000, 0x0000, 0x0000,
    0x0000, 0x0000, 0x0000, 0x0000, 0x0000, 0x0000, 0x0000, 0x0000, 0x0000, 0x0000, 0x0000, 0x0000, 0x0000, 0x0000, 0x0000, 0x0000,
    0x1082, 0x528A, 0xB596, 0xF7BE, 0xFFFF, 0xFFFF, 0xFFFF, 0xFFFF, 0xFFFF, 0xFFFF, 0xFFFF, 0xFFFF, 0xFFFF, 0xFFFF, 0xFFFF, 0xFFFF,
    0xFFFF, 0xFFFF, 0xFFFF, 0xFFFF, 0xFFFF, 0xFFFF, 0xFFFF, 0xFFFF, 0xFFFF, 0xFFFF, 0xFFFF, 0xFFFF, 0xFFFF, 0xFFFF, 0xFFFF, 0xFFFF,
    0xFFFF, 0xFFFF, 0xFFFF, 0xFFFF, 0xFFFF, 0xFFFF, 0xFFFF, 0xFFFF, 0xFFFF, 0xFFFF, 0xFFFF, 0xFFFF, 0xFFFF, 0xFFFF, 0xFFFF, 0xFFFF,
    0xFFFF, 0xFFFF, 0xFFFF, 0xFFFF, 0xFFFF, 0xFFFF, 0xFFFF, 0xFFFF, 0xFFFF, 0xFFFF, 0xFFFF, 0xFFFF, 0xFFFF, 0xFFFF, 0xFFFF, 0xFFFF,
    0xFFFF, 0xFFFF, 0xFFFF, 0xFFFF, 0xFFFF, 0xFFFF, 0xFFFF, 0xFFFF, 0xFFFF, 0xFFFF, 0xFFFF, 0xFFFF, 0xFFFF, 0xFFFF, 0xFFFF, 0xFFFF,
    0xFFFF, 0xFFFF, 0xFFFF, 0xFFFF, 0xFFFF, 0xFFFF, 0xFFFF, 0xFFFF, 0xFFFF, 0xFFFF, 0xFFFF, 0xFFFF, 0xFFFF, 0xFFFF, 0xFFFF, 0xFFFF,
    0xFFFF, 0xFFFF, 0xFFFF, 0xFFFF, 0xFFFF, 0xFFFF, 0xFFFF, 0xFFFF, 0xFFFF, 0xFFFF, 0xFFFF, 0xFFFF, 0xFFFF, 0xFFFF, 0xFFFF, 0xFFFF,
    0xFFFF, 0xFFFF, 0xFFFF, 0xFFFF, 0xFFFF, 0xFFFF, 0xFFFF, 0xFFFF, 0xFFFF, 0xFFFF, 0xFFFF, 0xFFFF, 0xFFFF, 0xFFFF, 0xFFFF, 0xFFFF,
    0xFFFF, 0xFFFF, 0xFFFF, 0xFFFF, 0xFFFF, 0xFFFF, 0xFFFF, 0xFFFF, 0xFFFF, 0xFFFF, 0xFFFF, 0xFFFF, 0xFFFF, 0xFFFF, 0xFFFF, 0xFFFF,
    0xFFFF, 0xFFFF, 0xFFFF, 0xFFFF, 0xFFFF, 0xFFFF, 0xFFDF, 0xFFFF, 0xFFFF, 0xFFFF, 0xD6BA, 0x7BCF, 0x2124, 0x0000, 0x0000, 0x0000,
    0x0020, 0x0000, 0x0000, 0x0000, 0x0000, 0x0000, 0x0000, 0x0000, 0x0000, 0x0000, 0x0000, 0x0000, 0x0000, 0x0000, 0x0000, 0x0001,
    0x0001, 0x0001, 0x0001, 0x0021, 0x0001, 0x0001, 0x0001, 0x0001, 0x0001, 0x0001, 0x0001, 0x0001, 0x0001, 0x0001, 0x0001, 0x0001,
    0x0001, 0x0001, 0x0001, 0x0001, 0x0001, 0x0001, 0x0001, 0x0001, 0x0001, 0x0001, 0x0001, 0x0001, 0x0001, 0x0001, 0x0001, 0x0001,
    0x0001, 0x0001, 0x0001, 0x0001, 0x0001, 0x0001, 0x0001, 0x0021, 0x0001, 0x0001, 0x0001, 0x0001, 0x0001, 0x0001, 0x0001, 0x0001,
    0x0000, 0x0000, 0x0000, 0x0000, 0x0000, 0x0000, 0x0000, 0x0000, 0x0000, 0x0000, 0x0000, 0x0000, 0x0000, 0x0000, 0x0000, 0x0000,
    0x0000, 0x0000, 0x0000, 0x2124, 0x7BCF, 0xD6BA, 0xFFFF, 0xFFFF, 0xFFFF, 0xFFFF, 0xFFFF, 0xFFFF, 0xFFFF, 0xFFFF, 0xFFFF, 0xFFFF,
    0xFFFF, 0xFFFF, 0xFFFF, 0xFFFF, 0xFFFF, 0xFFFF, 0xFFFF, 0xFFFF, 0xFFFF, 0xFFFF, 0xFFFF, 0xFFFF, 0xFFFF, 0xFFFF, 0xFFFF, 0xFFFF,
    0xFFFF, 0xFFFF, 0xFFFF, 0xFFFF, 0xFFFF, 0xFFFF, 0xFFFF, 0xFFFF, 0xFFFF, 0xFFFF, 0xFFFF, 0xFFFF, 0xFFFF, 0xFFFF, 0xFFFF, 0xFFFF,
    0xFFFF, 0xFFFF, 0xFFFF, 0xFFFF, 0xFFFF, 0xFFFF, 0xFFFF, 0xFFFF, 0xFFFF, 0xFFFF, 0xFFFF, 0xFFFF, 0xFFFF, 0xFFFF, 0xFFFF, 0xFFFF,
    0xFFFF, 0xFFFF, 0xFFFF, 0xFFFF, 0xFFFF, 0xFFFF, 0xFFFF, 0xFFFF, 0xFFFF, 0xFFFF, 0xFFFF, 0xFFFF, 0xFFFF, 0xFFFF, 0xFFFF, 0xFFFF,
    0xFFFF, 0xFFFF, 0xFFFF, 0xFFFF, 0xFFFF, 0xFFFF, 0xFFFF, 0xFFFF, 0xFFFF, 0xFFFF, 0xFFFF, 0xFFFF, 0xFFFF, 0xFFFF, 0xFFFF, 0xFFFF,
    0xFFFF, 0xFFFF, 0xFFFF, 0xFFFF, 0xFFFF, 0xFFFF, 0xFFFF, 0xFFFF, 0xFFFF, 0xFFFF, 0xFFFF, 0xFFFF, 0xFFFF, 0xFFFF, 0xFFFF, 0xFFFF,
    0xFFFF, 0xFFFF, 0xFFFF, 0xFFFF, 0xFFFF, 0xFFFF, 0xFFFF, 0xFFFF, 0xFFFF, 0xFFFF, 0xFFFF, 0xFFFF, 0xFFFF, 0xFFFF, 0xFFFF, 0xFFFF,
    0xFFFF, 0xFFFF, 0xFFFF, 0xFFFF, 0xFFFF, 0xFFFF, 0xFFFF, 0xFFFF, 0xFFFF, 0xFFFF, 0xFFFF, 0xFFFF, 0xFFFF, 0xFFFF, 0xFFFF, 0xFFFF,
    0xFFFF, 0xFFFF, 0xFFFF, 0xFFFF, 0xFFDF, 0xFFFF, 0xFFFF, 0xFFFF, 0xB5B6, 0x4A69, 0x0020, 0x0000, 0x0000, 0x0000, 0x0000, 0x0000,
    0x0000, 0x0000, 0x0000, 0x0000, 0x0000, 0x0000, 0x0000, 0x0000, 0x0000, 0x0000, 0x0000, 0x0000, 0x0000, 0x0000, 0x0001, 0x0001,
    0x0001, 0x0001, 0x0001, 0x0001, 0x0021, 0x0021, 0x0021, 0x0001, 0x0021, 0x0001, 0x0001, 0x0001, 0x0001, 0x0021, 0x0021, 0x0021,
    0x0021, 0x0021, 0x0021, 0x0021, 0x0001, 0x0021, 0x0021, 0x0021, 0x0021, 0x0021, 0x0021, 0x0021, 0x0021, 0x0021, 0x0021, 0x0021,
    0x0021, 0x0001, 0x0001, 0x0001, 0x0001, 0x0001, 0x0021, 0x0021, 0x0021, 0x0021, 0x0001, 0x0021, 0x0001, 0x0001, 0x0001, 0x0001,
    0x0001, 0x0000, 0x0001, 0x0001, 0x0000, 0x0000, 0x0000, 0x0000, 0x0000, 0x0000, 0x0000, 0x0000, 0x0000, 0x0000, 0x0000, 0x0000,
    0x0000, 0x0000, 0x0000, 0x0000, 0x0000, 0x0841, 0x528A, 0xB596, 0xFFDF, 0xFFFF, 0xFFFF, 0xFFDF, 0xFFFF, 0xFFFF, 0xFFFF, 0xFFFF,
    0xFFFF, 0xFFFF, 0xFFFF, 0xFFFF, 0xFFFF, 0xFFFF, 0xFFFF, 0xFFFF, 0xFFFF, 0xFFFF, 0xFFFF, 0xFFFF, 0xFFFF, 0xFFFF, 0xFFFF, 0xFFFF,
    0xFFFF, 0xFFFF, 0xFFFF, 0xFFFF, 0xFFFF, 0xFFFF, 0xFFFF, 0xFFFF, 0xFFFF, 0xFFFF, 0xFFFF, 0xFFFF, 0xFFFF, 0xFFFF, 0xFFFF, 0xFFFF,
    0xFFFF, 0xFFFF, 0xFFFF, 0xFFFF, 0xFFFF, 0xFFFF, 0xFFFF, 0xFFFF, 0xFFFF, 0xFFFF, 0xFFFF, 0xFFFF, 0xFFFF, 0xFFFF, 0xFFFF, 0xFFFF,
    0xFFFF, 0xFFFF, 0xFFFF, 0xFFFF, 0xFFFF, 0xFFFF, 0xFFFF, 0xFFFF, 0xFFFF, 0xFFFF, 0xFFFF, 0xFFFF, 0xFFFF, 0xFFFF, 0xFFFF, 0xFFFF,
    0xFFFF, 0xFFFF, 0xFFFF, 0xFFFF, 0xFFFF, 0xFFFF, 0xFFFF, 0xFFFF, 0xFFFF, 0xFFFF, 0xFFFF, 0xFFFF, 0xFFFF, 0xFFFF, 0xFFFF, 0xFFFF,
    0xFFFF, 0xFFFF, 0xFFFF, 0xFFFF, 0xFFFF, 0xFFFF, 0xFFFF, 0xFFFF, 0xFFFF, 0xFFFF, 0xFFFF, 0xFFFF, 0xFFFF, 0xFFFF, 0xFFFF, 0xFFFF,
    0xFFFF, 0xFFFF, 0xFFFF, 0xFFFF, 0xFFFF, 0xFFFF, 0xFFFF, 0xFFFF, 0xFFFF, 0xFFFF, 0xFFFF, 0xFFFF, 0xFFFF, 0xFFFF, 0xFFFF, 0xFFFF,
    0xFFFF, 0xFFFF, 0xFFFF, 0xFFFF, 0xFFFF, 0xFFFF, 0xFFFF, 0xFFFF, 0xFFFF, 0xFFFF, 0xFFFF, 0xFFFF, 0xFFFF, 0xFFFF, 0xFFFF, 0xFFFF,
    0xFFFF, 0xFFFF, 0xFFFF, 0xFFFF, 0xFFFF, 0xF79E, 0x9CD3, 0x31A6, 0x0000, 0x0000, 0x0000, 0x0020, 0x0000, 0x0000, 0x0000, 0x0000,
    0x0000, 0x0000, 0x0000, 0x0000, 0x0000, 0x0000, 0x0000, 0x0000, 0x0001, 0x0001, 0x0000, 0x0000, 0x0000, 0x0000, 0x0001, 0x0001,
    0x0021, 0x0021, 0x0021, 0x0001, 0x0021, 0x0021, 0x0021, 0x0021, 0x0021, 0x0021, 0x0021, 0x0021, 0x0021, 0x0021, 0x0021, 0x0021,
    0x0021, 0x0041, 0x0021, 0x0021, 0x0021, 0x0021, 0x0021, 0x0021, 0x0021, 0x0021, 0x0021, 0x0021, 0x0021, 0x0021, 0x0021, 0x0021,
    0x0021, 0x0021, 0x0021, 0x0021, 0x0021, 0x0021, 0x0021, 0x0021, 0x0021, 0x0001, 0x0001, 0x0001, 0x0001, 0x0001, 0x0021, 0x0001,
    0x0001, 0x0001, 0x0001, 0x0000, 0x0000, 0x0001, 0x0001, 0x0001, 0x0001, 0x0000, 0x0000, 0x0000, 0x0000, 0x0000, 0x0000, 0x0000,
    0x0000, 0x0000, 0x0000, 0x0000, 0x0020, 0x0000, 0x0000, 0x0000, 0x2965, 0x94B2, 0xEF7D, 0xFFFF, 0xFFFF, 0xFFDF, 0xFFFF, 0xFFFF,
    0xFFFF, 0xFFFF, 0xFFFF, 0xFFFF, 0xFFFF, 0xFFFF, 0xFFFF, 0xFFFF, 0xFFFF, 0xFFFF, 0xFFFF, 0xFFFF, 0xFFFF, 0xFFFF, 0xFFFF, 0xFFFF,
    0xFFFF, 0xFFFF, 0xFFFF, 0xFFFF, 0xFFFF, 0xFFFF, 0xFFFF, 0xFFFF, 0xFFFF, 0xFFFF, 0xFFFF, 0xFFFF, 0xFFFF, 0xFFFF, 0xFFFF, 0xFFFF,
    0xFFFF, 0xFFFF, 0xFFFF, 0xFFFF, 0xFFFF, 0xFFFF, 0xFFFF, 0xFFFF, 0xFFFF, 0xFFFF, 0xFFFF, 0xFFFF, 0xFFFF, 0xFFFF, 0xFFFF, 0xFFFF,
    0xFFFF, 0xFFFF, 0xFFFF, 0xFFFF, 0xFFFF, 0xFFFF, 0xFFFF, 0xFFFF, 0xFFFF, 0xFFFF, 0xFFFF, 0xFFFF, 0xFFFF, 0xFFFF, 0xFFFF, 0xFFFF,
    0xFFFF, 0xFFFF, 0xFFFF, 0xFFFF, 0xFFFF, 0xFFFF, 0xFFFF, 0xFFFF, 0xFFFF, 0xFFFF, 0xFFFF, 0xFFFF, 0xFFFF, 0xFFFF, 0xFFFF, 0xFFFF,
    0xFFFF, 0xFFFF, 0xFFFF, 0xFFFF, 0xFFFF, 0xFFFF, 0xFFFF, 0xFFFF, 0xFFFF, 0xFFFF, 0xFFFF, 0xFFFF, 0xFFFF, 0xFFFF, 0xFFFF, 0xFFFF,
    0xFFFF, 0xFFFF, 0xFFFF, 0xFFFF, 0xFFFF, 0xFFFF, 0xFFFF, 0xFFFF, 0xFFFF, 0xFFFF, 0xFFFF, 0xFFFF, 0xFFFF, 0xFFFF, 0xFFFF, 0xFFFF,
    0xFFFF, 0xFFFF, 0xFFFF, 0xFFFF, 0xFFFF, 0xFFFF, 0xFFFF, 0xFFFF, 0xFFFF, 0xFFFF, 0xFFFF, 0xFFFF, 0xFFFF, 0xFFFF, 0xFFFF, 0xFFFF,
    0xFFFF, 0xFFFF, 0xFFFF, 0xEF5D, 0x8C51, 0x2104, 0x0000, 0x0000, 0x0000, 0x0000, 0x0000, 0x0000, 0x0000, 0x0000, 0x0000, 0x0000,
    0x0000, 0x0000, 0x0000, 0x0000, 0x0000, 0x0001, 0x0000, 0x0001, 0x0001, 0x0000, 0x0001, 0x0001, 0x0021, 0x0021, 0x0021, 0x0001,
    0x0001, 0x0021, 0x0021, 0x0021, 0x0021, 0x0021, 0x0021, 0x0021, 0x0021, 0x0021, 0x0021, 0x0021, 0x0021, 0x0021, 0x0041, 0x0041,
    0x0041, 0x0041, 0x0041, 0x0041, 0x0042, 0x0041, 0x0041, 0x0042, 0x0021, 0x0041, 0x0022, 0x0041, 0x0042, 0x0041, 0x0041, 0x0041,
    0x0021, 0x0021, 0x0021, 0x0021, 0x0021, 0x0021, 0x0021, 0x0021, 0x0021, 0x0021, 0x0021, 0x0021, 0x0021, 0x0021, 0x0021, 0x0001,
    0x0001, 0x0021, 0x0021, 0x0021, 0x0001, 0x0001, 0x0000, 0x0000, 0x0000, 0x0001, 0x0001, 0x0000, 0x0000, 0x0000, 0x0000, 0x0000,
    0x0000, 0x0000, 0x0000, 0x0000, 0x0000, 0x0000, 0x0000, 0x0000, 0x0000, 0x0000, 0x1904, 0x8430, 0xEF5D, 0xFFFF, 0xFFFF, 0xFFDF,
    0xFFFF, 0xFFFF, 0xFFFF, 0xFFFF, 0xFFFF, 0xFFFF, 0xFFFF, 0xFFFF, 0xFFFF, 0xFFFF, 0xFFFF, 0xFFFF, 0xFFFF, 0xFFFF, 0xFFFF, 0xFFFF,
    0xFFFF, 0xFFFF, 0xFFFF, 0xFFFF, 0xFFFF, 0xFFFF, 0xFFFF, 0xFFFF, 0xFFFF, 0xFFFF, 0xFFFF, 0xFFFF, 0xFFFF, 0xFFFF, 0xFFFF, 0xFFFF,
    0xFFFF, 0xFFFF, 0xFFFF, 0xFFFF, 0xFFFF, 0xFFFF, 0xFFFF, 0xFFFF, 0xFFFF, 0xFFFF, 0xFFFF, 0xFFFF, 0xFFFF, 0xFFFF, 0xFFFF, 0xFFFF,
    0xFFFF, 0xFFFF, 0xFFFF, 0xFFFF, 0xFFFF, 0xFFFF, 0xFFFF, 0xFFFF, 0xFFFF, 0xFFFF, 0xFFFF, 0xFFFF, 0xFFFF, 0xFFFF, 0xFFFF, 0xFFFF,
    0xFFFF, 0xFFFF, 0xFFFF, 0xFFFF, 0xFFFF, 0xFFFF, 0xFFFF, 0xFFFF, 0xFFFF, 0xFFFF, 0xFFFF, 0xFFFF, 0xFFFF, 0xFFFF, 0xFFFF, 0xFFFF,
    0xFFFF, 0xFFFF, 0xFFFF, 0xFFFF, 0xFFFF, 0xFFFF, 0xFFFF, 0xFFFF, 0xFFFF, 0xFFFF, 0xFFFF, 0xFFFF, 0xFFFF, 0xFFFF, 0xFFFF, 0xFFFF,
    0xFFFF, 0xFFFF, 0xFFFF, 0xFFFF, 0xFFFF, 0xFFFF, 0xFFFF, 0xFFFF, 0xFFFF, 0xFFFF, 0xFFFF, 0xFFFF, 0xFFFF, 0xFFFF, 0xFFFF, 0xFFFF,
    0xFFFF, 0xFFFF, 0xFFFF, 0xFFFF, 0xFFFF, 0xFFFF, 0xFFFF, 0xFFFF, 0xFFFF, 0xFFFF, 0xFFFF, 0xFFFF, 0xFFFF, 0xFFFF, 0xFFDF, 0xFFFF,
    0xFFFF, 0xEF5D, 0x8410, 0x18C3, 0x0000, 0x0000, 0x0000, 0x0000, 0x0000, 0x0000, 0x0000, 0x0000, 0x0000, 0x0000, 0x0000, 0x0000,
    0x0000, 0x0000, 0x0001, 0x0001, 0x0001, 0x0000, 0x0001, 0x0001, 0x0021, 0x0021, 0x0021, 0x0021, 0x0001, 0x0001, 0x0001, 0x0021,
    0x0021, 0x0021, 0x0021, 0x0021, 0x0021, 0x0021, 0x0021, 0x0021, 0x0021, 0x0021, 0x0041, 0x0041, 0x0041, 0x0041, 0x0041, 0x0041,
    0x0042, 0x0042, 0x0062, 0x0062, 0x0062, 0x0062, 0x0062, 0x0062, 0x0062, 0x0062, 0x0062, 0x0062, 0x0062, 0x0062, 0x0062, 0x0042,
    0x0041, 0x0041, 0x0042, 0x0041, 0x0041, 0x0042, 0x0021, 0x0021, 0x0021, 0x0021, 0x0021, 0x0021, 0x0021, 0x0021, 0x0021, 0x0021,
    0x0021, 0x0021, 0x0021, 0x0021, 0x0021, 0x0021, 0x0021, 0x0001, 0x0001, 0x0001, 0x0000, 0x0001, 0x0001, 0x0001, 0x0000, 0x0000,
    0x0000, 0x0000, 0x0000, 0x0000, 0x0000, 0x0000, 0x0000, 0x0000, 0x0000, 0x0020, 0x0000, 0x0000, 0x18C3, 0x8410, 0xEF5D, 0xFFFF,
    0xFFFF, 0xFFFF, 0xFFFF, 0xFFFF, 0xFFFF, 0xFFFF, 0xFFFF, 0xFFFF, 0xFFFF, 0xFFFF, 0xFFFF, 0xFFFF, 0xFFFF, 0xFFFF, 0xFFFF, 0xFFFF,
    0xFFFF, 0xFFFF, 0xFFFF, 0xFFFF, 0xFFFF, 0xFFFF, 0xFFFF, 0xFFFF, 0xFFFF, 0xFFFF, 0xFFFF, 0xFFFF, 0xFFFF, 0xFFFF, 0xFFFF, 0xFFFF,
    0xFFFF, 0xFFFF, 0xFFFF, 0xFFFF, 0xFFFF, 0xFFFF, 0xFFFF, 0xFFFF, 0xFFFF, 0xFFFF, 0xFFFF, 0xFFFF, 0xFFFF, 0xFFFF, 0xFFFF, 0xFFFF,
    0xFFFF, 0xFFFF, 0xFFFF, 0xFFFF, 0xFFFF, 0xFFFF, 0xFFFF, 0xFFFF, 0xFFFF, 0xFFFF, 0xFFFF, 0xFFFF, 0xFFFF, 0xFFFF, 0xFFFF, 0xFFFF,
    0xFFFF, 0xFFFF, 0xFFFF, 0xFFFF, 0xFFFF, 0xFFFF, 0xFFFF, 0xFFFF, 0xFFFF, 0xFFFF, 0xFFFF, 0xFFFF, 0xFFFF, 0xFFFF, 0xFFFF, 0xFFFF,
    0xFFFF, 0xFFFF, 0xFFFF, 0xFFFF, 0xFFFF, 0xFFFF, 0xFFFF, 0xFFFF, 0xFFFF, 0xFFFF, 0xFFFF, 0xFFFF, 0xFFFF, 0xFFFF, 0xFFFF, 0xFFFF,
    0xFFFF, 0xFFFF, 0xFFFF, 0xFFFF, 0xFFFF, 0xFFFF, 0xFFFF, 0xFFFF, 0xFFFF, 0xFFFF, 0xFFFF, 0xFFFF, 0xFFFF, 0xFFFF, 0xFFFF, 0xFFFF,
    0xFFFF, 0xFFFF, 0xFFFF, 0xFFFF, 0xFFFF, 0xFFFF, 0xFFFF, 0xFFFF, 0xFFFF, 0xFFFF, 0xFFFF, 0xFFFF, 0xFFFF, 0xFFFF, 0xFFFF, 0xF79E,
    0x8C51, 0x18C3, 0x0000, 0x0000, 0x0020, 0x0000, 0x0000, 0x0000, 0x0000, 0x0000, 0x0000, 0x0000, 0x0000, 0x0000, 0x0000, 0x0000,
    0x0001, 0x0000, 0x0000, 0x0001, 0x0001, 0x0001, 0x0021, 0x0021, 0x0021, 0x0001, 0x0021, 0x0021, 0x0021, 0x0021, 0x0021, 0x0021,
    0x0021, 0x0021, 0x0041, 0x0042, 0x0042, 0x0042, 0x0042, 0x0042, 0x0042, 0x0042, 0x0062, 0x0062, 0x0062, 0x0062, 0x0062, 0x0062,
    0x0062, 0x0082, 0x0082, 0x0082, 0x0082, 0x0062, 0x0082, 0x0082, 0x0082, 0x0082, 0x0062, 0x0082, 0x0082, 0x0062, 0x0082, 0x0062,
    0x0062, 0x0062, 0x0062, 0x0062, 0x0062, 0x0042, 0x0042, 0x0042, 0x0042, 0x0041, 0x0041, 0x0021, 0x0041, 0x0041, 0x0021, 0x0021,
    0x0021, 0x0021, 0x0021, 0x0021, 0x0021, 0x0001, 0x0001, 0x0001, 0x0001, 0x0001, 0x0001, 0x0001, 0x0000, 0x0000, 0x0000, 0x0001,
    0x0001, 0x0000, 0x0000, 0x0000, 0x0000, 0x0000, 0x0000, 0x0000, 0x0000, 0x0000, 0x0000, 0x0020, 0x0000, 0x0000, 0x18C3, 0x8430,
    0xEF7D, 0xFFFF, 0xFFFF, 0xFFFF, 0xFFFF, 0xFFFF, 0xFFFF, 0xFFFF, 0xFFFF, 0xFFFF, 0xFFFF, 0xFFFF, 0xFFFF, 0xFFFF, 0xFFFF, 0xFFFF,
    0xFFFF, 0xFFFF, 0xFFFF, 0xFFFF, 0xFFFF, 0xFFFF, 0xFFFF, 0xFFFF, 0xFFFF, 0xFFFF, 0xFFFF, 0xFFFF, 0xFFFF, 0xFFFF, 0xFFFF, 0xFFFF,
    0xFFFF, 0xFFFF, 0xFFFF, 0xFFFF, 0xFFFF, 0xFFFF, 0xFFFF, 0xFFFF, 0xFFFF, 0xFFFF, 0xFFFF, 0xFFFF, 0xFFFF, 0xFFFF, 0xFFFF, 0xFFFF,
    0xFFFF, 0xFFFF, 0xFFFF, 0xFFFF, 0xFFFF, 0xFFFF, 0xFFFF, 0xFFFF, 0xFFFF, 0xFFFF, 0xFFFF, 0xFFFF, 0xFFFF, 0xFFFF, 0xFFFF, 0xFFFF,
    0xFFFF, 0xFFFF, 0xFFFF, 0xFFFF, 0xFFFF, 0xFFFF, 0xFFFF, 0xFFFF, 0xFFFF, 0xFFFF, 0xFFFF, 0xFFFF, 0xFFFF, 0xFFFF, 0xFFFF, 0xFFFF,
    0xFFFF, 0xFFFF, 0xFFFF, 0xFFFF, 0xFFFF, 0xFFFF, 0xFFFF, 0xFFFF, 0xFFFF, 0xFFFF, 0xFFFF, 0xFFFF, 0xFFFF, 0xFFFF, 0xFFFF, 0xFFFF,
    0xFFFF, 0xFFFF, 0xFFFF, 0xFFFF, 0xFFFF, 0xFFFF, 0xFFFF, 0xFFFF, 0xFFFF, 0xFFFF, 0xFFFF, 0xFFFF, 0xFFFF, 0xFFFF, 0xFFFF, 0xFFFF,
    0xFFFF, 0xFFFF, 0xFFFF, 0xFFFF, 0xFFFF, 0xFFFF, 0xFFFF, 0xFFFF, 0xFFFF, 0xFFFF, 0xFFFF, 0xFFFF, 0xFFFF, 0xFFFF, 0x9CD3, 0x2124,
    0x0000, 0x0000, 0x0000, 0x0000, 0x0000, 0x0000, 0x0000, 0x0000, 0x0000, 0x0000, 0x0000, 0x0000, 0x0000, 0x0000, 0x0001, 0x0001,
    0x0001, 0x0001, 0x0001, 0x0001, 0x0001, 0x0001, 0x0001, 0x0021, 0x0021, 0x0021, 0x0021, 0x0021, 0x0021, 0x0041, 0x0021, 0x0041,
    0x0042, 0x0042, 0x0042, 0x0042, 0x0042, 0x0062, 0x0062, 0x0062, 0x0062, 0x0082, 0x0083, 0x0083, 0x0083, 0x0083, 0x0083, 0x0083,
    0x00A3, 0x00A3, 0x00A3, 0x00A3, 0x00A3, 0x00A3, 0x00A3, 0x00A3, 0x00A3, 0x00A3, 0x00A3, 0x00A3, 0x00A3, 0x00A3, 0x00A3, 0x0083,
    0x0083, 0x0083, 0x0083, 0x0083, 0x0083, 0x0082, 0x0082, 0x0062, 0x0062, 0x0062, 0x0062, 0x0062, 0x0042, 0x0042, 0x0042, 0x0042,
    0x0042, 0x0041, 0x0021, 0x0021, 0x0021, 0x0021, 0x0021, 0x0021, 0x0021, 0x0001, 0x0001, 0x0001, 0x0001, 0x0001, 0x0001, 0x0000,
    0x0001, 0x0001, 0x0001, 0x0001, 0x0000, 0x0000, 0x0000, 0x0000, 0x0000, 0x0000, 0x0000, 0x0000, 0x0000, 0x0000, 0x0000, 0x0000,
    0x18E3, 0x9492, 0xFFDF, 0xFFFF, 0xFFFF, 0xFFFF, 0xFFFF, 0xFFFF, 0xFFFF, 0xFFFF, 0xFFFF, 0xFFFF, 0xFFFF, 0xFFFF, 0xFFFF, 0xFFFF,
    0xFFFF, 0xFFFF, 0xFFFF, 0xFFFF, 0xFFFF, 0xFFFF, 0xFFFF, 0xFFFF, 0xFFFF, 0xFFFF, 0xFFFF, 0xFFFF, 0xFFFF, 0xFFFF, 0xFFFF, 0xFFFF,
    0xFFFF, 0xFFFF, 0xFFFF, 0xFFFF, 0xFFFF, 0xFFFF, 0xFFFF, 0xFFFF, 0xFFFF, 0xFFFF, 0xFFFF, 0xFFFF, 0xFFFF, 0xFFFF, 0xFFFF, 0xFFFF,
    0xFFFF, 0xFFFF, 0xFFFF, 0xFFFF, 0xFFFF, 0xFFFF, 0xFFFF, 0xFFFF, 0xFFFF, 0xFFFF, 0xFFFF, 0xFFFF, 0xFFFF, 0xFFFF, 0xFFFF, 0xFFFF,
    0xFFFF, 0xFFFF, 0xFFFF, 0xFFFF, 0xFFFF, 0xFFFF, 0xFFFF, 0xFFFF, 0xFFFF, 0xFFFF, 0xFFFF, 0xFFFF, 0xFFFF, 0xFFFF, 0xFFFF, 0xFFFF,
    0xFFFF, 0xFFFF, 0xFFFF, 0xFFFF, 0xFFFF, 0xFFFF, 0xFFFF, 0xFFFF, 0xFFFF, 0xFFFF, 0xFFFF, 0xFFFF, 0xFFFF, 0xFFFF, 0xFFFF, 0xFFFF,
    0xFFFF, 0xFFFF, 0xFFFF, 0xFFFF, 0xFFFF, 0xFFFF, 0xFFFF, 0xFFFF, 0xFFFF, 0xFFFF, 0xFFFF, 0xFFFF, 0xFFFF, 0xFFFF, 0xFFFF, 0xFFFF,
    0xFFFF, 0xFFFF, 0xFFFF, 0xFFFF, 0xFFFF, 0xFFFF, 0xFFFF, 0xFFFF, 0xFFFF, 0xFFFF, 0xFFFF, 0xFFFF, 0xBDD7, 0x39C7, 0x0000, 0x0000,
    0x0000, 0x0000, 0x0000, 0x0000, 0x0000, 0x0000, 0x0000, 0x0000, 0x0000, 0x0000, 0x0001, 0x0000, 0x0000, 0x0001, 0x0001, 0x0000,
    0x0000, 0x0001, 0x0001, 0x0001, 0x0021, 0x0021, 0x0021, 0x0021, 0x0021, 0x0021, 0x0041, 0x0041, 0x0041, 0x0042, 0x0042, 0x0062,
    0x0062, 0x0062, 0x0062, 0x0083, 0x0083, 0x0083, 0x0083, 0x0083, 0x00A3, 0x00A3, 0x00A3, 0x00A3, 0x00A3, 0x00C4, 0x00C4, 0x00C4,
    0x00E4, 0x00E4, 0x00E4, 0x00E4, 0x00E4, 0x00E4, 0x00E4, 0x00E4, 0x00E4, 0x00E4, 0x00E4, 0x00E4, 0x00E4, 0x00E4, 0x00E4, 0x00C4,
    0x00C4, 0x00C4, 0x00C4, 0x00A4, 0x00A4, 0x00A3, 0x00A3, 0x0083, 0x0083, 0x0083, 0x0083, 0x0082, 0x0082, 0x0062, 0x0062, 0x0062,
    0x0062, 0x0042, 0x0042, 0x0042, 0x0021, 0x0021, 0x0021, 0x0021, 0x0021, 0x0021, 0x0021, 0x0021, 0x0021, 0x0001, 0x0001, 0x0001,
    0x0001, 0x0001, 0x0001, 0x0000, 0x0001, 0x0001, 0x0000, 0x0000, 0x0000, 0x0000, 0x0000, 0x0000, 0x0000, 0x0000, 0x0000, 0x0020,
    0x0000, 0x0000, 0x3186, 0xB596, 0xFFFF, 0xFFFF, 0xFFDF, 0xFFFF, 0xFFFF, 0xFFFF, 0xFFFF, 0xFFFF, 0xFFFF, 0xFFFF, 0xFFFF, 0xFFFF,
    0xFFFF, 0xFFFF, 0xFFFF, 0xFFFF, 0xFFFF, 0xFFFF, 0xFFFF, 0xFFFF, 0xFFFF, 0xFFFF, 0xFFFF, 0xFFFF, 0xFFFF, 0xFFFF, 0xFFFF, 0xFFFF,
    0xFFFF, 0xFFFF, 0xFFFF, 0xFFFF, 0xFFFF, 0xFFFF, 0xFFFF, 0xFFFF, 0xFFFF, 0xFFFF, 0xFFFF, 0xFFFF, 0xFFFF, 0xFFFF, 0xFFFF, 0xFFFF,
    0xFFFF, 0xFFFF, 0xFFFF, 0xFFFF, 0xFFFF, 0xFFFF, 0xFFFF, 0xFFFF, 0xFFFF, 0xFFFF, 0xFFFF, 0xFFFF, 0xFFFF, 0xFFFF, 0xFFFF, 0xFFFF,
    0xFFFF, 0xFFFF, 0xFFFF, 0xFFFF, 0xFFFF, 0xFFFF, 0xFFFF, 0xFFFF, 0xFFFF, 0xFFFF, 0xFFFF, 0xFFFF, 0xFFFF, 0xFFFF, 0xFFFF, 0xFFFF,
    0xFFFF, 0xFFFF, 0xFFFF, 0xFFFF, 0xFFFF, 0xFFFF, 0xFFFF, 0xFFFF, 0xFFFF, 0xFFFF, 0xFFFF, 0xFFFF, 0xFFFF, 0xFFFF, 0xFFFF, 0xFFFF,
    0xFFFF, 0xFFFF, 0xFFFF, 0xFFFF, 0xFFFF, 0xFFFF, 0xFFFF, 0xFFFF, 0xFFFF, 0xFFFF, 0xFFFF, 0xFFFF, 0xFFFF, 0xFFFF, 0xFFFF, 0xFFFF,
    0xFFFF, 0xFFFF, 0xFFFF, 0xFFFF, 0xFFFF, 0xFFFF, 0xFFFF, 0xFFFF, 0xFFFF, 0xFFFF, 0xD6BA, 0x528A, 0x0000, 0x0000, 0x0000, 0x0000,
    0x0000, 0x0000, 0x0000, 0x0000, 0x0000, 0x0000, 0x0000, 0x0000, 0x0001, 0x0001, 0x0001, 0x0001, 0x0001, 0x0001, 0x0001, 0x0001,
    0x0001, 0x0021, 0x0021, 0x0021, 0x0021, 0x0021, 0x0021, 0x0021, 0x0041, 0x0041, 0x0041, 0x0042, 0x0062, 0x0062, 0x0062, 0x0083,
    0x0083, 0x0083, 0x00A3, 0x00A3, 0x00A3, 0x00C4, 0x00C4, 0x00C4, 0x00E4, 0x00E4, 0x00E5, 0x0105, 0x0105, 0x0105, 0x0125, 0x0126,
    0x0126, 0x0146, 0x0146, 0x0146, 0x0146, 0x0146, 0x0146, 0x0166, 0x0166, 0x0146, 0x0146, 0x0146, 0x0146, 0x0146, 0x0146, 0x0146,
    0x0126, 0x0125, 0x0105, 0x0105, 0x00E5, 0x00E5, 0x00E5, 0x00E4, 0x00C4, 0x00C4, 0x00A3, 0x00A3, 0x00A3, 0x0083, 0x0083, 0x0083,
    0x0062, 0x0062, 0x0062, 0x0062, 0x0042, 0x0042, 0x0041, 0x0041, 0x0021, 0x0021, 0x0021, 0x0021, 0x0021, 0x0021, 0x0021, 0x0001,
    0x0001, 0x0001, 0x0001, 0x0001, 0x0001, 0x0001, 0x0001, 0x0001, 0x0000, 0x0000, 0x0000, 0x0000, 0x0000, 0x0000, 0x0000, 0x0000,
    0x0000, 0x0020, 0x0000, 0x0000, 0x52AA, 0xD6BA, 0xFFFF, 0xFFFF, 0xFFFF, 0xFFFF, 0xFFFF, 0xFFFF, 0xFFFF, 0xFFFF, 0xFFFF, 0xFFFF,
    0xFFFF, 0xFFFF, 0xFFFF, 0xFFFF, 0xFFFF, 0xFFFF, 0xFFFF, 0xFFFF, 0xFFFF, 0xFFFF, 0xFFFF, 0xFFFF, 0xFFFF, 0xFFFF, 0xFFFF, 0xFFFF,
    0xFFFF, 0xFFFF, 0xFFFF, 0xFFFF, 0xFFFF, 0xFFFF, 0xFFFF, 0xFFFF, 0xFFFF, 0xFFFF, 0xFFFF, 0xFFFF, 0xFFFF, 0xFFFF, 0xFFFF, 0xFFFF,
    0xFFFF, 0xFFFF, 0xFFFF, 0xFFFF, 0xFFFF, 0xFFFF, 0xFFFF, 0xFFFF, 0xFFFF, 0xFFFF, 0xFFFF, 0xFFFF, 0xFFFF, 0xFFFF, 0xFFFF, 0xFFFF,
    0xFFFF, 0xFFFF, 0xFFFF, 0xFFFF, 0xFFFF, 0xFFFF, 0xFFFF, 0xFFFF, 0xFFFF, 0xFFFF, 0xFFFF, 0xFFFF, 0xFFFF, 0xFFFF, 0xFFFF, 0xFFFF,
    0xFFFF, 0xFFFF, 0xFFFF, 0xFFFF, 0xFFFF, 0xFFFF, 0xFFFF, 0xFFFF, 0xFFFF, 0xFFFF, 0xFFFF, 0xFFFF, 0xFFFF, 0xFFFF, 0xFFFF, 0xFFFF,
    0xFFFF, 0xFFFF, 0xFFFF, 0xFFFF, 0xFFFF, 0xFFFF, 0xFFFF, 0xFFFF, 0xFFFF, 0xFFFF, 0xFFFF, 0xFFFF, 0xFFFF, 0xFFFF, 0xFFFF, 0xFFFF,
    0xFFFF, 0xFFFF, 0xFFFF, 0xFFFF, 0xFFFF, 0xFFFF, 0xFFFF, 0xFFFF, 0xF7BE, 0x8410, 0x0841, 0x0000, 0x0000, 0x0000, 0x0000, 0x0000,
    0x0000, 0x0000, 0x0000, 0x0000, 0x0000, 0x0000, 0x0001, 0x0001, 0x0001, 0x0001, 0x0001, 0x0001, 0x0001, 0x0001, 0x0021, 0x0021,
    0x0021, 0x0021, 0x0021, 0x0021, 0x0021, 0x0042, 0x0041, 0x0042, 0x0062, 0x0062, 0x0062, 0x0062, 0x0083, 0x0083, 0x00A3, 0x00A3,
    0x00C3, 0x00C4, 0x00C4, 0x00E4, 0x00E5, 0x0105, 0x0125, 0x0126, 0x0146, 0x0146, 0x0166, 0x0166, 0x0167, 0x0167, 0x0166, 0x0166,
    0x0146, 0x0146, 0x0146, 0x0147, 0x0146, 0x0146, 0x0146, 0x0146, 0x0147, 0x0147, 0x0146, 0x0146, 0x0146, 0x0166, 0x0146, 0x0146,
    0x0146, 0x0147, 0x0167, 0x0166, 0x0167, 0x0166, 0x0146, 0x0146, 0x0126, 0x0125, 0x0105, 0x0105, 0x00E4, 0x00E4, 0x00C4, 0x00A3,
    0x00A3, 0x0083, 0x0083, 0x0083, 0x0062, 0x0062, 0x0062, 0x0042, 0x0041, 0x0041, 0x0041, 0x0021, 0x0021, 0x0021, 0x0021, 0x0021,
    0x0021, 0x0021, 0x0001, 0x0001, 0x0001, 0x0001, 0x0001, 0x0000, 0x0001, 0x0001, 0x0000, 0x0000, 0x0000, 0x0000, 0x0000, 0x0000,
    0x0000, 0x0000, 0x0000, 0x0000, 0x0000, 0x0861, 0x8410, 0xF7BE, 0xFFFF, 0xFFFF, 0xFFFF, 0xFFFF, 0xFFFF, 0xFFFF, 0xFFFF, 0xFFFF,
    0xFFFF, 0xFFFF, 0xFFFF, 0xFFFF, 0xFFFF, 0xFFFF, 0xFFFF, 0xFFFF, 0xFFFF, 0xFFFF, 0xFFFF, 0xFFFF, 0xFFFF, 0xFFFF, 0xFFFF, 0xFFFF,
    0xFFFF, 0xFFFF, 0xFFFF, 0xFFFF, 0xFFFF, 0xFFFF, 0xFFFF, 0xFFFF, 0xFFFF, 0xFFFF, 0xFFFF, 0xFFFF, 0xFFFF, 0xFFFF, 0xFFFF, 0xFFFF,
    0xFFFF, 0xFFFF, 0xFFFF, 0xFFFF, 0xFFFF, 0xFFFF, 0xFFFF, 0xFFFF, 0xFFFF, 0xFFFF, 0xFFFF, 0xFFFF, 0xFFFF, 0xFFFF, 0xFFFF, 0xFFFF,
    0xFFFF, 0xFFFF, 0xFFFF, 0xFFFF, 0xFFFF, 0xFFFF, 0xFFFF, 0xFFFF, 0xFFFF, 0xFFFF, 0xFFFF, 0xFFFF, 0xFFFF, 0xFFFF, 0xFFFF, 0xFFFF,
    0xFFFF, 0xFFFF, 0xFFFF, 0xFFFF, 0xFFFF, 0xFFFF, 0xFFFF, 0xFFFF, 0xFFFF, 0xFFFF, 0xFFFF, 0xFFFF, 0xFFFF, 0xFFFF, 0xFFFF, 0xFFFF,
    0xFFFF, 0xFFFF, 0xFFFF, 0xFFFF, 0xFFFF, 0xFFFF, 0xFFFF, 0xFFFF, 0xFFFF, 0xFFFF, 0xFFFF, 0xFFFF, 0xFFFF, 0xFFFF, 0xFFFF, 0xFFFF,
    0xFFFF, 0xFFFF, 0xFFFF, 0xFFFF, 0xFFFF, 0xFFFF, 0xFFFF, 0xBDD7, 0x3186, 0x0000, 0x0000, 0x0000, 0x0000, 0x0000, 0x0000, 0x0000,
    0x0000, 0x0000, 0x0000, 0x0000, 0x0000, 0x0001, 0x0001, 0x0001, 0x0001, 0x0001, 0x0001, 0x0001, 0x0021, 0x0021, 0x0021, 0x0021,
    0x0021, 0x0021, 0x0041, 0x0042, 0x0042, 0x0042, 0x0062, 0x0062, 0x0063, 0x0083, 0x0083, 0x00A3, 0x00C3, 0x00C4, 0x00C4, 0x00E5,
    0x0105, 0x0125, 0x0126, 0x0146, 0x0166, 0x0166, 0x0167, 0x0166, 0x0146, 0x0146, 0x0167, 0x01A7, 0x01C9, 0x022A, 0x0A8B, 0x12CC,
    0x134E, 0x1BAF, 0x23F0, 0x2431, 0x2C72, 0x2C93, 0x2CB3, 0x2CD4, 0x2CB3, 0x2CB3, 0x2CB3, 0x2C72, 0x2452, 0x23F0, 0x1BAF, 0x134E,
    0x12ED, 0x0A8B, 0x0A2A, 0x01E9, 0x01A8, 0x0187, 0x0167, 0x0166, 0x0167, 0x0167, 0x0167, 0x0166, 0x0146, 0x0126, 0x0105, 0x0105,
    0x00E4, 0x00C4, 0x00C4, 0x00A3, 0x00A3, 0x0083, 0x0083, 0x0062, 0x0062, 0x0062, 0x0062, 0x0042, 0x0041, 0x0042, 0x0021, 0x0021,
    0x0021, 0x0021, 0x0021, 0x0021, 0x0021, 0x0001, 0x0001, 0x0000, 0x0000, 0x0001, 0x0001, 0x0000, 0x0000, 0x0000, 0x0000, 0x0000,
    0x0000, 0x0000, 0x0000, 0x0000, 0x0000, 0x0000, 0x0000, 0x2965, 0xBDD7, 0xFFFF, 0xFFFF, 0xFFFF, 0xFFFF, 0xFFFF, 0xFFFF, 0xFFFF,
    0xFFFF, 0xFFFF, 0xFFFF, 0xFFFF, 0xFFFF, 0xFFFF, 0xFFFF, 0xFFFF, 0xFFFF, 0xFFFF, 0xFFFF, 0xFFFF, 0xFFFF, 0xFFFF, 0xFFFF, 0xFFFF,
    0xFFFF, 0xFFFF, 0xFFFF, 0xFFFF, 0xFFFF, 0xFFFF, 0xFFFF, 0xFFFF, 0xFFFF, 0xFFFF, 0xFFFF, 0xFFFF, 0xFFFF, 0xFFFF, 0xFFFF, 0xFFFF,
    0xFFFF, 0xFFFF, 0xFFFF, 0xFFFF, 0xFFFF, 0xFFFF, 0xFFFF, 0xFFFF, 0xFFFF, 0xFFFF, 0xFFFF, 0xFFFF, 0xFFFF, 0xFFFF, 0xFFFF, 0xFFFF,
    0xFFFF, 0xFFFF, 0xFFFF, 0xFFFF, 0xFFFF, 0xFFFF, 0xFFFF, 0xFFFF, 0xFFFF, 0xFFFF, 0xFFFF, 0xFFFF, 0xFFFF, 0xFFFF, 0xFFFF, 0xFFFF,
    0xFFFF, 0xFFFF, 0xFFFF, 0xFFFF, 0xFFFF, 0xFFFF, 0xFFFF, 0xFFFF, 0xFFFF, 0xFFFF, 0xFFFF, 0xFFFF, 0xFFFF, 0xFFFF, 0xFFFF, 0xFFFF,
    0xFFFF, 0xFFFF, 0xFFFF, 0xFFFF, 0xFFFF, 0xFFFF, 0xFFFF, 0xFFFF, 0xFFFF, 0xFFFF, 0xFFFF, 0xFFFF, 0xFFFF, 0xFFFF, 0xFFFF, 0xFFFF,
    0xFFFF, 0xFFFF, 0xFFFF, 0xFFFF, 0xFFFF, 0xF79E, 0x6B6D, 0x0000, 0x0000, 0x0020, 0x0000, 0x0000, 0x0000, 0x0000, 0x0000, 0x0000,
    0x0000, 0x0000, 0x0001, 0x0000, 0x0000, 0x0001, 0x0001, 0x0001, 0x0001, 0x0021, 0x0021, 0x0021, 0x0021, 0x0021, 0x0021, 0x0041,
    0x0042, 0x0042, 0x0042, 0x0062, 0x0062, 0x0083, 0x0083, 0x00A3, 0x00A3, 0x00C4, 0x00C4, 0x00E4, 0x0105, 0x0105, 0x0146, 0x0146,
    0x0166, 0x0167, 0x0166, 0x0167, 0x0187, 0x01E9, 0x0A6B, 0x130D, 0x1BD0, 0x2C93, 0x3555, 0x3DF8, 0x469A, 0x4F1C, 0x579E, 0x57DF,
    0x5FFF, 0x5FFF, 0x5FFF, 0x5FFF, 0x5FFF, 0x5FFF, 0x5FFF, 0x5FFF, 0x5FFF, 0x5FFF, 0x5FFF, 0x5FFF, 0x5FFF, 0x5FFF, 0x5FFF, 0x57FF,
    0x57DF, 0x579E, 0x4F3C, 0x46BA, 0x3E18, 0x3556, 0x2C93, 0x1BD0, 0x130D, 0x0A6B, 0x01C9, 0x0187, 0x0167, 0x0146, 0x0167, 0x0167,
    0x0146, 0x0126, 0x0105, 0x0105, 0x00E4, 0x00C4, 0x00A3, 0x00A3, 0x0083, 0x0083, 0x0082, 0x0062, 0x0062, 0x0062, 0x0042, 0x0042,
    0x0021, 0x0021, 0x0021, 0x0021, 0x0021, 0x0021, 0x0001, 0x0001, 0x0000, 0x0001, 0x0000, 0x0000, 0x0001, 0x0001, 0x0000, 0x0000,
    0x0000, 0x0000, 0x0000, 0x0000, 0x0000, 0x0000, 0x0020, 0x0000, 0x0000, 0x6B4D, 0xEF7D, 0xFFFF, 0xFFFF, 0xFFFF, 0xFFFF, 0xFFFF,
    0xFFFF, 0xFFFF, 0xFFFF, 0xFFFF, 0xFFFF, 0xFFFF, 0xFFFF, 0xFFFF, 0xFFFF, 0xFFFF, 0xFFFF, 0xFFFF, 0xFFFF, 0xFFFF, 0xFFFF, 0xFFFF,
    0xFFFF, 0xFFFF, 0xFFFF, 0xFFFF, 0xFFFF, 0xFFFF, 0xFFFF, 0xFFFF, 0xFFFF, 0xFFFF, 0xFFFF, 0xFFFF, 0xFFFF, 0xFFFF, 0xFFFF, 0xFFFF,
    0xFFFF, 0xFFFF, 0xFFFF, 0xFFFF, 0xFFFF, 0xFFFF, 0xFFFF, 0xFFFF, 0xFFFF, 0xFFFF, 0xFFFF, 0xFFFF, 0xFFFF, 0xFFFF, 0xFFFF, 0xFFFF,
    0xFFFF, 0xFFFF, 0xFFFF, 0xFFFF, 0xFFFF, 0xFFFF, 0xFFFF, 0xFFFF, 0xFFFF, 0xFFFF, 0xFFFF, 0xFFFF, 0xFFFF, 0xFFFF, 0xFFFF, 0xFFFF,
    0xFFFF, 0xFFFF, 0xFFFF, 0xFFFF, 0xFFFF, 0xFFFF, 0xFFFF, 0xFFFF, 0xFFFF, 0xFFFF, 0xFFFF, 0xFFFF, 0xFFFF, 0xFFFF, 0xFFFF, 0xFFFF,
    0xFFFF, 0xFFFF, 0xFFFF, 0xFFFF, 0xFFFF, 0xFFFF, 0xFFFF, 0xFFFF, 0xFFFF, 0xFFFF, 0xFFFF, 0xFFFF, 0xFFFF, 0xFFFF, 0xFFFF, 0xFFFF,
    0xFFFF, 0xFFFF, 0xFFFF, 0xFFFF, 0xB5B6, 0x2124, 0x0000, 0x0000, 0x0000, 0x0000, 0x0000, 0x0000, 0x0000, 0x0000, 0x0000, 0x0000,
    0x0001, 0x0001, 0x0000, 0x0001, 0x0001, 0x0001, 0x0001, 0x0021, 0x0021, 0x0021, 0x0021, 0x0021, 0x0021, 0x0021, 0x0041, 0x0042,
    0x0062, 0x0062, 0x0082, 0x0083, 0x0083, 0x00A3, 0x00C4, 0x00C4, 0x00E4, 0x0105, 0x0125, 0x0146, 0x0166, 0x0146, 0x0146, 0x0166,
    0x01A8, 0x0A6B, 0x134E, 0x2472, 0x3576, 0x467A, 0x4F3D, 0x5FDF, 0x5FFF, 0x67FF, 0x5FFF, 0x5FFF, 0x5FFF, 0x5FFF, 0x579E, 0x4F3D,
    0x4EFB, 0x46BA, 0x4659, 0x3E18, 0x3DD7, 0x3DB7, 0x3596, 0x3596, 0x3596, 0x3596, 0x35B7, 0x3DD7, 0x3E18, 0x4659, 0x46BA, 0x46FC,
    0x4F3D, 0x4F9E, 0x57DF, 0x5FFF, 0x5FFF, 0x5FFF, 0x5FFF, 0x57FF, 0x57DF, 0x4F3D, 0x3E5A, 0x3576, 0x2452, 0x134E, 0x0A4A, 0x01A8,
    0x0167, 0x0146, 0x0167, 0x0166, 0x0146, 0x0125, 0x0105, 0x00E4, 0x00C4, 0x00C4, 0x00A3, 0x0083, 0x0083, 0x0082, 0x0062, 0x0062,
    0x0042, 0x0042, 0x0021, 0x0021, 0x0021, 0x0021, 0x0021, 0x0021, 0x0001, 0x0001, 0x0001, 0x0001, 0x0000, 0x0001, 0x0001, 0x0000,
    0x0000, 0x0000, 0x0000, 0x0000, 0x0000, 0x0000, 0x0000, 0x0000, 0x0000, 0x0000, 0x2104, 0xB596, 0xFFFF, 0xFFFF, 0xFFFF, 0xFFFF,
    0xFFFF, 0xFFFF, 0xFFFF, 0xFFFF, 0xFFFF, 0xFFFF, 0xFFFF, 0xFFFF, 0xFFFF, 0xFFFF, 0xFFFF, 0xFFFF, 0xFFFF, 0xFFFF, 0xFFFF, 0xFFFF,
    0xFFFF, 0xFFFF, 0xFFFF, 0xFFFF, 0xFFFF, 0xFFFF, 0xFFFF, 0xFFFF, 0xFFFF, 0xFFFF, 0xFFFF, 0xFFFF, 0xFFFF, 0xFFFF, 0xFFFF, 0xFFFF,
    0xFFFF, 0xFFFF, 0xFFFF, 0xFFFF, 0xFFFF, 0xFFFF, 0xFFFF, 0xFFFF, 0xFFFF, 0xFFFF, 0xFFFF, 0xFFFF, 0xFFFF, 0xFFFF, 0xFFFF, 0xFFFF,
    0xFFFF, 0xFFFF, 0xFFFF, 0xFFFF, 0xFFFF, 0xFFFF, 0xFFFF, 0xFFFF, 0xFFFF, 0xFFFF, 0xFFFF, 0xFFFF, 0xFFFF, 0xFFFF, 0xFFFF, 0xFFFF,
    0xFFFF, 0xFFFF, 0xFFFF, 0xFFFF, 0xFFFF, 0xFFFF, 0xFFFF, 0xFFFF, 0xFFFF, 0xFFFF, 0xFFFF, 0xFFFF, 0xFFFF, 0xFFFF, 0xFFFF, 0xFFFF,
    0xFFFF, 0xFFFF, 0xFFFF, 0xFFFF, 0xFFFF, 0xFFFF, 0xFFFF, 0xFFFF, 0xFFFF, 0xFFFF, 0xFFFF, 0xFFFF, 0xFFFF, 0xFFFF, 0xFFFF, 0xFFFF,
    0xFFDF, 0xFFFF, 0xF7BE, 0x738E, 0x0000, 0x0000, 0x0020, 0x0000, 0x0000, 0x0000, 0x0000, 0x0000, 0x0000, 0x0000, 0x0001, 0x0001,
    0x0001, 0x0000, 0x0000, 0x0001, 0x0001, 0x0020, 0x0021, 0x0021, 0x0021, 0x0021, 0x0021, 0x0021, 0x0042, 0x0042, 0x0062, 0x0062,
    0x0082, 0x0083, 0x00A3, 0x00A4, 0x00C4, 0x00E5, 0x0105, 0x0125, 0x0146, 0x0166, 0x0146, 0x0146, 0x0187, 0x0A4A, 0x1B8F, 0x2CD4,
    0x4639, 0x4F5D, 0x57FF, 0x5FFF, 0x67FF, 0x5FFF, 0x5FDF, 0x573C, 0x4679, 0x3DB6, 0x2CD4, 0x2431, 0x1B8F, 0x130D, 0x0AAB, 0x0A6A,
    0x022A, 0x0209, 0x01E8, 0x01C8, 0x01A8, 0x01A8, 0x01A8, 0x01A8, 0x01A8, 0x01A8, 0x01A8, 0x01A8, 0x01C8, 0x01E9, 0x0209, 0x024A,
    0x0A8B, 0x0ACC, 0x132D, 0x1B8F, 0x2431, 0x2CD4, 0x3596, 0x3E59, 0x471C, 0x57BE, 0x57FF, 0x57FF, 0x57FF, 0x57FF, 0x4F3C, 0x3E39,
    0x2CD4, 0x1B6E, 0x024A, 0x0187, 0x0146, 0x0146, 0x0167, 0x0146, 0x0125, 0x0105, 0x00E4, 0x00C4, 0x00C4, 0x00A3, 0x0083, 0x0082,
    0x0062, 0x0062, 0x0042, 0x0042, 0x0041, 0x0041, 0x0021, 0x0021, 0x0021, 0x0021, 0x0001, 0x0001, 0x0001, 0x0000, 0x0000, 0x0001,
    0x0001, 0x0000, 0x0000, 0x0000, 0x0000, 0x0000, 0x0000, 0x0000, 0x0000, 0x0020, 0x0000, 0x0000, 0x6B4D, 0xF79E, 0xFFFF, 0xFFDF,
    0xFFFF, 0xFFFF, 0xFFFF, 0xFFFF, 0xFFFF, 0xFFFF, 0xFFFF, 0xFFFF, 0xFFFF, 0xFFFF, 0xFFFF, 0xFFFF, 0xFFFF, 0xFFFF, 0xFFFF, 0xFFFF,
    0xFFFF, 0xFFFF, 0xFFFF, 0xFFFF, 0xFFFF, 0xFFFF, 0xFFFF, 0xFFFF, 0xFFFF, 0xFFFF, 0xFFFF, 0xFFFF, 0xFFFF, 0xFFFF, 0xFFFF, 0xFFFF,
    0xFFFF, 0xFFFF, 0xFFFF, 0xFFFF, 0xFFFF, 0xFFFF, 0xFFFF, 0xFFFF, 0xFFFF, 0xFFFF, 0xFFFF, 0xFFFF, 0xFFFF, 0xFFFF, 0xFFFF, 0xFFFF,
    0xFFFF, 0xFFFF, 0xFFFF, 0xFFFF, 0xFFFF, 0xFFFF, 0xFFFF, 0xFFFF, 0xFFFF, 0xFFFF, 0xFFFF, 0xFFFF, 0xFFFF, 0xFFFF, 0xFFFF, 0xFFFF,
    0xFFFF, 0xFFFF, 0xFFFF, 0xFFFF, 0xFFFF, 0xFFFF, 0xFFFF, 0xFFFF, 0xFFFF, 0xFFFF, 0xFFFF, 0xFFFF, 0xFFFF, 0xFFFF, 0xFFFF, 0xFFFF,
    0xFFFF, 0xFFFF, 0xFFFF, 0xFFFF, 0xFFFF, 0xFFFF, 0xFFFF, 0xFFFF, 0xFFFF, 0xFFFF, 0xFFFF, 0xFFFF, 0xFFFF, 0xFFFF, 0xFFFF, 0xFFFF,
    0xFFFF, 0xD69A, 0x31A6, 0x0000, 0x0000, 0x0000, 0x0000, 0x0000, 0x0000, 0x0000, 0x0000, 0x0000, 0x0000, 0x0001, 0x0001, 0x0001,
    0x0001, 0x0001, 0x0001, 0x0001, 0x0001, 0x0021, 0x0021, 0x0021, 0x0021, 0x0041, 0x0041, 0x0042, 0x0062, 0x0062, 0x0083, 0x0083,
    0x00A3, 0x00C4, 0x00E4, 0x0105, 0x0125, 0x0146, 0x0166, 0x0146, 0x0146, 0x01C8, 0x0AAC, 0x2431, 0x3DF8, 0x4F3D, 0x57FF, 0x5FFF,
    0x5FFF, 0x57DF, 0x4F1C, 0x3E18, 0x2CF4, 0x1BF0, 0x132D, 0x0A8B, 0x0229, 0x01E9, 0x01C8, 0x09C8, 0x09A8, 0x09A8, 0x09A8, 0x09A7,
    0x09A7, 0x09A7, 0x09A7, 0x09A7, 0x09A7, 0x09A7, 0x09A7, 0x09A7, 0x09A7, 0x09A7, 0x09A8, 0x01A8, 0x01A8, 0x01A8, 0x01A8, 0x01C8,
    0x01A8, 0x01A8, 0x01C8, 0x01C8, 0x01C8, 0x01C8, 0x01E9, 0x0229, 0x028B, 0x132D, 0x1BF0, 0x2CF4, 0x3E18, 0x46FC, 0x4FBE, 0x57FF,
    0x57FF, 0x57FF, 0x4F3C, 0x3DD7, 0x2411, 0x0AAB, 0x01A8, 0x0146, 0x0146, 0x0146, 0x0146, 0x0125, 0x0105, 0x00C4, 0x00C4, 0x00A3,
    0x0083, 0x0082, 0x0062, 0x0062, 0x0042, 0x0042, 0x0041, 0x0041, 0x0021, 0x0021, 0x0021, 0x0001, 0x0001, 0x0001, 0x0000, 0x0001,
    0x0001, 0x0001, 0x0000, 0x0000, 0x0000, 0x0000, 0x0000, 0x0000, 0x0000, 0x0000, 0x0000, 0x0000, 0x0000, 0x2965, 0xCE59, 0xFFFF,
    0xFFFF, 0xFFFF, 0xFFFF, 0xFFFF, 0xFFFF, 0xFFFF, 0xFFFF, 0xFFFF, 0xFFFF, 0xFFFF, 0xFFFF, 0xFFFF, 0xFFFF, 0xFFFF, 0xFFFF, 0xFFFF,
    0xFFFF, 0xFFFF, 0xFFFF, 0xFFFF, 0xFFFF, 0xFFFF, 0xFFFF, 0xFFFF, 0xFFFF, 0xFFFF, 0xFFFF, 0xFFFF, 0xFFFF, 0xFFFF, 0xFFFF, 0xFFFF,
    0xFFFF, 0xFFFF, 0xFFFF, 0xFFFF, 0xFFFF, 0xFFFF, 0xFFFF, 0xFFFF, 0xFFFF, 0xFFFF, 0xFFFF, 0xFFFF, 0xFFFF, 0xFFFF, 0xFFFF, 0xFFFF,
    0xFFFF, 0xFFFF, 0xFFFF, 0xFFFF, 0xFFFF, 0xFFFF, 0xFFFF, 0xFFFF, 0xFFFF, 0xFFFF, 0xFFFF, 0xFFFF, 0xFFFF, 0xFFFF, 0xFFFF, 0xFFFF,
    0xFFFF, 0xFFFF, 0xFFFF, 0xFFFF, 0xFFFF, 0xFFFF, 0xFFFF, 0xFFFF, 0xFFFF, 0xFFFF, 0xFFFF, 0xFFFF, 0xFFFF, 0xFFFF, 0xFFFF, 0xFFFF,
    0xFFFF, 0xFFFF, 0xFFFF, 0xFFFF, 0xFFFF, 0xFFFF, 0xFFFF, 0xFFFF, 0xFFFF, 0xFFFF, 0xFFFF, 0xFFFF, 0xFFFF, 0xFFFF, 0xFFFF, 0xFFFF,
    0x9492, 0x0861, 0x0000, 0x0020, 0x0000, 0x0000, 0x0000, 0x0000, 0x0000, 0x0000, 0x0000, 0x0000, 0x0020, 0x0000, 0x0000, 0x0001,
    0x0001, 0x0001, 0x0001, 0x0021, 0x0021, 0x0021, 0x0041, 0x0041, 0x0042, 0x0042, 0x0042, 0x0062, 0x0083, 0x0083, 0x00A3, 0x00C4,
    0x00E4, 0x0105, 0x0146, 0x0166, 0x0146, 0x0146, 0x01A8, 0x12CC, 0x2C93, 0x4659, 0x579E, 0x5FFF, 0x5FFF, 0x57DF, 0x46DB, 0x3596,
    0x2431, 0x132D, 0x026A, 0x01E9, 0x01C8, 0x01C9, 0x09E9, 0x09E9, 0x09E9, 0x09C8, 0x09A7, 0x0966, 0x1145, 0x1945, 0x1965, 0x1186,
    0x0966, 0x0966, 0x0966, 0x0946, 0x0946, 0x0946, 0x0946, 0x0946, 0x0946, 0x0946, 0x0946, 0x0946, 0x0966, 0x0966, 0x0187, 0x01A7,
    0x0A09, 0x01C8, 0x0187, 0x0187, 0x0187, 0x0187, 0x01A8, 0x01C8, 0x01C8, 0x01E9, 0x01C8, 0x01C8, 0x01E9, 0x026A, 0x132D, 0x2452,
    0x35B7, 0x46FB, 0x57FF, 0x5FFF, 0x5FFF, 0x579E, 0x4639, 0x2472, 0x12AC, 0x01A8, 0x0146, 0x0147, 0x0147, 0x0126, 0x0105, 0x00E5,
    0x00C4, 0x00A3, 0x0083, 0x0082, 0x0062, 0x0042, 0x0041, 0x0041, 0x0041, 0x0021, 0x0021, 0x0021, 0x0021, 0x0001, 0x0001, 0x0001,
    0x0001, 0x0000, 0x0001, 0x0000, 0x0000, 0x0000, 0x0000, 0x0000, 0x0000, 0x0000, 0x0000, 0x0000, 0x0020, 0x0000, 0x0841, 0x94B2,
    0xFFFF, 0xFFFF, 0xFFFF, 0xFFFF, 0xFFFF, 0xFFFF, 0xFFFF, 0xFFFF, 0xFFFF, 0xFFFF, 0xFFFF, 0xFFFF, 0xFFFF, 0xFFFF, 0xFFFF, 0xFFFF,
    0xFFFF, 0xFFFF, 0xFFFF, 0xFFFF, 0xFFFF, 0xFFFF, 0xFFFF, 0xFFFF, 0xFFFF, 0xFFFF, 0xFFFF, 0xFFFF, 0xFFFF, 0xFFFF, 0xFFFF, 0xFFFF,
    0xFFFF, 0xFFFF, 0xFFFF, 0xFFFF, 0xFFFF, 0xFFFF, 0xFFFF, 0xFFFF, 0xFFFF, 0xFFFF, 0xFFFF, 0xFFFF, 0xFFFF, 0xFFFF, 0xFFFF, 0xFFFF,
    0xFFFF, 0xFFFF, 0xFFFF, 0xFFFF, 0xFFFF, 0xFFFF, 0xFFFF, 0xFFFF, 0xFFFF, 0xFFFF, 0xFFFF, 0xFFFF, 0xFFFF, 0xFFFF, 0xFFFF, 0xFFFF,
    0xFFFF, 0xFFFF, 0xFFFF, 0xFFFF, 0xFFFF, 0xFFFF, 0xFFFF, 0xFFFF, 0xFFFF, 0xFFFF, 0xFFFF, 0xFFFF, 0xFFFF, 0xFFFF, 0xFFFF, 0xFFFF,
    0xFFFF, 0xFFFF, 0xFFFF, 0xFFFF, 0xFFFF, 0xFFFF, 0xFFFF, 0xFFFF, 0xFFFF, 0xFFFF, 0xFFFF, 0xFFFF, 0xFFDF, 0xFFFF, 0xF79E, 0x5ACB,
    0x0000, 0x0000, 0x0000, 0x0000, 0x0000, 0x0000, 0x0000, 0x0000, 0x0000, 0x0000, 0x0001, 0x0000, 0x0001, 0x0001, 0x0001, 0x0021,
    0x0021, 0x0021, 0x0021, 0x0021, 0x0021, 0x0041, 0x0041, 0x0042, 0x0042, 0x0062, 0x0062, 0x0083, 0x00A3, 0x00C4, 0x00E5, 0x0125,
    0x0146, 0x0166, 0x0146, 0x0187, 0x0A8B, 0x2C52, 0x4639, 0x57BE, 0x67FF, 0x67FF, 0x579E, 0x4639, 0x2CB3, 0x132D, 0x024A, 0x01C8,
    0x01A8, 0x01A8, 0x01A8, 0x01A8, 0x0187, 0x0187, 0x0987, 0x19A6, 0x39E6, 0x5A26, 0x72A7, 0x9327, 0xAB87, 0xC3E8, 0x9B27, 0x1924,
    0x1145, 0x1125, 0x1125, 0x1125, 0x1125, 0x1125, 0x1125, 0x1125, 0x1125, 0x1125, 0x1125, 0x1125, 0x0925, 0x0946, 0x0105, 0x1A8B,
    0x465A, 0x3E19, 0x3D97, 0x2CF4, 0x2432, 0x1B8F, 0x0ACC, 0x022A, 0x01C8, 0x0187, 0x0167, 0x0187, 0x01A8, 0x01A8, 0x01C8, 0x01C8,
    0x01E9, 0x026A, 0x134E, 0x2CD3, 0x4659, 0x579E, 0x5FFF, 0x5FFF, 0x4F9E, 0x3E39, 0x2452, 0x0A8B, 0x0187, 0x0146, 0x0146, 0x0146,
    0x0105, 0x00E5, 0x00C4, 0x00A3, 0x0083, 0x0062, 0x0062, 0x0041, 0x0041, 0x0041, 0x0041, 0x0021, 0x0021, 0x0021, 0x0021, 0x0001,
    0x0001, 0x0001, 0x0001, 0x0000, 0x0001, 0x0001, 0x0000, 0x0000, 0x0000, 0x0000, 0x0000, 0x0000, 0x0000, 0x0000, 0x0000, 0x0000,
    0x5AEB, 0xF79E, 0xFFFF, 0xFFDF, 0xFFFF, 0xFFFF, 0xFFFF, 0xFFFF, 0xFFFF, 0xFFFF, 0xFFFF, 0xFFFF, 0xFFFF, 0xFFFF, 0xFFFF, 0xFFFF,
    0xFFFF, 0xFFFF, 0xFFFF, 0xFFFF, 0xFFFF, 0xFFFF, 0xFFFF, 0xFFFF, 0xFFFF, 0xFFFF, 0xFFFF, 0xFFFF, 0xFFFF, 0xFFFF, 0xFFFF, 0xFFFF,
    0xFFFF, 0xFFFF, 0xFFFF, 0xFFFF, 0xFFFF, 0xFFFF, 0xFFFF, 0xFFFF, 0xFFFF, 0xFFFF, 0xFFFF, 0xFFFF, 0xFFFF, 0xFFFF, 0xFFFF, 0xFFFF,
    0xFFFF, 0xFFFF, 0xFFFF, 0xFFFF, 0xFFFF, 0xFFFF, 0xFFFF, 0xFFFF, 0xFFFF, 0xFFFF, 0xFFFF, 0xFFFF, 0xFFFF, 0xFFFF, 0xFFFF, 0xFFFF,
    0xFFFF, 0xFFFF, 0xFFFF, 0xFFFF, 0xFFFF, 0xFFFF, 0xFFFF, 0xFFFF, 0xFFFF, 0xFFFF, 0xFFFF, 0xFFFF, 0xFFFF, 0xFFFF, 0xFFFF, 0xFFFF,
    0xFFFF, 0xFFFF, 0xFFFF, 0xFFFF, 0xFFFF, 0xFFFF, 0xFFFF, 0xFFFF, 0xFFFF, 0xFFFF, 0xFFFF, 0xFFDF, 0xFFFF, 0xD6BA, 0x3186, 0x0000,
    0x0020, 0x0000, 0x0000, 0x0000, 0x0000, 0x0000, 0x0000, 0x0000, 0x0000, 0x0000, 0x0000, 0x0001, 0x0001, 0x0001, 0x0001, 0x0021,
    0x0021, 0x0021, 0x0021, 0x0021, 0x0041, 0x0041, 0x0042, 0x0042, 0x0062, 0x0083, 0x0083, 0x00C4, 0x00E4, 0x0125, 0x0146, 0x0166,
    0x0146, 0x01E8, 0x1B8F, 0x3DB7, 0x577D, 0x67FF, 0x67FF, 0x579E, 0x4618, 0x2451, 0x0ACC, 0x01E9, 0x01A8, 0x01A8, 0x01C8, 0x01A8,
    0x0167, 0x0167, 0x01A8, 0x0A2A, 0x1AED, 0x2BD0, 0x5471, 0xC48C, 0xE4AA, 0xECCA, 0xE48A, 0xD449, 0xBB87, 0xDC07, 0xD428, 0x2923,
    0x1945, 0x1925, 0x1925, 0x1925, 0x1925, 0x1924, 0x1925, 0x1924, 0x1924, 0x1925, 0x1925, 0x1125, 0x1145, 0x1146, 0x0904, 0x1B0D,
    0x46BC, 0x2493, 0x2CD4, 0x3576, 0x3DD8, 0x4639, 0x465A, 0x4639, 0x3DB8, 0x2CF5, 0x2411, 0x132E, 0x0A4A, 0x01C8, 0x0187, 0x0188,
    0x01A8, 0x01C8, 0x01C8, 0x01C8, 0x0209, 0x0AEC, 0x2451, 0x3DF8, 0x4F7D, 0x57FF, 0x57FF, 0x4F7D, 0x3DB7, 0x1B8F, 0x01E8, 0x0146,
    0x0147, 0x0146, 0x0125, 0x00E5, 0x00A4, 0x00A3, 0x0082, 0x0062, 0x0042, 0x0042, 0x0041, 0x0021, 0x0021, 0x0021, 0x0021, 0x0001,
    0x0001, 0x0001, 0x0001, 0x0001, 0x0001, 0x0001, 0x0001, 0x0001, 0x0000, 0x0000, 0x0000, 0x0000, 0x0000, 0x0000, 0x0000, 0x0020,
    0x0000, 0x2965, 0xD69A, 0xFFFF, 0xFFDF, 0xFFFF, 0xFFFF, 0xFFFF, 0xFFFF, 0xFFFF, 0xFFFF, 0xFFFF, 0xFFFF, 0xFFFF, 0xFFFF, 0xFFFF,
    0xFFFF, 0xFFFF, 0xFFFF, 0xFFFF, 0xFFFF, 0xFFFF, 0xFFFF, 0xFFFF, 0xFFFF, 0xFFFF, 0xFFFF, 0xFFFF, 0xFFFF, 0xFFFF, 0xFFFF, 0xFFFF,
    0xFFFF, 0xFFFF, 0xFFFF, 0xFFFF, 0xFFFF, 0xFFFF, 0xFFFF, 0xFFFF, 0xFFFF, 0xFFFF, 0xFFFF, 0xFFFF, 0xFFFF, 0xFFFF, 0xFFFF, 0xFFFF,
    0xFFFF, 0xFFFF, 0xFFFF, 0xFFFF, 0xFFFF, 0xFFFF, 0xFFFF, 0xFFFF, 0xFFFF, 0xFFFF, 0xFFFF, 0xFFFF, 0xFFFF, 0xFFFF, 0xFFFF, 0xFFFF,
    0xFFFF, 0xFFFF, 0xFFFF, 0xFFFF, 0xFFFF, 0xFFFF, 0xFFFF, 0xFFFF, 0xFFFF, 0xFFFF, 0xFFFF, 0xFFFF, 0xFFFF, 0xFFFF, 0xFFFF, 0xFFFF,
    0xFFFF, 0xFFFF, 0xFFFF, 0xFFFF, 0xFFFF, 0xFFFF, 0xFFFF, 0xFFFF, 0xFFFF, 0xFFFF, 0xFFFF, 0xFFFF, 0xAD75, 0x1082, 0x0000, 0x0020,
    0x0000, 0x0000, 0x0000, 0x0000, 0x0000, 0x0000, 0x0000, 0x0001, 0x0001, 0x0000, 0x0001, 0x0001, 0x0001, 0x0001, 0x0021, 0x0021,
    0x0021, 0x0021, 0x0021, 0x0041, 0x0041, 0x0042, 0x0042, 0x0062, 0x0082, 0x00A3, 0x00C4, 0x0105, 0x0146, 0x0146, 0x0147, 0x0A2A,
    0x2C52, 0x4EBA, 0x5FFF, 0x5FFF, 0x5FDF, 0x4659, 0x2C72, 0x0ACC, 0x01C8, 0x01A8, 0x01C8, 0x09A8, 0x0187, 0x0167, 0x01A8, 0x0A4B,
    0x1B6F, 0x3473, 0x3D36, 0x4577, 0x4556, 0x3CD4, 0x43EF, 0x7B6A, 0x9CAF, 0x5A66, 0x3943, 0x3143, 0x20C2, 0x7A44, 0xE449, 0x3102,
    0x10E3, 0x18C3, 0x18C3, 0x18C2, 0x18C2, 0x18C2, 0x18C2, 0x18C2, 0x20E2, 0x20C2, 0x18C2, 0x18C3, 0x18E3, 0x10E4, 0x08A3, 0x1B4E,
    0x4E7A, 0x01A8, 0x0126, 0x0146, 0x0167, 0x01C8, 0x0A6A, 0x130D, 0x23D0, 0x2CB3, 0x3D76, 0x45F8, 0x4619, 0x3DB7, 0x34D4, 0x1B8F,
    0x0A8B, 0x01C8, 0x0167, 0x0188, 0x01C8, 0x01C8, 0x01C8, 0x01E9, 0x0ACC, 0x2472, 0x3E59, 0x4FDE, 0x5FFF, 0x57FF, 0x469A, 0x2C72,
    0x0A4A, 0x0146, 0x0146, 0x0146, 0x0105, 0x00C4, 0x0083, 0x0083, 0x0062, 0x0042, 0x0021, 0x0021, 0x0021, 0x0021, 0x0021, 0x0021,
    0x0021, 0x0001, 0x0001, 0x0001, 0x0001, 0x0001, 0x0001, 0x0000, 0x0021, 0x0000, 0x0000, 0x0000, 0x0000, 0x0000, 0x0000, 0x0000,
    0x0020, 0x0000, 0x1082, 0xAD55, 0xFFFF, 0xFFFF, 0xFFFF, 0xFFFF, 0xFFFF, 0xFFFF, 0xFFFF, 0xFFFF, 0xFFFF, 0xFFFF, 0xFFFF, 0xFFFF,
    0xFFFF, 0xFFFF, 0xFFFF, 0xFFFF, 0xFFFF, 0xFFFF, 0xFFFF, 0xFFFF, 0xFFFF, 0xFFFF, 0xFFFF, 0xFFFF, 0xFFFF, 0xFFFF, 0xFFFF, 0xFFFF,
    0xFFFF, 0xFFFF, 0xFFFF, 0xFFFF, 0xFFFF, 0xFFFF, 0xFFFF, 0xFFFF, 0xFFFF, 0xFFFF, 0xFFFF, 0xFFFF, 0xFFFF, 0xFFFF, 0xFFFF, 0xFFFF,
    0xFFFF, 0xFFFF, 0xFFFF, 0xFFFF, 0xFFFF, 0xFFFF, 0xFFFF, 0xFFFF, 0xFFFF, 0xFFFF, 0xFFFF, 0xFFFF, 0xFFFF, 0xFFFF, 0xFFFF, 0xFFFF,
    0xFFFF, 0xFFFF, 0xFFFF, 0xFFFF, 0xFFFF, 0xFFFF, 0xFFFF, 0xFFFF, 0xFFFF, 0xFFFF, 0xFFFF, 0xFFFF, 0xFFFF, 0xFFFF, 0xFFFF, 0xFFFF,
    0xFFFF, 0xFFFF, 0xFFFF, 0xFFFF, 0xFFFF, 0xFFFF, 0xFFFF, 0xFFFF, 0xFFFF, 0xFFFF, 0xFFFF, 0x8430, 0x0000, 0x0000, 0x0000, 0x0000,
    0x0000, 0x0000, 0x0000, 0x0000, 0x0000, 0x0000, 0x0001, 0x0001, 0x0001, 0x0001, 0x0000, 0x0001, 0x0001, 0x0021, 0x0021, 0x0021,
    0x0021, 0x0041, 0x0041, 0x0042, 0x0042, 0x0042, 0x0062, 0x0082, 0x0083, 0x00C4, 0x0105, 0x0105, 0x0126, 0x0A8B, 0x34F4, 0x4F1C,
    0x5FFF, 0x5FFF, 0x4F3C, 0x3535, 0x132D, 0x01E9, 0x01A8, 0x01C8, 0x09A8, 0x0167, 0x0167, 0x09E9, 0x12ED, 0x2C32, 0x3D36, 0x45B8,
    0x4597, 0x3493, 0x236E, 0x124A, 0x0987, 0x0925, 0x00E4, 0x0966, 0x4452, 0x1A4A, 0x1925, 0x2165, 0x1925, 0x6A04, 0xEC68, 0x8223,
    0x7A24, 0x8A85, 0x9AC5, 0xA306, 0xAB26, 0xB346, 0xB366, 0xB346, 0xB346, 0xBB66, 0xB346, 0xAB26, 0xA306, 0x9AE6, 0x8265, 0x54B1,
    0x4619, 0x01C8, 0x0167, 0x0167, 0x0146, 0x0125, 0x0105, 0x00E5, 0x00C4, 0x00E5, 0x0126, 0x09C8, 0x12CC, 0x23F0, 0x3D15, 0x4618,
    0x4E5A, 0x45D8, 0x2C93, 0x132E, 0x01E9, 0x0187, 0x0187, 0x01C8, 0x01C8, 0x01C8, 0x0209, 0x132D, 0x2D14, 0x4F1C, 0x5FFF, 0x5FFF,
    0x573D, 0x3514, 0x128B, 0x0126, 0x0105, 0x0105, 0x00C4, 0x0083, 0x0063, 0x0062, 0x0042, 0x0041, 0x0021, 0x0041, 0x0021, 0x0021,
    0x0021, 0x0021, 0x0021, 0x0001, 0x0021, 0x0001, 0x0001, 0x0000, 0x0001, 0x0001, 0x0000, 0x0000, 0x0000, 0x0000, 0x0000, 0x0000,
    0x0000, 0x0000, 0x0000, 0x0000, 0x8410, 0xFFFF, 0xFFFF, 0xFFFF, 0xFFFF, 0xFFFF, 0xFFFF, 0xFFFF, 0xFFFF, 0xFFFF, 0xFFFF, 0xFFFF,
    0xFFFF, 0xFFFF, 0xFFFF, 0xFFFF, 0xFFFF, 0xFFFF, 0xFFFF, 0xFFFF, 0xFFFF, 0xFFFF, 0xFFFF, 0xFFFF, 0xFFFF, 0xFFFF, 0xFFFF, 0xFFFF,
    0xFFFF, 0xFFFF, 0xFFFF, 0xFFFF, 0xFFFF, 0xFFFF, 0xFFFF, 0xFFFF, 0xFFFF, 0xFFFF, 0xFFFF, 0xFFFF, 0xFFFF, 0xFFFF, 0xFFFF, 0xFFFF,
    0xFFFF, 0xFFFF, 0xFFFF, 0xFFFF, 0xFFFF, 0xFFFF, 0xFFFF, 0xFFFF, 0xFFFF, 0xFFFF, 0xFFFF, 0xFFFF, 0xFFFF, 0xFFFF, 0xFFFF, 0xFFFF,
    0xFFFF, 0xFFFF, 0xFFFF, 0xFFFF, 0xFFFF, 0xFFFF, 0xFFFF, 0xFFFF, 0xFFFF, 0xFFFF, 0xFFFF, 0xFFFF, 0xFFFF, 0xFFFF, 0xFFFF, 0xFFFF,
    0xFFFF, 0xFFFF, 0xFFFF, 0xFFFF, 0xFFFF, 0xFFFF, 0xFFFF, 0xFFFF, 0xFFFF, 0xFFDF, 0x630C, 0x0000, 0x0000, 0x0000, 0x0000, 0x0000,
    0x0000, 0x0000, 0x0000, 0x0000, 0x0001, 0x0000, 0x0000, 0x0001, 0x0001, 0x0001, 0x0001, 0x0021, 0x0021, 0x0021, 0x0021, 0x0021,
    0x0041, 0x0041, 0x0041, 0x0042, 0x0042, 0x0042, 0x0062, 0x0083, 0x00C4, 0x00C4, 0x00E5, 0x126B, 0x3535, 0x577D, 0x5FFF, 0x5FFF,
    0x4E9A, 0x2451, 0x0A6A, 0x01A8, 0x0188, 0x01A8, 0x0167, 0x0146, 0x09C8, 0x1B0D, 0x3473, 0x4597, 0x4DB8, 0x3CF5, 0x2BCF, 0x1A8B,
    0x11A7, 0x0925, 0x08E4, 0x0904, 0x0905, 0x0925, 0x1125, 0x0925, 0x3C73, 0x230D, 0x10E4, 0x1925, 0x1104, 0x51A4, 0xEC89, 0xEC68,
    0xE448, 0xDC28, 0xD407, 0xCBC7, 0xC3A7, 0xC387, 0xBB46, 0xEC27, 0xE427, 0xBB46, 0xBB66, 0xBB87, 0xC3A7, 0xCBE7, 0xD408, 0x8593,
    0x3D55, 0x0166, 0x0167, 0x0146, 0x0146, 0x0125, 0x0125, 0x0125, 0x0905, 0x0905, 0x0905, 0x0905, 0x0905, 0x1105, 0x0925, 0x0987,
    0x1ACB, 0x2C11, 0x3D96, 0x4E5A, 0x4619, 0x2CF5, 0x1B4E, 0x0A09, 0x0167, 0x0187, 0x01C8, 0x01A8, 0x01C8, 0x028B, 0x2451, 0x4679,
    0x5FFF, 0x5FFF, 0x577E, 0x3535, 0x128B, 0x00E4, 0x00C4, 0x00C4, 0x0083, 0x0062, 0x0062, 0x0042, 0x0042, 0x0042, 0x0021, 0x0021,
    0x0041, 0x0021, 0x0021, 0x0021, 0x0021, 0x0021, 0x0001, 0x0001, 0x0001, 0x0001, 0x0001, 0x0001, 0x0000, 0x0000, 0x0000, 0x0000,
    0x0000, 0x0000, 0x0000, 0x0000, 0x0000, 0x5AEB, 0xFFDF, 0xFFFF, 0xFFFF, 0xFFFF, 0xFFFF, 0xFFFF, 0xFFFF, 0xFFFF, 0xFFFF, 0xFFFF,
    0xFFFF, 0xFFFF, 0xFFFF, 0xFFFF, 0xFFFF, 0xFFFF, 0xFFFF, 0xFFFF, 0xFFFF, 0xFFFF, 0xFFFF, 0xFFFF, 0xFFFF, 0xFFFF, 0xFFFF, 0xFFFF,
    0xFFFF, 0xFFFF, 0xFFFF, 0xFFFF, 0xFFFF, 0xFFFF, 0xFFFF, 0xFFFF, 0xFFFF, 0xFFFF, 0xFFFF, 0xFFFF, 0xFFFF, 0xFFFF, 0xFFFF, 0xFFFF,
    0xFFFF, 0xFFFF, 0xFFFF, 0xFFFF, 0xFFFF, 0xFFFF, 0xFFFF, 0xFFFF, 0xFFFF, 0xFFFF, 0xFFFF, 0xFFFF, 0xFFFF, 0xFFFF, 0xFFFF, 0xFFFF,
    0xFFFF, 0xFFFF, 0xFFFF, 0xFFFF, 0xFFFF, 0xFFFF, 0xFFFF, 0xFFFF, 0xFFFF, 0xFFFF, 0xFFFF, 0xFFFF, 0xFFFF, 0xFFFF, 0xFFFF, 0xFFFF,
    0xFFFF, 0xFFFF, 0xFFFF, 0xFFFF, 0xFFFF, 0xFFFF, 0xFFFF, 0xFFFF, 0xEF7D, 0x4A49, 0x0000, 0x0020, 0x0000, 0x0000, 0x0000, 0x0000,
    0x0000, 0x0000, 0x0000, 0x0001, 0x0000, 0x0021, 0x0001, 0x0001, 0x0001, 0x0021, 0x0021, 0x0021, 0x0021, 0x0021, 0x0021, 0x0021,
    0x0021, 0x0041, 0x0042, 0x0041, 0x0042, 0x0042, 0x0042, 0x0083, 0x0083, 0x11C7, 0x4D96, 0x5FBF, 0x5FFF, 0x57FF, 0x4618, 0x1B8F,
    0x0209, 0x01A8, 0x01C8, 0x01A8, 0x0146, 0x0187, 0x12AC, 0x2C32, 0x4597, 0x4D97, 0x3CB3, 0x234D, 0x1A08, 0x1145, 0x08E4, 0x10C3,
    0x10C3, 0x2103, 0x2944, 0x1125, 0x0905, 0x0905, 0x0905, 0x00E4, 0x3CF4, 0x2BF0, 0x08C3, 0x1125, 0x1105, 0x2924, 0x4984, 0x4142,
    0x3122, 0x3102, 0x28E2, 0x20E2, 0x20E2, 0x20E3, 0x1881, 0xB346, 0xAB26, 0x1861, 0x20E3, 0x18C2, 0x20E3, 0x2103, 0x2124, 0x11C7,
    0x0A09, 0x0146, 0x0146, 0x0166, 0x0126, 0x0105, 0x0105, 0x0105, 0x0105, 0x0905, 0x0905, 0x1125, 0x1145, 0x2124, 0x51C4, 0x59C4,
    0x20E3, 0x0904, 0x0945, 0x0A29, 0x23AF, 0x3D56, 0x467A, 0x465A, 0x2CF4, 0x130D, 0x01A8, 0x0167, 0x01A8, 0x01E9, 0x01C8, 0x0209,
    0x1B8E, 0x3DF7, 0x57DF, 0x57FF, 0x57BF, 0x4D76, 0x11A7, 0x0083, 0x0083, 0x0062, 0x0042, 0x0042, 0x0042, 0x0042, 0x0021, 0x0021,
    0x0021, 0x0021, 0x0041, 0x0021, 0x0021, 0x0021, 0x0021, 0x0021, 0x0001, 0x0001, 0x0001, 0x0001, 0x0001, 0x0000, 0x0000, 0x0000,
    0x0000, 0x0000, 0x0000, 0x0000, 0x0020, 0x0000, 0x4208, 0xEF5D, 0xFFFF, 0xFFFF, 0xFFFF, 0xFFFF, 0xFFFF, 0xFFFF, 0xFFFF, 0xFFFF,
    0xFFFF, 0xFFFF, 0xFFFF, 0xFFFF, 0xFFFF, 0xFFFF, 0xFFFF, 0xFFFF, 0xFFFF, 0xFFFF, 0xFFFF, 0xFFFF, 0xFFFF, 0xFFFF, 0xFFFF, 0xFFFF,
    0xFFFF, 0xFFFF, 0xFFFF, 0xFFFF, 0xFFFF, 0xFFFF, 0xFFFF, 0xFFFF, 0xFFFF, 0xFFFF, 0xFFFF, 0xFFFF, 0xFFFF, 0xFFFF, 0xFFFF, 0xFFFF,
    0xFFFF, 0xFFFF, 0xFFFF, 0xFFFF, 0xFFFF, 0xFFFF, 0xFFFF, 0xFFFF, 0xFFFF, 0xFFFF, 0xFFFF, 0xFFFF, 0xFFFF, 0xFFFF, 0xFFFF, 0xFFFF,
    0xFFFF, 0xFFFF, 0xFFFF, 0xFFFF, 0xFFFF, 0xFFFF, 0xFFFF, 0xFFFF, 0xFFFF, 0xFFFF, 0xFFFF, 0xFFFF, 0xFFFF, 0xFFFF, 0xFFFF, 0xFFFF,
    0xFFFF, 0xFFFF, 0xFFFF, 0xFFFF, 0xFFFF, 0xFFDF, 0xFFFF, 0xE71C, 0x3186, 0x0000, 0x0020, 0x0000, 0x0000, 0x0000, 0x0000, 0x0000,
    0x0000, 0x0000, 0x0001, 0x0001, 0x0001, 0x0001, 0x0001, 0x0001, 0x0021, 0x0021, 0x0021, 0x0021, 0x0041, 0x0022, 0x0022, 0x0042,
    0x0042, 0x0042, 0x0042, 0x0042, 0x0022, 0x0042, 0x0042, 0x0083, 0x0083, 0x0946, 0x3C51, 0x5F3C, 0x4618, 0x1B2D, 0x0187, 0x0167,
    0x01A8, 0x0167, 0x0146, 0x09E9, 0x238F, 0x4536, 0x4DB8, 0x3CD4, 0x232D, 0x11C8, 0x0925, 0x10E4, 0x10C3, 0x20E3, 0x4163, 0x6A24,
    0xA326, 0xDC49, 0xB3A9, 0x10E3, 0x0905, 0x0905, 0x0905, 0x00C4, 0x2BF0, 0x3472, 0x00E4, 0x1105, 0x0905, 0x1105, 0x10E4, 0x1104,
    0x1904, 0x1904, 0x1904, 0x1925, 0x1924, 0x2145, 0x18E3, 0xB387, 0xB367, 0x18C3, 0x1945, 0x1925, 0x1125, 0x1145, 0x0946, 0x0946,
    0x0166, 0x236F, 0x234E, 0x0146, 0x0146, 0x0126, 0x0125, 0x0105, 0x0105, 0x0105, 0x0905, 0x1125, 0x10E4, 0x6A25, 0xEC88, 0xF4A8,
    0x7A85, 0x1104, 0x1145, 0x0905, 0x00E4, 0x0125, 0x0A09, 0x1BAF, 0x3576, 0x467A, 0x3DF8, 0x2431, 0x0A4A, 0x0167, 0x0188, 0x01C8,
    0x0188, 0x01A8, 0x132D, 0x3DB7, 0x56DB, 0x3C11, 0x0925, 0x0063, 0x0063, 0x0062, 0x0042, 0x0042, 0x0042, 0x0042, 0x0042, 0x0042,
    0x0042, 0x0021, 0x0041, 0x0041, 0x0041, 0x0041, 0x0021, 0x0021, 0x0001, 0x0001, 0x0001, 0x0001, 0x0001, 0x0001, 0x0000, 0x0000,
    0x0000, 0x0000, 0x0000, 0x0000, 0x0000, 0x0020, 0x0000, 0x2965, 0xDEFB, 0xFFFF, 0xFFDF, 0xFFFF, 0xFFFF, 0xFFFF, 0xFFFF, 0xFFFF,
    0xFFFF, 0xFFFF, 0xFFFF, 0xFFFF, 0xFFFF, 0xFFFF, 0xFFFF, 0xFFFF, 0xFFFF, 0xFFFF, 0xFFFF, 0xFFFF, 0xFFFF, 0xFFFF, 0xFFFF, 0xFFFF,
    0xFFFF, 0xFFFF, 0xFFFF, 0xFFFF, 0xFFFF, 0xFFFF, 0xFFFF, 0xFFFF, 0xFFFF, 0xFFFF, 0xFFFF, 0xFFFF, 0xFFFF, 0xFFFF, 0xFFFF, 0xFFFF,
    0xFFFF, 0xFFFF, 0xFFFF, 0xFFFF, 0xFFFF, 0xFFFF, 0xFFFF, 0xFFFF, 0xFFFF, 0xFFFF, 0xFFFF, 0xFFFF, 0xFFFF, 0xFFFF, 0xFFFF, 0xFFFF,
    0xFFFF, 0xFFFF, 0xFFFF, 0xFFFF, 0xFFFF, 0xFFFF, 0xFFFF, 0xFFFF, 0xFFFF, 0xFFFF, 0xFFFF, 0xFFFF, 0xFFFF, 0xFFFF, 0xFFFF, 0xFFFF,
    0xFFFF, 0xFFFF, 0xFFFF, 0xFFFF, 0xFFDF, 0xFFFF, 0xD6BA, 0x2104, 0x0000, 0x0020, 0x0000, 0x0000, 0x0000, 0x0000, 0x0000, 0x0000,
    0x0001, 0x0001, 0x0001, 0x0001, 0x0001, 0x0001, 0x0021, 0x0021, 0x0021, 0x0041, 0x0041, 0x0041, 0x0021, 0x0042, 0x0042, 0x0042,
    0x0042, 0x0042, 0x0021, 0x0021, 0x1041, 0x1861, 0x1062, 0x0062, 0x0083, 0x0083, 0x0083, 0x0987, 0x0166, 0x0126, 0x0167, 0x0126,
    0x0126, 0x124B, 0x2C32, 0x4DB7, 0x4577, 0x2BF0, 0x1A29, 0x1125, 0x10C3, 0x10C3, 0x20E3, 0x4983, 0x8285, 0xC3C7, 0xEC89, 0xEC89,
    0xCBE7, 0x9AE6, 0x5A05, 0x1904, 0x0905, 0x0905, 0x0926, 0x00C4, 0x1B0D, 0x3CD4, 0x0125, 0x0904, 0x0905, 0x0905, 0x08E4, 0x08E4,
    0x1104, 0x0904, 0x1125, 0x1145, 0x1165, 0x1986, 0x1145, 0x6A86, 0x6A46, 0x10E4, 0x1125, 0x1125, 0x0926, 0x0946, 0x0946, 0x0966,
    0x0166, 0x3D97, 0x3D76, 0x00E5, 0x0126, 0x0126, 0x0126, 0x0946, 0x0946, 0x0926, 0x0925, 0x1146, 0x10E4, 0x9307, 0xFCA7, 0xFCA6,
    0xB387, 0x10E3, 0x1145, 0x0925, 0x0925, 0x0125, 0x0105, 0x00E4, 0x0125, 0x0A4A, 0x2C32, 0x4619, 0x467A, 0x3515, 0x12CC, 0x0167,
    0x0146, 0x01A8, 0x0146, 0x0125, 0x0126, 0x0063, 0x0083, 0x0062, 0x0041, 0x1061, 0x1881, 0x1061, 0x0021, 0x0021, 0x0042, 0x0042,
    0x0042, 0x0042, 0x0041, 0x0021, 0x0041, 0x0021, 0x0021, 0x0021, 0x0021, 0x0021, 0x0001, 0x0001, 0x0001, 0x0001, 0x0021, 0x0001,
    0x0000, 0x0000, 0x0000, 0x0000, 0x0000, 0x0000, 0x0020, 0x0000, 0x18E3, 0xCE79, 0xFFFF, 0xFFDF, 0xFFFF, 0xFFFF, 0xFFFF, 0xFFFF,
    0xFFFF, 0xFFFF, 0xFFFF, 0xFFFF, 0xFFFF, 0xFFFF, 0xFFFF, 0xFFFF, 0xFFFF, 0xFFFF, 0xFFFF, 0xFFFF, 0xFFFF, 0xFFFF, 0xFFFF, 0xFFFF,
    0xFFFF, 0xFFFF, 0xFFFF, 0xFFFF, 0xFFFF, 0xFFFF, 0xFFFF, 0xFFFF, 0xFFFF, 0xFFFF, 0xFFFF, 0xFFFF, 0xFFFF, 0xFFFF, 0xFFFF, 0xFFFF,
    0xFFFF, 0xFFFF, 0xFFFF, 0xFFFF, 0xFFFF, 0xFFFF, 0xFFFF, 0xFFFF, 0xFFFF, 0xFFFF, 0xFFFF, 0xFFFF, 0xFFFF, 0xFFFF, 0xFFFF, 0xFFFF,
    0xFFFF, 0xFFFF, 0xFFFF, 0xFFFF, 0xFFFF, 0xFFFF, 0xFFFF, 0xFFFF, 0xFFFF, 0xFFFF, 0xFFFF, 0xFFFF, 0xFFFF, 0xFFFF, 0xFFFF, 0xFFFF,
    0xFFFF, 0xFFFF, 0xFFFF, 0xFFDF, 0xFFFF, 0xCE59, 0x10A2, 0x0000, 0x0020, 0x0000, 0x0000, 0x0000, 0x0000, 0x0000, 0x0000, 0x0001,
    0x0001, 0x0001, 0x0001, 0x0001, 0x0020, 0x0021, 0x0021, 0x0021, 0x0021, 0x0041, 0x0041, 0x0041, 0x0042, 0x0042, 0x0042, 0x0042,
    0x0042, 0x0021, 0x2081, 0x5962, 0x79C2, 0x81E2, 0x79C2, 0x6182, 0x3922, 0x10A2, 0x00A4, 0x00C4, 0x00E5, 0x0125, 0x0105, 0x1AAC,
    0x3CD4, 0x45B8, 0x3CD4, 0x230D, 0x1186, 0x10E4, 0x10C3, 0x18C2, 0x4163, 0x8285, 0xC3C7, 0xEC89, 0xE448, 0xB366, 0x7244, 0x4143,
    0x20E3, 0x10C3, 0x08E4, 0x1105, 0x0905, 0x0905, 0x0105, 0x00A3, 0x0A09, 0x3CF4, 0x0987, 0x00E5, 0x0905, 0x0987, 0x1AAB, 0x1ACB,
    0x1AEC, 0x230D, 0x232D, 0x234E, 0x236E, 0x2B6E, 0x2B2D, 0x11A7, 0x0905, 0x1146, 0x0946, 0x0946, 0x0946, 0x0966, 0x0166, 0x0187,
    0x0187, 0x3597, 0x35F8, 0x12ED, 0x0A8B, 0x09E9, 0x0187, 0x0146, 0x0105, 0x0105, 0x0126, 0x0946, 0x1145, 0x49C4, 0xCBE8, 0xD408,
    0x61E4, 0x1104, 0x1125, 0x0905, 0x0105, 0x0105, 0x0105, 0x0105, 0x0105, 0x00E5, 0x00E4, 0x0187, 0x1B2D, 0x3556, 0x467A, 0x3576,
    0x232E, 0x0146, 0x0125, 0x00E4, 0x00A4, 0x0083, 0x1082, 0x3902, 0x6182, 0x79C2, 0x81C2, 0x79C2, 0x5962, 0x2081, 0x0021, 0x0042,
    0x0042, 0x0042, 0x0041, 0x0041, 0x0042, 0x0042, 0x0041, 0x0021, 0x0021, 0x0021, 0x0021, 0x0021, 0x0001, 0x0001, 0x0021, 0x0001,
    0x0001, 0x0000, 0x0000, 0x0000, 0x0000, 0x0000, 0x0000, 0x0020, 0x0000, 0x1082, 0xBDF7, 0xFFFF, 0xFFDF, 0xFFFF, 0xFFFF, 0xFFFF,
    0xFFFF, 0xFFFF, 0xFFFF, 0xFFFF, 0xFFFF, 0xFFFF, 0xFFFF, 0xFFFF, 0xFFFF, 0xFFFF, 0xFFFF, 0xFFFF, 0xFFFF, 0xFFFF, 0xFFFF, 0xFFFF,
    0xFFFF, 0xFFFF, 0xFFFF, 0xFFFF, 0xFFFF, 0xFFFF, 0xFFFF, 0xFFFF, 0xFFFF, 0xFFFF, 0xFFFF, 0xFFFF, 0xFFFF, 0xFFFF, 0xFFFF, 0xFFFF,
    0xFFFF, 0xFFFF, 0xFFFF, 0xFFFF, 0xFFFF, 0xFFFF, 0xFFFF, 0xFFFF, 0xFFFF, 0xFFFF, 0xFFFF, 0xFFFF, 0xFFFF, 0xFFFF, 0xFFFF, 0xFFFF,
    0xFFFF, 0xFFFF, 0xFFFF, 0xFFFF, 0xFFFF, 0xFFFF, 0xFFFF, 0xFFFF, 0xFFFF, 0xFFFF, 0xFFFF, 0xFFFF, 0xFFFF, 0xFFFF, 0xFFFF, 0xFFFF,
    0xFFFF, 0xFFFF, 0xFFDF, 0xFFFF, 0xBE18, 0x0882, 0x0000, 0x0000, 0x0000, 0x0000, 0x0000, 0x0000, 0x0000, 0x0000, 0x0000, 0x0001,
    0x0001, 0x0001, 0x0001, 0x0021, 0x0021, 0x0021, 0x0021, 0x0021, 0x0041, 0x0041, 0x0042, 0x0042, 0x0042, 0x0042, 0x0042, 0x0062,
    0x0021, 0x30C1, 0x81E2, 0x89E1, 0x81A0, 0x7960, 0x8180, 0x89C1, 0x8A02, 0x71C2, 0x4122, 0x0882, 0x00A4, 0x00E5, 0x00A4, 0x22EC,
    0x3C72, 0x1229, 0x08E4, 0x08C3, 0x10C3, 0x2903, 0x6204, 0xB387, 0xEC89, 0xE468, 0xAB26, 0x61E3, 0x3102, 0x18C3, 0x10E4, 0x1105,
    0x1125, 0x1105, 0x08E4, 0x00E4, 0x0125, 0x09A8, 0x126B, 0x1B2D, 0x2411, 0x3D36, 0x1229, 0x00E5, 0x0105, 0x09E8, 0x2B6E, 0x1B0D,
    0x1ACC, 0x128B, 0x126A, 0x124A, 0x124A, 0x0A4A, 0x0A4A, 0x09C8, 0x09A7, 0x09A7, 0x09A7, 0x09A7, 0x01A7, 0x01A7, 0x01A7, 0x01A8,
    0x01A8, 0x2CD4, 0x3E5A, 0x3E7A, 0x3E7B, 0x3E5A, 0x3DD8, 0x2D35, 0x2432, 0x132E, 0x0A2A, 0x0187, 0x0926, 0x1104, 0x2924, 0x3165,
    0x1945, 0x1166, 0x0925, 0x0925, 0x0105, 0x0105, 0x00E4, 0x00E4, 0x0105, 0x0105, 0x0105, 0x0105, 0x00E4, 0x0125, 0x126B, 0x34D4,
    0x2B8F, 0x00C4, 0x00C4, 0x00A4, 0x0882, 0x3902, 0x71C2, 0x8A02, 0x89C1, 0x8180, 0x7960, 0x8180, 0x89E1, 0x81E2, 0x30C1, 0x0021,
    0x0062, 0x0042, 0x0042, 0x0042, 0x0042, 0x0042, 0x0042, 0x0041, 0x0041, 0x0021, 0x0021, 0x0021, 0x0021, 0x0001, 0x0001, 0x0001,
    0x0021, 0x0001, 0x0000, 0x0000, 0x0000, 0x0000, 0x0000, 0x0000, 0x0020, 0x0000, 0x0841, 0xBDD7, 0xFFFF, 0xFFDF, 0xFFFF, 0xFFFF,
    0xFFFF, 0xFFFF, 0xFFFF, 0xFFFF, 0xFFFF, 0xFFFF, 0xFFFF, 0xFFFF, 0xFFFF, 0xFFFF, 0xFFFF, 0xFFFF, 0xFFFF, 0xFFFF, 0xFFFF, 0xFFFF,
    0xFFFF, 0xFFFF, 0xFFFF, 0xFFFF, 0xFFFF, 0xFFFF, 0xFFFF, 0xFFFF, 0xFFFF, 0xFFFF, 0xFFFF, 0xFFFF, 0xFFFF, 0xFFFF, 0xFFFF, 0xFFFF,
    0xFFFF, 0xFFFF, 0xFFFF, 0xFFFF, 0xFFFF, 0xFFFF, 0xFFFF, 0xFFFF, 0xFFFF, 0xFFFF, 0xFFFF, 0xFFFF, 0xFFFF, 0xFFFF, 0xFFFF, 0xFFFF,
    0xFFFF, 0xFFFF, 0xFFFF, 0xFFFF, 0xFFFF, 0xFFFF, 0xFFFF, 0xFFFF, 0xFFFF, 0xFFFF, 0xFFFF, 0xFFFF, 0xFFFF, 0xFFFF, 0xFFFF, 0xFFFF,
    0xFFFF, 0xFFDF, 0xFFFF, 0xBDF7, 0x0861, 0x0000, 0x0000, 0x0000, 0x0000, 0x0000, 0x0000, 0x0000, 0x0000, 0x0001, 0x0001, 0x0001,
    0x0001, 0x0001, 0x0021, 0x0021, 0x0021, 0x0021, 0x0041, 0x0042, 0x0041, 0x0042, 0x0042, 0x0062, 0x0062, 0x0062, 0x0062, 0x0022,
    0x2881, 0x81E2, 0x81A0, 0x81A0, 0xA2C4, 0xB387, 0xAB25, 0x8A01, 0x7960, 0x89C1, 0x8A02, 0x69A2, 0x28C2, 0x0083, 0x00A4, 0x0083,
    0x0062, 0x08A3, 0x18E3, 0x3922, 0x8285, 0xD449, 0xF4EA, 0xCBE8, 0x7A44, 0x3922, 0x18C3, 0x10E4, 0x1904, 0x1924, 0x1104, 0x08E4,
    0x0925, 0x09C8, 0x1A8B, 0x236F, 0x3452, 0x34B4, 0x34B4, 0x3473, 0x23D0, 0x1B0D, 0x09A8, 0x0125, 0x0146, 0x0146, 0x0146, 0x0125,
    0x0105, 0x0105, 0x0125, 0x0146, 0x0167, 0x01A8, 0x01C8, 0x09E9, 0x0A09, 0x0A09, 0x0A09, 0x0A09, 0x0A09, 0x0A09, 0x0A09, 0x0A09,
    0x022A, 0x022A, 0x024A, 0x0A8C, 0x132D, 0x1BD0, 0x2493, 0x2D56, 0x35F9, 0x3E7A, 0x3E5A, 0x3DD8, 0x2CF4, 0x23AF, 0x126B, 0x0987,
    0x0946, 0x0126, 0x0946, 0x0946, 0x0926, 0x0105, 0x0105, 0x00E5, 0x00E4, 0x00E4, 0x00E5, 0x0105, 0x0125, 0x0125, 0x00E4, 0x00A4,
    0x0083, 0x00C4, 0x0083, 0x28C2, 0x6982, 0x89E2, 0x81A0, 0x7960, 0x89E1, 0xAB05, 0xB366, 0x9AC4, 0x81A0, 0x89C1, 0x81E2, 0x28A1,
    0x0042, 0x0062, 0x0062, 0x0062, 0x0062, 0x0042, 0x0042, 0x0042, 0x0042, 0x0042, 0x0041, 0x0021, 0x0021, 0x0021, 0x0000, 0x0001,
    0x0001, 0x0001, 0x0001, 0x0000, 0x0000, 0x0000, 0x0000, 0x0000, 0x0000, 0x0000, 0x0000, 0x0841, 0xB5B6, 0xFFFF, 0xFFDF, 0xFFFF,
    0xFFFF, 0xFFFF, 0xFFFF, 0xFFFF, 0xFFFF, 0xFFFF, 0xFFFF, 0xFFFF, 0xFFFF, 0xFFFF, 0xFFFF, 0xFFFF, 0xFFFF, 0xFFFF, 0xFFFF, 0xFFFF,
    0xFFFF, 0xFFFF, 0xFFFF, 0xFFFF, 0xFFFF, 0xFFFF, 0xFFFF, 0xFFFF, 0xFFFF, 0xFFFF, 0xFFFF, 0xFFFF, 0xFFFF, 0xFFFF, 0xFFFF, 0xFFFF,
    0xFFFF, 0xFFFF, 0xFFFF, 0xFFFF, 0xFFFF, 0xFFFF, 0xFFFF, 0xFFFF, 0xFFFF, 0xFFFF, 0xFFFF, 0xFFFF, 0xFFFF, 0xFFFF, 0xFFFF, 0xFFFF,
    0xFFFF, 0xFFFF, 0xFFFF, 0xFFFF, 0xFFFF, 0xFFFF, 0xFFFF, 0xFFFF, 0xFFFF, 0xFFFF, 0xFFFF, 0xFFFF, 0xFFFF, 0xFFFF, 0xFFFF, 0xFFFF,
    0xFFDF, 0xFFFF, 0xBDD7, 0x0841, 0x0000, 0x0000, 0x0000, 0x0000, 0x0000, 0x0000, 0x0000, 0x0000, 0x0000, 0x0001, 0x0001, 0x0001,
    0x0021, 0x0021, 0x0021, 0x0021, 0x0042, 0x0042, 0x0042, 0x0062, 0x0062, 0x0062, 0x0062, 0x0062, 0x0062, 0x0062, 0x0042, 0x1041,
    0x71A2, 0x89C0, 0x8180, 0xC3A6, 0xF509, 0xF529, 0xFD8B, 0xF58C, 0xC3E7, 0x81E1, 0x7980, 0x89E1, 0x8202, 0x4122, 0x0862, 0x0083,
    0x08C4, 0x00A3, 0x4184, 0xDC8A, 0xE489, 0xA326, 0x51A3, 0x20E2, 0x18E3, 0x1904, 0x1924, 0x10E4, 0x08E4, 0x0946, 0x1209, 0x232D,
    0x3431, 0x3CB4, 0x3493, 0x2BF1, 0x1B2E, 0x126B, 0x09E8, 0x0187, 0x0167, 0x0166, 0x0166, 0x0167, 0x0146, 0x0126, 0x0126, 0x0166,
    0x0146, 0x0167, 0x0987, 0x01A8, 0x01E9, 0x022A, 0x026B, 0x028B, 0x028B, 0x028B, 0x028B, 0x026B, 0x024B, 0x024A, 0x022A, 0x022A,
    0x022A, 0x022A, 0x020A, 0x020A, 0x020A, 0x01E9, 0x01E9, 0x01C9, 0x0209, 0x0A8B, 0x136F, 0x2473, 0x3597, 0x465A, 0x4E7A, 0x3DF8,
    0x2C73, 0x12EC, 0x01A8, 0x0125, 0x0105, 0x0125, 0x0126, 0x0105, 0x0105, 0x00E5, 0x00E5, 0x00E4, 0x00E4, 0x00E4, 0x00C4, 0x00C4,
    0x00A4, 0x0882, 0x4942, 0x81E2, 0x89C1, 0x7960, 0x89E1, 0xC3E8, 0xF58C, 0xFD8B, 0xF509, 0xF509, 0xCBC6, 0x89C0, 0x89C1, 0x71A2,
    0x1041, 0x0062, 0x0062, 0x0062, 0x0062, 0x0062, 0x0062, 0x0062, 0x0062, 0x0042, 0x0042, 0x0021, 0x0021, 0x0021, 0x0021, 0x0021,
    0x0001, 0x0001, 0x0001, 0x0001, 0x0000, 0x0000, 0x0000, 0x0000, 0x0000, 0x0000, 0x0000, 0x0000, 0x0841, 0xB5B6, 0xFFFF, 0xFFDF,
    0xFFFF, 0xFFFF, 0xFFFF, 0xFFFF, 0xFFFF, 0xFFFF, 0xFFFF, 0xFFFF, 0xFFFF, 0xFFFF, 0xFFFF, 0xFFFF, 0xFFFF, 0xFFFF, 0xFFFF, 0xFFFF,
    0xFFFF, 0xFFFF, 0xFFFF, 0xFFFF, 0xFFFF, 0xFFFF, 0xFFFF, 0xFFFF, 0xFFFF, 0xFFFF, 0xFFFF, 0xFFFF, 0xFFFF, 0xFFFF, 0xFFFF, 0xFFFF,
    0xFFFF, 0xFFFF, 0xFFFF, 0xFFFF, 0xFFFF, 0xFFFF, 0xFFFF, 0xFFFF, 0xFFFF, 0xFFFF, 0xFFFF, 0xFFFF, 0xFFFF, 0xFFFF, 0xFFFF, 0xFFFF,
    0xFFFF, 0xFFFF, 0xFFFF, 0xFFFF, 0xFFFF, 0xFFFF, 0xFFFF, 0xFFFF, 0xFFFF, 0xFFFF, 0xFFFF, 0xFFFF, 0xFFFF, 0xFFFF, 0xFFFF, 0xFFDF,
    0xFFFF, 0xC618, 0x0841, 0x0000, 0x0000, 0x0000, 0x0000, 0x0000, 0x0000, 0x0000, 0x0000, 0x0001, 0x0001, 0x0021, 0x0001, 0x0021,
    0x0021, 0x0021, 0x0042, 0x0042, 0x0042, 0x0042, 0x0062, 0x0082, 0x0083, 0x0083, 0x0083, 0x0063, 0x0062, 0x0063, 0x0022, 0x4922,
    0x89E1, 0x7960, 0xB303, 0xF466, 0xE3C3, 0xE3C3, 0xE3E3, 0xEC66, 0xFDAB, 0xED8C, 0xAB25, 0x7980, 0x81A0, 0x8A02, 0x6182, 0x20A2,
    0x0083, 0x08A4, 0x18C3, 0x59E4, 0x3922, 0x10A2, 0x10E4, 0x1924, 0x1104, 0x08E4, 0x0925, 0x1209, 0x234E, 0x3432, 0x3473, 0x2C11,
    0x232E, 0x124A, 0x09A8, 0x0166, 0x0167, 0x0187, 0x0187, 0x0187, 0x0187, 0x0187, 0x01A8, 0x01E9, 0x0A6A, 0x1B0D, 0x1AED, 0x0167,
    0x0146, 0x0187, 0x0187, 0x23AF, 0x4EBB, 0x46BB, 0x46FC, 0x46FC, 0x46FC, 0x46FB, 0x46DB, 0x46BB, 0x3E7A, 0x3E39, 0x35B7, 0x2D56,
    0x24D4, 0x1C72, 0x13D0, 0x0B4F, 0x02ED, 0x028C, 0x024B, 0x022A, 0x022A, 0x020A, 0x0209, 0x01E9, 0x0209, 0x026B, 0x134E, 0x2493,
    0x3DB8, 0x467A, 0x3E39, 0x2CD4, 0x130D, 0x01A8, 0x0105, 0x0105, 0x0125, 0x0105, 0x00E5, 0x00E4, 0x00A4, 0x00A3, 0x00A3, 0x0083,
    0x18A2, 0x6982, 0x89E1, 0x81A0, 0x8180, 0xAB45, 0xF5AD, 0xFDCC, 0xEC86, 0xE3C3, 0xE3A3, 0xE3C3, 0xEC46, 0xBB04, 0x8180, 0x89E1,
    0x4922, 0x0042, 0x0083, 0x0063, 0x0083, 0x0083, 0x0083, 0x0083, 0x0062, 0x0062, 0x0042, 0x0042, 0x0041, 0x0021, 0x0021, 0x0021,
    0x0021, 0x0001, 0x0001, 0x0000, 0x0001, 0x0000, 0x0000, 0x0000, 0x0000, 0x0000, 0x0000, 0x0000, 0x0000, 0x0041, 0xBDD7, 0xFFFF,
    0xFFDF, 0xFFFF, 0xFFFF, 0xFFFF, 0xFFFF, 0xFFFF, 0xFFFF, 0xFFFF, 0xFFFF, 0xFFFF, 0xFFFF, 0xFFFF, 0xFFFF, 0xFFFF, 0xFFFF, 0xFFFF,
    0xFFFF, 0xFFFF, 0xFFFF, 0xFFFF, 0xFFFF, 0xFFFF, 0xFFFF, 0xFFFF, 0xFFFF, 0xFFFF, 0xFFFF, 0xFFFF, 0xFFFF, 0xFFFF, 0xFFFF, 0xFFFF,
    0xFFFF, 0xFFFF, 0xFFFF, 0xFFFF, 0xFFFF, 0xFFFF, 0xFFFF, 0xFFFF, 0xFFFF, 0xFFFF, 0xFFFF, 0xFFFF, 0xFFFF, 0xFFFF, 0xFFFF, 0xFFFF,
    0xFFFF, 0xFFFF, 0xFFFF, 0xFFFF, 0xFFFF, 0xFFFF, 0xFFFF, 0xFFFF, 0xFFFF, 0xFFFF, 0xFFFF, 0xFFFF, 0xFFFF, 0xFFFF, 0xFFFF, 0xFFFF,
    0xCE59, 0x1082, 0x0000, 0x0000, 0x0000, 0x0000, 0x0000, 0x0000, 0x0000, 0x0000, 0x0001, 0x0001, 0x0001, 0x0001, 0x0021, 0x0021,
    0x0021, 0x0041, 0x0042, 0x0042, 0x0062, 0x0062, 0x0083, 0x0083, 0x00A3, 0x00A3, 0x00A3, 0x0083, 0x0083, 0x0063, 0x2081, 0x81C2,
    0x81A0, 0x9201, 0xE405, 0xEBE3, 0xEBE4, 0xEBE4, 0xEBE4, 0xE3C3, 0xDBE4, 0xF4E8, 0xFE0D, 0xD489, 0x8A01, 0x7980, 0x8A02, 0x81E2,
    0x38E2, 0x0862, 0x08A3, 0x0062, 0x08A3, 0x10E4, 0x08C3, 0x08C3, 0x11A7, 0x230D, 0x3432, 0x3493, 0x2BF0, 0x1ACC, 0x09E9, 0x0166,
    0x0146, 0x0167, 0x0187, 0x0187, 0x01A8, 0x01E9, 0x026B, 0x132E, 0x2411, 0x2D15, 0x3E18, 0x46FB, 0x4F9E, 0x5FFF, 0x56BB, 0x0167,
    0x0166, 0x09A8, 0x0187, 0x2431, 0x5FFF, 0x4FFF, 0x4FFF, 0x4FFF, 0x4FFF, 0x4FFF, 0x4FFF, 0x4FFF, 0x4FFF, 0x57FF, 0x57FF, 0x57FF,
    0x57FF, 0x57FF, 0x57FF, 0x579E, 0x4F3C, 0x3E7A, 0x35B7, 0x24B3, 0x13D0, 0x030D, 0x028B, 0x024B, 0x024A, 0x022A, 0x0209, 0x01C9,
    0x01E9, 0x0AAC, 0x1C11, 0x35B8, 0x469B, 0x4639, 0x2C93, 0x128B, 0x0126, 0x00E5, 0x0105, 0x00A4, 0x0083, 0x00A3, 0x0062, 0x30E2,
    0x79C2, 0x89E1, 0x8180, 0x9222, 0xDCCA, 0xFE4F, 0xF529, 0xE3C3, 0xE3C3, 0xE3E3, 0xE3E4, 0xE3E4, 0xE3E3, 0xE405, 0x9A21, 0x81A0,
    0x81E2, 0x1882, 0x0063, 0x0083, 0x00A3, 0x00C4, 0x00A4, 0x00A3, 0x00A3, 0x0083, 0x0062, 0x0062, 0x0042, 0x0042, 0x0042, 0x0021,
    0x0021, 0x0021, 0x0001, 0x0001, 0x0021, 0x0000, 0x0000, 0x0000, 0x0000, 0x0000, 0x0000, 0x0000, 0x0000, 0x0000, 0x0861, 0xC638,
    0xFFFF, 0xFFDF, 0xFFFF, 0xFFFF, 0xFFFF, 0xFFFF, 0xFFFF, 0xFFFF, 0xFFFF, 0xFFFF, 0xFFFF, 0xFFFF, 0xFFFF, 0xFFFF, 0xFFFF, 0xFFFF,
    0xFFFF, 0xFFFF, 0xFFFF, 0xFFFF, 0xFFFF, 0xFFFF, 0xFFFF, 0xFFFF, 0xFFFF, 0xFFFF, 0xFFFF, 0xFFFF, 0xFFFF, 0xFFFF, 0xFFFF, 0xFFFF,
    0xFFFF, 0xFFFF, 0xFFFF, 0xFFFF, 0xFFFF, 0xFFFF, 0xFFFF, 0xFFFF, 0xFFFF, 0xFFFF, 0xFFFF, 0xFFFF, 0xFFFF, 0xFFFF, 0xFFFF, 0xFFFF,
    0xFFFF, 0xFFFF, 0xFFFF, 0xFFFF, 0xFFFF, 0xFFFF, 0xFFFF, 0xFFFF, 0xFFFF, 0xFFFF, 0xFFFF, 0xFFFF, 0xFFFF, 0xFFFF, 0xFFFF, 0xD6BA,
    0x10C2, 0x0000, 0x0000, 0x0000, 0x0000, 0x0000, 0x0000, 0x0000, 0x0000, 0x0001, 0x0000, 0x0001, 0x0001, 0x0021, 0x0021, 0x0021,
    0x0041, 0x0042, 0x0042, 0x0062, 0x0083, 0x0083, 0x00A3, 0x00A4, 0x00E4, 0x00E5, 0x00A3, 0x0083, 0x00A3, 0x0042, 0x5122, 0x91E1,
    0x8180, 0xC344, 0xEC24, 0xEBE4, 0xE3E4, 0xE3E4, 0xE3E4, 0xE404, 0xE3E4, 0xDBC3, 0xE446, 0xFDEC, 0xF58D, 0xA2E4, 0x7980, 0x89E1,
    0x8A02, 0x4922, 0x0882, 0x08C4, 0x08C3, 0x0083, 0x1186, 0x2B6E, 0x3431, 0x3411, 0x232E, 0x0A09, 0x0187, 0x0166, 0x0987, 0x0187,
    0x0187, 0x01A8, 0x0A6A, 0x1B8F, 0x2CF4, 0x3E39, 0x4F5D, 0x5FFF, 0x5FFF, 0x5FFF, 0x5FFF, 0x57BE, 0x46FB, 0x4679, 0x34B3, 0x0167,
    0x0146, 0x0187, 0x0187, 0x13AF, 0x57FF, 0x47FF, 0x4FFF, 0x4FDF, 0x4FDF, 0x4FFF, 0x4FFF, 0x4FFF, 0x4FFF, 0x4FFF, 0x4FFF, 0x4FFF,
    0x4FFF, 0x4FFF, 0x4FFF, 0x4FFF, 0x4FFF, 0x4FFF, 0x57FF, 0x57FF, 0x57FF, 0x4F5D, 0x3E7A, 0x2D76, 0x1C31, 0x0B0D, 0x026B, 0x022A,
    0x022A, 0x0209, 0x01C9, 0x0209, 0x0AED, 0x2473, 0x3E19, 0x469B, 0x3D97, 0x22CC, 0x00C4, 0x00A4, 0x0083, 0x0062, 0x4102, 0x81E2,
    0x89C0, 0x7960, 0xAB05, 0xF5CD, 0xFE0D, 0xE486, 0xE3C3, 0xE3E4, 0xE3E4, 0xE3E4, 0xE3E4, 0xE3E4, 0xE3E4, 0xEC24, 0xC323, 0x81A0,
    0x8A01, 0x5142, 0x0062, 0x0083, 0x00A3, 0x00A3, 0x00E5, 0x00E5, 0x00C4, 0x00A3, 0x0083, 0x0082, 0x0062, 0x0042, 0x0042, 0x0041,
    0x0021, 0x0021, 0x0021, 0x0001, 0x0001, 0x0001, 0x0001, 0x0000, 0x0000, 0x0000, 0x0000, 0x0000, 0x0000, 0x0000, 0x0000, 0x10A2,
    0xD69A, 0xFFFF, 0xFFFF, 0xFFFF, 0xFFFF, 0xFFFF, 0xFFFF, 0xFFFF, 0xFFFF, 0xFFFF, 0xFFFF, 0xFFFF, 0xFFFF, 0xFFFF, 0xFFFF, 0xFFFF,
    0xFFFF, 0xFFFF, 0xFFFF, 0xFFFF, 0xFFFF, 0xFFFF, 0xFFFF, 0xFFFF, 0xFFFF, 0xFFFF, 0xFFFF, 0xFFFF, 0xFFFF, 0xFFFF, 0xFFFF, 0xFFFF,
    0xFFFF, 0xFFFF, 0xFFFF, 0xFFFF, 0xFFFF, 0xFFFF, 0xFFFF, 0xFFFF, 0xFFFF, 0xFFFF, 0xFFFF, 0xFFFF, 0xFFFF, 0xFFFF, 0xFFFF, 0xFFFF,
    0xFFFF, 0xFFFF, 0xFFFF, 0xFFFF, 0xFFFF, 0xFFFF, 0xFFFF, 0xFFFF, 0xFFFF, 0xFFFF, 0xFFFF, 0xFFFF, 0xFFFF, 0xFFFF, 0xE71C, 0x2104,
    0x0000, 0x0020, 0x0000, 0x0000, 0x0000, 0x0000, 0x0000, 0x0000, 0x0001, 0x0001, 0x0001, 0x0001, 0x0021, 0x0021, 0x0021, 0x0042,
    0x0042, 0x0042, 0x0062, 0x0083, 0x0083, 0x00C4, 0x00E4, 0x0105, 0x0105, 0x0105, 0x22AC, 0x0925, 0x0083, 0x1082, 0x79A2, 0x89A0,
    0x9A01, 0xEC05, 0xEC04, 0xE404, 0xE404, 0xEC05, 0xE405, 0xE405, 0xE405, 0xE405, 0xE3E4, 0xE405, 0xFD8B, 0xFE2E, 0xC3E8, 0x81A0,
    0x89A0, 0x9202, 0x5962, 0x1082, 0x00A3, 0x0083, 0x0925, 0x22EC, 0x11E8, 0x0126, 0x0146, 0x0987, 0x0187, 0x01A8, 0x01E9, 0x12EC,
    0x2C72, 0x3DF8, 0x4F3D, 0x5FFF, 0x5FFF, 0x5FFF, 0x579E, 0x469A, 0x3576, 0x2472, 0x1B6F, 0x0AAB, 0x0209, 0x0187, 0x0146, 0x0146,
    0x0146, 0x0167, 0x0187, 0x134E, 0x57FF, 0x4FFF, 0x4FFF, 0x4FFF, 0x4FFF, 0x4FFF, 0x4FFF, 0x4FFF, 0x4FFF, 0x47FF, 0x4FFF, 0x4FFF,
    0x47FF, 0x47FF, 0x4FFF, 0x4FFF, 0x4FFF, 0x47FF, 0x47FF, 0x47FF, 0x47FF, 0x4FFF, 0x4FFF, 0x57FF, 0x57FF, 0x4F5D, 0x3E39, 0x2CF4,
    0x138F, 0x028C, 0x024A, 0x022A, 0x020A, 0x01C8, 0x01E9, 0x130D, 0x34D4, 0x1A6B, 0x00A4, 0x00A4, 0x0862, 0x5142, 0x89E2, 0x81A0,
    0x81A0, 0xC3E8, 0xFE2E, 0xFDAB, 0xE425, 0xE3C3, 0xE404, 0xE3E4, 0xE3E4, 0xE3E4, 0xE405, 0xE3E4, 0xE3E4, 0xEC04, 0xE405, 0x9A21,
    0x89C0, 0x79C2, 0x1082, 0x0083, 0x0926, 0x22CC, 0x00E5, 0x0126, 0x0125, 0x00E5, 0x00C4, 0x00A3, 0x0083, 0x0062, 0x0062, 0x0042,
    0x0041, 0x0021, 0x0021, 0x0021, 0x0001, 0x0001, 0x0001, 0x0001, 0x0000, 0x0000, 0x0000, 0x0000, 0x0000, 0x0000, 0x0020, 0x0000,
    0x18E4, 0xDEFB, 0xFFFF, 0xFFFF, 0xFFFF, 0xFFFF, 0xFFFF, 0xFFFF, 0xFFFF, 0xFFFF, 0xFFFF, 0xFFFF, 0xFFFF, 0xFFFF, 0xFFFF, 0xFFFF,
    0xFFFF, 0xFFFF, 0xFFFF, 0xFFFF, 0xFFFF, 0xFFFF, 0xFFFF, 0xFFFF, 0xFFFF, 0xFFFF, 0xFFFF, 0xFFFF, 0xFFFF, 0xFFFF, 0xFFFF, 0xFFFF,
    0xFFFF, 0xFFFF, 0xFFFF, 0xFFFF, 0xFFFF, 0xFFFF, 0xFFFF, 0xFFFF, 0xFFFF, 0xFFFF, 0xFFFF, 0xFFFF, 0xFFFF, 0xFFFF, 0xFFFF, 0xFFFF,
    0xFFFF, 0xFFFF, 0xFFFF, 0xFFFF, 0xFFFF, 0xFFFF, 0xFFFF, 0xFFFF, 0xFFFF, 0xFFFF, 0xFFFF, 0xFFFF, 0xFFFF, 0xEF7D, 0x3186, 0x0000,
    0x0020, 0x0000, 0x0000, 0x0000, 0x0000, 0x0000, 0x0000, 0x0001, 0x0001, 0x0001, 0x0001, 0x0021, 0x0021, 0x0021, 0x0042, 0x0042,
    0x0062, 0x0062, 0x0083, 0x00A3, 0x00C4, 0x0105, 0x0146, 0x0146, 0x0146, 0x3CF4, 0x5597, 0x00C4, 0x0083, 0x3902, 0x89E1, 0x8180,
    0xBB03, 0xF445, 0xE404, 0xE405, 0xDC05, 0xDBE5, 0xDC26, 0xE446, 0xE405, 0xE405, 0xE405, 0xE3E4, 0xDBE4, 0xF54A, 0xFE4F, 0xDCCA,
    0x8A01, 0x8180, 0x9201, 0x69A2, 0x1081, 0x0083, 0x0083, 0x0063, 0x00E4, 0x0946, 0x0167, 0x01C9, 0x130D, 0x2CD4, 0x467A, 0x57BF,
    0x5FFF, 0x5FFF, 0x577D, 0x4639, 0x2CD3, 0x1B8F, 0x0A8B, 0x01E8, 0x0187, 0x0167, 0x0167, 0x0167, 0x0167, 0x0167, 0x0146, 0x0126,
    0x0126, 0x0167, 0x0187, 0x0ACC, 0x573D, 0x4F7D, 0x4F5D, 0x4F5D, 0x4F5D, 0x4F5D, 0x4F7D, 0x4F9E, 0x4FDE, 0x4FFF, 0x57FF, 0x57FF,
    0x57FF, 0x4FFF, 0x4FFF, 0x4FFF, 0x4FFF, 0x47FF, 0x47FF, 0x47FF, 0x47FF, 0x47FF, 0x47FF, 0x47DF, 0x47FF, 0x47FF, 0x4FFF, 0x57FF,
    0x4FDF, 0x46BB, 0x2D35, 0x138F, 0x024A, 0x01C8, 0x01C8, 0x0167, 0x00C4, 0x00A4, 0x00C4, 0x10A2, 0x6182, 0x91E1, 0x8180, 0x89E1,
    0xDCCA, 0xFE4E, 0xF549, 0xE3E4, 0xE3E4, 0xE405, 0xE405, 0xE405, 0xE446, 0xDC26, 0xD3E5, 0xDBE5, 0xE405, 0xE405, 0xEC45, 0xC303,
    0x8180, 0x8A02, 0x3902, 0x0083, 0x00A4, 0x5576, 0x3CF4, 0x0167, 0x0146, 0x0146, 0x0105, 0x00C4, 0x00A3, 0x0083, 0x0082, 0x0062,
    0x0042, 0x0042, 0x0021, 0x0021, 0x0021, 0x0001, 0x0001, 0x0001, 0x0000, 0x0000, 0x0000, 0x0000, 0x0000, 0x0000, 0x0000, 0x0020,
    0x0000, 0x2965, 0xEF5D, 0xFFFF, 0xFFFF, 0xFFFF, 0xFFFF, 0xFFFF, 0xFFFF, 0xFFFF, 0xFFFF, 0xFFFF, 0xFFFF, 0xFFFF, 0xFFFF, 0xFFFF,
    0xFFFF, 0xFFFF, 0xFFFF, 0xFFFF, 0xFFFF, 0xFFFF, 0xFFFF, 0xFFFF, 0xFFFF, 0xFFFF, 0xFFFF, 0xFFFF, 0xFFFF, 0xFFFF, 0xFFFF, 0xFFFF,
    0xFFFF, 0xFFFF, 0xFFFF, 0xFFFF, 0xFFFF, 0xFFFF, 0xFFFF, 0xFFFF, 0xFFFF, 0xFFFF, 0xFFFF, 0xFFFF, 0xFFFF, 0xFFFF, 0xFFFF, 0xFFFF,
    0xFFFF, 0xFFFF, 0xFFFF, 0xFFFF, 0xFFFF, 0xFFFF, 0xFFFF, 0xFFFF, 0xFFFF, 0xFFFF, 0xFFFF, 0xFFFF, 0xFFFF, 0x4A49, 0x0000, 0x0020,
    0x0000, 0x0000, 0x0000, 0x0000, 0x0000, 0x0000, 0x0001, 0x0001, 0x0001, 0x0001, 0x0021, 0x0021, 0x0021, 0x0042, 0x0062, 0x0062,
    0x0083, 0x0083, 0x00A3, 0x00E4, 0x0105, 0x0166, 0x0146, 0x01E9, 0x3D76, 0x6FFF, 0x2BAF, 0x0083, 0x08A3, 0x5962, 0x89C1, 0x89C0,
    0xDBE5, 0xEC25, 0xE425, 0xE446, 0xD406, 0xAB45, 0x9AC4, 0xB386, 0xD448, 0xE447, 0xE406, 0xE405, 0xE3E4, 0xDBC4, 0xED08, 0xFE4E,
    0xED6C, 0x9A83, 0x8180, 0x9201, 0x71A2, 0x1881, 0x0083, 0x08C4, 0x00E5, 0x09C8, 0x2C31, 0x4639, 0x5FDF, 0x67FF, 0x5FFF, 0x4F1C,
    0x3576, 0x1BD0, 0x0A8B, 0x01C8, 0x0167, 0x0167, 0x0187, 0x0188, 0x09A8, 0x0187, 0x0167, 0x0167, 0x0146, 0x0126, 0x0126, 0x0126,
    0x0126, 0x0146, 0x0187, 0x01E9, 0x0ACC, 0x0ACC, 0x0AED, 0x0AED, 0x0AED, 0x0B0D, 0x0B2E, 0x0B4E, 0x0B8F, 0x13D0, 0x1C32, 0x24B3,
    0x2535, 0x35D7, 0x3E59, 0x46FB, 0x4F7D, 0x4FFF, 0x4FFF, 0x4FFF, 0x4FFF, 0x47FF, 0x47FF, 0x47DF, 0x47DF, 0x47DF, 0x47DF, 0x47FF,
    0x47FF, 0x4FFF, 0x57FF, 0x4FBE, 0x3E39, 0x2452, 0x0A2A, 0x0126, 0x0105, 0x00C4, 0x18C3, 0x71A2, 0x91E1, 0x8160, 0x9242, 0xED6C,
    0xFE4E, 0xED09, 0xDBC4, 0xE3E4, 0xE405, 0xDC05, 0xE447, 0xDC68, 0xBBC7, 0xA326, 0xA346, 0xCBE6, 0xDC26, 0xE425, 0xEC25, 0xDBC5,
    0x89C0, 0x89E1, 0x5962, 0x00A3, 0x0083, 0x2BAF, 0x67FF, 0x3DB7, 0x01E9, 0x0146, 0x0166, 0x0105, 0x00E4, 0x00A3, 0x0083, 0x0082,
    0x0062, 0x0042, 0x0041, 0x0021, 0x0021, 0x0021, 0x0001, 0x0001, 0x0001, 0x0001, 0x0000, 0x0000, 0x0000, 0x0000, 0x0000, 0x0000,
    0x0020, 0x0000, 0x4228, 0xFFDF, 0xFFFF, 0xFFFF, 0xFFFF, 0xFFFF, 0xFFFF, 0xFFFF, 0xFFFF, 0xFFFF, 0xFFFF, 0xFFFF, 0xFFFF, 0xFFFF,
    0xFFFF, 0xFFFF, 0xFFFF, 0xFFFF, 0xFFFF, 0xFFFF, 0xFFFF, 0xFFFF, 0xFFFF, 0xFFFF, 0xFFFF, 0xFFFF, 0xFFFF, 0xFFFF, 0xFFFF, 0xFFFF,
    0xFFFF, 0xFFFF, 0xFFFF, 0xFFFF, 0xFFFF, 0xFFFF, 0xFFFF, 0xFFFF, 0xFFFF, 0xFFFF, 0xFFFF, 0xFFFF, 0xFFFF, 0xFFFF, 0xFFFF, 0xFFFF,
    0xFFFF, 0xFFFF, 0xFFFF, 0xFFFF, 0xFFFF, 0xFFFF, 0xFFFF, 0xFFFF, 0xFFFF, 0xFFFF, 0xFFDF, 0xFFFF, 0x632C, 0x0000, 0x0020, 0x0000,
    0x0000, 0x0000, 0x0000, 0x0000, 0x0000, 0x0001, 0x0001, 0x0001, 0x0001, 0x0021, 0x0021, 0x0041, 0x0042, 0x0042, 0x0062, 0x0062,
    0x0083, 0x00C3, 0x00E4, 0x0125, 0x0187, 0x0167, 0x0A6B, 0x465A, 0x5FFF, 0x5F1C, 0x09E8, 0x00C4, 0x18C3, 0x79C2, 0x81A0, 0x9A42,
    0xEC46, 0xE425, 0xE446, 0xDC67, 0xCCA9, 0xB50C, 0x8551, 0x7C0C, 0x9347, 0xC408, 0xDC68, 0xDC26, 0xE405, 0xE3E4, 0xDBC3, 0xECE8,
    0xFE2D, 0xF5CD, 0xA304, 0x8180, 0x91E1, 0x79C2, 0x28C2, 0x00A4, 0x00E5, 0x0987, 0x5639, 0x67FF, 0x4F1C, 0x3556, 0x1BAF, 0x0A4A,
    0x01A8, 0x0167, 0x0187, 0x09A8, 0x0987, 0x0187, 0x0167, 0x0146, 0x0146, 0x0126, 0x0126, 0x0126, 0x0126, 0x0126, 0x0126, 0x0105,
    0x0126, 0x0126, 0x0146, 0x0167, 0x0187, 0x01A8, 0x01C8, 0x01C9, 0x01E9, 0x01E9, 0x01E9, 0x01E9, 0x0209, 0x0209, 0x020A, 0x020A,
    0x022A, 0x024A, 0x028B, 0x02CC, 0x0B4E, 0x13F0, 0x1CB3, 0x2DB7, 0x3E9A, 0x4F7D, 0x4FFF, 0x4FFF, 0x4FFF, 0x47FF, 0x47FF, 0x47DF,
    0x47FF, 0x47FF, 0x47FF, 0x47FF, 0x57FF, 0x56BB, 0x09C8, 0x00E5, 0x00C5, 0x18C3, 0x71A2, 0x89E1, 0x8160, 0xA2E4, 0xF5CD, 0xFE2D,
    0xECE8, 0xDBA3, 0xE3E4, 0xDC05, 0xDC05, 0xDC47, 0xC428, 0x9368, 0x7C0C, 0x9592, 0xB50D, 0xCCA9, 0xD468, 0xE446, 0xE425, 0xEC45,
    0xA241, 0x89A0, 0x79C2, 0x10A3, 0x00C4, 0x09E8, 0x571C, 0x57FF, 0x467A, 0x0A8B, 0x0146, 0x0167, 0x0125, 0x00E4, 0x00A3, 0x0083,
    0x0063, 0x0062, 0x0042, 0x0042, 0x0021, 0x0021, 0x0021, 0x0001, 0x0001, 0x0001, 0x0000, 0x0000, 0x0000, 0x0000, 0x0000, 0x0000,
    0x0000, 0x0020, 0x0000, 0x632C, 0xFFFF, 0xFFDF, 0xFFFF, 0xFFFF, 0xFFFF, 0xFFFF, 0xFFFF, 0xFFFF, 0xFFFF, 0xFFFF, 0xFFFF, 0xFFFF,
    0xFFFF, 0xFFFF, 0xFFFF, 0xFFFF, 0xFFFF, 0xFFFF, 0xFFFF, 0xFFFF, 0xFFFF, 0xFFFF, 0xFFFF, 0xFFFF, 0xFFFF, 0xFFFF, 0xFFFF, 0xFFFF,
    0xFFFF, 0xFFFF, 0xFFFF, 0xFFFF, 0xFFFF, 0xFFFF, 0xFFFF, 0xFFFF, 0xFFFF, 0xFFFF, 0xFFFF, 0xFFFF, 0xFFFF, 0xFFFF, 0xFFFF, 0xFFFF,
    0xFFFF, 0xFFFF, 0xFFFF, 0xFFFF, 0xFFFF, 0xFFFF, 0xFFFF, 0xFFFF, 0xFFFF, 0xFFDF, 0xFFFF, 0x8430, 0x0000, 0x0020, 0x0000, 0x0000,
    0x0000, 0x0000, 0x0000, 0x0000, 0x0001, 0x0001, 0x0001, 0x0001, 0x0001, 0x0021, 0x0021, 0x0041, 0x0042, 0x0062, 0x0082, 0x0083,
    0x00C4, 0x00E4, 0x0125, 0x0187, 0x0167, 0x130D, 0x4EFC, 0x5FFF, 0x4EDB, 0x12AC, 0x00E5, 0x00C4, 0x3102, 0x89E1, 0x8180, 0xBB03,
    0xEC66, 0xE446, 0xDC67, 0xD4A9, 0xACEC, 0x7E77, 0x677E, 0x6F3D, 0x7512, 0x8B48, 0xB3C8, 0xDC48, 0xDC06, 0xDC05, 0xE3E4, 0xDBC3,
    0xECE8, 0xFE2D, 0xFE0D, 0xB366, 0x7980, 0x91E1, 0x81E2, 0x28E3, 0x00C4, 0x00E5, 0x01A7, 0x234E, 0x0A09, 0x0167, 0x0167, 0x01A8,
    0x01A8, 0x0187, 0x0167, 0x0146, 0x0146, 0x0126, 0x0126, 0x0126, 0x0126, 0x0105, 0x0105, 0x00E5, 0x00C4, 0x00C4, 0x00C4, 0x00E4,
    0x0105, 0x0126, 0x0167, 0x01A8, 0x0A09, 0x0A2A, 0x0A6B, 0x0A8B, 0x0A8B, 0x0A6B, 0x0A6B, 0x0A4A, 0x022A, 0x0209, 0x01E9, 0x01E9,
    0x01C9, 0x01C9, 0x01E9, 0x0209, 0x020A, 0x020A, 0x022A, 0x024A, 0x028B, 0x0B0D, 0x1411, 0x2D35, 0x3E9A, 0x4F9E, 0x4FFF, 0x4FFF,
    0x47FF, 0x47FF, 0x47DE, 0x4FFF, 0x4E7A, 0x01C8, 0x0105, 0x00C4, 0x20C2, 0x79C2, 0x89C1, 0x8160, 0xB345, 0xFE0D, 0xFE2D, 0xECE8,
    0xDBA3, 0xE3C4, 0xDBE5, 0xDC05, 0xD447, 0xABC8, 0x7B69, 0x7D53, 0x775D, 0x679F, 0x8677, 0xB50D, 0xCCA9, 0xDC68, 0xE426, 0xEC46,
    0xBB03, 0x8180, 0x89E1, 0x30E2, 0x00E5, 0x0105, 0x12AC, 0x4EDB, 0x57FF, 0x4F1C, 0x130D, 0x0167, 0x0187, 0x0126, 0x00E5, 0x00C4,
    0x0083, 0x0082, 0x0062, 0x0042, 0x0041, 0x0021, 0x0021, 0x0021, 0x0001, 0x0021, 0x0001, 0x0001, 0x0000, 0x0000, 0x0000, 0x0000,
    0x0000, 0x0000, 0x0020, 0x0000, 0x8430, 0xFFFF, 0xFFDF, 0xFFFF, 0xFFFF, 0xFFFF, 0xFFFF, 0xFFFF, 0xFFFF, 0xFFFF, 0xFFFF, 0xFFFF,
    0xFFFF, 0xFFFF, 0xFFFF, 0xFFFF, 0xFFFF, 0xFFFF, 0xFFFF, 0xFFFF, 0xFFFF, 0xFFFF, 0xFFFF, 0xFFFF, 0xFFFF, 0xFFFF, 0xFFFF, 0xFFFF,
    0xFFFF, 0xFFFF, 0xFFFF, 0xFFFF, 0xFFFF, 0xFFFF, 0xFFFF, 0xFFFF, 0xFFFF, 0xFFFF, 0xFFFF, 0xFFFF, 0xFFFF, 0xFFFF, 0xFFFF, 0xFFFF,
    0xFFFF, 0xFFFF, 0xFFFF, 0xFFFF, 0xFFFF, 0xFFFF, 0xFFFF, 0xFFFF, 0xFFFF, 0xFFFF, 0xB596, 0x0000, 0x0000, 0x0000, 0x0000, 0x0000,
    0x0000, 0x0000, 0x0000, 0x0001, 0x0001, 0x0001, 0x0001, 0x0021, 0x0021, 0x0021, 0x0042, 0x0042, 0x0062, 0x0083, 0x0083, 0x00C4,
    0x00E5, 0x0146, 0x0187, 0x0167, 0x1B8F, 0x577D, 0x5FFF, 0x4E59, 0x0A4A, 0x0105, 0x0105, 0x00A3, 0x4942, 0x91E1, 0x81A0, 0xD3A5,
    0xEC66, 0xDC67, 0xD4A9, 0xC4CA, 0x8DF3, 0x675E, 0x5F3E, 0x5F5E, 0x6F7E, 0x7D94, 0x8389, 0xABA8, 0xD427, 0xDC06, 0xDC05, 0xE3E4,
    0xDBA3, 0xED08, 0xFE0D, 0xFE0D, 0xBBC7, 0x8180, 0x91E1, 0x81E2, 0x3103, 0x00C4, 0x0105, 0x00C4, 0x0126, 0x0967, 0x0967, 0x0167,
    0x0146, 0x0146, 0x0146, 0x0126, 0x0126, 0x0105, 0x00E5, 0x00C4, 0x00C4, 0x00E5, 0x0126, 0x09A8, 0x124A, 0x1ACC, 0x236F, 0x23D1,
    0x2C52, 0x3493, 0x34D5, 0x3515, 0x3536, 0x3536, 0x3536, 0x3556, 0x3536, 0x3536, 0x3536, 0x3536, 0x2D15, 0x2CF5, 0x2CD5, 0x2493,
    0x2432, 0x1BD0, 0x134F, 0x0AEC, 0x0A6B, 0x020A, 0x01E9, 0x01C9, 0x01C9, 0x01E9, 0x01E9, 0x0209, 0x026B, 0x0B4E, 0x1C93, 0x3618,
    0x4F5D, 0x4FFF, 0x57FF, 0x4EBB, 0x0A29, 0x0105, 0x00E5, 0x20E3, 0x79C2, 0x89C1, 0x7960, 0xBBA6, 0xFE2E, 0xFE2D, 0xF509, 0xDBC4,
    0xE3E4, 0xDBE5, 0xDC05, 0xD427, 0x9B87, 0x7329, 0x6D94, 0x6F9F, 0x5F7F, 0x5F7E, 0x677E, 0x9614, 0xC4EC, 0xD4A9, 0xDC47, 0xEC46,
    0xD3A5, 0x89A0, 0x89E1, 0x4942, 0x00C4, 0x0926, 0x0126, 0x0A6A, 0x4659, 0x57FF, 0x577D, 0x1B8F, 0x0167, 0x0187, 0x0126, 0x00E5,
    0x00C4, 0x0083, 0x0082, 0x0062, 0x0062, 0x0041, 0x0021, 0x0021, 0x0021, 0x0001, 0x0001, 0x0000, 0x0001, 0x0000, 0x0000, 0x0000,
    0x0000, 0x0000, 0x0000, 0x0020, 0x0000, 0xB596, 0xFFFF, 0xFFFF, 0xFFFF, 0xFFFF, 0xFFFF, 0xFFFF, 0xFFFF, 0xFFFF, 0xFFFF, 0xFFFF,
    0xFFFF, 0xFFFF, 0xFFFF, 0xFFFF, 0xFFFF, 0xFFFF, 0xFFFF, 0xFFFF, 0xFFFF, 0xFFFF, 0xFFFF, 0xFFFF, 0xFFFF, 0xFFFF, 0xFFFF, 0xFFFF,
    0xFFFF, 0xFFFF, 0xFFFF, 0xFFFF, 0xFFFF, 0xFFFF, 0xFFFF, 0xFFFF, 0xFFFF, 0xFFFF, 0xFFFF, 0xFFFF, 0xFFFF, 0xFFFF, 0xFFFF, 0xFFFF,
    0xFFFF, 0xFFFF, 0xFFFF, 0xFFFF, 0xFFFF, 0xFFFF, 0xFFFF, 0xFFFF, 0xFFFF, 0xDEDB, 0x1082, 0x0000, 0x0000, 0x0000, 0x0000, 0x0000,
    0x0000, 0x0000, 0x0001, 0x0001, 0x0001, 0x0001, 0x0021, 0x0021, 0x0021, 0x0042, 0x0042, 0x0062, 0x0083, 0x0083, 0x00A4, 0x00E5,
    0x0126, 0x0188, 0x0187, 0x23D0, 0x5FBE, 0x67FF, 0x4618, 0x024A, 0x0188, 0x0946, 0x0105, 0x00A3, 0x6182, 0x89C1, 0x91E1, 0xE426,
    0xE466, 0xDC88, 0xCCCA, 0xAD2D, 0x76DA, 0x5F5F, 0x5F3E, 0x5F5E, 0x575E, 0x679E, 0x75B5, 0x836A, 0xAB88, 0xD447, 0xDC06, 0xDBE5,
    0xE3E4, 0xDBC3, 0xED09, 0xFE0D, 0xFE2E, 0xC408, 0x8180, 0x89C1, 0x81E2, 0x3103, 0x00A4, 0x08E5, 0x0905, 0x0125, 0x0105, 0x0126,
    0x0126, 0x0126, 0x0105, 0x00E5, 0x00E5, 0x0105, 0x0987, 0x124A, 0x232E, 0x2BF1, 0x3473, 0x3CD5, 0x3CF5, 0x34D5, 0x3493, 0x2C32,
    0x23D0, 0x236F, 0x1B0D, 0x1ACD, 0x12AC, 0x128B, 0x126B, 0x0A4B, 0x0A4B, 0x0A6B, 0x128B, 0x12AC, 0x12ED, 0x1B2E, 0x2390, 0x23F1,
    0x2C52, 0x2CB4, 0x3515, 0x3556, 0x3556, 0x2CF5, 0x2473, 0x1BB0, 0x12ED, 0x0A2A, 0x01C8, 0x01C8, 0x01E9, 0x0209, 0x022A, 0x026B,
    0x0AEC, 0x1C31, 0x3D56, 0x0A8B, 0x0147, 0x0126, 0x2923, 0x79E2, 0x89C1, 0x7960, 0xBBA7, 0xFE2E, 0xFE0D, 0xF529, 0xDBC4, 0xE3E4,
    0xDBE5, 0xDC05, 0xD447, 0x9B87, 0x7328, 0x6574, 0x679F, 0x577E, 0x5F5E, 0x5F5E, 0x5F7F, 0x7EFA, 0xB56F, 0xCCCA, 0xDC88, 0xE466,
    0xE406, 0x91E1, 0x89C0, 0x69A2, 0x08C4, 0x0105, 0x0167, 0x0187, 0x0209, 0x3DD7, 0x57FF, 0x57BE, 0x2411, 0x0167, 0x0187, 0x0126,
    0x00E5, 0x00A4, 0x0083, 0x0083, 0x0062, 0x0041, 0x0041, 0x0041, 0x0021, 0x0021, 0x0001, 0x0000, 0x0000, 0x0000, 0x0000, 0x0000,
    0x0000, 0x0000, 0x0000, 0x0000, 0x0000, 0x0861, 0xD6BA, 0xFFFF, 0xFFFF, 0xFFFF, 0xFFFF, 0xFFFF, 0xFFFF, 0xFFFF, 0xFFFF, 0xFFFF,
    0xFFFF, 0xFFFF, 0xFFFF, 0xFFFF, 0xFFFF, 0xFFFF, 0xFFFF, 0xFFFF, 0xFFFF, 0xFFFF, 0xFFFF, 0xFFFF, 0xFFFF, 0xFFFF, 0xFFFF, 0xFFFF,
    0xFFFF, 0xFFFF, 0xFFFF, 0xFFFF, 0xFFFF, 0xFFFF, 0xFFFF, 0xFFFF, 0xFFFF, 0xFFFF, 0xFFFF, 0xFFFF, 0xFFFF, 0xFFFF, 0xFFFF, 0xFFFF,
    0xFFFF, 0xFFFF, 0xFFFF, 0xFFFF, 0xFFFF, 0xFFFF, 0xFFFF, 0xFFFF, 0xF79E, 0x2965, 0x0000, 0x0000, 0x0000, 0x0000, 0x0000, 0x0000,
    0x0000, 0x0001, 0x0001, 0x0001, 0x0001, 0x0021, 0x0021, 0x0021, 0x0041, 0x0042, 0x0062, 0x0083, 0x00A3, 0x00C4, 0x00E5, 0x0126,
    0x0187, 0x0167, 0x2411, 0x5FDF, 0x5FFF, 0x3D97, 0x022A, 0x01E9, 0x01A8, 0x0126, 0x00E5, 0x10A3, 0x79C2, 0x89A0, 0xA262, 0xEC66,
    0xDC67, 0xD4A9, 0xC4EB, 0x9DD2, 0x675D, 0x675E, 0x8F9E, 0x97DF, 0x779E, 0x577E, 0x679E, 0x7553, 0x7B48, 0xABA7, 0xDC48, 0xDC06,
    0xDBE5, 0xE3E4, 0xDBC4, 0xF54A, 0xFE0D, 0xFE2E, 0xCC29, 0x81A0, 0x89C0, 0x81E2, 0x3102, 0x00A3, 0x08E5, 0x00E5, 0x0105, 0x0105,
    0x00E4, 0x0105, 0x0187, 0x126B, 0x236F, 0x3453, 0x3CD4, 0x3CD4, 0x3473, 0x2BB0, 0x1AED, 0x124A, 0x09A8, 0x0146, 0x0105, 0x00E4,
    0x00C4, 0x00A4, 0x00A4, 0x00A4, 0x00C4, 0x00C4, 0x00C4, 0x00C4, 0x00C4, 0x00C4, 0x00C4, 0x00C4, 0x00C4, 0x00C4, 0x00C4, 0x00E5,
    0x0105, 0x0126, 0x0187, 0x09E9, 0x128B, 0x1B4E, 0x2411, 0x34D4, 0x3536, 0x3515, 0x2CB4, 0x1BD0, 0x12CC, 0x022A, 0x01C8, 0x01C8,
    0x01C8, 0x01C8, 0x0167, 0x0188, 0x0126, 0x2944, 0x81E2, 0x89C1, 0x7960, 0xBBC7, 0xFE2E, 0xFE0D, 0xF52A, 0xDBC4, 0xE3E4, 0xDBE5,
    0xDC06, 0xDC48, 0xABA8, 0x7328, 0x6533, 0x5F7E, 0x575E, 0x777E, 0x8FBF, 0x87BF, 0x677F, 0x6F5E, 0xA5F3, 0xC50B, 0xD4A9, 0xE467,
    0xEC66, 0xA262, 0x89A0, 0x79C2, 0x10C3, 0x00E5, 0x0126, 0x0187, 0x01A8, 0x01E9, 0x3D76, 0x57FF, 0x57DF, 0x2C52, 0x0167, 0x0187,
    0x0146, 0x0105, 0x00C4, 0x0083, 0x0082, 0x0062, 0x0042, 0x0041, 0x0021, 0x0021, 0x0021, 0x0001, 0x0001, 0x0000, 0x0000, 0x0000,
    0x0000, 0x0000, 0x0000, 0x0000, 0x0000, 0x0000, 0x2965, 0xF79E, 0xFFFF, 0xFFFF, 0xFFFF, 0xFFFF, 0xFFFF, 0xFFFF, 0xFFFF, 0xFFFF,
    0xFFFF, 0xFFFF, 0xFFFF, 0xFFFF, 0xFFFF, 0xFFFF, 0xFFFF, 0xFFFF, 0xFFFF, 0xFFFF, 0xFFFF, 0xFFFF, 0xFFFF, 0xFFFF, 0xFFFF, 0xFFFF,
    0xFFFF, 0xFFFF, 0xFFFF, 0xFFFF, 0xFFFF, 0xFFFF, 0xFFFF, 0xFFFF, 0xFFFF, 0xFFFF, 0xFFFF, 0xFFFF, 0xFFFF, 0xFFFF, 0xFFFF, 0xFFFF,
    0xFFFF, 0xFFFF, 0xFFFF, 0xFFFF, 0xFFFF, 0xFFFF, 0xFFDF, 0xFFFF, 0x5ACB, 0x0000, 0x0020, 0x0000, 0x0000, 0x0000, 0x0000, 0x0000,
    0x0000, 0x0001, 0x0001, 0x0001, 0x0001, 0x0021, 0x0021, 0x0042, 0x0042, 0x0062, 0x0083, 0x0083, 0x00A4, 0x00E5, 0x0126, 0x0187,
    0x0187, 0x2431, 0x5FDF, 0x5FFF, 0x3535, 0x0209, 0x01E9, 0x01A8, 0x01A8, 0x0146, 0x00C4, 0x20E3, 0x81E2, 0x8180, 0xB2E3, 0xEC87,
    0xDC67, 0xD4CA, 0xBD0C, 0x8E56, 0x675E, 0x97BE, 0xBFFF, 0xB7FF, 0xAFFF, 0x87BE, 0x577E, 0x677D, 0x74D0, 0x8328, 0xB3A7, 0xDC47,
    0xDC05, 0xDC05, 0xE3E4, 0xDBE4, 0xF58B, 0xFDED, 0xFE2E, 0xC428, 0x8180, 0x89C0, 0x79E2, 0x28E2, 0x0083, 0x08E5, 0x00E5, 0x0946,
    0x1AAC, 0x2BF1, 0x3CD4, 0x4515, 0x3C93, 0x2B8F, 0x1A6B, 0x0987, 0x00E5, 0x00A3, 0x0083, 0x0083, 0x0083, 0x00A4, 0x00C4, 0x00C4,
    0x00C4, 0x00E5, 0x00E5, 0x00E5, 0x00E5, 0x00E5, 0x00E5, 0x00E5, 0x00E5, 0x00E5, 0x00E5, 0x00E5, 0x00E5, 0x0105, 0x00E5, 0x00E5,
    0x00E5, 0x00E5, 0x00E5, 0x00C4, 0x00C4, 0x00C4, 0x00E5, 0x0146, 0x09C8, 0x12AC, 0x23D0, 0x34B4, 0x3536, 0x34F5, 0x23F1, 0x12ED,
    0x09C8, 0x0167, 0x0187, 0x0126, 0x2944, 0x8202, 0x89C0, 0x7960, 0xC407, 0xFE4E, 0xFE0C, 0xF54A, 0xDBA4, 0xE3C4, 0xDBE5, 0xDC05,
    0xDC47, 0xB3C8, 0x8328, 0x6CD1, 0x677E, 0x577E, 0x879E, 0xAFFF, 0xB7FF, 0xB7FF, 0x8FBF, 0x677F, 0x9677, 0xBD2D, 0xD4CA, 0xDC67,
    0xEC87, 0xBAE3, 0x8980, 0x89E1, 0x20E2, 0x00C4, 0x0105, 0x0146, 0x0167, 0x01C9, 0x01E9, 0x3535, 0x57FF, 0x57FF, 0x2C72, 0x0187,
    0x0188, 0x0146, 0x0105, 0x00C4, 0x0083, 0x0082, 0x0062, 0x0042, 0x0041, 0x0021, 0x0021, 0x0001, 0x0001, 0x0001, 0x0000, 0x0000,
    0x0000, 0x0000, 0x0000, 0x0000, 0x0000, 0x0020, 0x0000, 0x5AEB, 0xFFFF, 0xFFDF, 0xFFFF, 0xFFFF, 0xFFFF, 0xFFFF, 0xFFFF, 0xFFFF,
    0xFFFF, 0xFFFF, 0xFFFF, 0xFFFF, 0xFFFF, 0xFFFF, 0xFFFF, 0xFFFF, 0xFFFF, 0xFFFF, 0xFFFF, 0xFFFF, 0xFFFF, 0xFFFF, 0xFFFF, 0xFFFF,
    0xFFFF, 0xFFFF, 0xFFFF, 0xFFFF, 0xFFFF, 0xFFFF, 0xFFFF, 0xFFFF, 0xFFFF, 0xFFFF, 0xFFFF, 0xFFFF, 0xFFFF, 0xFFFF, 0xFFFF, 0xFFFF,
    0xFFFF, 0xFFFF, 0xFFFF, 0xFFFF, 0xFFFF, 0xFFFF, 0xFFFF, 0x9CD3, 0x0000, 0x0020, 0x0000, 0x0000, 0x0000, 0x0000, 0x0000, 0x0000,
    0x0001, 0x0001, 0x0001, 0x0001, 0x0021, 0x0021, 0x0041, 0x0042, 0x0062, 0x0062, 0x0083, 0x00A3, 0x00E4, 0x0126, 0x0187, 0x0187,
    0x2431, 0x5FDF, 0x5FFF, 0x3514, 0x01C8, 0x01E9, 0x0167, 0x0A6B, 0x44B4, 0x0126, 0x00A4, 0x3902, 0x91E1, 0x8180, 0xCB85, 0xEC87,
    0xDC88, 0xCCEA, 0xB54E, 0x76DA, 0x6F7E, 0xB7FF, 0xB7FF, 0xB7FF, 0xB7FF, 0xB7FF, 0x87BE, 0x577E, 0x6F1C, 0x746E, 0x8B28, 0xBBE8,
    0xDC47, 0xDC05, 0xE405, 0xE3C4, 0xDC05, 0xF5AB, 0xFDEC, 0xFE2E, 0xC428, 0x7980, 0x89C1, 0x79E2, 0x3102, 0x00C4, 0x00E5, 0x0946,
    0x3C32, 0x3431, 0x1ACC, 0x09C8, 0x0105, 0x00A4, 0x0083, 0x00A4, 0x00C4, 0x00C4, 0x00C4, 0x00C4, 0x00C4, 0x00C4, 0x00C4, 0x00C4,
    0x00C4, 0x00C4, 0x00C4, 0x00C4, 0x00C4, 0x00C4, 0x00C4, 0x00C4, 0x00C4, 0x00C4, 0x00C4, 0x00C4, 0x00C5, 0x00C4, 0x00C4, 0x00E5,
    0x00E5, 0x00E5, 0x00E5, 0x00E5, 0x00E5, 0x00E5, 0x00E5, 0x00E5, 0x00E4, 0x00E4, 0x00E5, 0x0146, 0x0A09, 0x1B2D, 0x2C52, 0x3493,
    0x09A7, 0x0105, 0x0125, 0x2944, 0x8202, 0x91E1, 0x8180, 0xC428, 0xFE4E, 0xFDEC, 0xF58B, 0xE3E4, 0xE3A3, 0xDBE4, 0xDBE5, 0xDC47,
    0xBBE8, 0x8328, 0x744E, 0x6F1C, 0x577F, 0x879E, 0xB7FF, 0xAFFF, 0xAFFF, 0xB7FF, 0xAFFF, 0x6F9F, 0x7EFA, 0xB54E, 0xCCEA, 0xDC88,
    0xEC87, 0xCB65, 0x89A0, 0x9201, 0x3902, 0x0084, 0x00E5, 0x3C52, 0x0A4A, 0x0167, 0x01E9, 0x01C8, 0x2CF4, 0x57FF, 0x5FFF, 0x2C72,
    0x0187, 0x01A8, 0x0146, 0x00E4, 0x00A3, 0x0083, 0x0062, 0x0062, 0x0042, 0x0021, 0x0021, 0x0021, 0x0001, 0x0001, 0x0001, 0x0020,
    0x0000, 0x0000, 0x0000, 0x0000, 0x0000, 0x0000, 0x0020, 0x0000, 0x94B2, 0xFFFF, 0xFFDF, 0xFFFF, 0xFFFF, 0xFFFF, 0xFFFF, 0xFFFF,
    0xFFFF, 0xFFFF, 0xFFFF, 0xFFFF, 0xFFFF, 0xFFFF, 0xFFFF, 0xFFFF, 0xFFFF, 0xFFFF, 0xFFFF, 0xFFFF, 0xFFFF, 0xFFFF, 0xFFFF, 0xFFFF,
    0xFFFF, 0xFFFF, 0xFFFF, 0xFFFF, 0xFFFF, 0xFFFF, 0xFFFF, 0xFFFF, 0xFFFF, 0xFFFF, 0xFFFF, 0xFFFF, 0xFFFF, 0xFFFF, 0xFFFF, 0xFFFF,
    0xFFFF, 0xFFFF, 0xFFFF, 0xFFFF, 0xFFFF, 0xFFFF, 0xD69A, 0x0841, 0x0000, 0x0000, 0x0000, 0x0000, 0x0000, 0x0000, 0x0000, 0x0001,
    0x0001, 0x0000, 0x0001, 0x0021, 0x0021, 0x0041, 0x0042, 0x0062, 0x0062, 0x0083, 0x00A3, 0x00E5, 0x0126, 0x0187, 0x0187, 0x2411,
    0x5FDF, 0x5FFF, 0x34F4, 0x01A8, 0x01E9, 0x0166, 0x0A2A, 0x4E9B, 0x3D15, 0x00C4, 0x00A4, 0x4942, 0x91E1, 0x89C0, 0xDBE6, 0xEC87,
    0xDCA9, 0xCCEB, 0xA590, 0x6F1C, 0x87BF, 0xBFFF, 0xB7FF, 0xB7FF, 0xB7FF, 0xB7FF, 0xB7FF, 0x7F9E, 0x579F, 0x76BA, 0x83EC, 0x9348,
    0xCC08, 0xDC26, 0xDBE5, 0xE3E5, 0xE3A4, 0xE425, 0xF529, 0xFDEC, 0xFE2E, 0xC428, 0x7980, 0x89C1, 0x8202, 0x3103, 0x00C4, 0x00C4,
    0x00E5, 0x00C4, 0x0083, 0x00A3, 0x00C4, 0x00C4, 0x00C4, 0x00C4, 0x00C4, 0x00C4, 0x00C4, 0x00C4, 0x00C4, 0x00A4, 0x00C4, 0x00C4,
    0x00C4, 0x00C4, 0x00C4, 0x00C4, 0x00A4, 0x00A4, 0x00A4, 0x00A4, 0x00A4, 0x00A4, 0x00A4, 0x00C4, 0x00C4, 0x00C4, 0x00C4, 0x00C4,
    0x00C4, 0x00C4, 0x00C4, 0x00C4, 0x00C4, 0x00C4, 0x00E4, 0x00E4, 0x00E5, 0x0105, 0x0105, 0x0105, 0x00E5, 0x00C4, 0x0105, 0x0125,
    0x00E4, 0x00E4, 0x2103, 0x79E3, 0x91E1, 0x8180, 0xCC08, 0xFE4E, 0xFE0D, 0xF52A, 0xE3E4, 0xE3A3, 0xE3C4, 0xDBE5, 0xDC26, 0xC408,
    0x9347, 0x7BCB, 0x6E99, 0x5F9F, 0x7F7E, 0xB7FF, 0xB7FF, 0xAFFF, 0xAFFF, 0xAFFF, 0xB7FF, 0x87BF, 0x6F3C, 0xADB0, 0xCD0B, 0xDCA8,
    0xE487, 0xD3E5, 0x89C0, 0x91E1, 0x4942, 0x0083, 0x0063, 0x3493, 0x4E9B, 0x0A6B, 0x0167, 0x0209, 0x01E9, 0x2CF4, 0x57FF, 0x5FFF,
    0x2452, 0x0187, 0x0187, 0x0126, 0x00E4, 0x00A3, 0x0083, 0x0062, 0x0062, 0x0042, 0x0021, 0x0021, 0x0021, 0x0001, 0x0001, 0x0001,
    0x0001, 0x0000, 0x0000, 0x0000, 0x0000, 0x0000, 0x0000, 0x0000, 0x0841, 0xCE79, 0xFFFF, 0xFFFF, 0xFFFF, 0xFFFF, 0xFFFF, 0xFFFF,
    0xFFFF, 0xFFFF, 0xFFFF, 0xFFFF, 0xFFFF, 0xFFFF, 0xFFFF, 0xFFFF, 0xFFFF, 0xFFFF, 0xFFFF, 0xFFFF, 0xFFFF, 0xFFFF, 0xFFFF, 0xFFFF,
    0xFFFF, 0xFFFF, 0xFFFF, 0xFFFF, 0xFFFF, 0xFFFF, 0xFFFF, 0xFFFF, 0xFFFF, 0xFFFF, 0xFFFF, 0xFFFF, 0xFFFF, 0xFFFF, 0xFFFF, 0xFFFF,
    0xFFFF, 0xFFFF, 0xFFFF, 0xFFFF, 0xFFFF, 0xF7BE, 0x3186, 0x0000, 0x0000, 0x0000, 0x0000, 0x0000, 0x0000, 0x0000, 0x0001, 0x0001,
    0x0001, 0x0001, 0x0021, 0x0021, 0x0021, 0x0041, 0x0062, 0x0062, 0x0083, 0x00A3, 0x00E4, 0x0126, 0x0187, 0x0167, 0x23D0, 0x5FBF,
    0x5FFF, 0x3514, 0x01C8, 0x01E9, 0x0147, 0x0A4A, 0x467A, 0x3DB8, 0x0987, 0x00C4, 0x0083, 0x5962, 0x91E1, 0x9201, 0xE446, 0xE487,
    0xD4AA, 0xC50C, 0x9DF3, 0x675D, 0x9FDF, 0xB7FF, 0xB7FF, 0xB7FF, 0xB7FF, 0xB7FF, 0xB7FF, 0xAFFF, 0x6F7E, 0x5F9F, 0x75B5, 0x838A,
    0x9B47, 0xD427, 0xDC06, 0xDBE5, 0xE3C4, 0xE3A3, 0xDBC4, 0xFD8B, 0xFDED, 0xFE2E, 0xC428, 0x81A0, 0x91E0, 0x81E2, 0x2903, 0x00A4,
    0x00A4, 0x00A4, 0x00C4, 0x00A4, 0x00A4, 0x00A4, 0x00C4, 0x00C4, 0x00A4, 0x00A4, 0x00A4, 0x00A4, 0x0083, 0x0083, 0x0083, 0x0083,
    0x0083, 0x0083, 0x0084, 0x00A4, 0x00A4, 0x00A4, 0x00A4, 0x00A4, 0x00A4, 0x00A4, 0x00A4, 0x00A4, 0x00A4, 0x00A4, 0x0084, 0x0084,
    0x0084, 0x0084, 0x0084, 0x0084, 0x0084, 0x00A4, 0x00A4, 0x00C4, 0x00C4, 0x00C4, 0x00E4, 0x00E5, 0x0105, 0x0105, 0x00E5, 0x00E4,
    0x00C4, 0x18C2, 0x71C2, 0x89C1, 0x7980, 0xC3E8, 0xFE4E, 0xFE0D, 0xFDAB, 0xE3C4, 0xE3A3, 0xE3C4, 0xDBC4, 0xDC05, 0xD407, 0x9B26,
    0x7B49, 0x75B5, 0x5FBF, 0x6F7E, 0xAFFF, 0xB7FF, 0xB7FF, 0xB7FF, 0xAFFF, 0xAFFF, 0xB7FF, 0x9FDF, 0x6F5D, 0x9DF3, 0xC50B, 0xD4C9,
    0xE487, 0xE426, 0x91E0, 0x91E0, 0x5962, 0x0083, 0x00A4, 0x0167, 0x3D97, 0x4EDB, 0x12AC, 0x0187, 0x0209, 0x01E9, 0x2CF4, 0x57FF,
    0x57DF, 0x2411, 0x0187, 0x0187, 0x0125, 0x00E4, 0x00A3, 0x0082, 0x0062, 0x0042, 0x0041, 0x0021, 0x0021, 0x0021, 0x0001, 0x0021,
    0x0000, 0x0000, 0x0000, 0x0000, 0x0000, 0x0000, 0x0000, 0x0000, 0x0000, 0x2965, 0xF7BE, 0xFFFF, 0xFFFF, 0xFFFF, 0xFFFF, 0xFFFF,
    0xFFFF, 0xFFFF, 0xFFFF, 0xFFFF, 0xFFFF, 0xFFFF, 0xFFFF, 0xFFFF, 0xFFFF, 0xFFFF, 0xFFFF, 0xFFFF, 0xFFFF, 0xFFFF, 0xFFFF, 0xFFFF,
    0xFFFF, 0xFFFF, 0xFFFF, 0xFFFF, 0xFFFF, 0xFFFF, 0xFFFF, 0xFFFF, 0xFFFF, 0xFFFF, 0xFFFF, 0xFFFF, 0xFFFF, 0xFFFF, 0xFFFF, 0xFFFF,
    0xFFFF, 0xFFFF, 0xFFFF, 0xFFFF, 0xFFFF, 0x738E, 0x0000, 0x0020, 0x0000, 0x0000, 0x0000, 0x0000, 0x0000, 0x0000, 0x0000, 0x0001,
    0x0001, 0x0001, 0x0021, 0x0021, 0x0021, 0x0042, 0x0062, 0x0083, 0x00A3, 0x00C4, 0x0125, 0x0187, 0x0167, 0x1B8F, 0x5F9E, 0x5FFF,
    0x3535, 0x01E9, 0x0209, 0x0167, 0x0A6B, 0x469B, 0x3D97, 0x0167, 0x00A3, 0x00C4, 0x0882, 0x69A2, 0x91C0, 0x9A41, 0xEC87, 0xE487,
    0xD4CA, 0xC52D, 0x8E35, 0x6F7E, 0xAFFF, 0xB7FF, 0xB7FF, 0xB7FF, 0xB7FF, 0xB7FF, 0xB7FF, 0xB7FF, 0x9FDF, 0x5F5E, 0x6F5E, 0x7CB0,
    0x8B28, 0xAB67, 0xDC27, 0xDBE5, 0xDBC4, 0xE3C4, 0xDB83, 0xE487, 0xFE0D, 0xF5EC, 0xFE4F, 0xC408, 0x81A0, 0x9201, 0x79E2, 0x20C2,
    0x0083, 0x00A4, 0x00A4, 0x00A4, 0x00A4, 0x00A4, 0x0083, 0x0083, 0x0883, 0x10A2, 0x18C2, 0x28E2, 0x3102, 0x3102, 0x3902, 0x3902,
    0x3102, 0x3102, 0x20E2, 0x18A3, 0x0882, 0x0083, 0x0083, 0x0083, 0x0083, 0x0083, 0x0083, 0x08A2, 0x18C3, 0x20E3, 0x3102, 0x3102,
    0x3923, 0x3923, 0x3903, 0x30E2, 0x28E2, 0x18C3, 0x10A3, 0x0083, 0x0083, 0x00A4, 0x00A4, 0x00C4, 0x00C4, 0x00C4, 0x00E5, 0x00C4,
    0x18A2, 0x69A2, 0x89C1, 0x7960, 0xBBA7, 0xFE4E, 0xFE0C, 0xFE0D, 0xEC87, 0xE3A3, 0xE3E4, 0xE3C4, 0xDBE4, 0xDC26, 0xA326, 0x82E6,
    0x748F, 0x675E, 0x677E, 0x9FDF, 0xB7FF, 0xB7FF, 0xB7FF, 0xB7FF, 0xB7FF, 0xAFFF, 0xB7FF, 0xA7FF, 0x6F7E, 0x9655, 0xC52C, 0xD4EA,
    0xE487, 0xE467, 0x9A41, 0x89C0, 0x69A2, 0x0882, 0x00A4, 0x00E5, 0x01A8, 0x3D76, 0x56FC, 0x12ED, 0x01A8, 0x022A, 0x01E9, 0x3535,
    0x5FFF, 0x57BE, 0x1BAF, 0x0167, 0x0187, 0x0125, 0x00C4, 0x0083, 0x0082, 0x0062, 0x0042, 0x0021, 0x0021, 0x0021, 0x0001, 0x0001,
    0x0000, 0x0000, 0x0000, 0x0000, 0x0000, 0x0000, 0x0000, 0x0000, 0x0020, 0x0000, 0x6B6D, 0xFFFF, 0xFFFF, 0xFFFF, 0xFFFF, 0xFFFF,
    0xFFFF, 0xFFFF, 0xFFFF, 0xFFFF, 0xFFFF, 0xFFFF, 0xFFFF, 0xFFFF, 0xFFFF, 0xFFFF, 0xFFFF, 0xFFFF, 0xFFFF, 0xFFFF, 0xFFFF, 0xFFFF,
    0xFFFF, 0xFFFF, 0xFFFF, 0xFFFF, 0xFFFF, 0xFFFF, 0xFFFF, 0xFFFF, 0xFFFF, 0xFFFF, 0xFFFF, 0xFFFF, 0xFFFF, 0xFFFF, 0xFFFF, 0xFFFF,
    0xFFFF, 0xFFFF, 0xFFFF, 0xFFFF, 0xC618, 0x0000, 0x0020, 0x0000, 0x0000, 0x0000, 0x0000, 0x0000, 0x0000, 0x0001, 0x0000, 0x0001,
    0x0001, 0x0021, 0x0021, 0x0021, 0x0041, 0x0062, 0x0083, 0x0083, 0x00C4, 0x0125, 0x0187, 0x0167, 0x132D, 0x577E, 0x5FFF, 0x3D76,
    0x0209, 0x020A, 0x0188, 0x12CC, 0x4EDC, 0x3D97, 0x0146, 0x00C4, 0x00E4, 0x0083, 0x1082, 0x79E2, 0x89C0, 0xA282, 0xECA7, 0xDC88,
    0xD4EB, 0xBD2D, 0x8677, 0x779F, 0xB7FF, 0xB7FF, 0xB7FF, 0xB7FF, 0xB7FF, 0xB7FF, 0xB7FF, 0xB7FF, 0xB7FF, 0x879E, 0x5F7F, 0x769A,
    0x7BCC, 0x8B07, 0xBB86, 0xDC06, 0xDBC4, 0xE3C4, 0xE3A4, 0xDBE4, 0xF56A, 0xF5CC, 0xFE0D, 0xFE4F, 0xBBA7, 0x8180, 0x91E1, 0x69A2,
    0x1081, 0x0083, 0x0083, 0x0063, 0x0882, 0x18A2, 0x30E2, 0x4942, 0x6182, 0x71C2, 0x81E2, 0x81E2, 0x8A02, 0x89E2, 0x89E2, 0x89E2,
    0x89E2, 0x89E2, 0x81E2, 0x79E2, 0x69C2, 0x6182, 0x5162, 0x4122, 0x3902, 0x5162, 0x61A2, 0x69C2, 0x79E2, 0x8202, 0x8A02, 0x8A02,
    0x8A02, 0x8A02, 0x89E2, 0x89E2, 0x8202, 0x81E2, 0x71C3, 0x61A2, 0x4943, 0x3102, 0x18C2, 0x0083, 0x0083, 0x00A4, 0x00A4, 0x10A2,
    0x69A2, 0x89E1, 0x7140, 0xAB66, 0xFE2D, 0xFDEC, 0xFDAC, 0xF509, 0xE3C4, 0xE3C4, 0xE3E4, 0xDBE4, 0xDC25, 0xB386, 0x82C5, 0x738A,
    0x6EBA, 0x5F9F, 0x7F9E, 0xB7FF, 0xB7FF, 0xB7FF, 0xB7FF, 0xB7FF, 0xB7FF, 0xAFFF, 0xAFFF, 0xAFFF, 0x779F, 0x8697, 0xBD4D, 0xD4EA,
    0xDCA8, 0xEC87, 0xA282, 0x89C0, 0x79C2, 0x1082, 0x00A4, 0x0105, 0x0147, 0x0188, 0x3D56, 0x571D, 0x130D, 0x01A8, 0x0A2A, 0x0209,
    0x3576, 0x5FFF, 0x577D, 0x132D, 0x0167, 0x0167, 0x0105, 0x00A3, 0x0083, 0x0062, 0x0042, 0x0021, 0x0021, 0x0021, 0x0021, 0x0021,
    0x0000, 0x0021, 0x0000, 0x0000, 0x0000, 0x0000, 0x0000, 0x0000, 0x0000, 0x0000, 0x0000, 0xBDD7, 0xFFFF, 0xFFFF, 0xFFFF, 0xFFFF,
    0xFFFF, 0xFFFF, 0xFFFF, 0xFFFF, 0xFFFF, 0xFFFF, 0xFFFF, 0xFFFF, 0xFFFF, 0xFFFF, 0xFFFF, 0xFFFF, 0xFFFF, 0xFFFF, 0xFFFF, 0xFFFF,
    0xFFFF, 0xFFFF, 0xFFFF, 0xFFFF, 0xFFFF, 0xFFFF, 0xFFFF, 0xFFFF, 0xFFFF, 0xFFFF, 0xFFFF, 0xFFFF, 0xFFFF, 0xFFFF, 0xFFFF, 0xFFFF,
    0xFFFF, 0xFFFF, 0xFFFF, 0xF79E, 0x2124, 0x0000, 0x0000, 0x0000, 0x0000, 0x0000, 0x0000, 0x0000, 0x0000, 0x0001, 0x0001, 0x0001,
    0x0021, 0x0021, 0x0041, 0x0041, 0x0062, 0x0082, 0x0083, 0x00C4, 0x0105, 0x0167, 0x0187, 0x0AAC, 0x573C, 0x5FFF, 0x45D7, 0x0209,
    0x0209, 0x01A8, 0x12AC, 0x56DC, 0x3DB7, 0x0187, 0x00C4, 0x22CC, 0x1166, 0x0062, 0x18A2, 0x81E2, 0x89A0, 0xB2C3, 0xECA7, 0xDC88,
    0xCCEB, 0xB54E, 0x7EB9, 0x7FBF, 0xB7FF, 0xB7FF, 0xB7FF, 0xB7FF, 0xB7FF, 0xB7FF, 0xB7FF, 0xB7FF, 0xB7FF, 0xAFFF, 0x675E, 0x677F,
    0x7574, 0x8349, 0x92E6, 0xCBC6, 0xE405, 0xE3E4, 0xE3C4, 0xDBC4, 0xECA7, 0xE487, 0xFDED, 0xFE0E, 0xFE2F, 0xAB25, 0x7960, 0x89E1,
    0x6162, 0x1061, 0x18A2, 0x4122, 0x6182, 0x79C2, 0x89E2, 0x89C1, 0x81A0, 0x8180, 0x8180, 0x7980, 0x81A0, 0x81C0, 0x81C1, 0x81C1,
    0x81A0, 0x79A0, 0x7980, 0x7980, 0x8180, 0x89C1, 0x91E1, 0x9202, 0x9202, 0x89E1, 0x89C1, 0x8180, 0x7980, 0x7980, 0x7980, 0x81A0,
    0x81C0, 0x81C0, 0x81A0, 0x81A0, 0x7980, 0x8180, 0x81A0, 0x89C1, 0x89E1, 0x8A02, 0x79E2, 0x61A2, 0x4122, 0x18A2, 0x1082, 0x61A2,
    0x9201, 0x7960, 0xA2E4, 0xFDED, 0xFDEC, 0xFDCC, 0xE426, 0xE3E5, 0xE3C4, 0xE3C4, 0xDBE4, 0xDC05, 0xCBE6, 0x8AC5, 0x7B27, 0x6D74,
    0x5F9F, 0x675E, 0xAFFF, 0xBFFF, 0xB7FF, 0xB7FF, 0xB7FF, 0xB7FF, 0xB7FF, 0xB7FF, 0xAFFF, 0xB7FF, 0x7FBF, 0x7ED9, 0xBD6E, 0xCCEA,
    0xDCA8, 0xECA8, 0xB2E3, 0x89C0, 0x81E2, 0x18A2, 0x0083, 0x1187, 0x234E, 0x0167, 0x01A8, 0x3D76, 0x56FC, 0x0ACC, 0x0188, 0x0209,
    0x0209, 0x3DB7, 0x5FFF, 0x571C, 0x0AAB, 0x0167, 0x0146, 0x00E4, 0x00A3, 0x0082, 0x0062, 0x0041, 0x0021, 0x0021, 0x0021, 0x0021,
    0x0001, 0x0021, 0x0000, 0x0000, 0x0000, 0x0000, 0x0000, 0x0000, 0x0000, 0x0000, 0x0000, 0x2124, 0xF79E, 0xFFFF, 0xFFFF, 0xFFFF,
    0xFFFF, 0xFFFF, 0xFFFF, 0xFFFF, 0xFFFF, 0xFFFF, 0xFFFF, 0xFFFF, 0xFFFF, 0xFFFF, 0xFFFF, 0xFFFF, 0xFFFF, 0xFFFF, 0xFFFF, 0xFFFF,
    0xFFFF, 0xFFFF, 0xFFFF, 0xFFFF, 0xFFFF, 0xFFFF, 0xFFFF, 0xFFFF, 0xFFFF, 0xFFFF, 0xFFFF, 0xFFFF, 0xFFFF, 0xFFFF, 0xFFFF, 0xFFFF,
    0xFFFF, 0xFFFF, 0xFFFF, 0x6B6D, 0x0000, 0x0020, 0x0000, 0x0000, 0x0000, 0x0000, 0x0000, 0x0000, 0x0001, 0x0001, 0x0001, 0x0001,
    0x0021, 0x0021, 0x0042, 0x0042, 0x0062, 0x0083, 0x00A4, 0x00E5, 0x0146, 0x0187, 0x022A, 0x4EBB, 0x5FFF, 0x4E59, 0x0229, 0x01E9,
    0x0188, 0x0A6B, 0x4EBB, 0x45B8, 0x01A8, 0x0105, 0x1B0D, 0x44F5, 0x0905, 0x0062, 0x20C2, 0x8A02, 0x8980, 0xBB03, 0xECA7, 0xDCA8,
    0xCCEB, 0xB56F, 0x76DA, 0x87BF, 0xB7FF, 0xB7FF, 0xB7FF, 0xB7FF, 0xB7FF, 0xB7FF, 0xB7FF, 0xAFFF, 0x8F9E, 0xA7DF, 0x8FBF, 0x5F5E,
    0x671C, 0x744E, 0x8307, 0xA305, 0xDC06, 0xE3E4, 0xE3E4, 0xE3C4, 0xE3E4, 0xE3A3, 0xE487, 0xFE0D, 0xFDED, 0xFDEE, 0x9AA4, 0x8160,
    0x89E1, 0x7182, 0x81E2, 0x89E2, 0x89C0, 0x7980, 0x7960, 0x81C0, 0x9242, 0xA305, 0xBBC7, 0xCC69, 0xDCEB, 0xE52B, 0xE52C, 0xE52C,
    0xE50B, 0xDCEA, 0xCC69, 0xBBE7, 0xAB25, 0x9A83, 0x89E1, 0x81A0, 0x7980, 0x81E1, 0x9263, 0xAB25, 0xBBC7, 0xC449, 0xD4AA, 0xDD0B,
    0xE52B, 0xE54B, 0xE52B, 0xDCEA, 0xCC69, 0xBBC7, 0xA325, 0x9262, 0x81C1, 0x7980, 0x8180, 0x89C1, 0x89E1, 0x79C2, 0x71A2, 0x9201,
    0x8180, 0xA2C4, 0xFDED, 0xFDEC, 0xFDEC, 0xE466, 0xDB83, 0xE3C4, 0xE3C4, 0xE3E4, 0xDBE4, 0xDC26, 0xA326, 0x82E6, 0x742D, 0x673D,
    0x577F, 0x87BE, 0xA7DF, 0x877E, 0xAFDF, 0xB7FF, 0xB7FF, 0xB7FF, 0xB7FF, 0xB7FF, 0xAFFF, 0xB7FF, 0x87BF, 0x76FA, 0xB56F, 0xCD0B,
    0xDCA8, 0xECA8, 0xBB24, 0x89A0, 0x9202, 0x28E2, 0x0063, 0x0946, 0x4DF8, 0x1BB0, 0x0167, 0x01A8, 0x3D76, 0x4EBB, 0x0A6B, 0x0187,
    0x01E9, 0x022A, 0x4639, 0x5FFF, 0x4E9A, 0x0229, 0x0146, 0x0125, 0x00C3, 0x0083, 0x0062, 0x0042, 0x0021, 0x0021, 0x0021, 0x0021,
    0x0001, 0x0001, 0x0001, 0x0020, 0x0000, 0x0000, 0x0000, 0x0000, 0x0000, 0x0000, 0x0020, 0x0000, 0x6B4D, 0xFFFF, 0xFFFF, 0xFFFF,
    0xFFFF, 0xFFFF, 0xFFFF, 0xFFFF, 0xFFFF, 0xFFFF, 0xFFFF, 0xFFFF, 0xFFFF, 0xFFFF, 0xFFFF, 0xFFFF, 0xFFFF, 0xFFFF, 0xFFFF, 0xFFFF,
    0xFFFF, 0xFFFF, 0xFFFF, 0xFFFF, 0xFFFF, 0xFFFF, 0xFFFF, 0xFFFF, 0xFFFF, 0xFFFF, 0xFFFF, 0xFFFF, 0xFFFF, 0xFFFF, 0xFFFF, 0xFFFF,
    0xFFFF, 0xFFFF, 0xC618, 0x0000, 0x0000, 0x0000, 0x0000, 0x0000, 0x0000, 0x0000, 0x0000, 0x0000, 0x0021, 0x0001, 0x0001, 0x0021,
    0x0021, 0x0041, 0x0042, 0x0062, 0x0083, 0x00A3, 0x00E5, 0x0146, 0x0187, 0x01C8, 0x45F8, 0x5FFF, 0x56FC, 0x0A8B, 0x01C8, 0x01A8,
    0x0A09, 0x4E5A, 0x45F8, 0x01E8, 0x0126, 0x1B0D, 0x4577, 0x1B0D, 0x0083, 0x0063, 0x28E2, 0x8A02, 0x89A0, 0xC344, 0xECA7, 0xDCA9,
    0xCD0C, 0xAD90, 0x6EFB, 0x8FBF, 0xB7FF, 0xB7FF, 0xB7FF, 0xB7FF, 0xB7FF, 0xB7FF, 0xB7FF, 0xB7FF, 0x8FBE, 0x5F5E, 0x779F, 0x5F5E,
    0x5F7F, 0x6E17, 0x7B69, 0x8AC5, 0xBB86, 0xE405, 0xE3E4, 0xE3E4, 0xE3C3, 0xE3C4, 0xDBA3, 0xECC8, 0xFDED, 0xFDED, 0xF58D, 0x9222,
    0x89A0, 0x91E1, 0x8180, 0x8180, 0x8A02, 0xA305, 0xCC49, 0xE54C, 0xF5ED, 0xFE2E, 0xFE4E, 0xFE4E, 0xFE2E, 0xFE2E, 0xFE2E, 0xFE2E,
    0xFE2E, 0xFE2D, 0xFE2E, 0xFE2E, 0xFE2E, 0xFDED, 0xED6C, 0xD4CA, 0xD4AA, 0xED6C, 0xFDED, 0xFE2E, 0xFE4E, 0xFE4E, 0xFE4E, 0xFE2E,
    0xFE2E, 0xFE2E, 0xFE2E, 0xFE4E, 0xFE4E, 0xFE4E, 0xFE2E, 0xF5ED, 0xE54B, 0xCC49, 0xA325, 0x8A02, 0x7980, 0x7980, 0x89C1, 0x89A0,
    0x9242, 0xF5CD, 0xFE0D, 0xFDEC, 0xECA7, 0xDB82, 0xE3A3, 0xE3A3, 0xE3C4, 0xDBC4, 0xDC05, 0xBBA6, 0x8AC6, 0x7B69, 0x6E17, 0x5F9F,
    0x5F7E, 0x779E, 0x5F5D, 0x879E, 0xB7FF, 0xB7FF, 0xB7FF, 0xB7FF, 0xB7FF, 0xAFFF, 0xAFFF, 0xB7FF, 0x8FDF, 0x771B, 0xAD90, 0xCD0B,
    0xD4A9, 0xECA8, 0xC364, 0x89A0, 0x9222, 0x3102, 0x0083, 0x00E4, 0x3D15, 0x46BB, 0x1B6F, 0x0126, 0x01A8, 0x3D97, 0x467A, 0x0A0A,
    0x01A8, 0x01E9, 0x028B, 0x4EDB, 0x5FFF, 0x45D7, 0x0187, 0x0125, 0x00E4, 0x00A3, 0x0062, 0x0062, 0x0041, 0x0021, 0x0021, 0x0021,
    0x0021, 0x0001, 0x0001, 0x0001, 0x0000, 0x0000, 0x0000, 0x0000, 0x0000, 0x0000, 0x0000, 0x0000, 0x0000, 0xC618, 0xFFFF, 0xFFFF,
    0xFFFF, 0xFFFF, 0xFFFF, 0xFFFF, 0xFFFF, 0xFFFF, 0xFFFF, 0xFFFF, 0xFFFF, 0xFFFF, 0xFFFF, 0xFFFF, 0xFFFF, 0xFFFF, 0xFFFF, 0xFFFF,
    0xFFFF, 0xFFFF, 0xFFFF, 0xFFFF, 0xFFFF, 0xFFFF, 0xFFFF, 0xFFFF, 0xFFFF, 0xFFFF, 0xFFFF, 0xFFFF, 0xFFFF, 0xFFFF, 0xFFFF, 0xFFFF,
    0xFFFF, 0xFFDF, 0x2965, 0x0000, 0x0000, 0x0000, 0x0000, 0x0000, 0x0000, 0x0000, 0x0000, 0x0001, 0x0001, 0x0020, 0x0021, 0x0021,
    0x0021, 0x0041, 0x0062, 0x0082, 0x00A3, 0x00E4, 0x0126, 0x0187, 0x0187, 0x34F4, 0x5FFF, 0x5F7D, 0x132D, 0x01C8, 0x01C8, 0x01C8,
    0x45F9, 0x4639, 0x09E8, 0x0105, 0x12ED, 0x3D77, 0x236F, 0x00C4, 0x00A3, 0x0063, 0x3902, 0x9201, 0x89A0, 0xCB85, 0xECA7, 0xDCA9,
    0xCD0C, 0xA590, 0x6F1B, 0x97DF, 0xB7FF, 0xB7FF, 0xB7FF, 0xB7FF, 0xB7FF, 0xB7FF, 0xB7FF, 0xB7FF, 0xAFFF, 0x6F7E, 0x575E, 0x5F7E,
    0x575E, 0x675D, 0x74B0, 0x8307, 0x9AE5, 0xDC06, 0xE3E4, 0xE3E4, 0xE3C4, 0xE3C4, 0xE3A3, 0xDB83, 0xED09, 0xFDED, 0xFE0E, 0xE52C,
    0x81C1, 0x89C0, 0xA305, 0xCC89, 0xF5AD, 0xFE2E, 0xFE4E, 0xFE2E, 0xFE0D, 0xFE0D, 0xFDED, 0xFDED, 0xFDCC, 0xFDCC, 0xFDAC, 0xFDCC,
    0xFDCC, 0xFDCC, 0xFDED, 0xFDED, 0xFDED, 0xFDED, 0xFE0D, 0xFE2E, 0xFE2E, 0xFE0D, 0xFE0D, 0xFDED, 0xFDED, 0xFDED, 0xFDED, 0xFDCC,
    0xFDCC, 0xFDCC, 0xFDCC, 0xFDCC, 0xFDEC, 0xFDEC, 0xFE0D, 0xFE0D, 0xFE2E, 0xFE4E, 0xFE2E, 0xEDAC, 0xCC69, 0xA2E4, 0x81A0, 0x81C0,
    0xE54C, 0xFE2E, 0xFE0D, 0xED09, 0xDB83, 0xE3A3, 0xE3A3, 0xE3C4, 0xE3C4, 0xDBE4, 0xD406, 0x9AE5, 0x8307, 0x746F, 0x675E, 0x577F,
    0x5F7F, 0x577E, 0x6F7E, 0xB7FF, 0xB7FF, 0xB7FF, 0xB7FF, 0xB7FF, 0xB7FF, 0xB7FF, 0xAFFF, 0xB7FF, 0x97DF, 0x773C, 0xADB0, 0xCD0B,
    0xD4A9, 0xECA8, 0xCBA5, 0x89C0, 0x9A22, 0x3922, 0x0063, 0x08E5, 0x2B0D, 0x1BAF, 0x4E7B, 0x1B4F, 0x0126, 0x01C8, 0x4619, 0x4619,
    0x01C9, 0x01C9, 0x01E9, 0x130D, 0x573D, 0x5FFF, 0x34D4, 0x0125, 0x00E4, 0x00A3, 0x0082, 0x0062, 0x0041, 0x0041, 0x0021, 0x0021,
    0x0021, 0x0001, 0x0001, 0x0001, 0x0001, 0x0000, 0x0000, 0x0000, 0x0000, 0x0000, 0x0000, 0x0000, 0x0000, 0x2965, 0xFFDF, 0xFFFF,
    0xFFFF, 0xFFFF, 0xFFFF, 0xFFFF, 0xFFFF, 0xFFFF, 0xFFFF, 0xFFFF, 0xFFFF, 0xFFFF, 0xFFFF, 0xFFFF, 0xFFFF, 0xFFFF, 0xFFFF, 0xFFFF,
    0xFFFF, 0xFFFF, 0xFFFF, 0xFFFF, 0xFFFF, 0xFFFF, 0xFFFF, 0xFFFF, 0xFFFF, 0xFFFF, 0xFFFF, 0xFFFF, 0xFFFF, 0xFFFF, 0xFFFF, 0xFFFF,
    0xFFFF, 0x8430, 0x0000, 0x0020, 0x0000, 0x0000, 0x0000, 0x0000, 0x0000, 0x0000, 0x0000, 0x0001, 0x0001, 0x0021, 0x0021, 0x0021,
    0x0041, 0x0062, 0x0062, 0x0083, 0x00C4, 0x0105, 0x0187, 0x0167, 0x23F1, 0x5FDF, 0x5FDF, 0x2411, 0x01C8, 0x01E9, 0x0187, 0x3D56,
    0x4E9B, 0x0A29, 0x00C4, 0x128B, 0x3D77, 0x23B0, 0x0105, 0x00E5, 0x00A3, 0x0063, 0x4122, 0x9201, 0x89A0, 0xCBC5, 0xECA7, 0xDCA9,
    0xCD0C, 0xA5B1, 0x671C, 0x97DF, 0xB7FF, 0xB7FF, 0xB7FF, 0xB7FF, 0xB7FF, 0xB7FF, 0xB7FF, 0xB7FF, 0xB7FF, 0x97DF, 0x5F7E, 0x5F7F,
    0x5F5E, 0x577F, 0x6E58, 0x7B8A, 0x8AE6, 0xB345, 0xE405, 0xE3C4, 0xE3C4, 0xE3A3, 0xE3A3, 0xE3A3, 0xDBA3, 0xF54A, 0xFE0D, 0xFE2E,
    0xDD0B, 0xE50B, 0xFE4F, 0xFE6F, 0xFE2D, 0xFDED, 0xF5CC, 0xF5AB, 0xF56A, 0xF549, 0xF508, 0xF4E7, 0xF4E7, 0xF4C7, 0xF4C6, 0xF4C6,
    0xF4C7, 0xF4E7, 0xF508, 0xF529, 0xF56A, 0xFDAB, 0xFDCC, 0xFDED, 0xFDED, 0xFDCC, 0xFDAC, 0xF58A, 0xF549, 0xF528, 0xF507, 0xF4E7,
    0xF4E7, 0xF4C7, 0xF4C7, 0xF4C7, 0xF4E7, 0xF507, 0xF528, 0xF569, 0xFD8B, 0xFDCC, 0xFDEC, 0xFE0D, 0xFE4E, 0xFE2E, 0xDD0A, 0xDCEA,
    0xFE2E, 0xFE0D, 0xF56B, 0xDBA3, 0xE3A3, 0xE3A3, 0xE3A3, 0xE3C4, 0xDBC4, 0xE405, 0xB325, 0x8AA6, 0x7B69, 0x6E58, 0x5F9F, 0x5F5E,
    0x5F7F, 0x5F7E, 0x9FDF, 0xBFFF, 0xB7FF, 0xB7FF, 0xB7FF, 0xB7FF, 0xB7FF, 0xB7FF, 0xB7FF, 0xB7FF, 0x9FDF, 0x775C, 0xA5B1, 0xCD0B,
    0xD4C9, 0xECC8, 0xD3C5, 0x89C0, 0x9A21, 0x4922, 0x0063, 0x00A4, 0x0905, 0x00E4, 0x23D0, 0x4E9B, 0x1B2E, 0x0126, 0x0A4A, 0x4E7B,
    0x3D77, 0x01C8, 0x09E9, 0x01A8, 0x1B4E, 0x5F9E, 0x4535, 0x0105, 0x08E4, 0x08C3, 0x0883, 0x0862, 0x0041, 0x0041, 0x0021, 0x0021,
    0x0021, 0x0021, 0x0001, 0x0001, 0x0001, 0x0001, 0x0000, 0x0000, 0x0000, 0x0000, 0x0000, 0x0000, 0x0020, 0x0000, 0x8C51, 0xFFFF,
    0xFFFF, 0xFFFF, 0xFFFF, 0xFFFF, 0xFFFF, 0xFFFF, 0xFFFF, 0xFFFF, 0xFFFF, 0xFFFF, 0xFFFF, 0xFFFF, 0xFFFF, 0xFFFF, 0xFFFF, 0xFFFF,
    0xFFFF, 0xFFFF, 0xFFFF, 0xFFFF, 0xFFFF, 0xFFFF, 0xFFFF, 0xFFFF, 0xFFFF, 0xFFFF, 0xFFFF, 0xFFFF, 0xFFFF, 0xFFFF, 0xFFFF, 0xFFFF,
    0xDEFB, 0x0861, 0x0000, 0x0000, 0x0000, 0x0000, 0x0000, 0x0000, 0x0000, 0x0000, 0x0001, 0x0001, 0x0001, 0x0021, 0x0021, 0x0041,
    0x0042, 0x0062, 0x0083, 0x00A3, 0x00E5, 0x0146, 0x0167, 0x12EC, 0x575D, 0x5FFF, 0x3514, 0x01C8, 0x0209, 0x0187, 0x2C93, 0x56FD,
    0x12AB, 0x00C4, 0x0A0A, 0x3D36, 0x2BF1, 0x0126, 0x00E5, 0x00C4, 0x00A4, 0x0063, 0x4942, 0x9201, 0x91C0, 0xD3E6, 0xE4A7, 0xDCC9,
    0xCD0C, 0xA5D2, 0x673D, 0x97DF, 0xB7FF, 0xB7FF, 0xB7FF, 0xB7FF, 0xB7FF, 0xB7FF, 0xB7FF, 0xB7FF, 0xB7FF, 0xB7FF, 0x7F9E, 0x577E,
    0x5F7F, 0x575E, 0x677E, 0x7CF1, 0x8B27, 0x9284, 0xD3A5, 0xE3E4, 0xE3A3, 0xE3A3, 0xE3A3, 0xE3A3, 0xE3A3, 0xDBC4, 0xF58B, 0xFE0D,
    0xFE4E, 0xFE6E, 0xFDED, 0xF58B, 0xF56A, 0xF528, 0xF4E7, 0xF4C6, 0xF4A6, 0xF4A6, 0xF4C6, 0xF4C6, 0xF4C6, 0xF4C6, 0xF4C6, 0xF4C6,
    0xFCC6, 0xF4C6, 0xF4C6, 0xF4C6, 0xF4C6, 0xF4C6, 0xF507, 0xF549, 0xF549, 0xF507, 0xF4C6, 0xF4C6, 0xF4C6, 0xF4C6, 0xF4C6, 0xF4C6,
    0xF4C6, 0xF4C6, 0xF4C6, 0xF4C6, 0xF4C6, 0xF4C6, 0xF4A6, 0xF4A6, 0xF4A6, 0xF4C7, 0xF508, 0xF549, 0xF58B, 0xFDCC, 0xFE2E, 0xFE2D,
    0xFDEC, 0xFDAB, 0xDBE4, 0xE3A3, 0xE3A3, 0xE3A3, 0xE3A3, 0xE3A4, 0xE3E4, 0xCB85, 0x8A64, 0x82C6, 0x6CB1, 0x677E, 0x5F7E, 0x5F7F,
    0x577E, 0x7F9E, 0xB7FF, 0xB7FF, 0xB7FF, 0xB7FF, 0xB7FF, 0xB7FF, 0xB7FF, 0xB7FF, 0xB7FF, 0xB7FF, 0x9FDF, 0x775C, 0xA5D2, 0xCD0B,
    0xD4C9, 0xE4C8, 0xD406, 0x91E0, 0x9A01, 0x5142, 0x0063, 0x00A3, 0x00E4, 0x0926, 0x0126, 0x2C93, 0x56DC, 0x130D, 0x00E5, 0x13B0,
    0x579F, 0x2BF1, 0x0146, 0x09A7, 0x0146, 0x1A8B, 0x0966, 0x0904, 0x10E4, 0x10C3, 0x0883, 0x0862, 0x0862, 0x0041, 0x0021, 0x0021,
    0x0021, 0x0021, 0x0021, 0x0001, 0x0001, 0x0000, 0x0000, 0x0000, 0x0000, 0x0000, 0x0000, 0x0000, 0x0000, 0x0000, 0x0861, 0xDEFB,
    0xFFFF, 0xFFFF, 0xFFFF, 0xFFFF, 0xFFFF, 0xFFFF, 0xFFFF, 0xFFFF, 0xFFFF, 0xFFFF, 0xFFFF, 0xFFFF, 0xFFFF, 0xFFFF, 0xFFFF, 0xFFFF,
    0xFFFF, 0xFFFF, 0xFFFF, 0xFFFF, 0xFFFF, 0xFFFF, 0xFFFF, 0xFFFF, 0xFFFF, 0xFFFF, 0xFFFF, 0xFFFF, 0xFFFF, 0xFFFF, 0xFFFF, 0xFFFF,
    0x52AA, 0x0000, 0x0000, 0x0000, 0x0000, 0x0000, 0x0000, 0x0000, 0x0000, 0x0000, 0x0001, 0x0001, 0x0021, 0x0021, 0x0021, 0x0042,
    0x0062, 0x0083, 0x00A3, 0x00E4, 0x0126, 0x0187, 0x0209, 0x4E7A, 0x5FFF, 0x4618, 0x0209, 0x0209, 0x0187, 0x23D0, 0x5F3D, 0x238F,
    0x00E5, 0x09C8, 0x3D15, 0x2C32, 0x0105, 0x00E5, 0x00E5, 0x00C4, 0x00A4, 0x0063, 0x5162, 0x9201, 0x91C0, 0xDC06, 0xE4A7, 0xDCC9,
    0xC50C, 0xA5D2, 0x673D, 0x97DF, 0xB7FF, 0xB7FF, 0xB7FF, 0xB7FF, 0xB7FF, 0xB7FF, 0xB7FF, 0xB7FF, 0xB7FF, 0xB7FF, 0xA7DF, 0x677E,
    0x577F, 0x5F5E, 0x5F9F, 0x7E58, 0x8369, 0x8A85, 0xA2A3, 0xE3E5, 0xE3A3, 0xE3A3, 0xE3A3, 0xE3A3, 0xE3C3, 0xE3A3, 0xDBE5, 0xFDCC,
    0xF5AC, 0xECC8, 0xE425, 0xF4A6, 0xF4C6, 0xF4C6, 0xF4C6, 0xF4C6, 0xF4C6, 0xF4C6, 0xF4C6, 0xF4C6, 0xF4C6, 0xF4C6, 0xF4C6, 0xF4C6,
    0xF4C6, 0xF4C6, 0xF4E6, 0xF4E6, 0xF4E6, 0xF4E6, 0xF4C6, 0xF4C6, 0xF4C6, 0xF4C6, 0xF4C6, 0xF4C6, 0xFCC6, 0xF4C6, 0xF4C6, 0xF4C6,
    0xF4C6, 0xF4C6, 0xF4C6, 0xF4C6, 0xF4C6, 0xF4C6, 0xF4C6, 0xF4C6, 0xF4C6, 0xF4C6, 0xF4A6, 0xF4A6, 0xF4A6, 0xE426, 0xECA8, 0xFD8B,
    0xFDCC, 0xE405, 0xE3A3, 0xE3C3, 0xE3A3, 0xE3C3, 0xE3A4, 0xE3C4, 0xDBC5, 0xA283, 0x8A65, 0x7B08, 0x7638, 0x67BF, 0x5F7E, 0x5F7F,
    0x677E, 0xA7DF, 0xB7FF, 0xB7FF, 0xB7FF, 0xB7FF, 0xB7FF, 0xB7FF, 0xB7FF, 0xB7FF, 0xB7FF, 0xB7FF, 0x9FDF, 0x775D, 0xA5D2, 0xCD0B,
    0xD4C9, 0xE4C8, 0xDC26, 0x91E0, 0x9A01, 0x5162, 0x0063, 0x0083, 0x08C4, 0x0926, 0x0146, 0x0187, 0x3D56, 0x467A, 0x23F1, 0x4E9B,
    0x3D77, 0x09E9, 0x0146, 0x0946, 0x0946, 0x0104, 0x0925, 0x1125, 0x10E4, 0x10A2, 0x18C3, 0x10A2, 0x0861, 0x0841, 0x0041, 0x0021,
    0x0021, 0x0021, 0x0021, 0x0001, 0x0001, 0x0001, 0x0000, 0x0000, 0x0000, 0x0000, 0x0000, 0x0000, 0x0000, 0x0000, 0x0000, 0x52AA,
    0xFFFF, 0xFFFF, 0xFFFF, 0xFFFF, 0xFFFF, 0xFFFF, 0xFFFF, 0xFFFF, 0xFFFF, 0xFFFF, 0xFFFF, 0xFFFF, 0xFFFF, 0xFFFF, 0xFFFF, 0xFFFF,
    0xFFFF, 0xFFFF, 0xFFFF, 0xFFFF, 0xFFFF, 0xFFFF, 0xFFFF, 0xFFFF, 0xFFFF, 0xFFFF, 0xFFFF, 0xFFFF, 0xFFFF, 0xFFFF, 0xFFFF, 0xBDF7,
    0x0000, 0x0000, 0x0000, 0x0000, 0x0000, 0x0000, 0x0000, 0x0000, 0x0000, 0x0001, 0x0001, 0x0021, 0x0021, 0x0021, 0x0041, 0x0042,
    0x0062, 0x0083, 0x00C4, 0x0125, 0x0187, 0x0167, 0x3515, 0x5FFF, 0x571C, 0x0A8B, 0x01E9, 0x0188, 0x12CC, 0x56FD, 0x2C73, 0x0146,
    0x01A8, 0x34F5, 0x34F5, 0x0146, 0x00C4, 0x00E5, 0x00C5, 0x00A4, 0x00A4, 0x0063, 0x5962, 0x9201, 0x91E0, 0xDC46, 0xE4A7, 0xDCC9,
    0xC50C, 0x9DD2, 0x671D, 0x9FDF, 0xB7FF, 0xB7FF, 0xB7FF, 0xB7FF, 0xB7FF, 0xB7FF, 0xB7FF, 0xB7FF, 0xB7FF, 0xB7FF, 0xBFFF, 0x87BE,
    0x575E, 0x5F7E, 0x65B6, 0x7C2E, 0x8329, 0x8A85, 0xA2A3, 0xDBC4, 0xE3A3, 0xE3A3, 0xE3A3, 0xE3A3, 0xE3A3, 0xE3A3, 0xE3A3, 0xE405,
    0xE3E4, 0xDB83, 0xEC65, 0xF4E6, 0xF4C6, 0xF4C6, 0xF4C6, 0xF4C6, 0xF4C6, 0xF4C6, 0xF4C6, 0xF4C6, 0xF4C6, 0xF4C6, 0xF4C6, 0xF4C6,
    0xF4C6, 0xF4C6, 0xF4C6, 0xF4C6, 0xF4E6, 0xF4E6, 0xF4E6, 0xF4E6, 0xF4C6, 0xF4C6, 0xF4C6, 0xF4C6, 0xF4C6, 0xF4C6, 0xF4C6, 0xF4C6,
    0xF4C6, 0xF4C6, 0xF4C6, 0xF4C6, 0xF4C6, 0xF4C6, 0xF4C6, 0xF4C6, 0xF4C6, 0xF4C6, 0xF4C6, 0xF4C6, 0xFCC6, 0xF445, 0xDB83, 0xDBE5,
    0xE425, 0xE3A3, 0xE3C3, 0xE3C3, 0xE3C3, 0xE3C3, 0xE3C4, 0xE3C4, 0xDBC4, 0x9A83, 0x8A85, 0x8B28, 0x740D, 0x5DB6, 0x5F9F, 0x577E,
    0x87BE, 0xBFFF, 0xB7FF, 0xB7FF, 0xB7FF, 0xB7FF, 0xB7FF, 0xB7FF, 0xB7FF, 0xB7FF, 0xB7FF, 0xB7FF, 0x9FDF, 0x775D, 0xA5D2, 0xCD0C,
    0xD4C9, 0xE4C8, 0xE426, 0x91E0, 0x9201, 0x5962, 0x0063, 0x00A3, 0x00C4, 0x0926, 0x0946, 0x0146, 0x01C8, 0x3E3A, 0x577F, 0x3CF5,
    0x0188, 0x0125, 0x0125, 0x0905, 0x0905, 0x0925, 0x1125, 0x1904, 0x4183, 0x6A25, 0x20A1, 0x18C2, 0x1881, 0x1061, 0x0841, 0x0041,
    0x0021, 0x0021, 0x0021, 0x0021, 0x0001, 0x0001, 0x0001, 0x0000, 0x0000, 0x0000, 0x0000, 0x0000, 0x0000, 0x0000, 0x0000, 0x0000,
    0xBDD7, 0xFFFF, 0xFFFF, 0xFFFF, 0xFFFF, 0xFFFF, 0xFFFF, 0xFFFF, 0xFFFF, 0xFFFF, 0xFFFF, 0xFFFF, 0xFFFF, 0xFFFF, 0xFFFF, 0xFFFF,
    0xFFFF, 0xFFFF, 0xFFFF, 0xFFFF, 0xFFFF, 0xFFFF, 0xFFFF, 0xFFFF, 0xFFFF, 0xFFFF, 0xFFFF, 0xFFFF, 0xFFFF, 0xFFFF, 0xFFDF, 0x31A6,
    0x0000, 0x0000, 0x0000, 0x0000, 0x0000, 0x0000, 0x0000, 0x0000, 0x0001, 0x0001, 0x0001, 0x0021, 0x0021, 0x0041, 0x0042, 0x0062,
    0x0083, 0x00C3, 0x0105, 0x0167, 0x0167, 0x1B8F, 0x5FDF, 0x5FBE, 0x1B8F, 0x01C8, 0x01C8, 0x01E9, 0x4E5A, 0x3D77, 0x0187, 0x0167,
    0x2C94, 0x45B8, 0x0A09, 0x00C4, 0x0105, 0x00C5, 0x00C4, 0x00A3, 0x00A4, 0x0083, 0x6182, 0x91E1, 0x91E0, 0xDC46, 0xE4A7, 0xDCC9,
    0xC50C, 0x9DD2, 0x671D, 0x97DF, 0xBFFF, 0xB7FF, 0xB7FF, 0xB7FF, 0xB7FF, 0xB7FF, 0xB7FF, 0xB7FF, 0xB7FF, 0xB7FF, 0xAFDF, 0xA7FF,
    0x6F7E, 0x5F9F, 0x6E59, 0x7BAC, 0x8328, 0x8AA5, 0xCBA6, 0xE3E5, 0xE3A3, 0xE3A3, 0xE3A4, 0xE3A3, 0xE3A3, 0xE3A3, 0xE3C3, 0xE3A3,
    0xE3A3, 0xEC04, 0xFCE6, 0xF4C6, 0xF4C6, 0xF4C6, 0xF4C6, 0xF4C6, 0xF4C6, 0xF4C6, 0xF4C6, 0xF4C6, 0xF4C6, 0xF4C6, 0xF4C6, 0xF4C6,
    0xF4C6, 0xF4E6, 0xF4C6, 0xF4C6, 0xF4C6, 0xF4C6, 0xF4E6, 0xF4C6, 0xF4C6, 0xF4C6, 0xF4C6, 0xF4C6, 0xF4C6, 0xF4C6, 0xF4C6, 0xF4C6,
    0xF4C6, 0xF4C6, 0xF4C6, 0xF4C6, 0xF4C6, 0xF4C6, 0xF4C6, 0xF4C6, 0xF4C6, 0xF4C6, 0xF4C6, 0xF4C6, 0xF4C6, 0xFCC6, 0xEBE4, 0xE3A3,
    0xE3A3, 0xE3C4, 0xE3C3, 0xE3C3, 0xE3C3, 0xE3C3, 0xE3C4, 0xE3C4, 0xE404, 0xCBC6, 0x8AA5, 0x8B28, 0x7B8A, 0x6617, 0x5F9F, 0x677E,
    0xA7FF, 0xAFFF, 0xB7FF, 0xB7FF, 0xB7FF, 0xB7FF, 0xB7FF, 0xB7FF, 0xB7FF, 0xB7FF, 0xB7FF, 0xB7FF, 0x9FDF, 0x775D, 0xA5D2, 0xCD0C,
    0xD4C9, 0xE4C8, 0xE447, 0x99E0, 0x9201, 0x6182, 0x0062, 0x0083, 0x0905, 0x0126, 0x0105, 0x0126, 0x2C72, 0x56DC, 0x2C32, 0x0147,
    0x0146, 0x0926, 0x0105, 0x08E4, 0x08E4, 0x1104, 0x1104, 0x3123, 0xCC29, 0xFCC9, 0x69C3, 0x20A1, 0x20A2, 0x1881, 0x1061, 0x0841,
    0x0041, 0x0021, 0x0021, 0x0021, 0x0021, 0x0001, 0x0001, 0x0000, 0x0000, 0x0000, 0x0000, 0x0000, 0x0000, 0x0000, 0x0000, 0x0000,
    0x3186, 0xFFBF, 0xFFFF, 0xFFFF, 0xFFFF, 0xFFFF, 0xFFFF, 0xFFFF, 0xFFFF, 0xFFFF, 0xFFFF, 0xFFFF, 0xFFFF, 0xFFFF, 0xFFFF, 0xFFFF,
    0xFFFF, 0xFFFF, 0xFFFF, 0xFFFF, 0xFFFF, 0xFFFF, 0xFFFF, 0xFFFF, 0xFFFF, 0xFFFF, 0xFFFF, 0xFFFF, 0xFFFF, 0xFFFF, 0xA514, 0x0000,
    0x0000, 0x0000, 0x0000, 0x0000, 0x0000, 0x0000, 0x0000, 0x0001, 0x0001, 0x0001, 0x0021, 0x0021, 0x0021, 0x0042, 0x0062, 0x0083,
    0x00A3, 0x00E4, 0x0146, 0x0167, 0x0A4A, 0x56FC, 0x5FFF, 0x34F4, 0x01A8, 0x01E9, 0x0167, 0x3D36, 0x4E5A, 0x01E9, 0x0126, 0x23D1,
    0x45F9, 0x12AC, 0x0105, 0x0105, 0x00E5, 0x00C5, 0x0905, 0x0905, 0x0083, 0x0082, 0x6182, 0x91E1, 0x91E0, 0xDC26, 0xE4A7, 0xDCC9,
    0xCD0C, 0xA5B1, 0x671C, 0x8FBF, 0xBFFF, 0xB7FF, 0xB7FF, 0xB7FF, 0xB7FF, 0xB7FF, 0xB7FF, 0xB7FF, 0xB7FF, 0xB7FF, 0x7F9E, 0x779E,
    0x6F9F, 0x5F7F, 0x679F, 0x6DB6, 0x7B29, 0x8A86, 0x9243, 0xBAE4, 0xE3C4, 0xE3C3, 0xE3A3, 0xE3A3, 0xE3A3, 0xE3A3, 0xE3C3, 0xE3C3,
    0xE3A3, 0xF4A6, 0xF4E6, 0xF4C6, 0xF4C6, 0xF4C6, 0xF4C6, 0xF4C6, 0xF4C6, 0xF4C6, 0xF4E6, 0xF4C6, 0xF4C6, 0xF4C6, 0xF4C6, 0xF4C6,
    0xF4C6, 0xF4C6, 0xF4C6, 0xF4C6, 0xF4C6, 0xF4C6, 0xF4C6, 0xF4C6, 0xF4C6, 0xF4C6, 0xF4C6, 0xF4C6, 0xF4C6, 0xF4C6, 0xF4C6, 0xF4C6,
    0xF4C6, 0xF4C6, 0xF4C6, 0xF4C6, 0xF4C6, 0xF4C6, 0xF4C6, 0xF4C6, 0xF4C6, 0xF4C6, 0xF4C6, 0xF4C6, 0xF4C6, 0xF4C6, 0xF4A6, 0xE3C3,
    0xE3C3, 0xE3C3, 0xE3C3, 0xE3C3, 0xE3C3, 0xE3C3, 0xE3C4, 0xDBA4, 0xBAE3, 0x9243, 0x8AA6, 0x7B28, 0x6D95, 0x5F9F, 0x5F7E, 0x6F7F,
    0x779E, 0x879E, 0xB7FF, 0xB7FF, 0xB7FF, 0xB7FF, 0xB7FF, 0xB7FF, 0xB7FF, 0xB7FF, 0xB7FF, 0xB7FF, 0x9FDF, 0x6F5D, 0xADD2, 0xCD0C,
    0xD4C9, 0xE4A8, 0xE446, 0x99E0, 0x91E1, 0x61A2, 0x0082, 0x0022, 0x3B6E, 0x232D, 0x0126, 0x3D36, 0x5EFC, 0x238F, 0x0105, 0x0126,
    0x0167, 0x0105, 0x0105, 0x08E4, 0x08E4, 0x10E4, 0x1904, 0x28E2, 0x9AE5, 0xFCC7, 0xDC07, 0x4102, 0x20A2, 0x20A1, 0x1061, 0x0861,
    0x0841, 0x0021, 0x0021, 0x0021, 0x0021, 0x0001, 0x0001, 0x0001, 0x0000, 0x0000, 0x0000, 0x0000, 0x0000, 0x0000, 0x0000, 0x0000,
    0x0000, 0x9CB3, 0xFFFF, 0xFFFF, 0xFFFF, 0xFFFF, 0xFFFF, 0xFFFF, 0xFFFF, 0xFFFF, 0xFFFF, 0xFFFF, 0xFFFF, 0xFFFF, 0xFFFF, 0xFFFF,
    0xFFFF, 0xFFFF, 0xFFFF, 0xFFFF, 0xFFFF, 0xFFFF, 0xFFFF, 0xFFFF, 0xFFFF, 0xFFFF, 0xFFFF, 0xFFFF, 0xFFFF, 0xF7BE, 0x2104, 0x0000,
    0x0000, 0x0000, 0x0000, 0x0000, 0x0000, 0x0000, 0x0000, 0x0001, 0x0001, 0x0021, 0x0021, 0x0021, 0x0042, 0x0042, 0x0062, 0x0083,
    0x00C4, 0x0105, 0x0187, 0x0187, 0x3D97, 0x5FFF, 0x4E9A, 0x022A, 0x01E9, 0x0147, 0x23D0, 0x56FD, 0x12CC, 0x0105, 0x09A8, 0x45B8,
    0x3516, 0x0146, 0x0105, 0x0126, 0x0105, 0x00E5, 0x0926, 0x0905, 0x0083, 0x0082, 0x61A2, 0x9201, 0x91E0, 0xDC26, 0xE4A7, 0xDCC9,
    0xCD0C, 0xA5B0, 0x6EFC, 0x8FBF, 0xBFFF, 0xB7FF, 0xB7FF, 0xB7FF, 0xB7FF, 0xB7FF, 0xB7FF, 0xB7FF, 0xB7FF, 0xB7FF, 0x97DF, 0x5F7E,
    0x5F7F, 0x5F7F, 0x575E, 0x5F7E, 0x7573, 0x82A6, 0x8A44, 0x89C2, 0xA201, 0xD364, 0xE3C4, 0xE3A3, 0xE3A3, 0xE3C3, 0xE3C3, 0xE3A3,
    0xEC65, 0xFCE6, 0xF4C6, 0xF4C6, 0xF4C6, 0xF4C6, 0xF4C6, 0xF4C6, 0xF4C6, 0xF4C6, 0xF4C6, 0xF4C6, 0xF4C6, 0xF4C6, 0xF4C6, 0xF4C6,
    0xF4C6, 0xF4C6, 0xF4C6, 0xF4C6, 0xF4C6, 0xF4C6, 0xF4C6, 0xF4C6, 0xF4C6, 0xF4C6, 0xF4C6, 0xF4C6, 0xF4C6, 0xF4C6, 0xF4C6, 0xF4C6,
    0xF4C6, 0xF4C6, 0xF4C6, 0xF4C6, 0xF4C6, 0xF4C6, 0xF4C6, 0xF4C6, 0xF4C6, 0xF4C6, 0xF4C6, 0xF4C6, 0xF4C6, 0xF4C6, 0xF4E6, 0xF465,
    0xDBA3, 0xE3C3, 0xE3C3, 0xE3C3, 0xE3C3, 0xE3C3, 0xDB84, 0x9A01, 0x89A2, 0x8A44, 0x82C6, 0x7533, 0x5F9F, 0x575E, 0x5F7E, 0x5F7F,
    0x577E, 0x97DF, 0xBFFF, 0xB7FF, 0xB7FF, 0xB7FF, 0xB7FF, 0xB7FF, 0xB7FF, 0xB7FF, 0xB7FF, 0xB7FF, 0x97DF, 0x6F5D, 0xADB1, 0xCD0B,
    0xDCC9, 0xE4C8, 0xDC26, 0x91E0, 0x99E1, 0x69A2, 0x0083, 0x0021, 0x2B8F, 0x467B, 0x3DF8, 0x569B, 0x12CC, 0x0105, 0x0146, 0x1A8B,
    0x3C31, 0x09C8, 0x00E4, 0x08E4, 0x08C4, 0x1105, 0x18E3, 0x2903, 0x38E1, 0xC3A6, 0xFCC7, 0xAB05, 0x2881, 0x28C2, 0x1881, 0x1061,
    0x0841, 0x0041, 0x0021, 0x0021, 0x0021, 0x0001, 0x0001, 0x0001, 0x0000, 0x0000, 0x0000, 0x0000, 0x0000, 0x0000, 0x0000, 0x0000,
    0x0000, 0x2104, 0xF79E, 0xFFFF, 0xFFFF, 0xFFFF, 0xFFFF, 0xFFFF, 0xFFFF, 0xFFFF, 0xFFFF, 0xFFFF, 0xFFFF, 0xFFFF, 0xFFFF, 0xFFFF,
    0xFFFF, 0xFFFF, 0xFFFF, 0xFFFF, 0xFFFF, 0xFFFF, 0xFFFF, 0xFFFF, 0xFFFF, 0xFFFF, 0xFFFF, 0xFFFF, 0xFFFF, 0x8C71, 0x0000, 0x0000,
    0x0000, 0x0000, 0x0000, 0x0000, 0x0000, 0x0001, 0x0000, 0x0001, 0x0001, 0x0021, 0x0021, 0x0041, 0x0042, 0x0062, 0x0083, 0x00A4,
    0x0105, 0x0167, 0x0167, 0x1BAF, 0x5FDF, 0x5F9E, 0x134E, 0x01E9, 0x0188, 0x0A8B, 0x56FC, 0x2C31, 0x0105, 0x0146, 0x00E5, 0x124A,
    0x4597, 0x3515, 0x09A8, 0x00E5, 0x0126, 0x0105, 0x0105, 0x00A4, 0x0083, 0x0062, 0x6182, 0x9201, 0x91E0, 0xDC06, 0xE4A7, 0xDCC9,
    0xCD0B, 0xAD90, 0x6EFB, 0x87BF, 0xB7FF, 0xB7FF, 0xB7FF, 0xB7FF, 0xB7FF, 0xB7FF, 0xB7FF, 0xB7FF, 0xB7FF, 0xB7FF, 0xAFFF, 0x6F9E,
    0x577F, 0x577F, 0x577E, 0x673D, 0x74F1, 0x82A6, 0x8A24, 0x9202, 0xB2C3, 0xDBA4, 0xE3C3, 0xE3C3, 0xE3C3, 0xE3C3, 0xE3A3, 0xEC45,
    0xFCE6, 0xF4C6, 0xF4C6, 0xF4C6, 0xF4C6, 0xF4C6, 0xF4C6, 0xF4C6, 0xF4C6, 0xF4C6, 0xF4C6, 0xF4C6, 0xF4C6, 0xF4C6, 0xF4C6, 0xF4C6,
    0xF4C6, 0xF4C6, 0xF4C6, 0xF4C6, 0xF4C6, 0xF4C6, 0xF4C6, 0xF4C6, 0xF4C6, 0xF4C6, 0xF4C6, 0xF4C6, 0xF4C6, 0xF4C6, 0xF4C6, 0xF4C6,
    0xF4C6, 0xF4C6, 0xF4C6, 0xF4C6, 0xF4C6, 0xF4C6, 0xF4C6, 0xF4C6, 0xF4C6, 0xF4C6, 0xF4C6, 0xF4C6, 0xF4C6, 0xF4C6, 0xF4C6, 0xF4E6,
    0xEC45, 0xDBA3, 0xE3C4, 0xE3C4, 0xE3C3, 0xE3C3, 0xDBC4, 0xBAE3, 0x9202, 0x8A44, 0x8307, 0x74B0, 0x671C, 0x5F7F, 0x5F7E, 0x5F7F,
    0x677E, 0xAFFF, 0xB7FF, 0xB7FF, 0xB7FF, 0xB7FF, 0xB7FF, 0xB7FF, 0xB7FF, 0xB7FF, 0xB7FF, 0xB7FF, 0x8FBF, 0x6F3C, 0xADB0, 0xCD0B,
    0xDCC9, 0xE4C8, 0xDC06, 0x91E0, 0x99E1, 0x69A2, 0x0082, 0x0083, 0x0946, 0x3D97, 0x3D97, 0x09C8, 0x00E5, 0x0105, 0x1209, 0x44F5,
    0x3D15, 0x336F, 0x00C4, 0x00C4, 0x1AAB, 0x4431, 0x1945, 0x20E3, 0x28C2, 0x5982, 0xEC67, 0xF487, 0x71C3, 0x20A1, 0x28C2, 0x1881,
    0x0861, 0x0841, 0x0021, 0x0021, 0x0021, 0x0021, 0x0001, 0x0001, 0x0021, 0x0000, 0x0000, 0x0000, 0x0000, 0x0000, 0x0000, 0x0000,
    0x0000, 0x0000, 0x8C71, 0xFFFF, 0xFFFF, 0xFFFF, 0xFFFF, 0xFFFF, 0xFFFF, 0xFFFF, 0xFFFF, 0xFFFF, 0xFFFF, 0xFFFF, 0xFFFF, 0xFFFF,
    0xFFFF, 0xFFFF, 0xFFFF, 0xFFFF, 0xFFFF, 0xFFFF, 0xFFFF, 0xFFFF, 0xFFFF, 0xFFFF, 0xFFFF, 0xFFFF, 0xEF7D, 0x18C3, 0x0000, 0x0000,
    0x0000, 0x0000, 0x0000, 0x0000, 0x0000, 0x0001, 0x0001, 0x0001, 0x0001, 0x0021, 0x0021, 0x0041, 0x0062, 0x0082, 0x00A3, 0x00E4,
    0x0126, 0x0187, 0x022A, 0x4EFC, 0x5FFF, 0x2CD4, 0x01C8, 0x01E9, 0x01A8, 0x45D8, 0x45B8, 0x0166, 0x0126, 0x0126, 0x0105, 0x00A4,
    0x09C8, 0x3D77, 0x45B8, 0x0A2A, 0x00E5, 0x0146, 0x0926, 0x00E4, 0x00A3, 0x0082, 0x6182, 0x91E1, 0x91E0, 0xDBE5, 0xECA7, 0xDCC9,
    0xCD0B, 0xB56F, 0x76FB, 0x7F9F, 0xB7FF, 0xB7FF, 0xB7FF, 0xB7FF, 0xB7FF, 0xB7FF, 0xB7FF, 0xB7FF, 0xB7FF, 0xB7FF, 0xB7FF, 0x779F,
    0x577F, 0x577F, 0x671C, 0x6C90, 0x72C7, 0x8285, 0xAAC4, 0xD3A5, 0xE3E5, 0xE3C4, 0xE3A4, 0xE3C4, 0xE3C3, 0xE3A3, 0xEC25, 0xFCE6,
    0xF4C6, 0xF4C6, 0xF4C6, 0xF4E6, 0xF4C6, 0xF4C6, 0xF4C6, 0xF4C6, 0xF4C6, 0xF4C6, 0xF4C6, 0xF4C6, 0xF4C6, 0xF4C6, 0xF4C6, 0xF4C6,
    0xF4C6, 0xF4C6, 0xF4C6, 0xF4C6, 0xF4C6, 0xF4C6, 0xF4C6, 0xF4C6, 0xF4C6, 0xF4C6, 0xF4C6, 0xF4C6, 0xF4C6, 0xF4C6, 0xF4E6, 0xF4C6,
    0xF4C6, 0xF4C6, 0xF4C6, 0xF4C6, 0xF4C6, 0xF4C6, 0xF4C6, 0xF4C6, 0xF4C6, 0xF4C6, 0xF4C6, 0xF4C6, 0xF4C6, 0xF4C6, 0xF4C6, 0xF4C6,
    0xFCC6, 0xEC25, 0xE3A3, 0xE3C3, 0xE3C4, 0xE3C3, 0xE3C4, 0xE405, 0xD3C6, 0xAB05, 0x8AE6, 0x8308, 0x746F, 0x66FC, 0x5F9F, 0x577E,
    0x779E, 0xB7FF, 0xB7FF, 0xB7FF, 0xB7FF, 0xB7FF, 0xB7FF, 0xB7FF, 0xB7FF, 0xB7FF, 0xB7FF, 0xB7FF, 0x87BF, 0x771B, 0xB58F, 0xD50B,
    0xDCC9, 0xE4A8, 0xDBE5, 0x91E0, 0x91E1, 0x69A2, 0x0062, 0x00A4, 0x00C3, 0x0987, 0x0946, 0x00C4, 0x0905, 0x0905, 0x0126, 0x2B6F,
    0x33B0, 0x0946, 0x00E4, 0x2B6E, 0x4515, 0x2AEC, 0x10E3, 0x20C2, 0x2903, 0x28A1, 0x9284, 0xFCC7, 0xDBE6, 0x40E1, 0x28C2, 0x20A1,
    0x1061, 0x0861, 0x0841, 0x0021, 0x0021, 0x0021, 0x0021, 0x0001, 0x0001, 0x0001, 0x0000, 0x0000, 0x0000, 0x0000, 0x0000, 0x0000,
    0x0000, 0x0000, 0x18C3, 0xEF7D, 0xFFFF, 0xFFFF, 0xFFFF, 0xFFFF, 0xFFFF, 0xFFFF, 0xFFFF, 0xFFFF, 0xFFFF, 0xFFFF, 0xFFFF, 0xFFFF,
    0xFFFF, 0xFFFF, 0xFFFF, 0xFFFF, 0xFFFF, 0xFFFF, 0xFFFF, 0xFFFF, 0xFFFF, 0xFFFF, 0xFFDF, 0xFFFF, 0x8C51, 0x0000, 0x0000, 0x0000,
    0x0000, 0x0000, 0x0000, 0x0000, 0x0000, 0x0000, 0x0001, 0x0001, 0x0021, 0x0021, 0x0041, 0x0042, 0x0062, 0x0083, 0x00C4, 0x0105,
    0x0167, 0x0187, 0x3535, 0x5FFF, 0x4E9A, 0x0229, 0x01E9, 0x0167, 0x2C52, 0x56FC, 0x0A4A, 0x0125, 0x0126, 0x0125, 0x0105, 0x0105,
    0x00C4, 0x0167, 0x2CF5, 0x4619, 0x1B0D, 0x0146, 0x0167, 0x0105, 0x00A4, 0x0082, 0x6182, 0x91E1, 0x91E0, 0xD3C5, 0xECA7, 0xDCC9,
    0xCD0B, 0xB56E, 0x7EB9, 0x779F, 0xB7FF, 0xB7FF, 0xB7FF, 0xB7FF, 0xB7FF, 0xB7FF, 0xB7FF, 0xB7FF, 0xB7FF, 0xB7FF, 0xB7FF, 0x779E,
    0x577F, 0x677E, 0x6CF2, 0x7B09, 0x9B47, 0xCBE7, 0xDC26, 0xE3E5, 0xDBC4, 0xE3C4, 0xE3C4, 0xE3A3, 0xE3A3, 0xEC65, 0xFCE6, 0xF4C6,
    0xF4C6, 0xF4E6, 0xF4E6, 0xF4C6, 0xF4C6, 0xF4C6, 0xF4E6, 0xF4C6, 0xF4C6, 0xF4C6, 0xF4C6, 0xF4C6, 0xF4C6, 0xF4C6, 0xF4C6, 0xF4C6,
    0xF4C6, 0xF4C6, 0xF4C6, 0xF4C6, 0xF4C6, 0xF4C6, 0xF4C6, 0xF4C6, 0xF4C6, 0xF4C6, 0xF4C6, 0xF4C6, 0xF4C6, 0xF4C6, 0xF4C6, 0xF4C6,
    0xF4C6, 0xF4C6, 0xF4C6, 0xF4C6, 0xF4C6, 0xF4C6, 0xF4C6, 0xF4C6, 0xF4C6, 0xF4C6, 0xF4C6, 0xF4C6, 0xF4C6, 0xF4C6, 0xF4C6, 0xF4C6,
    0xF4C6, 0xFCE6, 0xEC45, 0xE3A3, 0xE3A3, 0xE3C4, 0xE3C4, 0xDBC4, 0xDBE5, 0xDC27, 0xC408, 0x9368, 0x7B49, 0x6CD1, 0x675E, 0x577F,
    0x779E, 0xB7FF, 0xB7FF, 0xB7FF, 0xB7FF, 0xB7FF, 0xB7FF, 0xB7FF, 0xB7FF, 0xB7FF, 0xB7FF, 0xB7FF, 0x7FBF, 0x76FA, 0xBD6F, 0xD50B,
    0xDCC9, 0xE4A7, 0xDBE5, 0x9201, 0x91E1, 0x69A2, 0x0082, 0x00A4, 0x08E4, 0x1104, 0x08E4, 0x08E4, 0x08E4, 0x08E4, 0x08E4, 0x0925,
    0x00E4, 0x0967, 0x3452, 0x44F4, 0x1A29, 0x0882, 0x18A2, 0x20C3, 0x28E3, 0x3102, 0x40E1, 0xCBC6, 0xFCE7, 0xA2E5, 0x30A1, 0x28C2,
    0x1881, 0x1061, 0x0861, 0x0041, 0x0021, 0x0021, 0x0021, 0x0021, 0x0001, 0x0001, 0x0000, 0x0000, 0x0000, 0x0000, 0x0000, 0x0000,
    0x0000, 0x0020, 0x0000, 0x8C51, 0xFFFF, 0xFFDF, 0xFFFF, 0xFFFF, 0xFFFF, 0xFFFF, 0xFFFF, 0xFFFF, 0xFFFF, 0xFFFF, 0xFFFF, 0xFFFF,
    0xFFFF, 0xFFFF, 0xFFFF, 0xFFFF, 0xFFFF, 0xFFFF, 0xFFFF, 0xFFFF, 0xFFFF, 0xFFFF, 0xFFFF, 0xF79E, 0x18E3, 0x0000, 0x0000, 0x0000,
    0x0000, 0x0000, 0x0000, 0x0000, 0x0001, 0x0001, 0x0001, 0x0021, 0x0021, 0x0021, 0x0042, 0x0062, 0x0083, 0x00A3, 0x0105, 0x0146,
    0x0167, 0x132E, 0x5FBE, 0x5FDE, 0x1B6E, 0x01C8, 0x0187, 0x0A8B, 0x56FC, 0x23F0, 0x0105, 0x0146, 0x0126, 0x0105, 0x0105, 0x0105,
    0x0125, 0x00C4, 0x130D, 0x469C, 0x23B0, 0x0167, 0x01A8, 0x0105, 0x00C4, 0x0083, 0x5982, 0x91E1, 0x91E0, 0xD3A4, 0xEC87, 0xDCC9,
    0xD50B, 0xBD4E, 0x8698, 0x779F, 0xB7FF, 0xB7FF, 0xB7FF, 0xB7FF, 0xB7FF, 0xB7FF, 0xB7FF, 0xB7FF, 0xB7FF, 0xB7FF, 0xB7FF, 0x6F7E,
    0x579F, 0x6DD6, 0x7BAB, 0xAC2A, 0xD469, 0xDC26, 0xDBE5, 0xDBC4, 0xDBC4, 0xE3C4, 0xE3A3, 0xE3C4, 0xF486, 0xFCE6, 0xF4E6, 0xF4C6,
    0xF4E6, 0xF4E6, 0xF4E6, 0xF4E6, 0xF4C6, 0xF4C6, 0xF4C6, 0xF4C6, 0xF4C6, 0xF4C6, 0xF4E6, 0xF4E6, 0xF4E6, 0xF4E6, 0xF4C6, 0xF4C6,
    0xF4C6, 0xF4C6, 0xF4C6, 0xF4C6, 0xF4C6, 0xF4C6, 0xF4C6, 0xF4C6, 0xF4C6, 0xF4C6, 0xF4C6, 0xF4C6, 0xF4C6, 0xF4C6, 0xF4E6, 0xF4E6,
    0xF4C6, 0xF4C6, 0xF4C6, 0xF4C6, 0xF4C6, 0xF4C6, 0xF4C6, 0xF4C6, 0xF4C6, 0xF4C6, 0xF4E6, 0xF4C6, 0xF4C6, 0xF4C6, 0xF4C6, 0xF4C6,
    0xF4C6, 0xF4C6, 0xF4E6, 0xF485, 0xE3C4, 0xE3A3, 0xE3C4, 0xE3C4, 0xDBC4, 0xDBE5, 0xD427, 0xCC69, 0xA40A, 0x7BAB, 0x6DF6, 0x5F9F,
    0x677E, 0xAFFF, 0xB7FF, 0xB7FF, 0xB7FF, 0xB7FF, 0xB7FF, 0xB7FF, 0xB7FF, 0xB7FF, 0xB7FF, 0xAFFF, 0x6F9F, 0x7EB9, 0xBD4E, 0xD50B,
    0xDCC9, 0xE487, 0xD3C5, 0x91E0, 0x9201, 0x6182, 0x0082, 0x00A4, 0x08C4, 0x1904, 0x10E4, 0x10E4, 0x08E4, 0x08E4, 0x08E4, 0x00C4,
    0x1229, 0x3CD4, 0x3C52, 0x1187, 0x10A2, 0x18E3, 0x20C3, 0x20E3, 0x20C2, 0x3103, 0x38E2, 0x71C3, 0xF4A7, 0xF487, 0x6182, 0x28A1,
    0x20C1, 0x1881, 0x1061, 0x0841, 0x0041, 0x0021, 0x0021, 0x0021, 0x0001, 0x0001, 0x0001, 0x0000, 0x0000, 0x0000, 0x0000, 0x0000,
    0x0000, 0x0000, 0x0000, 0x18E3, 0xF79E, 0xFFFF, 0xFFFF, 0xFFFF, 0xFFFF, 0xFFFF, 0xFFFF, 0xFFFF, 0xFFFF, 0xFFFF, 0xFFFF, 0xFFFF,
    0xFFFF, 0xFFFF, 0xFFFF, 0xFFFF, 0xFFFF, 0xFFFF, 0xFFFF, 0xFFFF, 0xFFFF, 0xFFDF, 0xFFFF, 0x94B2, 0x0000, 0x0000, 0x0000, 0x0000,
    0x0000, 0x0000, 0x0000, 0x0000, 0x0000, 0x0001, 0x0001, 0x0021, 0x0021, 0x0042, 0x0042, 0x0062, 0x0083, 0x00C4, 0x0126, 0x0187,
    0x01C8, 0x4E7A, 0x67FF, 0x3D76, 0x01C8, 0x01C8, 0x0167, 0x3D97, 0x4597, 0x0146, 0x0126, 0x124A, 0x22CC, 0x0105, 0x00E5, 0x0105,
    0x00E4, 0x09E9, 0x4619, 0x2C52, 0x0146, 0x01A8, 0x01E9, 0x1A6B, 0x00E4, 0x00A3, 0x5982, 0x9201, 0x91E0, 0xD384, 0xE467, 0xE4C9,
    0xD50A, 0xBD4D, 0x8E56, 0x6F7F, 0xAFFF, 0xB7FF, 0xB7FF, 0xB7FF, 0xB7FF, 0xB7FF, 0xB7FF, 0xB7FF, 0xB7FF, 0xB7FF, 0x9FDF, 0x5F7E,
    0x673D, 0x6C6F, 0x8B8A, 0xC46A, 0xD427, 0xDBE5, 0xDBC4, 0xE3C4, 0xE3C4, 0xE3C4, 0xEC25, 0xF4C6, 0xFCE6, 0xF4E6, 0xF4E6, 0xF4E6,
    0xF4E6, 0xF4E6, 0xF4E6, 0xF4C6, 0xF4E6, 0xF4C6, 0xF4C6, 0xF4E6, 0xF4E6, 0xF4C6, 0xF4C6, 0xF4E6, 0xF4E6, 0xF4C6, 0xF4C6, 0xF4C6,
    0xF4C6, 0xF4C6, 0xF4C6, 0xF4C6, 0xF4C6, 0xF4C6, 0xF4C6, 0xF4C6, 0xF4C6, 0xF4C6, 0xF4C6, 0xF4E6, 0xF4C6, 0xF4C6, 0xF4C6, 0xF4C6,
    0xF4C6, 0xF4C6, 0xF4C6, 0xF4C6, 0xF4C6, 0xF4C6, 0xF4C6, 0xF4C6, 0xF4C6, 0xF4C6, 0xF4C6, 0xF4C6, 0xF4C6, 0xF4E6, 0xF4C6, 0xF4C6,
    0xF4C6, 0xF4C6, 0xF4C6, 0xF4E6, 0xF4C6, 0xEC24, 0xE3C4, 0xDBC4, 0xDBC4, 0xDBE5, 0xD3E6, 0xD427, 0xC449, 0x9389, 0x748F, 0x675D,
    0x5F7E, 0x97BF, 0xBFFF, 0xB7FF, 0xB7FF, 0xB7FF, 0xB7FF, 0xB7FF, 0xB7FF, 0xB7FF, 0xB7FF, 0xA7FF, 0x679E, 0x8E77, 0xC52D, 0xD4EA,
    0xDCC8, 0xE467, 0xD3A4, 0x91E0, 0x9A01, 0x6182, 0x0083, 0x00A3, 0x3144, 0x2103, 0x18E4, 0x18E4, 0x1104, 0x10E4, 0x00E4, 0x230C,
    0x44F4, 0x2B6E, 0x0904, 0x10C3, 0x18E3, 0x20E3, 0x18C2, 0x28C1, 0x59A3, 0x30E2, 0x3923, 0x38C1, 0xAB25, 0xFD07, 0xC386, 0x38C1,
    0x28E2, 0x20A1, 0x1081, 0x0861, 0x0041, 0x0021, 0x0021, 0x0021, 0x0021, 0x0001, 0x0001, 0x0000, 0x0000, 0x0000, 0x0000, 0x0000,
    0x0000, 0x0000, 0x0000, 0x0000, 0x9492, 0xFFFF, 0xFFDF, 0xFFFF, 0xFFFF, 0xFFFF, 0xFFFF, 0xFFFF, 0xFFFF, 0xFFFF, 0xFFFF, 0xFFFF,
    0xFFFF, 0xFFFF, 0xFFFF, 0xFFFF, 0xFFFF, 0xFFFF, 0xFFFF, 0xFFFF, 0xFFFF, 0xFFFF, 0xF7BE, 0x2124, 0x0000, 0x0000, 0x0000, 0x0000,
    0x0000, 0x0000, 0x0000, 0x0001, 0x0001, 0x0001, 0x0001, 0x0021, 0x0021, 0x0042, 0x0062, 0x0083, 0x00A4, 0x0105, 0x0167, 0x0167,
    0x2431, 0x67FF, 0x573D, 0x0AAB, 0x01E8, 0x0166, 0x1B8F, 0x56BC, 0x124A, 0x00E5, 0x0987, 0x33D0, 0x1A8B, 0x00E5, 0x0105, 0x00E5,
    0x0105, 0x34F5, 0x3D76, 0x0167, 0x0187, 0x0167, 0x3CD4, 0x4D14, 0x00A4, 0x00C4, 0x5162, 0x9201, 0x91C0, 0xCB64, 0xE446, 0xE4C8,
    0xD4EA, 0xC52C, 0x9614, 0x675E, 0x9FDF, 0xB7FF, 0xB7FF, 0xB7FF, 0xB7FF, 0xB7FF, 0xB7FF, 0xB7FF, 0xB7FF, 0xB7FF, 0x7F9E, 0x577F,
    0x6EDB, 0x7BCC, 0x82E7, 0x9AE5, 0xCBC6, 0xDBE5, 0xDBC4, 0xDBC4, 0xDBA4, 0xE425, 0xF4C6, 0xFCE6, 0xF4E6, 0xF4E6, 0xF4E6, 0xF4E6,
    0xF4E6, 0xF4E6, 0xF4E6, 0xF4E6, 0xF4E6, 0xF4E6, 0xF4C6, 0xF4E6, 0xF4C6, 0xF4C6, 0xF4E6, 0xF4C6, 0xF4E6, 0xF4E6, 0xF4C6, 0xF4C6,
    0xF4C6, 0xF4C6, 0xF4C6, 0xF4C6, 0xF4C6, 0xF4C6, 0xF4C6, 0xF4C6, 0xF4C6, 0xF4C6, 0xF4C6, 0xF4E6, 0xF4C6, 0xF4C6, 0xF4C6, 0xF4C6,
    0xF4C6, 0xF4C6, 0xF4C6, 0xF4C6, 0xF4C6, 0xF4C6, 0xF4C6, 0xF4C6, 0xF4C6, 0xF4E6, 0xF4E6, 0xF4C6, 0xF4E6, 0xF4C6, 0xF4C6, 0xF4C6,
    0xF4C6, 0xF4C6, 0xF4C6, 0xF4C6, 0xF4C6, 0xF4C6, 0xEC24, 0xE3A3, 0xE3C4, 0xDBC4, 0xDBE5, 0xD3E6, 0xA305, 0x82E7, 0x7BEC, 0x6EDB,
    0x5F9F, 0x7F9E, 0xB7FF, 0xB7FF, 0xB7FF, 0xB7FF, 0xB7FF, 0xB7FF, 0xB7FF, 0xB7FF, 0xB7FF, 0x9FDF, 0x677E, 0x9635, 0xC52C, 0xD4EA,
    0xE4C8, 0xE446, 0xD384, 0x91C0, 0x9A01, 0x5962, 0x0083, 0x0042, 0x8B07, 0x82A6, 0x18A2, 0x2124, 0x1904, 0x1145, 0x2BAF, 0x3CD4,
    0x228B, 0x00A2, 0x10C3, 0x18E3, 0x18E3, 0x18A2, 0x4122, 0xBB66, 0xF488, 0x69C3, 0x28C2, 0x3902, 0x5142, 0xE447, 0xFCC7, 0x8223,
    0x28A1, 0x28C2, 0x1881, 0x1061, 0x0841, 0x0041, 0x0021, 0x0021, 0x0021, 0x0001, 0x0001, 0x0001, 0x0000, 0x0000, 0x0000, 0x0000,
    0x0000, 0x0000, 0x0000, 0x0000, 0x2104, 0xF79E, 0xFFFF, 0xFFFF, 0xFFFF, 0xFFFF, 0xFFFF, 0xFFFF, 0xFFFF, 0xFFFF, 0xFFFF, 0xFFFF,
    0xFFFF, 0xFFFF, 0xFFFF, 0xFFFF, 0xFFFF, 0xFFFF, 0xFFFF, 0xFFFF, 0xFFDF, 0xFFFF, 0xA534, 0x0000, 0x0000, 0x0000, 0x0000, 0x0000,
    0x0000, 0x0000, 0x0000, 0x0001, 0x0001, 0x0001, 0x0021, 0x0021, 0x0041, 0x0042, 0x0062, 0x0083, 0x00E4, 0x0126, 0x0167, 0x022A,
    0x571C, 0x67FF, 0x2C92, 0x01A8, 0x01A8, 0x01E9, 0x4E7B, 0x2C52, 0x00E5, 0x0126, 0x230D, 0x2B4E, 0x0105, 0x0105, 0x0125, 0x00C4,
    0x2390, 0x45F9, 0x0A09, 0x0166, 0x0167, 0x130D, 0x67DF, 0x4576, 0x00A4, 0x00C4, 0x4962, 0x9201, 0x89C0, 0xCB44, 0xE405, 0xE4A8,
    0xDCEA, 0xCD2C, 0xA5D2, 0x673D, 0x87BF, 0xB7FF, 0xB7FF, 0xB7FF, 0xB7FF, 0xB7FF, 0xB7FF, 0xB7FF, 0xB7FF, 0xA7FF, 0x675E, 0x67BF,
    0x7D73, 0x8328, 0xABA7, 0xD427, 0xDBE5, 0xDBC4, 0xDBC4, 0xDBA4, 0xDBA3, 0xEC24, 0xF4C6, 0xF4E6, 0xF4E6, 0xF4E6, 0xF4E6, 0xF4E6,
    0xF4E6, 0xF4E6, 0xF4E6, 0xF4E6, 0xF4E6, 0xF4E6, 0xF4E6, 0xF4C6, 0xF4C6, 0xF4C6, 0xF4C6, 0xF4C6, 0xF4C6, 0xF4C6, 0xF4E6, 0xF4E6,
    0xF4C6, 0xF4C6, 0xF4C6, 0xF4C6, 0xF4C6, 0xF4C6, 0xF4C6, 0xF4C6, 0xF4C6, 0xF4E6, 0xF4E6, 0xF4C6, 0xF4E6, 0xF4C6, 0xF4E6, 0xF4E6,
    0xF4E6, 0xF4C6, 0xF4C6, 0xF4C6, 0xF4C6, 0xF4C6, 0xF4C6, 0xF4C6, 0xF4C6, 0xF4C6, 0xF4C6, 0xF4C6, 0xF4C6, 0xF4C6, 0xF4C6, 0xF4C6,
    0xF4C6, 0xF4C6, 0xF4C6, 0xF4C6, 0xF4C6, 0xF4A6, 0xEC24, 0xDBA3, 0xDBA3, 0xDBC4, 0xDBC5, 0xDBE6, 0xD427, 0xB3A8, 0x8348, 0x7553,
    0x6F9F, 0x677E, 0xA7DF, 0xB7FF, 0xB7FF, 0xB7FF, 0xB7FF, 0xB7FF, 0xB7FF, 0xB7FF, 0xB7FF, 0x8FBE, 0x677D, 0xA5F2, 0xCD0B, 0xDCE9,
    0xE4A8, 0xE405, 0xCB64, 0x89C0, 0x9201, 0x5142, 0x0083, 0x0062, 0x9B26, 0xF4E9, 0x59A3, 0x20E3, 0x2103, 0x1986, 0x44F4, 0x238F,
    0x0062, 0x10C3, 0x10C3, 0x18E3, 0x20C2, 0x7203, 0xEC89, 0xC366, 0xCB65, 0xDC28, 0x4102, 0x3102, 0x30C1, 0x8A84, 0xFCE7, 0xDBE6,
    0x4101, 0x28C2, 0x20A1, 0x1881, 0x0861, 0x0841, 0x0021, 0x0021, 0x0021, 0x0021, 0x0001, 0x0001, 0x0001, 0x0000, 0x0000, 0x0000,
    0x0000, 0x0000, 0x0000, 0x0000, 0x0000, 0x9CF3, 0xFFFF, 0xFFFF, 0xFFFF, 0xFFFF, 0xFFFF, 0xFFFF, 0xFFFF, 0xFFFF, 0xFFFF, 0xFFFF,
    0xFFFF, 0xFFFF, 0xFFFF, 0xFFFF, 0xFFFF, 0xFFFF, 0xFFFF, 0xFFFF, 0xFFFF, 0xFFFF, 0x31A6, 0x0000, 0x0000, 0x0000, 0x0000, 0x0000,
    0x0000, 0x0000, 0x0000, 0x0001, 0x0001, 0x0021, 0x0021, 0x0021, 0x0042, 0x0062, 0x0083, 0x00A4, 0x0105, 0x0167, 0x0167, 0x34D3,
    0x67FF, 0x4EBB, 0x024A, 0x01E9, 0x0147, 0x3494, 0x4E3A, 0x0187, 0x00E5, 0x1209, 0x33B0, 0x09A7, 0x00E5, 0x0126, 0x00E5, 0x126B,
    0x461A, 0x1B6E, 0x0146, 0x01A8, 0x022A, 0x4EDB, 0x5FFF, 0x2C31, 0x00C4, 0x00C4, 0x4142, 0x9201, 0x89C0, 0xCB44, 0xDBE4, 0xE487,
    0xDCE9, 0xCD2C, 0xAD90, 0x6F1B, 0x779F, 0xB7FF, 0xB7FF, 0xB7FF, 0xB7FF, 0xB7FF, 0xB7FF, 0xB7FF, 0xB7FF, 0x7F9E, 0x6F5D, 0x7DD5,
    0x8B89, 0xBC29, 0xDC68, 0xDC06, 0xDBE5, 0xDBC4, 0xDBA3, 0xE404, 0xF4A6, 0xFCE6, 0xFCE6, 0xF4E6, 0xF4E6, 0xF4E6, 0xF4E6, 0xF4E6,
    0xF4E6, 0xF4E6, 0xF4E6, 0xF4E6, 0xF4E6, 0xF4E6, 0xF4E6, 0xF4C6, 0xF4C6, 0xF4C6, 0xF4C6, 0xF4C6, 0xF4C6, 0xF4C6, 0xF4C6, 0xF4C6,
    0xF4C6, 0xF4C6, 0xF4A6, 0xF4E6, 0xF4E6, 0xF4C6, 0xF4C6, 0xF4C6, 0xF4C6, 0xF4C6, 0xF4C6, 0xFCE6, 0xF4C6, 0xF4C6, 0xF4E6, 0xF4E6,
    0xF4C6, 0xF4E6, 0xF4C6, 0xF4C6, 0xF4C6, 0xF4C6, 0xF4C6, 0xF4C6, 0xF4E6, 0xF4C6, 0xF4E6, 0xF4E6, 0xF4C6, 0xF4E6, 0xF4C6, 0xF4C6,
    0xF4C6, 0xF4C6, 0xF4C6, 0xF4C6, 0xF4C6, 0xF4E6, 0xFCE6, 0xF486, 0xE3E4, 0xDBA3, 0xDBC4, 0xDBE5, 0xD406, 0xD468, 0xBC29, 0x8B89,
    0x8594, 0x6F5D, 0x7F9E, 0xB7FF, 0xB7FF, 0xB7FF, 0xB7FF, 0xB7FF, 0xB7FF, 0xB7FF, 0xB7FF, 0x779E, 0x6F3C, 0xAD90, 0xCD0B, 0xDCE9,
    0xE487, 0xE3E5, 0xCB44, 0x89A0, 0x9201, 0x4922, 0x0083, 0x0882, 0x7A65, 0xFD09, 0xDC27, 0x4142, 0x2923, 0x18C2, 0x1A6A, 0x4515,
    0x11E8, 0x08A2, 0x18E3, 0x10A2, 0x6A25, 0xFCE9, 0xAAE4, 0x38C1, 0x5962, 0xDC49, 0x61E4, 0x28C2, 0x3923, 0x4901, 0xD3E6, 0xFCE7,
    0x9284, 0x28A1, 0x28E2, 0x1881, 0x1061, 0x0841, 0x0841, 0x0021, 0x0021, 0x0021, 0x0021, 0x0001, 0x0001, 0x0000, 0x0000, 0x0000,
    0x0000, 0x0000, 0x0000, 0x0000, 0x0000, 0x31A6, 0xFFFF, 0xFFFF, 0xFFFF, 0xFFFF, 0xFFFF, 0xFFFF, 0xFFFF, 0xFFFF, 0xFFFF, 0xFFFF,
    0xFFFF, 0xFFFF, 0xFFFF, 0xFFFF, 0xFFFF, 0xFFFF, 0xFFFF, 0xFFFF, 0xFFFF, 0xC618, 0x0000, 0x0000, 0x0000, 0x0000, 0x0000, 0x0000,
    0x0000, 0x0000, 0x0001, 0x0001, 0x0001, 0x0021, 0x0021, 0x0041, 0x0042, 0x0062, 0x00A3, 0x00E4, 0x0126, 0x0167, 0x0A8B, 0x575D,
    0x5FFF, 0x1BD0, 0x01C8, 0x01A8, 0x0A8C, 0x56BC, 0x1B2E, 0x00E4, 0x0166, 0x2B6F, 0x1A8B, 0x00C4, 0x0105, 0x0105, 0x0187, 0x3D77,
    0x34D4, 0x0167, 0x01C8, 0x01A8, 0x3DD7, 0x5FFF, 0x3DD7, 0x0167, 0x00E5, 0x00A4, 0x3922, 0x9201, 0x89A0, 0xC323, 0xDBC4, 0xDC26,
    0xE4E9, 0xCD0B, 0xB56E, 0x7EB9, 0x677F, 0xAFFF, 0xB7FF, 0xB7FF, 0xB7FF, 0xB7FF, 0xB7FF, 0xBFFF, 0x97DF, 0x771C, 0x9DD3, 0xA42B,
    0xC46A, 0xD469, 0xD406, 0xDBE5, 0xDBC4, 0xDBA4, 0xEC45, 0xFCE6, 0xFCE6, 0xF4C6, 0xF4C6, 0xF4C6, 0xF4E6, 0xF4C6, 0xF4C6, 0xF4C6,
    0xF4E6, 0xF4E6, 0xF4E6, 0xF4E6, 0xF4E6, 0xF4E6, 0xF4C6, 0xF4C6, 0xF4C6, 0xF4C6, 0xF4C6, 0xF4C6, 0xF4C6, 0xF4C6, 0xF4C6, 0xF4C6,
    0xF4C6, 0xF4E6, 0xF486, 0xE404, 0xF4A6, 0xFCE6, 0xF4C6, 0xF4C6, 0xF4C6, 0xF4C6, 0xFCE6, 0xEC45, 0xEC65, 0xF4E6, 0xF4C6, 0xF4E6,
    0xF4C6, 0xF4C6, 0xF4E6, 0xF4C6, 0xF4C6, 0xF4C6, 0xF4C6, 0xF4C6, 0xF4C6, 0xF4C6, 0xF4C6, 0xF4C6, 0xF4C6, 0xF4C6, 0xF4C6, 0xF4C6,
    0xF4C6, 0xF4C6, 0xF4C6, 0xF4C6, 0xF4C6, 0xF4C6, 0xF4C6, 0xF4E6, 0xF4C6, 0xEC45, 0xDBC4, 0xDBC4, 0xDBE5, 0xD406, 0xD468, 0xC46A,
    0xA42A, 0x95B2, 0x771B, 0x97DF, 0xB7FF, 0xB7FF, 0xB7FF, 0xB7FF, 0xB7FF, 0xB7FF, 0xAFFF, 0x6F9F, 0x7EDA, 0xBD6E, 0xD50B, 0xE4E9,
    0xDC46, 0xE3E4, 0xCB23, 0x89A0, 0x9201, 0x4102, 0x0083, 0x08C4, 0x20C2, 0xB366, 0xFD29, 0xB366, 0x28C2, 0x2923, 0x10C2, 0x33CF,
    0x44D4, 0x0925, 0x18E3, 0x18E3, 0x4122, 0xE448, 0xAB05, 0x30E1, 0x3902, 0x4102, 0x28E2, 0x28E2, 0x3103, 0x30E2, 0x7203, 0xFCA7,
    0xE447, 0x5122, 0x28C2, 0x20A2, 0x1861, 0x0861, 0x0841, 0x0821, 0x0021, 0x0021, 0x0021, 0x0001, 0x0001, 0x0000, 0x0000, 0x0000,
    0x0000, 0x0000, 0x0000, 0x0000, 0x0000, 0x0000, 0xBDD7, 0xFFFF, 0xFFFF, 0xFFFF, 0xFFFF, 0xFFFF, 0xFFFF, 0xFFFF, 0xFFFF, 0xFFFF,
    0xFFFF, 0xFFFF, 0xFFFF, 0xFFFF, 0xFFFF, 0xFFFF, 0xFFFF, 0xFFFF, 0xFFFF, 0x5ACB, 0x0000, 0x0020, 0x0000, 0x0000, 0x0000, 0x0000,
    0x0000, 0x0000, 0x0001, 0x0001, 0x0001, 0x0021, 0x0021, 0x0041, 0x0062, 0x0083, 0x00A4, 0x0105, 0x0167, 0x0167, 0x3515, 0x67FF,
    0x4639, 0x01E8, 0x01E9, 0x0167, 0x3D57, 0x4597, 0x0146, 0x0105, 0x1ACC, 0x2B8F, 0x0105, 0x00E4, 0x0105, 0x00E4, 0x23F1, 0x45F9,
    0x0A2A, 0x01C8, 0x01A8, 0x2472, 0x5FFF, 0x4EFC, 0x0A4A, 0x0146, 0x00E5, 0x00A4, 0x3102, 0x8A01, 0x89A0, 0xBAE3, 0xE3E4, 0xDBC4,
    0xDCA8, 0xD50B, 0xC54D, 0x8E56, 0x677E, 0x97BF, 0xBFFF, 0xB7FF, 0xB7FF, 0xB7FF, 0xBFFF, 0xA7FF, 0x7EFA, 0xA571, 0xBCCC, 0xCCAA,
    0xD468, 0xD406, 0xDBE6, 0xDBC5, 0xDBC4, 0xF485, 0xFCE6, 0xF4E6, 0xF4C6, 0xF4C6, 0xF4E6, 0xF4E6, 0xF4E6, 0xF4C6, 0xF4C6, 0xF4C6,
    0xF4C6, 0xF4E6, 0xF4E6, 0xF4E6, 0xF4E6, 0xF4E6, 0xF4E6, 0xF4E6, 0xF4E6, 0xF4C6, 0xF4C6, 0xF4C6, 0xF4C6, 0xF4C6, 0xF4C6, 0xF4C6,
    0xF4C6, 0xF4C6, 0xF4E6, 0xF486, 0xDBC4, 0xF465, 0xFCE6, 0xF4C6, 0xF4C6, 0xFCE6, 0xE404, 0xE3E4, 0xF4E6, 0xF4E6, 0xF4C6, 0xF4E6,
    0xF4E6, 0xF4C6, 0xF4C6, 0xF4C6, 0xF4C6, 0xF4C6, 0xF4C6, 0xF4C6, 0xF4C6, 0xF4C6, 0xF4C6, 0xF4C6, 0xF4C6, 0xF4C6, 0xF4C6, 0xF4C6,
    0xF4C6, 0xF4C6, 0xF4C6, 0xF4C6, 0xF4C6, 0xF4C6, 0xF4C6, 0xF4C6, 0xF4C6, 0xF4E6, 0xEC85, 0xDBC4, 0xDBC4, 0xDBE5, 0xD407, 0xD468,
    0xCCAA, 0xBCAC, 0x9D71, 0x86DA, 0xA7FF, 0xB7FF, 0xB7FF, 0xB7FF, 0xB7FF, 0xB7FF, 0x97DF, 0x679E, 0x9676, 0xC52D, 0xD4EA, 0xE4A8,
    0xDBE5, 0xE3E5, 0xC303, 0x89A0, 0x9202, 0x3102, 0x0083, 0x08C4, 0x18E3, 0x4122, 0xD427, 0xFCE8, 0x7A44, 0x20E2, 0x2123, 0x1165,
    0x4D76, 0x33F0, 0x10C3, 0x2104, 0x18A2, 0x7204, 0xFCE9, 0x69C3, 0x28C2, 0x28E2, 0x20E2, 0x28E2, 0x28E2, 0x3102, 0x38E1, 0xBB86,
    0xFCE7, 0xA2C5, 0x30A1, 0x28E2, 0x1881, 0x1061, 0x0841, 0x0841, 0x0021, 0x0021, 0x0021, 0x0001, 0x0001, 0x0001, 0x0000, 0x0000,
    0x0000, 0x0000, 0x0000, 0x0000, 0x0000, 0x0000, 0x52AA, 0xFFFF, 0xFFFF, 0xFFFF, 0xFFFF, 0xFFFF, 0xFFFF, 0xFFFF, 0xFFFF, 0xFFFF,
    0xFFFF, 0xFFFF, 0xFFFF, 0xFFFF, 0xFFFF, 0xFFFF, 0xFFFF, 0xFFFF, 0xE71C, 0x0861, 0x0000, 0x0000, 0x0000, 0x0000, 0x0000, 0x0000,
    0x0000, 0x0000, 0x0001, 0x0001, 0x0021, 0x0021, 0x0041, 0x0042, 0x0062, 0x00A3, 0x00E4, 0x0146, 0x0167, 0x0AAB, 0x577E, 0x5FDF,
    0x1B6E, 0x01C8, 0x0167, 0x12ED, 0x56DC, 0x12AC, 0x00E5, 0x09C8, 0x33F0, 0x1229, 0x00C4, 0x0105, 0x00C4, 0x0A09, 0x45D9, 0x1B4F,
    0x0187, 0x01E9, 0x130D, 0x5F7E, 0x5FDF, 0x1BAF, 0x0187, 0x0166, 0x00C4, 0x00A4, 0x28E2, 0x8A02, 0x89A0, 0xB2C2, 0xE3E4, 0xDBA4,
    0xDC47, 0xDCEA, 0xC52C, 0x9DF2, 0x675D, 0x7F9F, 0xB7FF, 0xB7FF, 0xB7FF, 0xBFFF, 0xAFFF, 0x8EDA, 0xA571, 0xC4CC, 0xCC8A, 0xD448,
    0xD406, 0xDBE5, 0xDBC5, 0xDBC4, 0xF485, 0xFCE6, 0xF4C6, 0xF4C6, 0xF4C6, 0xF4C6, 0xF4E6, 0xF4E6, 0xF4E6, 0xF4E6, 0xF4C6, 0xF4C6,
    0xF4C6, 0xF4E6, 0xF4E6, 0xF4E6, 0xF4E6, 0xF4E6, 0xF4E6, 0xF4E6, 0xF4E6, 0xF4E6, 0xF4E6, 0xF4E6, 0xF4C6, 0xF4C6, 0xF4C6, 0xF4C6,
    0xF4C6, 0xF4E6, 0xF4C6, 0xFD06, 0xEC65, 0xDB83, 0xEC65, 0xFCE6, 0xFCE6, 0xEC25, 0xDB83, 0xF4A6, 0xF4E6, 0xF4C6, 0xF4E6, 0xF4C6,
    0xF4C6, 0xF4C6, 0xF4C6, 0xF4C6, 0xF4C6, 0xF4C6, 0xF4E6, 0xF4E6, 0xF4C6, 0xF4C6, 0xF4C6, 0xF4C6, 0xF4C6, 0xF4C6, 0xF4C6, 0xF4C6,
    0xF4C6, 0xF4C6, 0xF4C6, 0xF4C6, 0xF4C6, 0xF4C6, 0xF4C6, 0xF4C6, 0xF4C6, 0xF4C6, 0xF4E6, 0xEC65, 0xDBC3, 0xDBE5, 0xDBE6, 0xD406,
    0xD448, 0xCC8A, 0xBCCC, 0xA550, 0x8EDA, 0xAFFF, 0xB7FF, 0xB7FF, 0xB7FF, 0xB7FF, 0x7F9E, 0x675D, 0xA5F3, 0xCD0C, 0xDCEA, 0xDC67,
    0xDBC4, 0xE3E5, 0xBAE3, 0x89A0, 0x8A02, 0x28E2, 0x0083, 0x08A3, 0x1904, 0x20E3, 0x61C3, 0xF4A8, 0xE467, 0x4962, 0x2923, 0x18E3,
    0x22CB, 0x5E39, 0x226A, 0x18C2, 0x2924, 0x28C1, 0xC3A6, 0xD3E7, 0x30C1, 0x28E2, 0x28E2, 0x28E2, 0x28E2, 0x3102, 0x30E2, 0x69C3,
    0xF4A7, 0xEC67, 0x5942, 0x28C2, 0x20A2, 0x1881, 0x0861, 0x0841, 0x0021, 0x0021, 0x0021, 0x0021, 0x0001, 0x0001, 0x0000, 0x0000,
    0x0000, 0x0000, 0x0000, 0x0000, 0x0000, 0x0000, 0x0841, 0xDEFB, 0xFFFF, 0xFFFF, 0xFFFF, 0xFFFF, 0xFFFF, 0xFFFF, 0xFFFF, 0xFFFF,
    0xFFFF, 0xFFFF, 0xFFFF, 0xFFFF, 0xFFFF, 0xFFFF, 0xFFDF, 0xFFFF, 0x8430, 0x0000, 0x0020, 0x0000, 0x0000, 0x0000, 0x0000, 0x0000,
    0x0000, 0x0001, 0x0001, 0x0021, 0x0021, 0x0021, 0x0041, 0x0062, 0x0083, 0x00C4, 0x0105, 0x0167, 0x0187, 0x3535, 0x67FF, 0x4618,
    0x01E9, 0x01C8, 0x0167, 0x4597, 0x3D15, 0x0125, 0x0146, 0x234E, 0x232E, 0x0105, 0x0105, 0x0105, 0x0105, 0x34B4, 0x3494, 0x0167,
    0x01C9, 0x022A, 0x467A, 0x67FF, 0x3576, 0x01C8, 0x01A8, 0x0146, 0x00C4, 0x00A4, 0x18C2, 0x81E2, 0x89A0, 0xAA82, 0xE3E4, 0xDBA4,
    0xDC06, 0xDCE9, 0xCD0B, 0xAD8F, 0x76FB, 0x677F, 0xA7DF, 0xBFFF, 0xB7FF, 0xAFFF, 0x8EFA, 0xA571, 0xC4ED, 0xCC8A, 0xD448, 0xD406,
    0xDBE5, 0xDBE5, 0xDBC4, 0xEC65, 0xFD07, 0xFCE6, 0xF4E6, 0xF4C6, 0xF4C6, 0xF4C6, 0xF4E6, 0xF4E6, 0xF4E6, 0xF4E6, 0xF4C6, 0xF4C6,
    0xF4C6, 0xF4E6, 0xF4E6, 0xF4E6, 0xF4E6, 0xF4E6, 0xF4E6, 0xF4E6, 0xF4E6, 0xF4E6, 0xF4E6, 0xF4E6, 0xF4C6, 0xF4C6, 0xF4C6, 0xF4C6,
    0xF4E6, 0xF4E6, 0xF4E6, 0xF4E6, 0xFCE7, 0xE3E4, 0xDB83, 0xF4A6, 0xF486, 0xDB63, 0xEC24, 0xFCE6, 0xFCE6, 0xF4C6, 0xF4C6, 0xF4C6,
    0xF4E6, 0xF4C6, 0xF4C6, 0xF4E6, 0xF4E6, 0xF4C6, 0xF4E6, 0xF4C6, 0xF4C6, 0xF4C6, 0xF4C6, 0xF4E6, 0xF4C6, 0xF4C6, 0xF4C6, 0xF4C6,
    0xF4C6, 0xF4E6, 0xF4C6, 0xF4C6, 0xF4C6, 0xF4C6, 0xF4C6, 0xF4C6, 0xF4C6, 0xF4C6, 0xFCE6, 0xFD07, 0xEC45, 0xDBC4, 0xDBE5, 0xDBE5,
    0xDC06, 0xD448, 0xCCAA, 0xBCED, 0x9D71, 0x8EFA, 0xAFFF, 0xB7FF, 0xB7FF, 0xA7DF, 0x6F9F, 0x7F1B, 0xB590, 0xCD0C, 0xDCC9, 0xDC06,
    0xDBC4, 0xE3E5, 0xB2A2, 0x89A0, 0x89E2, 0x20C2, 0x0083, 0x08C4, 0x18E4, 0x2124, 0x20C2, 0x92C5, 0xFD08, 0xBB86, 0x3102, 0x2944,
    0x1103, 0x44B3, 0x4D76, 0x1145, 0x2103, 0x20E2, 0x5162, 0xF4A9, 0x8244, 0x20A1, 0x28E3, 0x28E2, 0x20A1, 0x28E2, 0x3103, 0x38C1,
    0xBB66, 0xFD07, 0xA2E5, 0x30A1, 0x28C2, 0x1881, 0x1061, 0x0841, 0x0041, 0x0021, 0x0021, 0x0021, 0x0001, 0x0001, 0x0001, 0x0000,
    0x0000, 0x0000, 0x0000, 0x0000, 0x0000, 0x0020, 0x0000, 0x8410, 0xFFFF, 0xFFDF, 0xFFFF, 0xFFFF, 0xFFFF, 0xFFFF, 0xFFFF, 0xFFFF,
    0xFFFF, 0xFFFF, 0xFFFF, 0xFFFF, 0xFFFF, 0xFFFF, 0xFFFF, 0xFFDF, 0x2124, 0x0000, 0x0000, 0x0000, 0x0000, 0x0000, 0x0000, 0x0000,
    0x0000, 0x0001, 0x0001, 0x0021, 0x0021, 0x0021, 0x0042, 0x0062, 0x0083, 0x00E4, 0x0146, 0x0167, 0x0AAB, 0x577E, 0x5FDF, 0x1B6E,
    0x01C8, 0x0167, 0x12ED, 0x567B, 0x0A4A, 0x00E5, 0x122A, 0x3452, 0x1229, 0x00C4, 0x0105, 0x00E4, 0x1B0D, 0x4577, 0x0A0A, 0x0187,
    0x01A8, 0x2C92, 0x67FF, 0x56DB, 0x028B, 0x01E9, 0x0187, 0x0126, 0x00E5, 0x00A4, 0x10A3, 0x79E2, 0x89C0, 0xA262, 0xDBC4, 0xDBC4,
    0xD3C5, 0xDCA8, 0xD50B, 0xC52D, 0x8E97, 0x5F7F, 0x7F9F, 0xB7FF, 0xAFFF, 0x8F1B, 0xA571, 0xBCED, 0xC4AB, 0xCC48, 0xD406, 0xDBE5,
    0xDBE4, 0xDBC4, 0xE3E4, 0xFCC6, 0xF485, 0xEC85, 0xF4C6, 0xF4C6, 0xF4E6, 0xF4E6, 0xF4E6, 0xF4E6, 0xF4E6, 0xF4E6, 0xF4E6, 0xF4C6,
    0xF4E6, 0xF4E6, 0xF4C6, 0xF4C5, 0xF4C5, 0xF4E6, 0xF4E6, 0xF4E6, 0xF4E6, 0xF4E6, 0xF4E6, 0xF4E6, 0xF4C6, 0xF4C6, 0xF4C6, 0xF4C6,
    0xF4C6, 0xF4E6, 0xF4E6, 0xF4C6, 0xF4E6, 0xEC66, 0xDB83, 0xE3E4, 0xE3E4, 0xDB83, 0xF485, 0xFD07, 0xF465, 0xF485, 0xF4E6, 0xF4E6,
    0xF4E6, 0xF4C6, 0xF4E6, 0xF4C6, 0xF4C6, 0xF4C6, 0xF4E6, 0xF4E6, 0xF4C6, 0xF4E6, 0xF4C6, 0xF4C5, 0xF4C5, 0xF4C6, 0xF4E6, 0xF4E6,
    0xF4C6, 0xF4E6, 0xF4C6, 0xF4C6, 0xF4C6, 0xF4C6, 0xF4C6, 0xF4C6, 0xF4C6, 0xF4C6, 0xF486, 0xF485, 0xFCC6, 0xE3E4, 0xDBC4, 0xDBC4,
    0xDBE5, 0xD407, 0xD448, 0xC4AB, 0xBCED, 0x9D91, 0x8F3C, 0xAFFF, 0xB7FF, 0x879E, 0x679F, 0x8E97, 0xC54D, 0xD50B, 0xE4A8, 0xDC05,
    0xDBA4, 0xE3E5, 0xAA62, 0x89C0, 0x81E2, 0x18A2, 0x0083, 0x08C4, 0x10E4, 0x18E3, 0x2103, 0x3102, 0xCBE7, 0xFD08, 0x8264, 0x2903,
    0x2923, 0x19E7, 0x5DF8, 0x336E, 0x10C2, 0x2923, 0x20A1, 0xA305, 0xE448, 0x4101, 0x28E2, 0x30E2, 0x8AA5, 0x5983, 0x28E2, 0x30E2,
    0x69C3, 0xFCA7, 0xEC67, 0x5142, 0x28C2, 0x20A2, 0x1881, 0x0861, 0x0841, 0x0021, 0x0021, 0x0021, 0x0001, 0x0001, 0x0001, 0x0020,
    0x0000, 0x0000, 0x0000, 0x0000, 0x0000, 0x0000, 0x0000, 0x2124, 0xF7BE, 0xFFFF, 0xFFFF, 0xFFFF, 0xFFFF, 0xFFFF, 0xFFFF, 0xFFFF,
    0xFFFF, 0xFFFF, 0xFFFF, 0xFFFF, 0xFFFF, 0xFFFF, 0xFFFF, 0xBDD7, 0x0000, 0x0000, 0x0000, 0x0000, 0x0000, 0x0000, 0x0000, 0x0000,
    0x0001, 0x0001, 0x0001, 0x0021, 0x0021, 0x0041, 0x0062, 0x0083, 0x00A3, 0x0105, 0x0167, 0x0187, 0x34F4, 0x67FF, 0x4618, 0x01E9,
    0x01E9, 0x0167, 0x4577, 0x34D4, 0x00E5, 0x0126, 0x09A8, 0x2B6E, 0x33F1, 0x22CC, 0x0146, 0x0187, 0x3D36, 0x238F, 0x0146, 0x01A8,
    0x0A8B, 0x575D, 0x67DF, 0x1BD0, 0x01C9, 0x01C8, 0x0167, 0x0126, 0x00E5, 0x00C4, 0x08A3, 0x69A2, 0x89C0, 0x9A21, 0xDBC4, 0xDBC4,
    0xDBC4, 0xDC26, 0xDCEA, 0xCD0C, 0xA5D2, 0x6F5E, 0x677F, 0x87BF, 0x873C, 0x9D92, 0xBCED, 0xC4AB, 0xD448, 0xD406, 0xDBE5, 0xDBC5,
    0xDBC4, 0xE3A3, 0xE3C3, 0xE3A3, 0xE3C3, 0xF485, 0xFCC6, 0xF4C6, 0xF4E6, 0xF4E6, 0xF4E6, 0xF4E6, 0xF4E6, 0xF4E6, 0xF4E6, 0xF4E6,
    0xF4C5, 0xECA6, 0xED09, 0xED4B, 0xED4B, 0xECE8, 0xF4A5, 0xFCC6, 0xF4E6, 0xF4E6, 0xF4E6, 0xF4E6, 0xF4E6, 0xF4C6, 0xF4C6, 0xF4C6,
    0xF4C6, 0xF4E6, 0xF4E6, 0xF4E6, 0xF4E6, 0xF4C6, 0xE3A4, 0xDBA3, 0xDBA3, 0xE3A3, 0xFCC6, 0xEC45, 0xE3E4, 0xFCC6, 0xF4C6, 0xF4E6,
    0xF4C6, 0xF4E6, 0xF4C6, 0xF4E6, 0xF4C6, 0xF4C6, 0xF4C6, 0xF4E6, 0xF4C6, 0xF4A5, 0xECC7, 0xED2A, 0xED4B, 0xED09, 0xECA6, 0xF4A5,
    0xFCC6, 0xF4C6, 0xF4C6, 0xF4C6, 0xF4C6, 0xF4C6, 0xF4C6, 0xF4C6, 0xF4C6, 0xFCC6, 0xF485, 0xE3C3, 0xE3A3, 0xE3C3, 0xE3A3, 0xDBC4,
    0xDBC5, 0xDBE5, 0xD407, 0xD448, 0xC4AB, 0xBD0D, 0x9DB3, 0x8F5D, 0x8FBF, 0x6F7E, 0x6F7E, 0xA5D2, 0xCD0C, 0xD4EA, 0xDC47, 0xDBE5,
    0xDBA4, 0xDBC4, 0x9A21, 0x89C0, 0x79C2, 0x1082, 0x00A4, 0x08C4, 0x08E4, 0x10E4, 0x2104, 0x20E3, 0x61C3, 0xFCC8, 0xE468, 0x4962,
    0x2924, 0x18E3, 0x338E, 0x55D8, 0x1186, 0x20E3, 0x20E3, 0x4122, 0xEC68, 0x9AA4, 0x28A1, 0x38E2, 0xD408, 0xBB66, 0x30A1, 0x3903,
    0x40E1, 0xC386, 0xFD08, 0x9AC4, 0x28A1, 0x28C2, 0x1881, 0x1061, 0x0841, 0x0841, 0x0021, 0x0021, 0x0021, 0x0001, 0x0001, 0x0020,
    0x0000, 0x0000, 0x0000, 0x0000, 0x0000, 0x0000, 0x0000, 0x0000, 0xB5B6, 0xFFFF, 0xFFFF, 0xFFFF, 0xFFFF, 0xFFFF, 0xFFFF, 0xFFFF,
    0xFFFF, 0xFFFF, 0xFFFF, 0xFFFF, 0xFFFF, 0xFFFF, 0xFFFF, 0x5AEB, 0x0000, 0x0020, 0x0000, 0x0000, 0x0000, 0x0000, 0x0000, 0x0000,
    0x0001, 0x0001, 0x0001, 0x0021, 0x0021, 0x0042, 0x0062, 0x0083, 0x00C4, 0x0126, 0x0167, 0x0A6A, 0x573D, 0x67FF, 0x1BAF, 0x01C8,
    0x0167, 0x12ED, 0x567B, 0x124A, 0x00E5, 0x0926, 0x0105, 0x0126, 0x126B, 0x3411, 0x2BF1, 0x2C53, 0x3D16, 0x01A8, 0x01A8, 0x01A8,
    0x3576, 0x5FFF, 0x3D97, 0x01E9, 0x09E9, 0x0188, 0x0167, 0x0146, 0x0105, 0x00C5, 0x0083, 0x6182, 0x89E1, 0x91E1, 0xD384, 0xDBC4,
    0xDBC4, 0xD3E5, 0xDC88, 0xDD2B, 0xBD4E, 0x7EDA, 0x679F, 0x6F7E, 0x9DF4, 0xBCCC, 0xC4AB, 0xCC48, 0xD407, 0xDBE5, 0xDBE4, 0xDBC4,
    0xE3A3, 0xE3A3, 0xDB83, 0xE3C4, 0xFCC6, 0xFCE6, 0xF4C6, 0xF4C6, 0xF4C6, 0xF4E6, 0xF4E6, 0xF4E6, 0xF4E6, 0xF4E6, 0xF4E6, 0xF4A5,
    0xED4B, 0xF6D6, 0xFFBC, 0xFFFE, 0xFFDE, 0xFF7A, 0xF673, 0xED0A, 0xF4A5, 0xFCE6, 0xFCC6, 0xF4E6, 0xF4C6, 0xF4C6, 0xF4C6, 0xF4C6,
    0xF4C6, 0xF4E6, 0xF4E6, 0xF485, 0xF4C6, 0xFCE7, 0xE3C4, 0xDBA3, 0xDBA3, 0xE3C4, 0xEC45, 0xDB83, 0xF465, 0xFCE6, 0xF4C6, 0xF4C6,
    0xF4C6, 0xF4C6, 0xF4E6, 0xF4E6, 0xF4E6, 0xF4C6, 0xF4E6, 0xF4A5, 0xED09, 0xF673, 0xFF7A, 0xFFDD, 0xFFDD, 0xFFBC, 0xF6D7, 0xED4B,
    0xF4A6, 0xF4E6, 0xF4C6, 0xF4C6, 0xF4C6, 0xF4C6, 0xF4C6, 0xF4C6, 0xF4C6, 0xF4C6, 0xFCE6, 0xF4A6, 0xE3E3, 0xDB83, 0xE3A3, 0xE3A3,
    0xDBC4, 0xDBC5, 0xDBE6, 0xD427, 0xCC69, 0xC4CB, 0xBD0D, 0x9615, 0x777E, 0x679F, 0x86DA, 0xBD4E, 0xD52B, 0xDC68, 0xD3E5, 0xDBC5,
    0xDBC4, 0xDBA4, 0x9201, 0x91E1, 0x69A2, 0x0883, 0x00A4, 0x00C4, 0x08E4, 0x10E4, 0x18E4, 0x2924, 0x28E2, 0xAB26, 0xFD29, 0xAB26,
    0x28E2, 0x2924, 0x1145, 0x4D76, 0x3C10, 0x10A2, 0x2923, 0x20A1, 0x92A5, 0xF488, 0x5142, 0x28A1, 0x71E3, 0xF488, 0x6182, 0x30E2,
    0x3902, 0x7A03, 0xFCC7, 0xE426, 0x4921, 0x28C1, 0x20A1, 0x1081, 0x0841, 0x0841, 0x0021, 0x0021, 0x0021, 0x0001, 0x0001, 0x0020,
    0x0000, 0x0000, 0x0000, 0x0000, 0x0000, 0x0000, 0x0020, 0x0000, 0x5ACB, 0xFFFF, 0xFFFF, 0xFFFF, 0xFFFF, 0xFFFF, 0xFFFF, 0xFFFF,
    0xFFFF, 0xFFFF, 0xFFFF, 0xFFFF, 0xFFFF, 0xFFFF, 0xEF5D, 0x10A2, 0x0000, 0x0000, 0x0000, 0x0000, 0x0000, 0x0000, 0x0000, 0x0001,
    0x0001, 0x0001, 0x0021, 0x0021, 0x0041, 0x0062, 0x0083, 0x00A3, 0x00E5, 0x0166, 0x0167, 0x2C52, 0x67FF, 0x4E9A, 0x022A, 0x01E9,
    0x0167, 0x3D77, 0x3CF5, 0x0105, 0x0925, 0x0905, 0x0905, 0x0105, 0x0105, 0x0167, 0x1B6F, 0x3DF9, 0x1B4E, 0x0187, 0x01C8, 0x136E,
    0x57DF, 0x4F5D, 0x0ACC, 0x01E9, 0x01A8, 0x0187, 0x0167, 0x0146, 0x0105, 0x00E5, 0x0083, 0x4942, 0x89E1, 0x89C0, 0xCB64, 0xDBC4,
    0xDBC4, 0xDBE5, 0xD406, 0xD4A9, 0xD52C, 0x9E14, 0x6F9F, 0x8E57, 0xBCAC, 0xCC8A, 0xCC48, 0xD407, 0xDBE5, 0xDBC5, 0xDBC4, 0xDBA3,
    0xE3A3, 0xDB83, 0xE3E4, 0xF4C6, 0xF4E6, 0xF4C6, 0xF4C6, 0xF4C6, 0xF4C6, 0xF4C6, 0xF4C6, 0xF4C6, 0xF4C6, 0xF4E6, 0xF4C5, 0xED8C,
    0xFFBD, 0xFFFF, 0xFFFF, 0xFFFF, 0xFFFF, 0xFFFF, 0xFFFF, 0xFF9C, 0xEDCE, 0xF4A6, 0xFCE6, 0xF4E6, 0xF4C6, 0xF4C6, 0xF4C6, 0xF4C6,
    0xF4C6, 0xF4C6, 0xF4E6, 0xF485, 0xE3C4, 0xFCC6, 0xEC24, 0xDB83, 0xDBA4, 0xE3A4, 0xDB83, 0xE3C4, 0xFCC6, 0xF4C6, 0xF4C6, 0xF4C6,
    0xF4E6, 0xF4C6, 0xF4E6, 0xF4E6, 0xF4C6, 0xF4E6, 0xF4A5, 0xEDAE, 0xFF9C, 0xFFFF, 0xFFFF, 0xFFFF, 0xFFFF, 0xFFFF, 0xFFFF, 0xFFBD,
    0xED8D, 0xF4A5, 0xF4C6, 0xF4C6, 0xF4C6, 0xF4C6, 0xF4C6, 0xF4C6, 0xF4C6, 0xF4C6, 0xF4C6, 0xF4C6, 0xF4A6, 0xE3E4, 0xDBA3, 0xE3A3,
    0xDBC4, 0xDBC4, 0xDBC4, 0xDBE6, 0xD427, 0xCC69, 0xC4CB, 0xBCED, 0x9636, 0x779E, 0x9E14, 0xCD0B, 0xDC89, 0xD3E6, 0xDBC5, 0xDBC4,
    0xDBC4, 0xD364, 0x91C0, 0x91E1, 0x5962, 0x0083, 0x00A4, 0x00A3, 0x00C4, 0x08E4, 0x1104, 0x2104, 0x2904, 0x4942, 0xE448, 0xF4C8,
    0x61C3, 0x2903, 0x18E2, 0x22EC, 0x5E19, 0x19E8, 0x20E3, 0x2903, 0x4122, 0xE468, 0xAB05, 0x28C1, 0x30C1, 0xCBC7, 0xBB45, 0x30C1,
    0x3923, 0x4101, 0xCBA6, 0xFCE7, 0x8A43, 0x28A1, 0x28C2, 0x1881, 0x1061, 0x0841, 0x0041, 0x0021, 0x0021, 0x0001, 0x0001, 0x0001,
    0x0000, 0x0000, 0x0000, 0x0000, 0x0000, 0x0000, 0x0000, 0x0000, 0x1082, 0xEF5D, 0xFFFF, 0xFFFF, 0xFFFF, 0xFFFF, 0xFFFF, 0xFFFF,
    0xFFFF, 0xFFFF, 0xFFFF, 0xFFFF, 0xFFDF, 0xFFFF, 0xA514, 0x0000, 0x0000, 0x0000, 0x0000, 0x0000, 0x0000, 0x0000, 0x0000, 0x0001,
    0x0001, 0x0001, 0x0021, 0x0021, 0x0041, 0x0062, 0x0083, 0x00C4, 0x0125, 0x0187, 0x01E9, 0x4EBA, 0x67FF, 0x2431, 0x01C8, 0x01A8,
    0x12CD, 0x569C, 0x128B, 0x0105, 0x0905, 0x08E5, 0x0905, 0x0905, 0x0926, 0x0126, 0x2C32, 0x3516, 0x01C8, 0x0209, 0x022A, 0x4679,
    0x5FFF, 0x2492, 0x01E9, 0x01E9, 0x0187, 0x0167, 0x0147, 0x01A8, 0x2B4F, 0x00E5, 0x00A4, 0x3922, 0x89E1, 0x81A0, 0xC323, 0xE3C4,
    0xDBC4, 0xDBC5, 0xDBE6, 0xD3E6, 0xD468, 0xBD4D, 0x9E14, 0xB4AC, 0xCC49, 0xD427, 0xD406, 0xDBE5, 0xDBC4, 0xDBC4, 0xE3A3, 0xE3A3,
    0xE3A3, 0xE3C3, 0xF4A6, 0xF4E6, 0xF4E6, 0xF4E6, 0xF4E6, 0xF4C6, 0xF4E6, 0xF4C6, 0xF4C6, 0xF4E6, 0xF4E6, 0xF4E6, 0xECE7, 0xFF7A,
    0xFFFF, 0xFFFF, 0xFFFF, 0xFFFF, 0xFFFF, 0xFFFF, 0xFFFF, 0xFFFF, 0xFFFF, 0xEDF0, 0xF4A6, 0xFCE6, 0xF4E6, 0xF4C6, 0xF4C6, 0xF4C6,
    0xF4C6, 0xF4C6, 0xF4C6, 0xFCE6, 0xE404, 0xE3A4, 0xE3E4, 0xDBA3, 0xDBA4, 0xDBA4, 0xDB83, 0xEC25, 0xFCE6, 0xF4C6, 0xF4C6, 0xF4C6,
    0xF4C6, 0xF4C6, 0xF4C6, 0xF4E6, 0xF4E6, 0xF4A5, 0xEDCF, 0xFFFE, 0xFFFF, 0xFFFF, 0xFFFF, 0xFFFF, 0xFFFF, 0xFFFF, 0xFFFF, 0xFFFF,
    0xFF7A, 0xECE8, 0xF4C6, 0xF4E6, 0xF4C6, 0xF4C6, 0xF4C6, 0xF4C6, 0xF4C6, 0xF4C6, 0xF4C6, 0xF4C6, 0xFCC6, 0xF4A6, 0xDBC3, 0xDBA3,
    0xDBA3, 0xDBC4, 0xDBC4, 0xDBE5, 0xDBE6, 0xD427, 0xCC48, 0xCC69, 0xB4AB, 0xA5F4, 0xBD4E, 0xD468, 0xD3E6, 0xDBE5, 0xDBC5, 0xDBA4,
    0xE3C4, 0xC323, 0x89A0, 0x9201, 0x4122, 0x0083, 0x00A3, 0x2ACC, 0x0925, 0x08E4, 0x1104, 0x1904, 0x2124, 0x28E3, 0x8264, 0xFCE8,
    0xBB86, 0x30E2, 0x2924, 0x1104, 0x4D35, 0x4492, 0x10E3, 0x2924, 0x20C2, 0x9284, 0xEC88, 0x5142, 0x20A1, 0x7203, 0xF488, 0x6182,
    0x3102, 0x38E1, 0x8223, 0xFCC7, 0xD3C6, 0x38C1, 0x28C2, 0x18A1, 0x1061, 0x0841, 0x0841, 0x0021, 0x0021, 0x0021, 0x0001, 0x0000,
    0x0020, 0x0000, 0x0000, 0x0000, 0x0000, 0x0000, 0x0000, 0x0000, 0x0000, 0xA514, 0xFFFF, 0xFFFF, 0xFFFF, 0xFFFF, 0xFFFF, 0xFFFF,
    0xFFFF, 0xFFFF, 0xFFFF, 0xFFFF, 0xFFFF, 0xFFFF, 0x4A69, 0x0000, 0x0020, 0x0000, 0x0000, 0x0000, 0x0000, 0x0000, 0x0001, 0x0001,
    0x0000, 0x0021, 0x0021, 0x0021, 0x0041, 0x0062, 0x00A3, 0x00E4, 0x0146, 0x0146, 0x1B8F, 0x5FFF, 0x4F1C, 0x026A, 0x01E9, 0x0187,
    0x3D36, 0x4577, 0x0126, 0x1125, 0x0905, 0x08E5, 0x08E5, 0x0905, 0x0105, 0x124B, 0x45F9, 0x130E, 0x01A8, 0x022A, 0x2472, 0x57FF,
    0x4FBE, 0x0B8F, 0x0209, 0x01E9, 0x0188, 0x0187, 0x0106, 0x23D1, 0x4DD8, 0x0126, 0x00A4, 0x28E2, 0x89E2, 0x81A0, 0xB2C2, 0xE3E4,
    0xDBA4, 0xDBC4, 0xDBC5, 0xDBE5, 0xD3E6, 0xD407, 0xCC07, 0xD407, 0xD406, 0xD3E6, 0xDBC5, 0xDBC4, 0xDBC4, 0xE3A4, 0xDBA3, 0xE3A3,
    0xDB83, 0xEC45, 0xF4E6, 0xF4C6, 0xF4E6, 0xF4E6, 0xF4E6, 0xF4C6, 0xF4C6, 0xF4C6, 0xF4C6, 0xF4E6, 0xF4E6, 0xF4C5, 0xED6B, 0xFFFE,
    0xFFFF, 0xFFFF, 0xFFFF, 0xFFFF, 0xFFFF, 0xFFFF, 0xFFFF, 0xFFFF, 0xFFFF, 0xFFDD, 0xED6B, 0xF4C5, 0xF4E6, 0xF4C6, 0xF4C6, 0xF4C6,
    0xF4C6, 0xF4C6, 0xF4C6, 0xF4E6, 0xF485, 0xDB83, 0xDBA3, 0xDBA4, 0xDBA4, 0xDBA4, 0xDB83, 0xF485, 0xF4E6, 0xF4C6, 0xF4C6, 0xF4C6,
    0xF4C6, 0xF4C6, 0xF4C6, 0xF4C6, 0xF4C5, 0xED4B, 0xFFDD, 0xFFFF, 0xFFFF, 0xFFFF, 0xFFFF, 0xFFFF, 0xFFFF, 0xFFFF, 0xFFFF, 0xFFFF,
    0xFFFE, 0xED8C, 0xF4A5, 0xF4E6, 0xF4C6, 0xF4C6, 0xF4C6, 0xF4C6, 0xF4C6, 0xF4C6, 0xF4C6, 0xF4C6, 0xF4C6, 0xFCE6, 0xEC45, 0xDBA3,
    0xE3A3, 0xDBA3, 0xDBC4, 0xDBC4, 0xDBC5, 0xDBE6, 0xD406, 0xD407, 0xD407, 0xCC07, 0xD407, 0xD3E6, 0xDBC5, 0xDBC5, 0xDBC4, 0xDBA4,
    0xE3E4, 0xBAC2, 0x89A0, 0x8A01, 0x30E2, 0x0083, 0x00A3, 0x4D36, 0x236F, 0x00A4, 0x0905, 0x1104, 0x1904, 0x2924, 0x3902, 0xCBC7,
    0xFCC8, 0x7204, 0x28E3, 0x20E3, 0x22AA, 0x5E39, 0x2249, 0x20E3, 0x2903, 0x4102, 0xE448, 0x9AC4, 0x28A1, 0x38E1, 0xDC07, 0xAB05,
    0x30A1, 0x3922, 0x4901, 0xDC06, 0xFCC7, 0x71E3, 0x28A1, 0x20C1, 0x1881, 0x0861, 0x0841, 0x0021, 0x0021, 0x0021, 0x0000, 0x0000,
    0x0001, 0x0001, 0x0000, 0x0000, 0x0000, 0x0000, 0x0000, 0x0020, 0x0000, 0x4A69, 0xFFFF, 0xFFFF, 0xFFFF, 0xFFFF, 0xFFFF, 0xFFFF,
    0xFFFF, 0xFFFF, 0xFFFF, 0xFFFF, 0xFFFF, 0xE71C, 0x0861, 0x0000, 0x0000, 0x0000, 0x0000, 0x0000, 0x0000, 0x0000, 0x0001, 0x0001,
    0x0001, 0x0021, 0x0021, 0x0041, 0x0062, 0x0083, 0x00C4, 0x0105, 0x0167, 0x0187, 0x3DB7, 0x67FF, 0x34F4, 0x01C8, 0x01A8, 0x0A4B,
    0x569B, 0x232E, 0x1105, 0x1946, 0x1125, 0x1105, 0x0905, 0x0905, 0x0105, 0x2C53, 0x3516, 0x01C8, 0x0209, 0x02AC, 0x4EFC, 0x4FFF,
    0x4FFF, 0x4F1C, 0x134E, 0x01C8, 0x01A8, 0x0146, 0x09C8, 0x463A, 0x34F5, 0x0105, 0x00C5, 0x18C3, 0x81E2, 0x89A0, 0xA262, 0xE3C4,
    0xDBA3, 0xDBC4, 0xDBC4, 0xDBC5, 0xDBC5, 0xDBE5, 0xDBE6, 0xDBE6, 0xDBE5, 0xDBC5, 0xDBC4, 0xDBC4, 0xDBA3, 0xE3A3, 0xDBA3, 0xDBA3,
    0xE3C3, 0xF4A6, 0xF4E6, 0xF4E6, 0xF4C6, 0xF4C6, 0xF4C6, 0xF4C6, 0xF4C6, 0xF4C6, 0xF4C6, 0xF4C6, 0xF4E6, 0xF4C5, 0xED8C, 0xFFFE,
    0xFFFF, 0xFFFF, 0xFFFF, 0xFFFF, 0xFFFF, 0xFFFF, 0xFFFF, 0xFFFF, 0xFFFF, 0xFFFF, 0xF6F6, 0xF4A6, 0xF4E6, 0xF4C6, 0xF4C6, 0xF4C6,
    0xF4C6, 0xF4C6, 0xF4C6, 0xF4E6, 0xF4C6, 0xE3C4, 0xE3A3, 0xDBA3, 0xDBA4, 0xDBA3, 0xDBA3, 0xF4A6, 0xF4E6, 0xF4C6, 0xF4C6, 0xF4C6,
    0xF4C6, 0xF4C6, 0xF4C6, 0xF4E6, 0xECA6, 0xF6D6, 0xFFFF, 0xFFFF, 0xFFFF, 0xFFFF, 0xFFFF, 0xFFFF, 0xFFFF, 0xFFFF, 0xFFFF, 0xFFFF,
    0xFFFF, 0xED8D, 0xF4A5, 0xF4E6, 0xF4C6, 0xF4C6, 0xF4C6, 0xF4C6, 0xF4C6, 0xF4C6, 0xF4E6, 0xF4E6, 0xF4C6, 0xF4C6, 0xF4A6, 0xE3C3,
    0xDBA3, 0xDBC3, 0xDBC4, 0xDBC4, 0xDBC4, 0xDBC4, 0xDBE5, 0xDBE5, 0xDBE6, 0xDBE6, 0xDBC5, 0xDBC5, 0xDBC4, 0xDBA4, 0xDBA4, 0xDBA4,
    0xE3C4, 0xAA62, 0x89A0, 0x81E2, 0x18C2, 0x00A4, 0x0083, 0x3472, 0x4E19, 0x09A8, 0x08E5, 0x1105, 0x1904, 0x2124, 0x20E2, 0x69E3,
    0xFCC8, 0xCBC7, 0x3902, 0x3123, 0x1124, 0x4D15, 0x4CB3, 0x18E3, 0x2923, 0x20C2, 0x9AC5, 0xE468, 0x4121, 0x28A1, 0x8A64, 0xEC88,
    0x4921, 0x3102, 0x30C1, 0x9AC4, 0xFD07, 0xBB45, 0x30A1, 0x28C2, 0x1881, 0x1061, 0x0841, 0x0041, 0x0021, 0x0021, 0x0001, 0x0000,
    0x0001, 0x0020, 0x0000, 0x0000, 0x0000, 0x0000, 0x0000, 0x0000, 0x0000, 0x0861, 0xE73C, 0xFFFF, 0xFFFF, 0xFFFF, 0xFFFF, 0xFFFF,
    0xFFFF, 0xFFFF, 0xFFFF, 0xFFDF, 0xFFFF, 0x9CD3, 0x0000, 0x0000, 0x0000, 0x0000, 0x0000, 0x0000, 0x0000, 0x0000, 0x0001, 0x0001,
    0x0001, 0x0021, 0x0021, 0x0041, 0x0062, 0x0083, 0x00E4, 0x0146, 0x0166, 0x0AAC, 0x579E, 0x579E, 0x130D, 0x01C8, 0x0167, 0x2C52,
    0x4E19, 0x0987, 0x1904, 0x1904, 0x1904, 0x1925, 0x1145, 0x0904, 0x0A09, 0x45B8, 0x12ED, 0x01A8, 0x020A, 0x24B3, 0x5FFF, 0x4FFF,
    0x47FF, 0x4FFF, 0x56DB, 0x0A2A, 0x0188, 0x0125, 0x2C52, 0x465A, 0x0A09, 0x00E4, 0x00C5, 0x0883, 0x71A2, 0x89C1, 0x9A01, 0xDBA4,
    0xDBA3, 0xDBA3, 0xDBC4, 0xDBC4, 0xDBC4, 0xDBC4, 0xDBC5, 0xDBC5, 0xDBC4, 0xDBC4, 0xDBC4, 0xDBA4, 0xDBA3, 0xDBA3, 0xDBA3, 0xEC45,
    0xF4C6, 0xF4C6, 0xF4C6, 0xF4C6, 0xF4C6, 0xF4C6, 0xF4C6, 0xF4C6, 0xF4C6, 0xF4C6, 0xF4C6, 0xF4C6, 0xF4C6, 0xF4C6, 0xED09, 0xFFBC,
    0xFFFF, 0xFFFF, 0xFFFF, 0xFFFF, 0xFFFF, 0xFFFF, 0xFFFF, 0xFFFF, 0xFFFF, 0xFFFF, 0xFFDC, 0xED29, 0xF4C5, 0xF4E6, 0xF4C6, 0xF4C6,
    0xF4C6, 0xF4C6, 0xF4C6, 0xF4E6, 0xF4C6, 0xE3E4, 0xE3A3, 0xDBA3, 0xDBA3, 0xDBA3, 0xDBC4, 0xF4C6, 0xF4E6, 0xF4C6, 0xF4C6, 0xF4C6,
    0xF4C6, 0xF4C6, 0xF4C6, 0xF4C6, 0xED09, 0xFFBC, 0xFFFF, 0xFFFF, 0xFFFF, 0xFFFF, 0xFFFF, 0xFFFF, 0xFFFF, 0xFFFF, 0xFFFF, 0xFFFF,
    0xFFBC, 0xED09, 0xF4C6, 0xF4E6, 0xF4C6, 0xF4C6, 0xF4C6, 0xF4C6, 0xF4C6, 0xF4E6, 0xF4E6, 0xF4E6, 0xF4C6, 0xF4C6, 0xF4C6, 0xF4C6,
    0xEC24, 0xDBC3, 0xDBC3, 0xDBA3, 0xDBA3, 0xDBC4, 0xDBC4, 0xDBC4, 0xDBC5, 0xDBC4, 0xDBC4, 0xDBA4, 0xDBA4, 0xDBA4, 0xDBA4, 0xDBA4,
    0xDBA4, 0x9A01, 0x89C0, 0x71A2, 0x0882, 0x00A4, 0x00A3, 0x09A7, 0x4E3A, 0x3473, 0x00E4, 0x1105, 0x10E4, 0x1904, 0x2123, 0x30E2,
    0xBB86, 0xFCE8, 0x7A44, 0x2903, 0x2103, 0x22AB, 0x6639, 0x2228, 0x20E3, 0x20E3, 0x4942, 0xEC88, 0x8A64, 0x28A1, 0x4922, 0xEC68,
    0x9284, 0x28A1, 0x3902, 0x6182, 0xF487, 0xF467, 0x5142, 0x28C2, 0x20A1, 0x1081, 0x0861, 0x0841, 0x0021, 0x0021, 0x0001, 0x0001,
    0x0001, 0x0021, 0x0000, 0x0000, 0x0000, 0x0000, 0x0000, 0x0000, 0x0000, 0x0000, 0xA514, 0xFFFF, 0xFFDF, 0xFFFF, 0xFFFF, 0xFFFF,
    0xFFFF, 0xFFFF, 0xFFFF, 0xFFFF, 0xFFFF, 0x4A69, 0x0000, 0x0020, 0x0000, 0x0000, 0x0000, 0x0000, 0x0000, 0x0000, 0x0001, 0x0001,
    0x0021, 0x0021, 0x0021, 0x0042, 0x0062, 0x00A3, 0x0105, 0x0166, 0x0166, 0x2C93, 0x5FFF, 0x45F8, 0x01E9, 0x01C8, 0x01C8, 0x4E19,
    0x2C11, 0x08C3, 0x59E4, 0xBBC8, 0x92E6, 0x2944, 0x1966, 0x0905, 0x2C32, 0x3D15, 0x0187, 0x01E9, 0x026B, 0x4EFC, 0x57FF, 0x4FFF,
    0x47FF, 0x4FFF, 0x3D96, 0x01C8, 0x0167, 0x0A4A, 0x467B, 0x23B0, 0x00C4, 0x0105, 0x00C4, 0x0083, 0x5962, 0x89E1, 0x89C0, 0xCB64,
    0xDBC3, 0xDBA3, 0xDBA3, 0xDBC3, 0xDBA3, 0xDBA3, 0xDBA4, 0xDBA4, 0xDBA4, 0xDBA4, 0xDBA3, 0xDBA3, 0xDBA3, 0xDBA3, 0xF485, 0xFCE6,
    0xF4C6, 0xF4C6, 0xF4C6, 0xF4C6, 0xF4C6, 0xF4C6, 0xF4C6, 0xF4C6, 0xF4C6, 0xF4C6, 0xF4E6, 0xF4C6, 0xF4C6, 0xF4E6, 0xF4A5, 0xF693,
    0xFFFF, 0xFFFF, 0xFFFF, 0xFFFF, 0xFFFF, 0xFFFF, 0xFFFF, 0xFFFF, 0xFFFF, 0xFFFF, 0xFFFE, 0xED6C, 0xF4A5, 0xF4C6, 0xF4C6, 0xF4C6,
    0xF4C6, 0xF4C6, 0xF4C6, 0xF4C6, 0xF4C6, 0xE3E4, 0xDBA3, 0xDBA4, 0xDBA3, 0xDBA3, 0xDBC4, 0xF4C6, 0xF4C6, 0xF4C6, 0xF4C6, 0xF4C6,
    0xF4C6, 0xF4C6, 0xF4C6, 0xF4A5, 0xED6B, 0xFFFE, 0xFFFF, 0xFFFF, 0xFFFF, 0xFFFF, 0xFFFF, 0xFFFF, 0xFFFF, 0xFFFF, 0xFFFF, 0xFFFF,
    0xF672, 0xF4A5, 0xF4E6, 0xF4C6, 0xF4C6, 0xF4C6, 0xF4C6, 0xF4C6, 0xF4C6, 0xF4C6, 0xF4E6, 0xF4C6, 0xF4C6, 0xF4C6, 0xF4C6, 0xF4C6,
    0xF4E6, 0xF485, 0xDBC3, 0xE3A3, 0xDBA3, 0xDBC3, 0xDBC4, 0xDBA3, 0xDBA4, 0xDBA4, 0xDBA4, 0xDBA3, 0xDBA3, 0xDBA3, 0xDBA4, 0xE3C4,
    0xD364, 0x89C0, 0x91E1, 0x5962, 0x0083, 0x00A4, 0x00E5, 0x00C4, 0x23B0, 0x4E7B, 0x0A09, 0x00C4, 0x1104, 0x10E4, 0x2104, 0x20E2,
    0x69E3, 0xFCE8, 0xD3E6, 0x3922, 0x3144, 0x1124, 0x4D35, 0x4472, 0x10C2, 0x2923, 0x20A1, 0xAB26, 0xDC07, 0x38E1, 0x28C1, 0xA305,
    0xDC27, 0x38E1, 0x3923, 0x38E1, 0xBB65, 0xFCE7, 0x9284, 0x28A1, 0x28C2, 0x1881, 0x0861, 0x0841, 0x0021, 0x0021, 0x0021, 0x0001,
    0x0001, 0x0001, 0x0000, 0x0000, 0x0000, 0x0000, 0x0000, 0x0000, 0x0020, 0x0000, 0x52AA, 0xFFFF, 0xFFFF, 0xFFFF, 0xFFFF, 0xFFFF,
    0xFFFF, 0xFFFF, 0xFFFF, 0xFFFF, 0xEF5D, 0x10A2, 0x0000, 0x0000, 0x0000, 0x0000, 0x0000, 0x0000, 0x0000, 0x0001, 0x0001, 0x0001,
    0x0021, 0x0021, 0x0041, 0x0062, 0x0083, 0x00C4, 0x0125, 0x0186, 0x01E8, 0x469A, 0x5FFF, 0x23F0, 0x01A8, 0x0167, 0x1B2E, 0x569B,
    0x1229, 0x2103, 0xCC08, 0xFCC6, 0xFCE8, 0x6A45, 0x1124, 0x1229, 0x45F9, 0x1B4E, 0x0187, 0x01E8, 0x2451, 0x57FF, 0x47FF, 0x4FFF,
    0x4FFF, 0x579E, 0x134E, 0x01C8, 0x0167, 0x34F5, 0x3DD8, 0x0146, 0x0105, 0x00E4, 0x00A4, 0x0083, 0x4122, 0x89E1, 0x8180, 0xBB03,
    0xE3C4, 0xDBA3, 0xDBC3, 0xDBA3, 0xDBA3, 0xE3A3, 0xE3A3, 0xDBA3, 0xDBA3, 0xDBA3, 0xDBA3, 0xDBA3, 0xDBA3, 0xF485, 0xFCE6, 0xF4C6,
    0xF4C6, 0xF4C6, 0xF4C6, 0xF4C6, 0xF4C6, 0xF4C6, 0xF4C6, 0xF4C6, 0xF4C6, 0xF4C6, 0xF4C6, 0xF4C6, 0xF4C6, 0xF4C6, 0xF4C6, 0xECE8,
    0xF739, 0xFFFF, 0xFFDF, 0xFFFF, 0xFFFF, 0xFFFF, 0xFFFF, 0xFFFF, 0xFFFF, 0xFFFF, 0xFFDD, 0xED29, 0xF4A5, 0xF4C6, 0xF4C6, 0xF4C6,
    0xF4C6, 0xF4C6, 0xF4C6, 0xF4E6, 0xFCC6, 0xE3E4, 0xE3A3, 0xE3A3, 0xE3A3, 0xE3A3, 0xE3C3, 0xF4C6, 0xF4E6, 0xF4E6, 0xFCC6, 0xF4C6,
    0xF4C6, 0xF4C6, 0xF4C6, 0xF4C5, 0xED29, 0xFFDD, 0xFFFF, 0xFFFF, 0xFFFF, 0xFFFF, 0xFFFF, 0xFFFF, 0xFFFF, 0xFFDF, 0xFFFF, 0xF717,
    0xECC7, 0xF4C6, 0xF4C6, 0xF4C6, 0xF4C6, 0xF4C6, 0xF4C6, 0xF4C6, 0xF4C6, 0xF4C6, 0xF4C6, 0xF4E6, 0xF4E6, 0xF4E6, 0xF4C6, 0xF4C6,
    0xF4C6, 0xF4E6, 0xEC85, 0xDBA3, 0xE3A3, 0xDBA3, 0xE3A3, 0xDBA3, 0xDBA3, 0xDBA3, 0xDBA3, 0xDBA3, 0xDBA3, 0xE3C4, 0xDBA3, 0xE3C4,
    0xC303, 0x81A0, 0x91E1, 0x4102, 0x0083, 0x00A4, 0x00C4, 0x00E5, 0x0146, 0x45B8, 0x3493, 0x00C4, 0x0905, 0x1104, 0x1904, 0x2924,
    0x3102, 0xC3A6, 0xFCE8, 0x7A44, 0x2923, 0x20E3, 0x2B0C, 0x5DF8, 0x19A6, 0x20E3, 0x20E2, 0x5983, 0xF4A9, 0x7203, 0x28A1, 0x6182,
    0xECCA, 0x69C3, 0x28E2, 0x30E2, 0x8223, 0xFCE7, 0xD3C6, 0x38E1, 0x28C2, 0x18A1, 0x1061, 0x0841, 0x0041, 0x0021, 0x0021, 0x0001,
    0x0001, 0x0001, 0x0020, 0x0000, 0x0000, 0x0000, 0x0000, 0x0000, 0x0000, 0x0000, 0x10A2, 0xEF7D, 0xFFFF, 0xFFFF, 0xFFFF, 0xFFFF,
    0xFFFF, 0xFFFF, 0xFFFF, 0xFFFF, 0xB5B6, 0x0000, 0x0000, 0x0000, 0x0000, 0x0000, 0x0000, 0x0000, 0x0000, 0x0000, 0x0000, 0x0021,
    0x0021, 0x0021, 0x0041, 0x0062, 0x0083, 0x00C4, 0x0146, 0x0167, 0x132D, 0x57FF, 0x575D, 0x0A6B, 0x01C8, 0x0147, 0x3D15, 0x3D35,
    0x0925, 0x2124, 0xBBE8, 0xFCC7, 0xF488, 0x6225, 0x0904, 0x2C11, 0x45D8, 0x01C8, 0x09E9, 0x024A, 0x469A, 0x4FFF, 0x47DF, 0x47DF,
    0x57FF, 0x3DF8, 0x024A, 0x01C8, 0x12CD, 0x4EBB, 0x1B2E, 0x00C4, 0x0105, 0x00C4, 0x00A4, 0x0083, 0x20C2, 0x81E2, 0x81A0, 0xA262,
    0xDBC4, 0xE3C4, 0xCB23, 0xCB23, 0xE3C3, 0xDBA3, 0xDBA3, 0xDBA3, 0xDBA3, 0xDBA3, 0xDBA3, 0xDBA3, 0xEC24, 0xF4E6, 0xF4C6, 0xF4C6,
    0xF4C6, 0xF4C6, 0xF4C6, 0xF4C6, 0xF4C6, 0xF4C6, 0xF4E6, 0xF4E6, 0xF4E6, 0xFCE6, 0xFD06, 0xFD06, 0xFD06, 0xFD26, 0xFD27, 0xFD06,
    0xFD6A, 0xFF7A, 0xFFFF, 0xFFFF, 0xFFFF, 0xFFFF, 0xFFFF, 0xFFFF, 0xFFFF, 0xFFFF, 0xFF17, 0xF4E8, 0xFD08, 0xF507, 0xF507, 0xF4E7,
    0xF4E7, 0xF4E7, 0xF4E7, 0xF4E7, 0xECC7, 0xD3C5, 0xD3C5, 0xD3C5, 0xD3C5, 0xD3E5, 0xD3E5, 0xECA7, 0xF508, 0xF4E7, 0xF4E7, 0xF4E7,
    0xF4E7, 0xF4E7, 0xF4E7, 0xFD07, 0xF4E8, 0xFF17, 0xFFFF, 0xFFFF, 0xFFFF, 0xFFFF, 0xFFFF, 0xFFFF, 0xFFFF, 0xFFFF, 0xFF58, 0xFD49,
    0xFD06, 0xFD27, 0xFD06, 0xFD06, 0xFD06, 0xFCE6, 0xFCE6, 0xFCE6, 0xF4C6, 0xF4C6, 0xF4C6, 0xF4C6, 0xF4C6, 0xF4C6, 0xF4C6, 0xF4C6,
    0xF4C6, 0xF4C6, 0xF4C6, 0xEC24, 0xDBA3, 0xE3A3, 0xDBA3, 0xDBA3, 0xDBA3, 0xDBA3, 0xDBA3, 0xE3C3, 0xCB23, 0xCB23, 0xE3C4, 0xE3C4,
    0xAA82, 0x89A0, 0x89E2, 0x28C2, 0x0083, 0x00A3, 0x00A4, 0x00E5, 0x00A4, 0x1B2E, 0x4E5A, 0x124A, 0x00C4, 0x1105, 0x1104, 0x2124,
    0x2903, 0x7223, 0xFCE8, 0xC3A6, 0x3922, 0x2923, 0x1144, 0x5597, 0x33AF, 0x18A2, 0x2923, 0x30C1, 0xCBE7, 0xC386, 0x30C1, 0x3922,
    0x61A3, 0x3902, 0x30E2, 0x3102, 0x5142, 0xE446, 0xFCA7, 0x6182, 0x28A1, 0x20A1, 0x1081, 0x0861, 0x0841, 0x0021, 0x0021, 0x0001,
    0x0001, 0x0000, 0x0021, 0x0000, 0x0000, 0x0000, 0x0000, 0x0000, 0x0000, 0x0000, 0x0000, 0xB5B6, 0xFFFF, 0xFFFF, 0xFFFF, 0xFFFF,
    0xFFFF, 0xFFFF, 0xFFFF, 0xFFFF, 0x6B4D, 0x0000, 0x0020, 0x0000, 0x0000, 0x0000, 0x0000, 0x0000, 0x0000, 0x0001, 0x0001, 0x0021,
    0x0021, 0x0021, 0x0042, 0x0082, 0x00A3, 0x0105, 0x0166, 0x0167, 0x2CF4, 0x67FF, 0x3DB6, 0x01C8, 0x01A8, 0x0A09, 0x4E5A, 0x1B2D,
    0x0904, 0x1124, 0x4184, 0x8AE6, 0x6A24, 0x2103, 0x11A7, 0x4DD8, 0x2C32, 0x01A8, 0x0209, 0x1BF0, 0x57FF, 0x47FF, 0x47FF, 0x47FF,
    0x57DF, 0x13B0, 0x022A, 0x01E9, 0x3D77, 0x45D8, 0x0146, 0x0105, 0x00E5, 0x00C4, 0x00A4, 0x0084, 0x0882, 0x71A2, 0x89C0, 0x91C1,
    0xDBC5, 0xC303, 0x99E1, 0xDBA4, 0xE3C3, 0xDBA3, 0xDBA3, 0xDBA3, 0xDBC3, 0xDBC3, 0xDBA3, 0xDBA3, 0xF4A6, 0xFCE6, 0xFCE6, 0xFD06,
    0xFD27, 0xFD27, 0xFD27, 0xFD27, 0xFD28, 0xF508, 0xF508, 0xECE8, 0xE4A8, 0xDC87, 0xD467, 0xCC27, 0xC407, 0xBBE7, 0xABA7, 0xA387,
    0x9B46, 0x8B48, 0x8C51, 0x8472, 0x7C31, 0x73D0, 0x6B8F, 0x634E, 0x5B0D, 0x52CB, 0x4A06, 0x49A3, 0x49A4, 0x4183, 0x3963, 0x3963,
    0x3143, 0x3123, 0x3122, 0x2922, 0x2902, 0x28E2, 0x28E2, 0x28E2, 0x28E2, 0x28E2, 0x28E2, 0x2902, 0x3122, 0x3123, 0x3143, 0x3943,
    0x3943, 0x3963, 0x4163, 0x4183, 0x4183, 0x41E6, 0x52AB, 0x52EC, 0x5B2D, 0x636E, 0x73AF, 0x7BF0, 0x7C31, 0x8C0F, 0x9348, 0xA346,
    0xAB87, 0xB3A7, 0xBBE7, 0xC407, 0xCC47, 0xDC87, 0xDCA8, 0xE4C8, 0xECE8, 0xF508, 0xF528, 0xFD28, 0xFD27, 0xFD27, 0xFD27, 0xFD27,
    0xFD06, 0xFD06, 0xFCE6, 0xF485, 0xDBA3, 0xDBA3, 0xE3C3, 0xE3A3, 0xE3A3, 0xDBA3, 0xDBA3, 0xDBA3, 0xDBA4, 0x9A01, 0xC303, 0xE3C5,
    0x9201, 0x89C1, 0x71A2, 0x0882, 0x0083, 0x00A3, 0x00A4, 0x00C4, 0x00C4, 0x0105, 0x3D77, 0x34D4, 0x00E4, 0x0905, 0x1104, 0x1904,
    0x2924, 0x3922, 0xD3E7, 0xFCA8, 0x61C3, 0x2903, 0x18C2, 0x33AF, 0x55B7, 0x1145, 0x2903, 0x20C2, 0x8264, 0xF4A9, 0x5162, 0x28E2,
    0x28C2, 0x28E2, 0x28E2, 0x3102, 0x38E1, 0xB325, 0xFD07, 0x9AA4, 0x28A1, 0x28C2, 0x1881, 0x1061, 0x0841, 0x0021, 0x0021, 0x0021,
    0x0001, 0x0000, 0x0001, 0x0000, 0x0000, 0x0000, 0x0000, 0x0000, 0x0000, 0x0020, 0x0000, 0x6B6D, 0xFFFF, 0xFFDF, 0xFFFF, 0xFFFF,
    0xFFFF, 0xFFFF, 0xFFFF, 0xFFDF, 0x2945, 0x0000, 0x0000, 0x0000, 0x0000, 0x0000, 0x0000, 0x0000, 0x0000, 0x0001, 0x0001, 0x0021,
    0x0021, 0x0042, 0x0062, 0x0083, 0x00C4, 0x0125, 0x0187, 0x0209, 0x4EDB, 0x5FFF, 0x1BD0, 0x01C8, 0x0147, 0x2390, 0x4E19, 0x0987,
    0x0905, 0x1125, 0x1104, 0x10C3, 0x10E4, 0x08E4, 0x232D, 0x4E3A, 0x0A8B, 0x0209, 0x024A, 0x3E39, 0x4FFF, 0x47DF, 0x47DF, 0x4FFF,
    0x3E18, 0x024B, 0x01E9, 0x132E, 0x56FC, 0x236F, 0x00E5, 0x0105, 0x00C4, 0x00A4, 0x00A4, 0x00A3, 0x0083, 0x5162, 0x89E1, 0x81A0,
    0xAA83, 0x8160, 0xBAE3, 0xE3E4, 0xDBA3, 0xDBC3, 0xE3C3, 0xDBC3, 0xDBC3, 0xDBA3, 0xE3C3, 0xF465, 0xF4E8, 0xDC87, 0xCC27, 0xB3C7,
    0xA386, 0x9306, 0x7AA5, 0x6A44, 0x51E4, 0x4183, 0x3143, 0x2102, 0x18C2, 0x1082, 0x0862, 0x0042, 0x0022, 0x0022, 0x0022, 0x0022,
    0x0043, 0x0043, 0x0022, 0x0042, 0x0063, 0x0083, 0x0084, 0x08A4, 0x08C4, 0x08E5, 0x1106, 0x1147, 0x1967, 0x1988, 0x21A8, 0x21A8,
    0x21C9, 0x29C9, 0x29E9, 0x29E9, 0x2A0A, 0x320A, 0x320A, 0x320A, 0x320A, 0x320A, 0x2A0A, 0x2A09, 0x29E9, 0x29C9, 0x21C9, 0x21A8,
    0x2188, 0x2188, 0x1967, 0x1947, 0x1127, 0x1106, 0x08C5, 0x08C4, 0x08A4, 0x00A4, 0x0083, 0x0063, 0x0042, 0x0022, 0x0043, 0x0022,
    0x0022, 0x0022, 0x0021, 0x0021, 0x0041, 0x0861, 0x1082, 0x18C2, 0x2903, 0x3943, 0x49A3, 0x59E4, 0x6A44, 0x7AC5, 0x9326, 0xA386,
    0xB3E7, 0xCC27, 0xDC88, 0xECC8, 0xF445, 0xE3C3, 0xE3A3, 0xE3C3, 0xE3C3, 0xE3C3, 0xE3A3, 0xDBA3, 0xE3E3, 0xBAE3, 0x89A0, 0xAAA3,
    0x89C0, 0x91E1, 0x5162, 0x0062, 0x00A3, 0x0083, 0x00A3, 0x00A4, 0x00E4, 0x0083, 0x1AED, 0x4E7B, 0x124A, 0x00E4, 0x1125, 0x1904,
    0x2124, 0x28E2, 0x8264, 0xFCE8, 0xAB25, 0x28E2, 0x2903, 0x19A6, 0x5E19, 0x2AEC, 0x20C2, 0x2904, 0x4122, 0xEC88, 0x92A4, 0x28C1,
    0x3103, 0x28E2, 0x28E2, 0x3102, 0x38E2, 0x79E3, 0xFCC7, 0xD3E6, 0x38E1, 0x28C2, 0x20A1, 0x1061, 0x0841, 0x0841, 0x0021, 0x0021,
    0x0001, 0x0000, 0x0001, 0x0000, 0x0000, 0x0000, 0x0000, 0x0000, 0x0000, 0x0000, 0x0000, 0x2965, 0xFFDF, 0xFFFF, 0xFFFF, 0xFFFF,
    0xFFFF, 0xFFFF, 0xFFFF, 0xD6BA, 0x0020, 0x0000, 0x0000, 0x0000, 0x0000, 0x0000, 0x0000, 0x0000, 0x0001, 0x0001, 0x0001, 0x0021,
    0x0021, 0x0042, 0x0062, 0x0083, 0x00C4, 0x0146, 0x0167, 0x132E, 0x5FFF, 0x573C, 0x0A6B, 0x01C8, 0x0167, 0x3D56, 0x3493, 0x00E4,
    0x0925, 0x0905, 0x0905, 0x1125, 0x1145, 0x0105, 0x3CF5, 0x3515, 0x01C8, 0x022A, 0x138F, 0x57BF, 0x47FF, 0x47FF, 0x3FFF, 0x4FDF,
    0x13B0, 0x01E9, 0x01C8, 0x3556, 0x4619, 0x0187, 0x0125, 0x00E5, 0x00C4, 0x00A4, 0x00A4, 0x0083, 0x0083, 0x30E2, 0x89E1, 0x89C0,
    0x7960, 0x89C1, 0xDBA4, 0xDBA3, 0xDBC3, 0xDBC3, 0xDBA3, 0xDBA3, 0xE3C3, 0xEC04, 0xC3A5, 0x82A5, 0x3943, 0x1882, 0x0841, 0x0021,
    0x0002, 0x0022, 0x0043, 0x0084, 0x08E5, 0x1146, 0x21A8, 0x2A0A, 0x3A6B, 0x4ACC, 0x532E, 0x5B6F, 0x63D0, 0x6C11, 0x7452, 0x7C93,
    0x84D4, 0x8D15, 0x9536, 0x9D77, 0x9D97, 0xA5B8, 0xA5B8, 0xA5D8, 0xADF9, 0xADF8, 0xADF8, 0xADF9, 0xB619, 0xB619, 0xB619, 0xB619,
    0xB619, 0xB639, 0xB619, 0xAE19, 0xB619, 0xB619, 0xAE19, 0xAE19, 0xAE19, 0xB619, 0xB619, 0xB639, 0xB639, 0xB619, 0xB619, 0xB619,
    0xB619, 0xB619, 0xADF9, 0xADF9, 0xAE19, 0xADF9, 0xA5F9, 0xA5F8, 0xA5D8, 0xA5D8, 0xA5B8, 0x9D97, 0x9D77, 0x9536, 0x8D15, 0x84D4,
    0x7C93, 0x7C73, 0x7432, 0x6BF1, 0x638F, 0x532E, 0x4ACD, 0x3A6B, 0x2A09, 0x2188, 0x1126, 0x08C5, 0x0083, 0x0042, 0x0002, 0x0001,
    0x0001, 0x0841, 0x1882, 0x3943, 0x7A65, 0xC385, 0xEC04, 0xE3C3, 0xDBA3, 0xDBA3, 0xE3A3, 0xDBA3, 0xDBA3, 0xDBA4, 0x91E1, 0x8180,
    0x89C1, 0x89E2, 0x30E2, 0x0083, 0x00A3, 0x0083, 0x0083, 0x00A4, 0x00C4, 0x00C4, 0x0125, 0x45B8, 0x34B4, 0x00E5, 0x0905, 0x1104,
    0x1904, 0x2123, 0x4142, 0xE427, 0xEC67, 0x4962, 0x2903, 0x18E2, 0x44D3, 0x4D14, 0x1103, 0x2923, 0x20C2, 0xB346, 0xD407, 0x30C1,
    0x28E2, 0x28C2, 0x20A1, 0x30E2, 0x3902, 0x4922, 0xDC06, 0xFCC7, 0x61A2, 0x28A1, 0x20C1, 0x1081, 0x0861, 0x0841, 0x0021, 0x0021,
    0x0001, 0x0001, 0x0001, 0x0000, 0x0000, 0x0000, 0x0000, 0x0000, 0x0000, 0x0000, 0x0000, 0x0020, 0xD6BA, 0xFFFF, 0xFFFF, 0xFFFF,
    0xFFFF, 0xFFDF, 0xFFFF, 0x9CF3, 0x0000, 0x0000, 0x0000, 0x0000, 0x0000, 0x0000, 0x0000, 0x0000, 0x0001, 0x0001, 0x0021, 0x0021,
    0x0042, 0x0042, 0x0062, 0x00A3, 0x00E5, 0x0166, 0x0167, 0x2CD4, 0x67FF, 0x3DB7, 0x01E9, 0x01A8, 0x0A2A, 0x4E5A, 0x1AED, 0x00E4,
    0x0905, 0x00E5, 0x08E5, 0x0925, 0x0905, 0x0A09, 0x45F9, 0x1B4E, 0x01E9, 0x024A, 0x3556, 0x57FF, 0x47FF, 0x47DF, 0x47FF, 0x3E7A,
    0x024A, 0x01C8, 0x0AAC, 0x4EDC, 0x23D0, 0x0106, 0x0126, 0x00E4, 0x00C4, 0x00A4, 0x0083, 0x0083, 0x00A3, 0x1082, 0x71A2, 0x89C1,
    0x8180, 0xAAA2, 0xE3E4, 0xDBA3, 0xDBA3, 0xDBA3, 0xE3C3, 0xEC04, 0xDC05, 0x8AA5, 0x1882, 0x0023, 0x1947, 0x3A6B, 0x532E, 0x6BD0,
    0x7452, 0x84B4, 0x9536, 0x9D97, 0xADD8, 0xADF9, 0xAE19, 0xAE19, 0xADF9, 0xADF8, 0xADD8, 0xA5B8, 0xA597, 0x9D77, 0x9556, 0x9516,
    0x8CF5, 0x8CF5, 0x84D4, 0x84B4, 0x7C94, 0x7C94, 0x7C93, 0x7C73, 0x7432, 0x7412, 0x7412, 0x6C11, 0x6BF1, 0x6BD1, 0x6BD1, 0x63D0,
    0x63B0, 0x63B0, 0x63B0, 0x63B0, 0x6390, 0x63B0, 0x6390, 0x6390, 0x63B0, 0x63B0, 0x6390, 0x63B0, 0x63B0, 0x63B0, 0x63B0, 0x63B0,
    0x63D0, 0x6BD1, 0x6BF1, 0x6C11, 0x4ACD, 0x530E, 0x7432, 0x6C12, 0x7473, 0x7C93, 0x7C94, 0x84B4, 0x84D4, 0x84D5, 0x8CF5, 0x8D15,
    0x9536, 0x9536, 0x9D77, 0xA5B8, 0xADD8, 0xADF9, 0xB619, 0xB63A, 0xB63A, 0xB639, 0xAE19, 0xADF8, 0xA5B7, 0x9D56, 0x8CD4, 0x7C52,
    0x6BD0, 0x532E, 0x3A6B, 0x1126, 0x0042, 0x18A2, 0x7A64, 0xD3E5, 0xEC04, 0xEBE3, 0xE3A3, 0xDBA3, 0xDBA3, 0xE3C4, 0xB2A2, 0x81A0,
    0x89E1, 0x71A2, 0x1082, 0x0084, 0x0083, 0x0083, 0x0083, 0x00A3, 0x00C4, 0x00E5, 0x00A4, 0x236E, 0x567B, 0x0A09, 0x08E4, 0x1105,
    0x1904, 0x2124, 0x28C2, 0x9AC5, 0xFCE8, 0x8A84, 0x28E2, 0x20E2, 0x2AEB, 0x6639, 0x19E7, 0x2103, 0x20E3, 0x69E3, 0xF4A8, 0x5962,
    0x20A2, 0x30E2, 0x6A04, 0x4122, 0x3102, 0x38C1, 0xAB05, 0xFD07, 0x9AA4, 0x28A1, 0x28C2, 0x1881, 0x0861, 0x0841, 0x0021, 0x0021,
    0x0021, 0x0001, 0x0001, 0x0001, 0x0000, 0x0000, 0x0000, 0x0000, 0x0000, 0x0000, 0x0000, 0x0000, 0x9CF3, 0xFFFF, 0xFFDF, 0xFFFF,
    0xFFFF, 0xFFFF, 0xFFFF, 0x5AEB, 0x0000, 0x0020, 0x0000, 0x0000, 0x0000, 0x0000, 0x0000, 0x0000, 0x0001, 0x0000, 0x0021, 0x0021,
    0x0041, 0x0062, 0x0082, 0x00A4, 0x0105, 0x0167, 0x01C8, 0x467A, 0x5FFF, 0x2411, 0x01C8, 0x0167, 0x1B8F, 0x4619, 0x0187, 0x0105,
    0x00E5, 0x00E5, 0x00E5, 0x0925, 0x00C4, 0x236E, 0x4577, 0x0209, 0x020A, 0x02CC, 0x4F1C, 0x57FF, 0x47DF, 0x47DF, 0x4FFF, 0x2472,
    0x01E9, 0x0187, 0x2C93, 0x465A, 0x09C8, 0x0126, 0x0105, 0x00C4, 0x00A4, 0x00A4, 0x0083, 0x0083, 0x0083, 0x0862, 0x6982, 0x89C1,
    0x89A0, 0xCB44, 0xDBC3, 0xE3C3, 0xE3E4, 0xDBC5, 0xB345, 0x8264, 0x4184, 0x0022, 0x21A9, 0x8CD4, 0xADF9, 0xADF8, 0xA5B8, 0x9D77,
    0x9535, 0x8CF5, 0x84B4, 0x7C73, 0x7C32, 0x7411, 0x6BF1, 0x6BB0, 0x638F, 0x638F, 0x636F, 0x5B4F, 0x5B4E, 0x5B2E, 0x532E, 0x530E,
    0x4AED, 0x4AED, 0x4ACD, 0x4ACD, 0x4AAC, 0x42AC, 0x4AAC, 0x52ED, 0x6390, 0x5B6F, 0x5B6F, 0x5B6F, 0x5B6F, 0x5B6F, 0x5B8F, 0x5B8F,
    0x5B8F, 0x5B8F, 0x5B8F, 0x5B8F, 0x5B8F, 0x5B8F, 0x5B8F, 0x5B8F, 0x5B8F, 0x5B8F, 0x5B8F, 0x5B8F, 0x5B8F, 0x5B8F, 0x5B8F, 0x5B8F,
    0x5B8F, 0x6390, 0x5B4F, 0x426B, 0x320A, 0x5B4F, 0x638F, 0x638F, 0x4AED, 0x42AC, 0x42AC, 0x4AAC, 0x4AAC, 0x4ACC, 0x4ACD, 0x4AED,
    0x52ED, 0x530D, 0x530E, 0x532E, 0x5B4E, 0x5B6F, 0x5B6F, 0x638F, 0x63B0, 0x6BD1, 0x6C11, 0x7432, 0x7C73, 0x84B4, 0x8CF5, 0x9536,
    0x9D77, 0xA5B8, 0xADF9, 0xADF9, 0x84D4, 0x29C9, 0x0022, 0x3943, 0x8264, 0xBB44, 0xDBE5, 0xEC04, 0xE3C3, 0xDBA3, 0xCB63, 0x89C0,
    0x89C1, 0x71A2, 0x0862, 0x0083, 0x0083, 0x0083, 0x0083, 0x00A3, 0x00A4, 0x00C4, 0x00E5, 0x0167, 0x4E19, 0x2C32, 0x00E4, 0x1125,
    0x1104, 0x2104, 0x20E3, 0x59A3, 0xFCA7, 0xD3C6, 0x3902, 0x3123, 0x1965, 0x5DF8, 0x338E, 0x18C2, 0x2923, 0x30E2, 0xDC27, 0x9AA4,
    0x2061, 0x4942, 0xECCA, 0x7A23, 0x28C1, 0x30E2, 0x7A03, 0xFCE7, 0xD3C6, 0x38E1, 0x28C2, 0x1882, 0x1061, 0x0841, 0x0041, 0x0021,
    0x0001, 0x0000, 0x0001, 0x0001, 0x0000, 0x0000, 0x0000, 0x0000, 0x0000, 0x0000, 0x0020, 0x0000, 0x5AEB, 0xFFFF, 0xFFFF, 0xFFFF,
    0xFFFF, 0xFFFF, 0xFFDF, 0x2945, 0x0000, 0x0000, 0x0000, 0x0000, 0x0000, 0x0000, 0x0000, 0x0000, 0x0001, 0x0001, 0x0021, 0x0021,
    0x0041, 0x0062, 0x0083, 0x00C4, 0x0126, 0x0167, 0x0ACC, 0x57BE, 0x577D, 0x0AAC, 0x01C8, 0x0167, 0x3516, 0x34B4, 0x00E5, 0x0925,
    0x00E5, 0x00E4, 0x0105, 0x00E5, 0x00A4, 0x09C8, 0x126B, 0x01C8, 0x022A, 0x1C31, 0x5FFF, 0x4FFF, 0x4FFF, 0x47FF, 0x4F5D, 0x0ACC,
    0x01E8, 0x0209, 0x463A, 0x2C52, 0x00E5, 0x0126, 0x00E5, 0x00A4, 0x00A4, 0x0084, 0x0083, 0x0083, 0x0063, 0x20C2, 0x81E2, 0x8180,
    0xA221, 0xE405, 0xDBE5, 0xBB85, 0x8264, 0x3923, 0x1082, 0x0884, 0x0043, 0x4AAC, 0xB639, 0x9556, 0x7411, 0x638F, 0x5B4E, 0x532E,
    0x52ED, 0x4ACD, 0x4AAC, 0x428C, 0x426B, 0x3A4A, 0x3A2A, 0x3209, 0x31C9, 0x29A8, 0x2988, 0x2167, 0x1947, 0x1926, 0x1105, 0x10E5,
    0x08C5, 0x08A4, 0x08A4, 0x00A4, 0x00A4, 0x0084, 0x0084, 0x08A4, 0x320A, 0x63B0, 0x63B0, 0x5B8F, 0x6390, 0x6390, 0x6390, 0x6390,
    0x638F, 0x638F, 0x5B8F, 0x5B8F, 0x5B90, 0x6390, 0x5B90, 0x5B90, 0x5B8F, 0x5B8F, 0x5B8F, 0x5B8F, 0x5B8F, 0x5B8F, 0x5B8F, 0x5B8F,
    0x6390, 0x428C, 0x29A8, 0x3A4B, 0x6390, 0x6BD0, 0x63B0, 0x3209, 0x08C4, 0x08A4, 0x08A4, 0x08A4, 0x08A4, 0x08A4, 0x08C5, 0x08C5,
    0x10E5, 0x1105, 0x1106, 0x1926, 0x1967, 0x2187, 0x29A8, 0x29C8, 0x31E9, 0x3209, 0x3A2A, 0x3A4A, 0x426B, 0x42AC, 0x4ACC, 0x52ED,
    0x530D, 0x5B4E, 0x63B0, 0x7411, 0x9556, 0xB65A, 0x42CC, 0x0043, 0x0084, 0x0882, 0x3923, 0x8264, 0xBB85, 0xE3E5, 0xEC04, 0xAA61,
    0x81A0, 0x89E2, 0x28C2, 0x0063, 0x0083, 0x0083, 0x0083, 0x00A3, 0x00A4, 0x00A4, 0x00E5, 0x00C4, 0x2C32, 0x4DF9, 0x0987, 0x08E4,
    0x1104, 0x18E4, 0x2103, 0x30E2, 0xCBA6, 0xFCC7, 0x69E3, 0x3123, 0x18E3, 0x4472, 0x4D56, 0x1103, 0x2923, 0x20A2, 0xA305, 0xD3C6,
    0x30C1, 0x30A1, 0xCBA6, 0xB346, 0x28A1, 0x3902, 0x5142, 0xEC66, 0xF4A7, 0x5962, 0x28C2, 0x20A2, 0x1061, 0x0861, 0x0041, 0x0021,
    0x0021, 0x0001, 0x0000, 0x0001, 0x0000, 0x0000, 0x0000, 0x0000, 0x0000, 0x0000, 0x0000, 0x0000, 0x2945, 0xFFDF, 0xFFFF, 0xFFFF,
    0xFFFF, 0xFFFF, 0xD6BA, 0x0020, 0x0000, 0x0000, 0x0000, 0x0000, 0x0000, 0x0000, 0x0000, 0x0001, 0x0001, 0x0021, 0x0021, 0x0021,
    0x0042, 0x0062, 0x0083, 0x00E4, 0x0146, 0x0146, 0x2411, 0x5FFF, 0x4639, 0x01E9, 0x01A8, 0x01E9, 0x4E1A, 0x1B2E, 0x00E5, 0x0105,
    0x00E5, 0x00E5, 0x00C4, 0x09C8, 0x1AAC, 0x0187, 0x0147, 0x0A09, 0x022A, 0x3DD7, 0x5FFF, 0x477D, 0x3F3C, 0x57FF, 0x3DD7, 0x022A,
    0x01A8, 0x1B8F, 0x4E9B, 0x0A4A, 0x00E5, 0x0105, 0x00C4, 0x00A4, 0x00A4, 0x0084, 0x0083, 0x00A3, 0x0062, 0x4122, 0x91E1, 0x81A0,
    0xB305, 0xA326, 0x51A4, 0x1082, 0x0002, 0x08E6, 0x21A8, 0x0083, 0x3209, 0xADD8, 0x7411, 0x5B4F, 0x52ED, 0x31E9, 0x2167, 0x1906,
    0x10E5, 0x08C5, 0x08A4, 0x0084, 0x0084, 0x0084, 0x0084, 0x0084, 0x00A4, 0x08C5, 0x08E5, 0x0905, 0x1126, 0x1147, 0x1987, 0x19A8,
    0x21C8, 0x21E9, 0x2209, 0x2A2A, 0x2A6A, 0x326B, 0x32AB, 0x19A8, 0x0084, 0x2188, 0x5B4E, 0x63D0, 0x63D0, 0x63B0, 0x63B0, 0x63D0,
    0x63B0, 0x63B0, 0x63B0, 0x63D0, 0x63D0, 0x63B0, 0x63B0, 0x63B0, 0x63B0, 0x63B0, 0x63B0, 0x63B0, 0x63B0, 0x63B0, 0x63B0, 0x63D0,
    0x63D0, 0x5B4E, 0x5B4F, 0x6BD1, 0x6BF1, 0x5B6F, 0x2167, 0x0084, 0x1126, 0x11A8, 0x1187, 0x1187, 0x1167, 0x0967, 0x0967, 0x0947,
    0x0926, 0x0926, 0x0906, 0x08E5, 0x00E5, 0x00C5, 0x00C4, 0x00A4, 0x00A4, 0x0084, 0x0084, 0x0084, 0x08A4, 0x08A4, 0x08C5, 0x10E5,
    0x1926, 0x2187, 0x320A, 0x530D, 0x5B4F, 0x7432, 0xAE19, 0x320A, 0x0063, 0x2188, 0x08C5, 0x0002, 0x1082, 0x4984, 0x9AE5, 0xBB25,
    0x89C1, 0x91E1, 0x4922, 0x0062, 0x00A3, 0x0083, 0x0083, 0x0083, 0x00A3, 0x00A4, 0x00E4, 0x00C4, 0x122A, 0x4E7B, 0x1B0D, 0x00C4,
    0x1105, 0x10E4, 0x2104, 0x20C2, 0x8A84, 0xFD08, 0xA305, 0x3102, 0x2903, 0x2AAA, 0x5E39, 0x19C7, 0x20E3, 0x20C2, 0x69C3, 0xF488,
    0x6182, 0x2881, 0x9284, 0xE448, 0x40E1, 0x3902, 0x4101, 0xC385, 0xFD07, 0x8243, 0x28A1, 0x20C2, 0x1881, 0x0861, 0x0841, 0x0021,
    0x0021, 0x0021, 0x0000, 0x0001, 0x0001, 0x0000, 0x0000, 0x0000, 0x0000, 0x0000, 0x0000, 0x0000, 0x0020, 0xDEDB, 0xFFFF, 0xFFFF,
    0xFFDF, 0xFFFF, 0xA534, 0x0000, 0x0000, 0x0000, 0x0000, 0x0000, 0x0000, 0x0000, 0x0000, 0x0000, 0x0001, 0x0001, 0x0021, 0x0021,
    0x0042, 0x0062, 0x00A3, 0x0105, 0x0167, 0x0187, 0x3596, 0x5FFF, 0x2CB3, 0x01A8, 0x0167, 0x12ED, 0x4E3A, 0x09E9, 0x0105, 0x0105,
    0x00E5, 0x0105, 0x00C4, 0x22ED, 0x45B8, 0x4515, 0x09E9, 0x01E9, 0x02AC, 0x4F3C, 0x5FFF, 0x1DB7, 0x1DD7, 0x67FF, 0x1C31, 0x020A,
    0x01C8, 0x3577, 0x3D77, 0x0105, 0x0105, 0x00E5, 0x00C4, 0x00A4, 0x0083, 0x0083, 0x0083, 0x0083, 0x0862, 0x61A3, 0x79C2, 0x5142,
    0x3123, 0x0022, 0x0063, 0x29E9, 0x7411, 0xADD8, 0x426B, 0x0063, 0x94F5, 0x73F1, 0x5B4E, 0x42AC, 0x08C5, 0x0084, 0x0905, 0x1146,
    0x1967, 0x21A8, 0x21C8, 0x2A09, 0x2A4A, 0x326B, 0x3AAB, 0x3ACC, 0x430D, 0x432D, 0x432E, 0x4B4E, 0x4B6E, 0x4B6E, 0x4B6E, 0x4B8E,
    0x4B6E, 0x4B6E, 0x4B8E, 0x4B6E, 0x4B6E, 0x436E, 0x4B8F, 0x4B8F, 0x2A09, 0x00A4, 0x08C5, 0x29C9, 0x29E9, 0x29C9, 0x29E9, 0x29E9,
    0x29E9, 0x29E9, 0x29E9, 0x29C9, 0x29C9, 0x29C9, 0x29C9, 0x29C9, 0x29C9, 0x29C9, 0x29C9, 0x29C9, 0x29C9, 0x29E9, 0x29E9, 0x29E9,
    0x29E9, 0x320A, 0x320A, 0x320A, 0x29E9, 0x10E6, 0x00A4, 0x1167, 0x1A09, 0x11E9, 0x11C8, 0x11C8, 0x11C8, 0x11C8, 0x11C8, 0x11E8,
    0x11E8, 0x11C8, 0x11E8, 0x11E8, 0x11E8, 0x11E8, 0x11E8, 0x11C8, 0x11A7, 0x1187, 0x1187, 0x1167, 0x0946, 0x0946, 0x0926, 0x0906,
    0x08E5, 0x00E5, 0x00A4, 0x08E5, 0x42AC, 0x5B6F, 0x7432, 0x9536, 0x0884, 0x3A6B, 0xADD8, 0x7432, 0x322A, 0x0084, 0x0022, 0x28E3,
    0x5142, 0x79C2, 0x69A3, 0x0862, 0x0083, 0x0083, 0x0083, 0x0083, 0x00A3, 0x00A4, 0x00C4, 0x00E5, 0x00E5, 0x3D36, 0x3CF5, 0x00E4,
    0x0905, 0x10E4, 0x1904, 0x2103, 0x5983, 0xF4A7, 0xDC26, 0x4142, 0x3123, 0x1965, 0x55B7, 0x2B2D, 0x18C2, 0x2103, 0x3902, 0xE468,
    0x9AA4, 0x28A1, 0x6182, 0xF488, 0x69C2, 0x30E2, 0x38E2, 0x92A4, 0xFD07, 0xB345, 0x30A1, 0x28C2, 0x1881, 0x0861, 0x0841, 0x0021,
    0x0021, 0x0001, 0x0000, 0x0000, 0x0000, 0x0000, 0x0000, 0x0000, 0x0000, 0x0000, 0x0000, 0x0000, 0x0000, 0xAD55, 0xFFFF, 0xFFDF,
    0xFFDF, 0xFFFF, 0x73AE, 0x0000, 0x0020, 0x0000, 0x0000, 0x0000, 0x0000, 0x0000, 0x0000, 0x0001, 0x0001, 0x0001, 0x0021, 0x0041,
    0x0062, 0x0083, 0x00C4, 0x0105, 0x0167, 0x0209, 0x4EFC, 0x5FFF, 0x134E, 0x01A8, 0x0146, 0x2C73, 0x3D56, 0x0105, 0x0105, 0x00E5,
    0x00E5, 0x0105, 0x0126, 0x0126, 0x0A09, 0x1ACC, 0x01E9, 0x01E9, 0x1BF0, 0x57FF, 0x477D, 0x0473, 0x471C, 0x5F5D, 0x02ED, 0x0209,
    0x0AAC, 0x4EBC, 0x236F, 0x00C4, 0x0105, 0x00C4, 0x00A4, 0x00A3, 0x0083, 0x0083, 0x0083, 0x0083, 0x10A3, 0x3124, 0x1062, 0x0084,
    0x00A4, 0x4AED, 0x9D77, 0xBE5A, 0xADF9, 0x7432, 0x0043, 0x428C, 0x8CF5, 0x5B2E, 0x52ED, 0x00A4, 0x0906, 0x3ACC, 0x4B4E, 0x4B4E,
    0x4B6E, 0x4B6E, 0x436E, 0x434E, 0x434E, 0x434E, 0x434E, 0x434E, 0x432D, 0x432D, 0x430D, 0x430D, 0x430D, 0x430D, 0x430D, 0x430D,
    0x430D, 0x430D, 0x430D, 0x430D, 0x430D, 0x430D, 0x430D, 0x432D, 0x4B6E, 0x3AAB, 0x1967, 0x08C5, 0x08A4, 0x08A5, 0x08C5, 0x08C5,
    0x08C5, 0x08C5, 0x00C5, 0x08C5, 0x08C5, 0x08C5, 0x08C5, 0x08C5, 0x08C5, 0x08C5, 0x08A5, 0x08C5, 0x08A4, 0x00A4, 0x00A4, 0x08A4,
    0x00A4, 0x00A4, 0x00A4, 0x00A4, 0x00A4, 0x08E5, 0x1187, 0x11C8, 0x0987, 0x0967, 0x0966, 0x0966, 0x0967, 0x0987, 0x0987, 0x0987,
    0x0987, 0x0966, 0x0966, 0x0966, 0x0967, 0x0967, 0x0966, 0x0987, 0x09A7, 0x09A7, 0x09A8, 0x09C8, 0x09C8, 0x11C8, 0x11E9, 0x1229,
    0x1209, 0x1A09, 0x19E9, 0x08E5, 0x08A4, 0x530E, 0x5B4F, 0x8CF5, 0x42CD, 0x0063, 0x7C32, 0xADF9, 0xBE7B, 0xA597, 0x530E, 0x00A5,
    0x0084, 0x0882, 0x2904, 0x10A3, 0x0083, 0x0083, 0x0083, 0x0083, 0x0083, 0x00A3, 0x00A4, 0x00E4, 0x00A3, 0x1B2E, 0x4E5A, 0x09E8,
    0x08E4, 0x1104, 0x1904, 0x2124, 0x3102, 0xCBA6, 0xFCC7, 0x69E3, 0x2903, 0x18C2, 0x3C72, 0x44D3, 0x10C3, 0x2903, 0x28A1, 0xBB86,
    0xCBC6, 0x38C1, 0x38E1, 0xDC07, 0xA2C4, 0x30C1, 0x3902, 0x69C2, 0xFCA7, 0xDC06, 0x4101, 0x28C2, 0x18A1, 0x1061, 0x0841, 0x0841,
    0x0021, 0x0001, 0x0000, 0x0000, 0x0001, 0x0000, 0x0000, 0x0000, 0x0000, 0x0000, 0x0000, 0x0020, 0x0000, 0x7BCF, 0xFFFF, 0xFFDF,
    0xFFFF, 0xFFFF, 0x4A48, 0x0000, 0x0000, 0x0000, 0x0000, 0x0000, 0x0000, 0x0000, 0x0001, 0x0001, 0x0001, 0x0021, 0x0021, 0x0041,
    0x0062, 0x0083, 0x00C4, 0x0126, 0x0146, 0x130D, 0x57DF, 0x4F1C, 0x026A, 0x01A8, 0x0167, 0x3D97, 0x2BF1, 0x00C4, 0x0105, 0x00E5,
    0x00E5, 0x0105, 0x0167, 0x01A8, 0x0106, 0x0147, 0x01E9, 0x01E9, 0x3576, 0x4FFF, 0x47BE, 0x36DB, 0x5FFF, 0x3DD8, 0x026B, 0x01E9,
    0x2452, 0x4E7B, 0x09C8, 0x00E5, 0x00E5, 0x00C4, 0x00A4, 0x0083, 0x0083, 0x0083, 0x0083, 0x08A4, 0x00A4, 0x0084, 0x29E9, 0x00A4,
    0x3A4A, 0xC69B, 0x9536, 0x73F1, 0x638F, 0x3A6B, 0x0043, 0x7411, 0x6BD1, 0x636F, 0x2188, 0x0084, 0x3ACC, 0x4B8F, 0x432D, 0x432D,
    0x4B8F, 0x436E, 0x436E, 0x436E, 0x434E, 0x434E, 0x434E, 0x434E, 0x42AB, 0x42CC, 0x42CC, 0x42CB, 0x42CC, 0x42CC, 0x42EC, 0x430C,
    0x430D, 0x3B2D, 0x430D, 0x430D, 0x42EC, 0x42EC, 0x42EC, 0x42EC, 0x42EC, 0x432D, 0x434E, 0x430D, 0x3B0D, 0x3B0D, 0x3B0D, 0x3B0D,
    0x3B0D, 0x3B2D, 0x3B2D, 0x430D, 0x430D, 0x430D, 0x3B0D, 0x430D, 0x430D, 0x430D, 0x432E, 0x32AB, 0x11A8, 0x11C8, 0x11C8, 0x11C8,
    0x11C8, 0x11C8, 0x11C8, 0x11C8, 0x11C8, 0x11C8, 0x11A7, 0x0966, 0x0926, 0x0926, 0x0926, 0x0946, 0x0967, 0x0987, 0x0987, 0x0987,
    0x0987, 0x0966, 0x0946, 0x0925, 0x0966, 0x11A7, 0x0946, 0x11E9, 0x1A4A, 0x124A, 0x124A, 0x124A, 0x124A, 0x124A, 0x124A, 0x1A8B,
    0x09C8, 0x09A7, 0x1209, 0x19E8, 0x0084, 0x29A8, 0x6390, 0x6BF1, 0x7432, 0x0063, 0x3A4B, 0x638F, 0x6BF1, 0x9536, 0xBE9B, 0x428C,
    0x0084, 0x29C9, 0x0064, 0x00A4, 0x08C4, 0x0083, 0x0083, 0x0083, 0x0083, 0x00A3, 0x00A3, 0x00C4, 0x00C4, 0x0987, 0x463A, 0x23B0,
    0x00C4, 0x1105, 0x1904, 0x2124, 0x28E2, 0x9284, 0xFCE8, 0x9AC5, 0x28E2, 0x20E2, 0x2ACB, 0x55D8, 0x1165, 0x2103, 0x20C2, 0x8A64,
    0xEC88, 0x5142, 0x2881, 0xB345, 0xDC07, 0x38E1, 0x3922, 0x4921, 0xDC06, 0xFCA7, 0x6182, 0x28A1, 0x20A2, 0x1081, 0x0841, 0x0841,
    0x0021, 0x0021, 0x0001, 0x0000, 0x0001, 0x0000, 0x0000, 0x0000, 0x0000, 0x0000, 0x0000, 0x0020, 0x0000, 0x4A49, 0xFFFF, 0xFFFF,
    0xFFFF, 0xF7BE, 0x18E3, 0x0000, 0x0000, 0x0000, 0x0000, 0x0000, 0x0000, 0x0000, 0x0001, 0x0001, 0x0001, 0x0021, 0x0021, 0x0042,
    0x0062, 0x00A3, 0x00E4, 0x0146, 0x0147, 0x2431, 0x5FFF, 0x45F8, 0x01C8, 0x0187, 0x0A09, 0x4E39, 0x12AC, 0x00C4, 0x0105, 0x00E5,
    0x00E5, 0x00C5, 0x2B6F, 0x4DF9, 0x3473, 0x0A0A, 0x01E9, 0x028B, 0x46FB, 0x47FF, 0x47FF, 0x47FF, 0x57FF, 0x1C52, 0x022A, 0x020A,
    0x3DD9, 0x3516, 0x0106, 0x0105, 0x00C4, 0x00A4, 0x0084, 0x0083, 0x0083, 0x0083, 0x00A4, 0x08A4, 0x1926, 0x9515, 0x9536, 0x0063,
    0x5B4E, 0x8CF5, 0x52ED, 0x5B6F, 0x63B0, 0x29E9, 0x08C5, 0x8493, 0x638F, 0x5B4E, 0x08C5, 0x1147, 0x4B4E, 0x3AEC, 0x3ACC, 0x42EC,
    0x434E, 0x432D, 0x432E, 0x3AEC, 0x430D, 0x432D, 0x430D, 0x430D, 0x430D, 0x430D, 0x42CC, 0x3A8B, 0x3AAB, 0x3ACC, 0x3AEC, 0x3B0D,
    0x3B0D, 0x3B2D, 0x3B2D, 0x3B2D, 0x3B0D, 0x3AEC, 0x3ACC, 0x42AC, 0x42CC, 0x42CC, 0x3ACC, 0x42EC, 0x430D, 0x430D, 0x430D, 0x430D,
    0x430D, 0x432D, 0x430D, 0x430D, 0x430D, 0x430D, 0x430D, 0x430D, 0x430D, 0x432E, 0x3ACC, 0x0987, 0x0987, 0x0987, 0x0987, 0x0987,
    0x0987, 0x0967, 0x0967, 0x0967, 0x0967, 0x0946, 0x0926, 0x0925, 0x0905, 0x0905, 0x0926, 0x0966, 0x09A7, 0x09A8, 0x09C8, 0x09C8,
    0x09A7, 0x0967, 0x0946, 0x0905, 0x08E5, 0x08E5, 0x08E5, 0x00E5, 0x0105, 0x0105, 0x0105, 0x0967, 0x0946, 0x11E9, 0x0A09, 0x1209,
    0x0967, 0x0966, 0x09A7, 0x11E8, 0x0905, 0x10E5, 0x5B4F, 0x6390, 0x7C73, 0x10E5, 0x31C9, 0x6BB0, 0x5B6F, 0x4B0D, 0x9535, 0x638F,
    0x0043, 0x9516, 0x8CD4, 0x1947, 0x08C4, 0x00A4, 0x0083, 0x0083, 0x0083, 0x0083, 0x00A3, 0x00A4, 0x00E5, 0x00C4, 0x34D5, 0x3D56,
    0x0125, 0x0905, 0x1104, 0x2104, 0x2903, 0x59A3, 0xF487, 0xCBA6, 0x3902, 0x2903, 0x1986, 0x55F8, 0x22AB, 0x20C2, 0x2903, 0x5982,
    0xF488, 0x7A03, 0x2081, 0x8244, 0xC3C8, 0x4101, 0x3102, 0x38E1, 0xBB45, 0xFCE7, 0x8243, 0x28A1, 0x20C2, 0x1881, 0x0861, 0x0841,
    0x0021, 0x0021, 0x0001, 0x0000, 0x0000, 0x0000, 0x0000, 0x0000, 0x0000, 0x0000, 0x0000, 0x0000, 0x0000, 0x2104, 0xF7BE, 0xFFFF,
    0xFFFF, 0xD6BA, 0x0000, 0x0000, 0x0000, 0x0000, 0x0000, 0x0000, 0x0000, 0x0000, 0x0001, 0x0001, 0x0001, 0x0021, 0x0021, 0x0042,
    0x0062, 0x00A3, 0x00E5, 0x0167, 0x0187, 0x3596, 0x67FF, 0x2CD3, 0x01A8, 0x0167, 0x1B0D, 0x4DF9, 0x09A8, 0x00E5, 0x00E5, 0x00E5,
    0x00E5, 0x00E5, 0x122A, 0x2C11, 0x3473, 0x022A, 0x020A, 0x13AF, 0x57DF, 0x47FF, 0x47DF, 0x47FF, 0x473D, 0x0AED, 0x0209, 0x0ACD,
    0x4EDC, 0x1B6F, 0x00E5, 0x0105, 0x00C4, 0x00A4, 0x0084, 0x0083, 0x0083, 0x0083, 0x08C4, 0x0084, 0x428B, 0x8CF5, 0x4ACC, 0x0043,
    0x6390, 0x8494, 0x5B4E, 0x638F, 0x6390, 0x1926, 0x2167, 0x7C73, 0x5B6F, 0x4AED, 0x0084, 0x21E9, 0x432D, 0x3ACC, 0x3AAB, 0x3AAB,
    0x432D, 0x430D, 0x430D, 0x42EC, 0x42CC, 0x3ACC, 0x42CC, 0x42CC, 0x3ACC, 0x3ACC, 0x3AAB, 0x3A8B, 0x3AAB, 0x3AEC, 0x3B2D, 0x3B6E,
    0x3BF0, 0x3C10, 0x3C10, 0x3BAF, 0x3B4E, 0x3B0D, 0x3ACC, 0x3AAB, 0x3A8B, 0x428B, 0x428B, 0x3AAB, 0x3AAB, 0x3AAB, 0x3AAB, 0x3AAB,
    0x3AAB, 0x3AAC, 0x3AAC, 0x3AAB, 0x3AAB, 0x3AAB, 0x3AAB, 0x3AAB, 0x42CC, 0x3A8B, 0x1126, 0x0905, 0x0926, 0x0925, 0x0905, 0x0905,
    0x0905, 0x0905, 0x0905, 0x0905, 0x0905, 0x0905, 0x00E5, 0x08E5, 0x0905, 0x0926, 0x0966, 0x09C8, 0x0A2A, 0x12CC, 0x0AEC, 0x130C,
    0x0A4A, 0x09C8, 0x0966, 0x0125, 0x08E5, 0x08C4, 0x08C4, 0x08C4, 0x00C4, 0x08C4, 0x00C4, 0x1146, 0x0967, 0x11A8, 0x09C8, 0x11E9,
    0x0946, 0x0946, 0x0966, 0x11C8, 0x1167, 0x0884, 0x4AED, 0x6390, 0x7C73, 0x2188, 0x1926, 0x6390, 0x638F, 0x5B4F, 0x8494, 0x6BD1,
    0x0043, 0x4AED, 0x8CF4, 0x42AC, 0x0084, 0x00C4, 0x0083, 0x0083, 0x0083, 0x0083, 0x0083, 0x00A4, 0x00E4, 0x00A3, 0x1B2E, 0x4E5A,
    0x09E9, 0x08E4, 0x1104, 0x1904, 0x2924, 0x3902, 0xD3E6, 0xEC67, 0x5182, 0x2903, 0x18E3, 0x4D35, 0x3C51, 0x18C3, 0x2924, 0x38E2,
    0xE427, 0xAAE5, 0x30C1, 0x3922, 0x38E2, 0x30E2, 0x3102, 0x30C1, 0x9284, 0xFD07, 0xAB05, 0x28A1, 0x28C2, 0x1881, 0x0861, 0x0841,
    0x0041, 0x0021, 0x0001, 0x0000, 0x0000, 0x0001, 0x0000, 0x0000, 0x0000, 0x0000, 0x0000, 0x0000, 0x0000, 0x0020, 0xDEDB, 0xFFFF,
    0xFFFF, 0xAD75, 0x0000, 0x0000, 0x0000, 0x0000, 0x0000, 0x0000, 0x0000, 0x0000, 0x0000, 0x0001, 0x0021, 0x0021, 0x0021, 0x0042,
    0x0083, 0x00A3, 0x0105, 0x0167, 0x01E9, 0x46BB, 0x5FFF, 0x1BAF, 0x01A8, 0x0146, 0x2C32, 0x3D56, 0x0105, 0x0105, 0x00E5, 0x00E5,
    0x00E5, 0x00E5, 0x00E5, 0x00E5, 0x0167, 0x0209, 0x022A, 0x2D14, 0x57FF, 0x47FF, 0x47DF, 0x4FFF, 0x35F8, 0x024A, 0x01E9, 0x2412,
    0x4EBC, 0x0A09, 0x0105, 0x00E5, 0x00A4, 0x00A4, 0x0084, 0x0083, 0x0083, 0x0083, 0x08C4, 0x08A4, 0x3A4B, 0x636F, 0x428B, 0x0043,
    0x7412, 0x7C52, 0x5B4E, 0x638F, 0x5B6F, 0x08C5, 0x31E9, 0x7432, 0x6390, 0x426B, 0x0084, 0x326A, 0x430C, 0x3AAB, 0x3A6A, 0x3A8B,
    0x430D, 0x430D, 0x430D, 0x430D, 0x3A8B, 0x3A29, 0x3A4A, 0x3A4A, 0x3A4A, 0x3A4A, 0x3A6A, 0x3A8B, 0x3AAB, 0x3B0D, 0x3B4D, 0x33EF,
    0x5F1C, 0x4EBA, 0x5F5D, 0x3C92, 0x3B4E, 0x3B4E, 0x3AEC, 0x3AAB, 0x3A8B, 0x3A6B, 0x3A6B, 0x3A6B, 0x3A6B, 0x3A6B, 0x426B, 0x3A8B,
    0x3A8B, 0x3A8B, 0x3A8B, 0x3A8B, 0x3A6B, 0x3A8B, 0x3A6B, 0x3A8B, 0x3A6B, 0x1126, 0x00C4, 0x08E5, 0x08E5, 0x08E4, 0x08E5, 0x08E5,
    0x08E5, 0x08E4, 0x08E4, 0x08E5, 0x08C5, 0x08C5, 0x00E5, 0x0905, 0x0126, 0x0966, 0x09E8, 0x01E8, 0x136E, 0x4F3C, 0x3699, 0x46FB,
    0x0AEC, 0x0A09, 0x09C8, 0x0966, 0x0905, 0x08C4, 0x00C4, 0x00A4, 0x00A4, 0x00C4, 0x00A4, 0x0946, 0x19E9, 0x0967, 0x11E9, 0x1A09,
    0x0926, 0x0905, 0x0946, 0x11A7, 0x11A7, 0x0084, 0x426B, 0x6390, 0x7432, 0x320A, 0x08A4, 0x5B6F, 0x638F, 0x5B4F, 0x7432, 0x7432,
    0x0064, 0x3A6B, 0x5B4E, 0x3A4B, 0x08C5, 0x08C4, 0x0083, 0x0083, 0x0083, 0x0083, 0x0083, 0x00A4, 0x00C4, 0x00C4, 0x09C8, 0x4E5A,
    0x234E, 0x00C4, 0x1105, 0x1904, 0x2124, 0x28E2, 0xA2E5, 0xFCC7, 0x7A23, 0x2903, 0x20C2, 0x33F0, 0x4D97, 0x1124, 0x2923, 0x28C2,
    0xB345, 0xD3E6, 0x38E1, 0x3103, 0x28E2, 0x28E2, 0x30E2, 0x28C2, 0x69C3, 0xFCC7, 0xCBC6, 0x38C1, 0x28C2, 0x18A1, 0x1061, 0x0841,
    0x0041, 0x0021, 0x0001, 0x0000, 0x0000, 0x0001, 0x0000, 0x0000, 0x0000, 0x0000, 0x0000, 0x0000, 0x0000, 0x0000, 0xB596, 0xFFFF,
    0xFFFF, 0x8430, 0x0000, 0x0020, 0x0000, 0x0000, 0x0000, 0x0000, 0x0000, 0x0000, 0x0001, 0x0001, 0x0001, 0x0021, 0x0041, 0x0062,
    0x0083, 0x00C4, 0x0125, 0x0167, 0x0AAB, 0x57BE, 0x57BE, 0x0ACC, 0x01C8, 0x0167, 0x3D36, 0x2C52, 0x00C4, 0x0105, 0x00E5, 0x00E5,
    0x00E4, 0x09E9, 0x3412, 0x1B2E, 0x0A09, 0x022A, 0x026B, 0x3E59, 0x57FF, 0x47FF, 0x47FF, 0x4FFF, 0x2493, 0x0209, 0x01C9, 0x3577,
    0x3DB8, 0x0146, 0x0125, 0x00E5, 0x00C4, 0x00A3, 0x0083, 0x0083, 0x0083, 0x0083, 0x08C4, 0x08C5, 0x4ACC, 0x6BB0, 0x3A4B, 0x0064,
    0x7432, 0x73F1, 0x5B4F, 0x638F, 0x532E, 0x0084, 0x3A4B, 0x6BF1, 0x6390, 0x320A, 0x00A4, 0x3AAB, 0x3ACC, 0x3A6A, 0x3A6A, 0x3A4A,
    0x3A4A, 0x3A4A, 0x3A2A, 0x3A2A, 0x3A4A, 0x3A4A, 0x3A4A, 0x3A4A, 0x3A4A, 0x3A6A, 0x3A8A, 0x3AAB, 0x3AEC, 0x3B4D, 0x3CB2, 0x3D75,
    0x46DB, 0x3E9A, 0x46DB, 0x45D7, 0x4535, 0x3BAF, 0x3B2D, 0x3ACC, 0x3AAB, 0x3A8B, 0x3A6A, 0x3A6A, 0x3A4A, 0x3A6A, 0x3A6A, 0x3A6A,
    0x3A6A, 0x3A6A, 0x3A6A, 0x3A6A, 0x3A6A, 0x3A6A, 0x3A4A, 0x3A6A, 0x1926, 0x00A3, 0x08C4, 0x08C4, 0x00C4, 0x08C4, 0x08C4, 0x08C4,
    0x00C4, 0x00A4, 0x08A4, 0x08C4, 0x08C4, 0x08C4, 0x00E5, 0x0925, 0x0966, 0x09C8, 0x0A4A, 0x2431, 0x1CF4, 0x369A, 0x2618, 0x2E59,
    0x24F4, 0x1BF0, 0x0A49, 0x09C8, 0x0946, 0x0905, 0x08C4, 0x00C4, 0x00A4, 0x00A4, 0x08C4, 0x00A4, 0x00A4, 0x00A4, 0x00A4, 0x00C4,
    0x08C4, 0x0905, 0x0925, 0x0987, 0x11C8, 0x00A4, 0x320A, 0x63B0, 0x6BF1, 0x3A4B, 0x0063, 0x5B2E, 0x638F, 0x5B6F, 0x6BF1, 0x7C53,
    0x0084, 0x3A4A, 0x638F, 0x4ACD, 0x10E5, 0x08C5, 0x0083, 0x0083, 0x0083, 0x0083, 0x0083, 0x00A3, 0x00C4, 0x00E5, 0x0105, 0x3D56,
    0x34D4, 0x00E5, 0x1105, 0x1904, 0x2124, 0x20E3, 0x7203, 0xFCC8, 0xA2E5, 0x30E2, 0x28E2, 0x2AAA, 0x5639, 0x19E7, 0x2903, 0x20C2,
    0x8244, 0xEC88, 0x5141, 0x28E2, 0x28E2, 0x20E2, 0x28E2, 0x30E2, 0x5142, 0xEC66, 0xEC67, 0x4942, 0x28C2, 0x20A1, 0x1061, 0x0841,
    0x0041, 0x0021, 0x0021, 0x0001, 0x0000, 0x0001, 0x0000, 0x0000, 0x0000, 0x0000, 0x0000, 0x0000, 0x0020, 0x0000, 0x8C51, 0xFFFF,
    0xFFFF, 0x5AEB, 0x0000, 0x0020, 0x0000, 0x0000, 0x0000, 0x0000, 0x0000, 0x0000, 0x0001, 0x0001, 0x0021, 0x0021, 0x0042, 0x0062,
    0x0083, 0x00E4, 0x0146, 0x0167, 0x136F, 0x57FF, 0x4EDB, 0x024A, 0x01C8, 0x01C8, 0x45D9, 0x1B2E, 0x00C4, 0x0105, 0x00E5, 0x00E5,
    0x00C4, 0x1A4B, 0x4577, 0x4DD8, 0x12AC, 0x0209, 0x0B0D, 0x4F3D, 0x4FFF, 0x47FF, 0x47FF, 0x4FBF, 0x136E, 0x01E9, 0x022A, 0x467B,
    0x2432, 0x0105, 0x0105, 0x00C4, 0x00C4, 0x00A4, 0x0083, 0x0083, 0x0083, 0x00A3, 0x08A4, 0x10E5, 0x532E, 0x63B0, 0x320A, 0x0084,
    0x7412, 0x6BD0, 0x636F, 0x63B0, 0x52ED, 0x0064, 0x3A6B, 0x63B0, 0x6390, 0x29A8, 0x08E5, 0x3ACC, 0x3AEC, 0x3A6A, 0x3A4A, 0x3A2A,
    0x3A29, 0x3A29, 0x3A29, 0x3A29, 0x3A29, 0x3A29, 0x3A29, 0x3A29, 0x3A4A, 0x3A6A, 0x3A8B, 0x3ACC, 0x3B2D, 0x2B4D, 0x4638, 0x4F5D,
    0x46FB, 0x46DB, 0x46FB, 0x573C, 0x56FB, 0x2BCF, 0x3B6E, 0x3B0D, 0x3ACC, 0x3A8B, 0x3A6A, 0x3A4A, 0x3A4A, 0x3A4A, 0x3A4A, 0x3A4A,
    0x3A4A, 0x3A4A, 0x3A4A, 0x3A4A, 0x3A4A, 0x3A4A, 0x3A6A, 0x1946, 0x0083, 0x08A4, 0x08A4, 0x00A4, 0x00A4, 0x00A4, 0x08A4, 0x08A4,
    0x08A4, 0x08A4, 0x08A4, 0x00A4, 0x08C4, 0x08E4, 0x0905, 0x0966, 0x09E8, 0x0A29, 0x028B, 0x3E99, 0x371C, 0x36DB, 0x2E9A, 0x36DB,
    0x475C, 0x35F7, 0x024A, 0x0A29, 0x09A7, 0x0926, 0x08E5, 0x00C4, 0x00A4, 0x00A4, 0x00A3, 0x08A4, 0x08A4, 0x08A4, 0x00C4, 0x08C4,
    0x08C4, 0x08E5, 0x0926, 0x11C8, 0x11E8, 0x08C5, 0x29A8, 0x63B0, 0x6BD0, 0x426B, 0x0063, 0x52ED, 0x63B0, 0x5B6F, 0x63B0, 0x7432,
    0x08C5, 0x29E9, 0x63AF, 0x5B2E, 0x1106, 0x08C4, 0x0083, 0x0083, 0x0083, 0x0083, 0x0083, 0x00A3, 0x00A4, 0x00E5, 0x00A4, 0x2BF1,
    0x45F9, 0x0967, 0x0904, 0x1104, 0x1904, 0x2103, 0x4962, 0xEC67, 0xCBC6, 0x3922, 0x2903, 0x21C6, 0x5E39, 0x22EC, 0x20C2, 0x20E3,
    0x59A2, 0xF4A8, 0x69C3, 0x28C2, 0x28E3, 0x20E2, 0x28E2, 0x3102, 0x38E1, 0xCBC6, 0xFCC7, 0x69A2, 0x28A1, 0x20A2, 0x1061, 0x0861,
    0x0041, 0x0021, 0x0021, 0x0001, 0x0000, 0x0001, 0x0000, 0x0000, 0x0000, 0x0000, 0x0000, 0x0000, 0x0020, 0x0000, 0x630C, 0xFFFF,
    0xFFFF, 0x39C7, 0x0000, 0x0000, 0x0000, 0x0000, 0x0000, 0x0000, 0x0000, 0x0000, 0x0021, 0x0001, 0x0021, 0x0021, 0x0042, 0x0062,
    0x00A3, 0x00E4, 0x0146, 0x0167, 0x2472, 0x5FFF, 0x3DD8, 0x01E9, 0x01A8, 0x0A6B, 0x463A, 0x124A, 0x00E5, 0x00E5, 0x00E4, 0x00E5,
    0x0105, 0x00C4, 0x0146, 0x0A0A, 0x0209, 0x022A, 0x13D0, 0x57FF, 0x4FFF, 0x47FF, 0x47FF, 0x46FC, 0x02AC, 0x01C8, 0x130D, 0x46DC,
    0x12ED, 0x0105, 0x0105, 0x00C4, 0x00A4, 0x0083, 0x0083, 0x0083, 0x0083, 0x00A3, 0x00A4, 0x1126, 0x636F, 0x5B2D, 0x2167, 0x08C5,
    0x6BD1, 0x63B0, 0x636F, 0x63B0, 0x4ACC, 0x0063, 0x3A4B, 0x63B0, 0x638F, 0x1947, 0x1126, 0x3ACC, 0x3B2D, 0x328A, 0x3229, 0x3229,
    0x3209, 0x3209, 0x3209, 0x3209, 0x3A09, 0x3A29, 0x3A29, 0x3229, 0x324A, 0x326A, 0x32CB, 0x32EC, 0x3C51, 0x4638, 0x3E59, 0x46DB,
    0x46DB, 0x3E9A, 0x4EFB, 0x46BA, 0x469A, 0x4E9A, 0x44F4, 0x334D, 0x330C, 0x32AB, 0x328B, 0x3A4A, 0x3A4A, 0x3A4A, 0x3A2A, 0x3A2A,
    0x3A2A, 0x3A2A, 0x3A2A, 0x3A2A, 0x3A2A, 0x3A4A, 0x2187, 0x0083, 0x08A4, 0x00A4, 0x08A4, 0x00A4, 0x08A4, 0x08A4, 0x08A4, 0x08A4,
    0x08A4, 0x08A4, 0x08A4, 0x00C4, 0x08E5, 0x0905, 0x0946, 0x09C8, 0x0A29, 0x2451, 0x3618, 0x2E79, 0x2E9A, 0x36BA, 0x2E59, 0x36DA,
    0x369A, 0x2E38, 0x3E18, 0x1B8E, 0x09E8, 0x09A7, 0x0926, 0x00E4, 0x00A4, 0x08A4, 0x08A4, 0x00A4, 0x00A4, 0x08A4, 0x00A4, 0x00A4,
    0x00C4, 0x08E4, 0x0946, 0x1229, 0x11E8, 0x0905, 0x1967, 0x638F, 0x63B0, 0x428C, 0x0063, 0x42AC, 0x63B0, 0x5B6F, 0x638F, 0x6BF1,
    0x10E5, 0x1947, 0x530D, 0x638F, 0x1947, 0x08A4, 0x0083, 0x0083, 0x0083, 0x0083, 0x0083, 0x00A3, 0x00A4, 0x00E5, 0x00C4, 0x128B,
    0x4E7B, 0x126A, 0x00E4, 0x1105, 0x1904, 0x2124, 0x3102, 0xCBC6, 0xF487, 0x5182, 0x3123, 0x1924, 0x4D97, 0x3431, 0x18C2, 0x2903,
    0x4122, 0xEC68, 0x8A84, 0x20A1, 0x28C1, 0x28A1, 0x28C2, 0x3103, 0x30C1, 0xB325, 0xFD08, 0x8A43, 0x28A1, 0x20C2, 0x1081, 0x0861,
    0x0041, 0x0021, 0x0021, 0x0001, 0x0001, 0x0000, 0x0000, 0x0000, 0x0000, 0x0000, 0x0000, 0x0000, 0x0000, 0x0000, 0x39E7, 0xFFFF,
    0xF79E, 0x2104, 0x0000, 0x0000, 0x0000, 0x0000, 0x0000, 0x0000, 0x0000, 0x0000, 0x0001, 0x0001, 0x0021, 0x0021, 0x0042, 0x0062,
    0x00A3, 0x00E5, 0x0166, 0x0187, 0x3576, 0x5FFF, 0x2CF4, 0x01C8, 0x0167, 0x1B2E, 0x45F9, 0x01A8, 0x0105, 0x00E5, 0x00E4, 0x00E5,
    0x0105, 0x09C8, 0x01A8, 0x0187, 0x0A09, 0x0209, 0x24B3, 0x57FF, 0x47FF, 0x47FF, 0x4FFF, 0x3DF8, 0x024A, 0x01C8, 0x2412, 0x467B,
    0x01C8, 0x0105, 0x00E5, 0x00C4, 0x00A3, 0x0083, 0x0083, 0x0083, 0x0083, 0x00A4, 0x00A4, 0x2167, 0x638F, 0x426A, 0x1967, 0x08C5,
    0x638F, 0x6390, 0x636F, 0x63B0, 0x428B, 0x0063, 0x428C, 0x63B0, 0x5B6F, 0x1126, 0x1147, 0x32EC, 0x3B2D, 0x324A, 0x3209, 0x3209,
    0x3209, 0x3209, 0x3209, 0x3209, 0x3209, 0x3209, 0x3209, 0x3229, 0x326A, 0x32AB, 0x330C, 0x2B8E, 0x34F4, 0x4F1C, 0x46BA, 0x4EFC,
    0x46DB, 0x467A, 0x4EDB, 0x46BA, 0x46DB, 0x471C, 0x3D96, 0x33CF, 0x338E, 0x330C, 0x32AB, 0x326A, 0x324A, 0x3A29, 0x3A29, 0x3A29,
    0x3A29, 0x3A29, 0x3A2A, 0x3A29, 0x3A4A, 0x29A7, 0x0083, 0x00A4, 0x08A4, 0x08A4, 0x08A4, 0x08A4, 0x08A4, 0x00A4, 0x00A4, 0x00A4,
    0x00A4, 0x00A4, 0x00C4, 0x08C4, 0x0905, 0x0946, 0x09A7, 0x0A49, 0x02EC, 0x2534, 0x3F1C, 0x36DA, 0x36BA, 0x3EBA, 0x3659, 0x36DB,
    0x36BA, 0x2E9A, 0x3F1C, 0x1C72, 0x0AAB, 0x0A29, 0x0987, 0x0925, 0x08C4, 0x00A4, 0x00A4, 0x00A4, 0x08A4, 0x08A4, 0x08A4, 0x08A4,
    0x00C4, 0x08C4, 0x0925, 0x1229, 0x11E8, 0x0926, 0x1926, 0x5B6F, 0x63B0, 0x4AAC, 0x0063, 0x428B, 0x63B0, 0x636F, 0x638F, 0x63B0,
    0x10E5, 0x1967, 0x3A4A, 0x638F, 0x2188, 0x00A4, 0x00A3, 0x0083, 0x0083, 0x0083, 0x0083, 0x00A3, 0x00A4, 0x00C4, 0x00C4, 0x0987,
    0x4E19, 0x238F, 0x00C4, 0x1125, 0x1904, 0x2124, 0x28E2, 0xA305, 0xFCE8, 0x7203, 0x3123, 0x20E3, 0x3C92, 0x4535, 0x10E3, 0x2923,
    0x28C1, 0xCBC7, 0xB325, 0x2060, 0x8A84, 0xCBC7, 0x69C3, 0x28E2, 0x30C2, 0x9284, 0xFD07, 0xAAE5, 0x28A1, 0x20C2, 0x1881, 0x0861,
    0x0841, 0x0021, 0x0021, 0x0001, 0x0000, 0x0000, 0x0000, 0x0000, 0x0000, 0x0000, 0x0000, 0x0000, 0x0000, 0x0000, 0x2104, 0xF7BE,
    0xDEFB, 0x0861, 0x0000, 0x0000, 0x0000, 0x0000, 0x0000, 0x0000, 0x0000, 0x0001, 0x0001, 0x0001, 0x0021, 0x0022, 0x0062, 0x0063,
    0x00A3, 0x0105, 0x0166, 0x01A8, 0x3E59, 0x5FFF, 0x2410, 0x01A8, 0x0147, 0x2411, 0x3D97, 0x0126, 0x0105, 0x00E5, 0x00E5, 0x00C4,
    0x0967, 0x4556, 0x4DD8, 0x238F, 0x01C8, 0x024A, 0x35B7, 0x57FF, 0x47FF, 0x47FF, 0x57FF, 0x2CF4, 0x020A, 0x01C8, 0x3536, 0x3D97,
    0x0126, 0x0125, 0x00E5, 0x00A4, 0x00A3, 0x0083, 0x0083, 0x0083, 0x0083, 0x00A4, 0x00A4, 0x29C9, 0x530D, 0x3A29, 0x2167, 0x08C5,
    0x5B4F, 0x63B0, 0x636F, 0x63B0, 0x426B, 0x0063, 0x42AC, 0x63B0, 0x5B4F, 0x1105, 0x1167, 0x32EC, 0x330D, 0x324A, 0x3209, 0x3209,
    0x31E9, 0x31E9, 0x31E9, 0x31E9, 0x3209, 0x3209, 0x3209, 0x3229, 0x326A, 0x32CB, 0x2B6E, 0x4E9A, 0x46BA, 0x4EFB, 0x4EFB, 0x4EFC,
    0x575D, 0x3D76, 0x23D0, 0x4E7A, 0x473C, 0x46FB, 0x46DB, 0x573C, 0x3430, 0x332D, 0x32EC, 0x328B, 0x326A, 0x3229, 0x3229, 0x3229,
    0x3229, 0x3229, 0x3209, 0x3A29, 0x31C8, 0x08A4, 0x08A4, 0x08A4, 0x08A4, 0x08A4, 0x08A4, 0x00A4, 0x00A4, 0x00A4, 0x00A4, 0x00C4,
    0x00A4, 0x00A4, 0x08C4, 0x0905, 0x0946, 0x09A7, 0x01E8, 0x0B0C, 0x46FB, 0x36BA, 0x36DB, 0x475C, 0x3E9A, 0x034E, 0x2534, 0x477D,
    0x36DB, 0x36DB, 0x3EDB, 0x36BA, 0x4699, 0x0AAB, 0x09E8, 0x0966, 0x0905, 0x00C4, 0x00A4, 0x00A4, 0x00A4, 0x08A4, 0x00A4, 0x08A4,
    0x08A4, 0x08C4, 0x0905, 0x1229, 0x11E8, 0x0926, 0x1106, 0x5B6F, 0x63B0, 0x4ACC, 0x0063, 0x3A6B, 0x63B0, 0x636F, 0x638F, 0x5B6F,
    0x10E5, 0x2167, 0x3A29, 0x530D, 0x29E9, 0x00A4, 0x00A4, 0x0083, 0x0083, 0x0083, 0x0083, 0x00A3, 0x00A4, 0x00C4, 0x00E4, 0x00E4,
    0x3D56, 0x34B4, 0x00E4, 0x0905, 0x1104, 0x2124, 0x20E2, 0x8244, 0xFD08, 0x92A4, 0x3103, 0x28E2, 0x2B6E, 0x55D8, 0x1145, 0x2923,
    0x20C2, 0xAB05, 0xCBC6, 0x30A0, 0xD407, 0xFD48, 0xB366, 0x30C1, 0x30E2, 0x7A03, 0xFCC7, 0xC385, 0x30C1, 0x20C2, 0x1881, 0x0861,
    0x0841, 0x0021, 0x0021, 0x0021, 0x0000, 0x0000, 0x0000, 0x0000, 0x0000, 0x0000, 0x0000, 0x0000, 0x0000, 0x0000, 0x0861, 0xDEFB,
    0xC638, 0x0000, 0x0000, 0x0000, 0x0000, 0x0000, 0x0000, 0x0000, 0x0000, 0x0001, 0x0001, 0x0001, 0x0021, 0x0041, 0x0062, 0x0083,
    0x00C4, 0x0105, 0x0167, 0x0229, 0x4F1C, 0x57FF, 0x136E, 0x01C8, 0x0167, 0x34D4, 0x34F5, 0x00E5, 0x0925, 0x00E5, 0x00E5, 0x00E5,
    0x0125, 0x126A, 0x238F, 0x128B, 0x01E9, 0x028B, 0x469A, 0x4FFF, 0x47FF, 0x47FF, 0x57FF, 0x1BF1, 0x0209, 0x0209, 0x3E39, 0x2C93,
    0x00E5, 0x0126, 0x00C4, 0x00A4, 0x00A3, 0x0083, 0x0083, 0x0083, 0x0083, 0x08A4, 0x08A4, 0x31E9, 0x4A8B, 0x3A2A, 0x2167, 0x08C5,
    0x5B2E, 0x63B0, 0x636F, 0x63B0, 0x426B, 0x0063, 0x42AC, 0x63B0, 0x5B4E, 0x10E5, 0x1967, 0x32CC, 0x32EC, 0x3229, 0x3209, 0x31E9,
    0x31E8, 0x31E8, 0x31E8, 0x31E8, 0x31E8, 0x3209, 0x3229, 0x324A, 0x32AB, 0x330C, 0x2BCF, 0x469A, 0x3E79, 0x46BA, 0x3E9A, 0x469A,
    0x45B7, 0x3CB3, 0x33AF, 0x3D34, 0x3DD7, 0x46DB, 0x3E9A, 0x46FB, 0x3534, 0x3451, 0x334D, 0x32CB, 0x326A, 0x3229, 0x3209, 0x3209,
    0x3209, 0x3209, 0x3229, 0x31E9, 0x08C4, 0x00A4, 0x08C4, 0x08C4, 0x08C4, 0x08C4, 0x08C4, 0x00C4, 0x00A4, 0x00A4, 0x00A4, 0x00C4,
    0x00A4, 0x00C4, 0x08E4, 0x0926, 0x09A7, 0x0A09, 0x138E, 0x1492, 0x2E9A, 0x2659, 0x2E9A, 0x2DD7, 0x2D14, 0x0B0D, 0x1C11, 0x2D76,
    0x2E39, 0x2E79, 0x36BA, 0x2E59, 0x3659, 0x0B2D, 0x1229, 0x0987, 0x0925, 0x08C4, 0x00A4, 0x00A4, 0x00A4, 0x08A4, 0x00A4, 0x00A4,
    0x00C4, 0x08E4, 0x0905, 0x1209, 0x1208, 0x0926, 0x10E5, 0x5B6F, 0x63B0, 0x4AED, 0x0063, 0x3A4A, 0x63AF, 0x5B6E, 0x638F, 0x5B4E,
    0x10E5, 0x2147, 0x3A2A, 0x4A8B, 0x322A, 0x00A4, 0x00A4, 0x0083, 0x0083, 0x0083, 0x0083, 0x00A3, 0x00A4, 0x00C4, 0x0105, 0x00A4,
    0x2C52, 0x3DB8, 0x0126, 0x0904, 0x1104, 0x2104, 0x20E3, 0x61C3, 0xFCE8, 0xB345, 0x3102, 0x2903, 0x228A, 0x565A, 0x1A08, 0x2103,
    0x20C2, 0x8264, 0xE447, 0x38C0, 0x7203, 0xB387, 0x61A3, 0x30E2, 0x3102, 0x6182, 0xFCA7, 0xDC06, 0x38E1, 0x20C2, 0x1882, 0x1061,
    0x0861, 0x0041, 0x0021, 0x0021, 0x0001, 0x0001, 0x0000, 0x0000, 0x0000, 0x0000, 0x0000, 0x0000, 0x0000, 0x0000, 0x0000, 0xC638,
    0xAD55, 0x0000, 0x0000, 0x0000, 0x0000, 0x0000, 0x0000, 0x0000, 0x0000, 0x0020, 0x0001, 0x0001, 0x0021, 0x0041, 0x0062, 0x0083,
    0x00C4, 0x0125, 0x0166, 0x0A8B, 0x4FBE, 0x4F9E, 0x0ACC, 0x01C8, 0x0187, 0x3D77, 0x2C32, 0x00E4, 0x0925, 0x00E5, 0x08E5, 0x0105,
    0x0105, 0x00A4, 0x00A4, 0x0187, 0x0209, 0x02CC, 0x4F5D, 0x4FFF, 0x47FF, 0x47FF, 0x4F9E, 0x0B2E, 0x01E9, 0x0A8B, 0x46BB, 0x1B6F,
    0x00E5, 0x0105, 0x00C4, 0x00A3, 0x00A3, 0x0083, 0x0083, 0x0083, 0x0083, 0x08C4, 0x08C5, 0x31C9, 0x424A, 0x3A2A, 0x2167, 0x08A5,
    0x5B2E, 0x63B0, 0x5B6F, 0x63B0, 0x426B, 0x0063, 0x42AC, 0x63B0, 0x5B4E, 0x10E5, 0x1987, 0x32CB, 0x32EC, 0x3229, 0x29E8, 0x31E8,
    0x31E8, 0x29E8, 0x31E8, 0x31E8, 0x31E8, 0x31E8, 0x2A29, 0x2A4A, 0x2ACB, 0x2B0C, 0x23F0, 0x573C, 0x46DB, 0x4EFB, 0x4F1C, 0x4E79,
    0x234D, 0x2B4E, 0x336E, 0x2B0D, 0x2BF0, 0x577D, 0x46FB, 0x46FB, 0x4F3C, 0x4658, 0x232D, 0x32EC, 0x328B, 0x324A, 0x3229, 0x3209,
    0x3209, 0x3209, 0x3209, 0x10E5, 0x00A4, 0x08C4, 0x08C4, 0x08C4, 0x08C4, 0x08C4, 0x00C4, 0x00C4, 0x00C4, 0x00C4, 0x00A4, 0x08C4,
    0x00C4, 0x08C4, 0x0905, 0x0966, 0x0A08, 0x0229, 0x35F7, 0x3EFB, 0x2E9A, 0x36BA, 0x4F7D, 0x0B6E, 0x028B, 0x0AAB, 0x0AAB, 0x028B,
    0x35F7, 0x3F1C, 0x3EFB, 0x36BA, 0x3EFB, 0x0B4E, 0x0A49, 0x09E8, 0x0946, 0x08E5, 0x00C4, 0x00A4, 0x00A4, 0x00A4, 0x00A4, 0x00A4,
    0x00C4, 0x08E4, 0x0905, 0x1209, 0x11E8, 0x0926, 0x10E5, 0x5B4F, 0x63B0, 0x4AED, 0x0064, 0x3A4A, 0x63AF, 0x5B4E, 0x638F, 0x5B4E,
    0x08E5, 0x2147, 0x3A2A, 0x424A, 0x29C9, 0x08A5, 0x08A4, 0x0083, 0x0083, 0x0083, 0x0083, 0x0083, 0x00A4, 0x00A4, 0x00E5, 0x00A3,
    0x232E, 0x465A, 0x09C8, 0x08E4, 0x1104, 0x1904, 0x2103, 0x4962, 0xF487, 0xD3E6, 0x3922, 0x3103, 0x19C6, 0x5659, 0x22CB, 0x18C2,
    0x20E3, 0x61C3, 0xEC68, 0x5162, 0x20A1, 0x28A1, 0x28C2, 0x30E2, 0x30E2, 0x4922, 0xE446, 0xEC66, 0x4921, 0x20A2, 0x1882, 0x0861,
    0x0841, 0x0021, 0x0021, 0x0021, 0x0001, 0x0000, 0x0001, 0x0000, 0x0000, 0x0000, 0x0000, 0x0000, 0x0000, 0x0000, 0x0000, 0xA554,
    0x9492, 0x0000, 0x0000, 0x0000, 0x0000, 0x0000, 0x0000, 0x0000, 0x0000, 0x0001, 0x0001, 0x0021, 0x0021, 0x0041, 0x0062, 0x0083,
    0x00E4, 0x0126, 0x0146, 0x132D, 0x57FF, 0x46FB, 0x0A4A, 0x09C8, 0x0187, 0x45B7, 0x236E, 0x08E4, 0x1125, 0x0905, 0x0905, 0x0925,
    0x0105, 0x1AAC, 0x2B8F, 0x01A8, 0x01E9, 0x136E, 0x4FDE, 0x47FF, 0x47FF, 0x4FFF, 0x46DB, 0x02AC, 0x01C9, 0x134E, 0x4EFC, 0x128B,
    0x00E5, 0x0105, 0x00C4, 0x00A3, 0x00A3, 0x0083, 0x0083, 0x00A3, 0x0083, 0x08C4, 0x08C5, 0x29A8, 0x3A2A, 0x422A, 0x2167, 0x08A4,
    0x428B, 0x638F, 0x638F, 0x6BD0, 0x428C, 0x0063, 0x42AC, 0x63B0, 0x5B4E, 0x10E5, 0x1167, 0x32AB, 0x32EC, 0x2A09, 0x29E8, 0x29C8,
    0x29C8, 0x29C8, 0x29C8, 0x29E8, 0x29C8, 0x29E8, 0x2A29, 0x2A6A, 0x22CB, 0x3D14, 0x3DF7, 0x3EBA, 0x3E79, 0x46DB, 0x2CD3, 0x2BCF,
    0x2B0C, 0x2ACC, 0x2ACC, 0x2AEC, 0x2B6E, 0x2C51, 0x3596, 0x46FB, 0x3E9A, 0x3E38, 0x45D7, 0x33CF, 0x2A8A, 0x324A, 0x3229, 0x3209,
    0x3209, 0x3209, 0x1125, 0x00C4, 0x08E5, 0x08E4, 0x08E4, 0x08E5, 0x08E5, 0x08E5, 0x08E5, 0x08E5, 0x08E4, 0x08C4, 0x08C4, 0x00C4,
    0x08C4, 0x08E5, 0x0945, 0x0987, 0x132C, 0x35B6, 0x2E18, 0x2638, 0x2E9A, 0x1D14, 0x13CF, 0x12AB, 0x0A29, 0x09E8, 0x0A09, 0x0A6A,
    0x136E, 0x1451, 0x3699, 0x2E79, 0x369A, 0x25B6, 0x24B3, 0x09E8, 0x0966, 0x0905, 0x08C4, 0x00A4, 0x00A4, 0x08A4, 0x00A4, 0x00A4,
    0x00C4, 0x08E4, 0x0905, 0x1229, 0x11E8, 0x0926, 0x1105, 0x5B6F, 0x63B0, 0x4ACD, 0x0063, 0x3A6B, 0x63B0, 0x638F, 0x638F, 0x4AAC,
    0x08A4, 0x2167, 0x3A2A, 0x3A2A, 0x29A8, 0x08A5, 0x08A4, 0x0083, 0x0083, 0x0083, 0x0083, 0x0083, 0x00A3, 0x00A4, 0x00C4, 0x00A3,
    0x124A, 0x4E7B, 0x128B, 0x00C4, 0x1105, 0x1904, 0x2124, 0x3922, 0xDC06, 0xEC67, 0x4962, 0x3123, 0x1944, 0x4DD8, 0x2B8E, 0x18C2,
    0x2103, 0x4942, 0xEC68, 0x69E3, 0x28C2, 0x2903, 0x28E3, 0x28C2, 0x28E2, 0x38E1, 0xCBA6, 0xFC87, 0x5162, 0x18A2, 0x18A2, 0x0861,
    0x0861, 0x0021, 0x0021, 0x0021, 0x0001, 0x0000, 0x0000, 0x0000, 0x0000, 0x0000, 0x0000, 0x0000, 0x0000, 0x0000, 0x0000, 0x8C71,
    0x7BCF, 0x0000, 0x0000, 0x0000, 0x0000, 0x0000, 0x0000, 0x0000, 0x0000, 0x0001, 0x0001, 0x0021, 0x0021, 0x0042, 0x0062, 0x0083,
    0x00E4, 0x0146, 0x0146, 0x1BD0, 0x5FFF, 0x4659, 0x01E9, 0x09A8, 0x21A6, 0xA571, 0x42A9, 0x08C3, 0x1945, 0x1104, 0x1105, 0x1125,
    0x00E4, 0x34D4, 0x45D8, 0x01A8, 0x01E9, 0x1C11, 0x57FF, 0x47FF, 0x47FF, 0x4FFF, 0x3E39, 0x024B, 0x01C8, 0x2411, 0x4E9B, 0x09E8,
    0x00E5, 0x00E5, 0x00A4, 0x00A3, 0x0083, 0x0083, 0x0083, 0x0083, 0x00A3, 0x08A4, 0x08A4, 0x2167, 0x424A, 0x3A2A, 0x2167, 0x00A4,
    0x29C8, 0x424A, 0x4AAC, 0x638F, 0x4ACC, 0x0064, 0x426B, 0x63B0, 0x5B4E, 0x1105, 0x1147, 0x2AAB, 0x32CC, 0x2A09, 0x29C8, 0x29C8,
    0x29C8, 0x29C8, 0x29C8, 0x29C8, 0x29C8, 0x29E8, 0x2A09, 0x2A6A, 0x22AB, 0x4618, 0x46FB, 0x46DB, 0x469A, 0x571C, 0x2BCF, 0x2A8B,
    0x2A8B, 0x2A6A, 0x2A6A, 0x2A8A, 0x2ACB, 0x22AB, 0x3D14, 0x4EFB, 0x3E9A, 0x3E79, 0x4F1C, 0x3451, 0x2A6A, 0x326A, 0x2A29, 0x2A09,
    0x3209, 0x1966, 0x00E4, 0x0905, 0x0905, 0x0925, 0x0925, 0x0925, 0x0926, 0x0926, 0x0925, 0x0925, 0x0905, 0x08E5, 0x08E5, 0x08E4,
    0x08E5, 0x0905, 0x0966, 0x09A7, 0x1BAF, 0x471C, 0x369A, 0x2E79, 0x471B, 0x2492, 0x01C8, 0x09E8, 0x0987, 0x0966, 0x0987, 0x09C8,
    0x0A09, 0x0ACC, 0x46BA, 0x36BA, 0x36BA, 0x2EDA, 0x2DD7, 0x0209, 0x0987, 0x0905, 0x08C4, 0x00A4, 0x00A4, 0x08A4, 0x00A4, 0x00A4,
    0x00C4, 0x08E4, 0x0925, 0x1229, 0x11E8, 0x0926, 0x1106, 0x5B6F, 0x63B0, 0x42AC, 0x0063, 0x42AB, 0x638F, 0x4AAC, 0x424A, 0x29C8,
    0x08A4, 0x2167, 0x3A29, 0x3A2A, 0x2187, 0x08A4, 0x00A4, 0x0083, 0x0083, 0x0083, 0x0083, 0x0083, 0x0083, 0x00A3, 0x00C4, 0x00C4,
    0x0987, 0x465A, 0x236F, 0x00C4, 0x1125, 0x1904, 0x2124, 0x3102, 0xC385, 0xFCC7, 0x59A3, 0x2923, 0x1903, 0x4535, 0x3451, 0x10C2,
    0x2123, 0x38E2, 0xE427, 0x8264, 0x20A1, 0x28E2, 0x20E3, 0x20C2, 0x28E2, 0x28A1, 0xB345, 0xFCC7, 0x69C3, 0x1881, 0x18A2, 0x0861,
    0x0841, 0x0041, 0x0021, 0x0021, 0x0000, 0x0000, 0x0000, 0x0000, 0x0000, 0x0000, 0x0000, 0x0000, 0x0000, 0x0000, 0x0000, 0x73AE,
    0x630C, 0x0000, 0x0000, 0x0000, 0x0000, 0x0000, 0x0000, 0x0000, 0x0020, 0x0000, 0x0001, 0x0021, 0x0021, 0x0041, 0x0062, 0x00A3,
    0x00E4, 0x0146, 0x0146, 0x2452, 0x5FFF, 0x3DB7, 0x01A8, 0x09C8, 0x2185, 0xBC09, 0xE4AA, 0x6224, 0x18C3, 0x1924, 0x1125, 0x1125,
    0x0105, 0x3536, 0x34F5, 0x0187, 0x01E9, 0x2493, 0x4FFF, 0x47FF, 0x47FF, 0x4FFF, 0x3596, 0x022A, 0x01C8, 0x2CB4, 0x4619, 0x0147,
    0x0105, 0x00E4, 0x00A4, 0x0083, 0x0083, 0x0083, 0x0083, 0x0083, 0x0083, 0x18C4, 0x10C4, 0x08E5, 0x3209, 0x426A, 0x2187, 0x00A4,
    0x29E8, 0x3A2A, 0x3A09, 0x424A, 0x3A2A, 0x0084, 0x3A2A, 0x63B0, 0x5B6F, 0x1926, 0x0926, 0x2A6A, 0x2ACC, 0x2A09, 0x29C8, 0x29C8,
    0x29A7, 0x29A8, 0x29A8, 0x29C8, 0x29C8, 0x29C8, 0x29E8, 0x2A4A, 0x228A, 0x3DF7, 0x3E9A, 0x4F1B, 0x3555, 0x234D, 0x2AEC, 0x2A6A,
    0x2229, 0x2209, 0x2A09, 0x2A29, 0x2A6A, 0x2AAB, 0x2B2D, 0x1B6E, 0x4659, 0x3E7A, 0x4EFB, 0x3431, 0x2A6A, 0x2A4A, 0x2A29, 0x3229,
    0x21A7, 0x0925, 0x0946, 0x0946, 0x0966, 0x0987, 0x0987, 0x0987, 0x0987, 0x0987, 0x0987, 0x0967, 0x0966, 0x0946, 0x0926, 0x0925,
    0x0925, 0x0926, 0x0966, 0x09A7, 0x138F, 0x3EDB, 0x2E79, 0x3679, 0x032D, 0x0A8B, 0x09E8, 0x0987, 0x0926, 0x0905, 0x0925, 0x0946,
    0x09A7, 0x0A49, 0x028B, 0x1CD3, 0x371B, 0x2EBA, 0x35D7, 0x01E8, 0x0966, 0x0905, 0x08C4, 0x00A4, 0x00A4, 0x08A4, 0x08A4, 0x00A4,
    0x08A4, 0x08C4, 0x0946, 0x1229, 0x11E8, 0x0905, 0x1926, 0x5B6F, 0x63B0, 0x426B, 0x0084, 0x3209, 0x3A4A, 0x31E9, 0x3A29, 0x29C8,
    0x08A4, 0x2167, 0x424A, 0x31E9, 0x08E5, 0x18C4, 0x18E3, 0x0083, 0x00A3, 0x0083, 0x0083, 0x0083, 0x0083, 0x00A3, 0x00A4, 0x00C4,
    0x0105, 0x45D8, 0x2C52, 0x00C4, 0x1125, 0x1904, 0x2124, 0x28E2, 0xA305, 0xFCE8, 0x7203, 0x2903, 0x18E3, 0x3C92, 0x44F4, 0x10C3,
    0x2124, 0x28C2, 0xD3E7, 0xA2E5, 0x20A1, 0x20E3, 0x20C2, 0x18C2, 0x20E2, 0x2081, 0x9AE5, 0xFCE9, 0x7224, 0x1081, 0x10A2, 0x0862,
    0x0041, 0x0041, 0x0021, 0x0021, 0x0001, 0x0000, 0x0000, 0x0000, 0x0000, 0x0000, 0x0000, 0x0000, 0x0000, 0x0000, 0x0000, 0x5AEB,
    0x4A69, 0x0000, 0x0000, 0x0000, 0x0000, 0x0000, 0x0000, 0x0000, 0x0001, 0x0001, 0x0001, 0x0021, 0x0021, 0x0042, 0x0062, 0x00A3,
    0x00E4, 0x0166, 0x0167, 0x2CD4, 0x5FFF, 0x3535, 0x0187, 0x09A8, 0x1166, 0x2923, 0x9B26, 0xF4EA, 0x92E6, 0x2903, 0x1924, 0x1925,
    0x0946, 0x3DB7, 0x2C93, 0x0187, 0x0209, 0x2D35, 0x4FFF, 0x47FF, 0x47FF, 0x4FFF, 0x24F4, 0x0209, 0x01C8, 0x3556, 0x3D77, 0x0105,
    0x0105, 0x00C4, 0x00A4, 0x0083, 0x0083, 0x0083, 0x0083, 0x00A3, 0x0062, 0x4123, 0x5984, 0x0883, 0x08C5, 0x29C8, 0x2987, 0x00A4,
    0x29C8, 0x424A, 0x3A2A, 0x3A2A, 0x3209, 0x08A4, 0x31E9, 0x63B0, 0x5B6F, 0x2167, 0x08E5, 0x2A4A, 0x2AAB, 0x2A09, 0x29C7, 0x29A8,
    0x29A7, 0x29A7, 0x29A7, 0x29A7, 0x29A7, 0x29A8, 0x29E8, 0x2A29, 0x224A, 0x3CD3, 0x3D76, 0x45B7, 0x3451, 0x228B, 0x2A6A, 0x2209,
    0x21C8, 0x21C8, 0x29C8, 0x29C8, 0x2A09, 0x2A4A, 0x2A8B, 0x22CC, 0x3D55, 0x3D96, 0x45D7, 0x2BAF, 0x2A6A, 0x2A4A, 0x2A4A, 0x21E9,
    0x1187, 0x11A7, 0x11A8, 0x11C8, 0x11A8, 0x11A7, 0x1187, 0x1187, 0x1187, 0x1187, 0x11A7, 0x11A8, 0x11A8, 0x11C8, 0x11A7, 0x0987,
    0x0966, 0x0966, 0x0987, 0x09A7, 0x130D, 0x3596, 0x2D55, 0x3535, 0x0A6A, 0x09C8, 0x0966, 0x0925, 0x08E4, 0x08C4, 0x08C4, 0x0905,
    0x0946, 0x09A7, 0x09E8, 0x1BAF, 0x35B6, 0x2D75, 0x2CB2, 0x01A7, 0x0946, 0x08E5, 0x08C4, 0x00A4, 0x00A4, 0x08A4, 0x00A4, 0x00A4,
    0x08C4, 0x08C4, 0x0966, 0x1A49, 0x11E8, 0x08E5, 0x2147, 0x638F, 0x63B0, 0x3A2A, 0x00A4, 0x31E9, 0x3A2A, 0x3A09, 0x3A2A, 0x29C8,
    0x0884, 0x2167, 0x29A8, 0x08A5, 0x0883, 0x61A3, 0x4963, 0x0062, 0x00A3, 0x0083, 0x0083, 0x0083, 0x0083, 0x0083, 0x00A4, 0x00C4,
    0x00C4, 0x3D36, 0x3D15, 0x00E5, 0x0925, 0x1104, 0x2124, 0x20E3, 0x8AA4, 0xFD08, 0x8284, 0x2903, 0x18E2, 0x33CF, 0x4556, 0x1104,
    0x2103, 0x20C1, 0xC386, 0xB346, 0x20A1, 0x20E3, 0x18C2, 0x18C2, 0x18C2, 0x18C2, 0x3922, 0x5183, 0x2902, 0x10C2, 0x10A3, 0x0862,
    0x0042, 0x0041, 0x0021, 0x0021, 0x0001, 0x0000, 0x0000, 0x0000, 0x0000, 0x0000, 0x0000, 0x0000, 0x0000, 0x0000, 0x0000, 0x4A69,
    0x39E7, 0x0000, 0x0000, 0x0000, 0x0000, 0x0000, 0x0000, 0x0000, 0x0001, 0x0001, 0x0001, 0x0021, 0x0021, 0x0042, 0x0062, 0x00A3,
    0x0105, 0x0167, 0x0167, 0x3555, 0x5FFF, 0x2CB3, 0x0187, 0x0987, 0x1146, 0x1125, 0x18E3, 0x7244, 0xFCEA, 0x9306, 0x18E3, 0x1925,
    0x0966, 0x45F9, 0x23F1, 0x0188, 0x022A, 0x35D8, 0x4FFF, 0x47FF, 0x47FF, 0x4FFF, 0x1C52, 0x01E9, 0x01E9, 0x3DD8, 0x34B4, 0x00E5,
    0x0105, 0x00C4, 0x00A4, 0x0083, 0x0083, 0x0083, 0x0083, 0x00A3, 0x0062, 0x5942, 0x8A02, 0x5983, 0x20C3, 0x0063, 0x08C5, 0x08C5,
    0x29A8, 0x3A4A, 0x3A29, 0x3A2A, 0x3A2A, 0x08C5, 0x2188, 0x638F, 0x638F, 0x29A8, 0x00A4, 0x2A4A, 0x2A4A, 0x21E8, 0x21C8, 0x21A7,
    0x2187, 0x2187, 0x2987, 0x2987, 0x2987, 0x21A7, 0x21C8, 0x29E8, 0x2A29, 0x2229, 0x224A, 0x224A, 0x224A, 0x224A, 0x21E8, 0x21C8,
    0x29A7, 0x2187, 0x21A7, 0x21A7, 0x21C8, 0x29E8, 0x2A29, 0x2A6A, 0x228A, 0x228B, 0x226A, 0x2A8A, 0x2A6A, 0x2A4A, 0x2A4A, 0x19C8,
    0x19A8, 0x1167, 0x0926, 0x08E5, 0x00C4, 0x00A4, 0x00A4, 0x00A4, 0x00A4, 0x0084, 0x00A4, 0x00A4, 0x08E5, 0x0926, 0x1167, 0x11A8,
    0x11C8, 0x09A8, 0x09A7, 0x09C8, 0x09E8, 0x01E8, 0x09E8, 0x09C8, 0x09C8, 0x0966, 0x0925, 0x08E5, 0x00C4, 0x08A4, 0x08A4, 0x08C4,
    0x08E5, 0x0926, 0x0987, 0x09C8, 0x01A8, 0x01C7, 0x0187, 0x0966, 0x0905, 0x08E4, 0x00A4, 0x00A4, 0x00A4, 0x00A4, 0x00A4, 0x00A4,
    0x08C4, 0x08E4, 0x0926, 0x09A7, 0x11C8, 0x00A4, 0x29A8, 0x63B0, 0x63B0, 0x29C9, 0x08A4, 0x3A09, 0x3A29, 0x3A09, 0x3A2A, 0x29A7,
    0x08A4, 0x08C5, 0x0063, 0x20C2, 0x5982, 0x9202, 0x6162, 0x0062, 0x00A3, 0x0083, 0x0083, 0x0083, 0x0083, 0x0083, 0x00A4, 0x00E5,
    0x00A4, 0x3493, 0x3D97, 0x0105, 0x0905, 0x1105, 0x1904, 0x18E3, 0x7244, 0xFD08, 0x92C4, 0x2103, 0x18E3, 0x2B4D, 0x4597, 0x1125,
    0x2103, 0x20A2, 0xB326, 0xC386, 0x28A1, 0x20E3, 0x18C3, 0x10C3, 0x10A3, 0x10C3, 0x10C3, 0x08C3, 0x10C3, 0x10C3, 0x08A3, 0x0882,
    0x0062, 0x0041, 0x0021, 0x0021, 0x0000, 0x0000, 0x0000, 0x0000, 0x0000, 0x0000, 0x0000, 0x0000, 0x0000, 0x0000, 0x0000, 0x39C7,
    0x2965, 0x0000, 0x0000, 0x0000, 0x0000, 0x0000, 0x0000, 0x0000, 0x0000, 0x0001, 0x0001, 0x0021, 0x0021, 0x0041, 0x0082, 0x00A3,
    0x0105, 0x0167, 0x0187, 0x3DB7, 0x5FFF, 0x2431, 0x0167, 0x0987, 0x0945, 0x1125, 0x2145, 0x20C2, 0xCBE7, 0xAB46, 0x18E3, 0x1925,
    0x0987, 0x4619, 0x236F, 0x01A8, 0x024A, 0x3E59, 0x4FFF, 0x47FF, 0x47FF, 0x4FFF, 0x1BD0, 0x01E9, 0x0229, 0x3E3A, 0x2C11, 0x00C4,
    0x0105, 0x00C4, 0x00A4, 0x0083, 0x0083, 0x0083, 0x0083, 0x0083, 0x0882, 0x6982, 0x81A1, 0x9201, 0xB345, 0x6A04, 0x18C3, 0x08A4,
    0x2987, 0x424A, 0x3A29, 0x3A29, 0x3A2A, 0x1105, 0x1106, 0x5B6F, 0x6390, 0x322A, 0x0084, 0x2209, 0x2A4A, 0x21E8, 0x21C8, 0x21A7,
    0x2187, 0x2187, 0x2187, 0x2187, 0x2187, 0x2187, 0x21A7, 0x21A8, 0x21E8, 0x2A09, 0x2A09, 0x2A09, 0x21E8, 0x21C8, 0x21A7, 0x2187,
    0x2187, 0x2187, 0x2187, 0x2187, 0x21A7, 0x21A8, 0x21E8, 0x2A09, 0x2A4A, 0x2A6A, 0x2A6A, 0x2A4A, 0x2A6A, 0x2A6A, 0x19A8, 0x0926,
    0x08C5, 0x00A4, 0x08C5, 0x1105, 0x1946, 0x2167, 0x2188, 0x29A8, 0x29A8, 0x2187, 0x2167, 0x1947, 0x1106, 0x08C5, 0x00A4, 0x08C5,
    0x0926, 0x11A8, 0x11E8, 0x11E8, 0x09C8, 0x11C8, 0x11C8, 0x11A7, 0x0966, 0x0925, 0x08E5, 0x08C4, 0x08A4, 0x08A3, 0x08A4, 0x00A4,
    0x08C4, 0x08E5, 0x0925, 0x0946, 0x0966, 0x0966, 0x0946, 0x0905, 0x08E4, 0x08C4, 0x08A4, 0x08A4, 0x00A4, 0x08A4, 0x08A4, 0x08C4,
    0x08C4, 0x0905, 0x0946, 0x11A7, 0x11A8, 0x0084, 0x320A, 0x63B0, 0x6390, 0x1967, 0x10E5, 0x3A29, 0x3A09, 0x3A09, 0x424A, 0x2187,
    0x08A4, 0x20C3, 0x69E3, 0xBB45, 0x9201, 0x81A0, 0x71A2, 0x1082, 0x0083, 0x0083, 0x0083, 0x0083, 0x0083, 0x0083, 0x00A4, 0x00C5,
    0x00A4, 0x2BF1, 0x45F9, 0x0167, 0x0905, 0x1105, 0x1924, 0x1904, 0x6204, 0xFCE8, 0xAB25, 0x20E3, 0x18E3, 0x22CB, 0x45B8, 0x1166,
    0x2103, 0x20C2, 0xA2E5, 0xD3E7, 0x28A1, 0x18E3, 0x18C3, 0x10C3, 0x10C3, 0x10E4, 0x10E4, 0x1104, 0x08E4, 0x08E4, 0x08C3, 0x0083,
    0x0062, 0x0042, 0x0021, 0x0021, 0x0001, 0x0001, 0x0001, 0x0000, 0x0000, 0x0000, 0x0000, 0x0000, 0x0000, 0x0000, 0x0000, 0x2945,
    0x2104, 0x0000, 0x0000, 0x0000, 0x0000, 0x0000, 0x0000, 0x0000, 0x0000, 0x0001, 0x0001, 0x0021, 0x0021, 0x0042, 0x0062, 0x00A3,
    0x0105, 0x0167, 0x0188, 0x3E18, 0x5FFF, 0x1BD0, 0x0187, 0x0987, 0x0925, 0x1125, 0x1924, 0x3102, 0xDC48, 0x92E5, 0x10E3, 0x1924,
    0x11E8, 0x4E3A, 0x1B2E, 0x01A8, 0x026B, 0x3EBB, 0x47FF, 0x47FF, 0x47FF, 0x4FDF, 0x138F, 0x01E9, 0x0A4A, 0x467A, 0x1B6F, 0x00C4,
    0x00E5, 0x00C4, 0x00A4, 0x0083, 0x0083, 0x0083, 0x00A3, 0x0083, 0x18A2, 0x79C2, 0x8180, 0x9A21, 0xD384, 0xDBC4, 0xAB25, 0x18C3,
    0x08E5, 0x3209, 0x424A, 0x3A29, 0x3A4A, 0x1946, 0x08A4, 0x4AED, 0x63B0, 0x42AC, 0x0084, 0x19A8, 0x2A6A, 0x2209, 0x21C8, 0x21A7,
    0x2187, 0x2187, 0x2167, 0x2167, 0x2167, 0x2187, 0x2187, 0x2187, 0x21A7, 0x21A7, 0x21C7, 0x21A7, 0x21A7, 0x2187, 0x2187, 0x2167,
    0x2166, 0x2166, 0x2167, 0x2167, 0x2187, 0x21A7, 0x21A8, 0x21C8, 0x2209, 0x2229, 0x2A4A, 0x2A8B, 0x2229, 0x1126, 0x0084, 0x08A4,
    0x1926, 0x29A8, 0x3209, 0x3A4A, 0x3A4A, 0x424A, 0x424A, 0x426A, 0x426A, 0x424A, 0x426A, 0x424A, 0x3A2A, 0x3A09, 0x29A8, 0x1926,
    0x08A5, 0x00A4, 0x0926, 0x11A8, 0x1208, 0x11C8, 0x0987, 0x0966, 0x0925, 0x0905, 0x08C4, 0x00A4, 0x08A4, 0x08A4, 0x08A4, 0x00A3,
    0x00A4, 0x08C4, 0x08E4, 0x08E5, 0x0905, 0x0905, 0x08E4, 0x08E4, 0x08C4, 0x08C4, 0x08C4, 0x08C4, 0x00A4, 0x08C4, 0x08C4, 0x08C4,
    0x08E4, 0x0925, 0x0966, 0x11E8, 0x1167, 0x0083, 0x428B, 0x6BD0, 0x530E, 0x08C5, 0x1926, 0x3A29, 0x3A29, 0x424A, 0x3A09, 0x10E5,
    0x18A3, 0xAB05, 0xDBA4, 0xD363, 0x9A21, 0x7980, 0x79C2, 0x20A2, 0x0083, 0x0083, 0x0083, 0x0083, 0x0083, 0x0083, 0x00A3, 0x00C5,
    0x00A3, 0x234E, 0x465A, 0x09C8, 0x00E5, 0x0905, 0x1125, 0x1904, 0x51C4, 0xF4EA, 0xB387, 0x2103, 0x18E4, 0x1A6A, 0x45D8, 0x11A7,
    0x20E3, 0x18C2, 0x9284, 0xDC27, 0x30C1, 0x18E3, 0x18C3, 0x10C3, 0x08E4, 0x0904, 0x0946, 0x09A7, 0x09A7, 0x0905, 0x00E4, 0x00A3,
    0x0062, 0x0062, 0x0021, 0x0021, 0x0001, 0x0001, 0x0001, 0x0001, 0x0000, 0x0000, 0x0000, 0x0000, 0x0000, 0x0000, 0x0000, 0x18E3,
    0x10A2, 0x0000, 0x0000, 0x0000, 0x0000, 0x0000, 0x0000, 0x0000, 0x0000, 0x0001, 0x0001, 0x0021, 0x0021, 0x0042, 0x0062, 0x00A3,
    0x0105, 0x0167, 0x01C8, 0x467A, 0x5FFF, 0x1B8F, 0x0167, 0x0966, 0x0925, 0x1104, 0x1904, 0x3102, 0xE468, 0x8285, 0x10E3, 0x1904,
    0x1229, 0x4E7B, 0x12CC, 0x01A8, 0x028C, 0x471C, 0x47FF, 0x47FF, 0x47FF, 0x4F9E, 0x0B2E, 0x01C8, 0x0AAB, 0x467B, 0x1AED, 0x00C4,
    0x00E5, 0x00C4, 0x00A4, 0x0083, 0x0083, 0x0083, 0x00A3, 0x0063, 0x3902, 0x89E2, 0x7960, 0xB304, 0xDC05, 0xCB43, 0xDBA4, 0x92A5,
    0x10A3, 0x00A5, 0x2187, 0x3A09, 0x424A, 0x2987, 0x0084, 0x29C8, 0x636F, 0x5B6F, 0x1106, 0x08E5, 0x2A4A, 0x2229, 0x21E8, 0x21E8,
    0x2209, 0x21E8, 0x2A29, 0x2209, 0x2A09, 0x21C8, 0x2166, 0x2167, 0x2167, 0x2167, 0x2187, 0x2167, 0x2167, 0x2167, 0x2166, 0x2166,
    0x2166, 0x2166, 0x2167, 0x2167, 0x2187, 0x21A7, 0x21A8, 0x21C8, 0x21E9, 0x224A, 0x2A6A, 0x1987, 0x00A4, 0x08A4, 0x1967, 0x3209,
    0x3A4A, 0x426A, 0x424A, 0x3A2A, 0x3A2A, 0x3A09, 0x31E9, 0x31E9, 0x31E9, 0x31E9, 0x3A09, 0x3A09, 0x3A2A, 0x424A, 0x424A, 0x3A4A,
    0x31E9, 0x1947, 0x08C5, 0x08C5, 0x1167, 0x11E8, 0x11C8, 0x0987, 0x0946, 0x0905, 0x08E5, 0x08C4, 0x08C4, 0x08A4, 0x08A4, 0x00A4,
    0x00A4, 0x00C4, 0x08C4, 0x08C4, 0x08C4, 0x08C4, 0x08C4, 0x08C4, 0x00A4, 0x00A4, 0x00A4, 0x00A4, 0x00A4, 0x00C4, 0x08C4, 0x08C4,
    0x0905, 0x0946, 0x11A7, 0x19E8, 0x00C5, 0x10E5, 0x5B6F, 0x638F, 0x3209, 0x0884, 0x2167, 0x424A, 0x3A09, 0x2167, 0x00A5, 0x10A3,
    0x92A4, 0xDB84, 0xCB42, 0xE3E4, 0xBB24, 0x7960, 0x81C1, 0x3902, 0x0063, 0x00A3, 0x0083, 0x0083, 0x0083, 0x0083, 0x00A3, 0x00E5,
    0x00A4, 0x1ACC, 0x467B, 0x0A2A, 0x00E5, 0x0925, 0x1125, 0x1145, 0x2964, 0x5205, 0x41A5, 0x1925, 0x1104, 0x1229, 0x45D8, 0x11E8,
    0x18E3, 0x18C2, 0x8244, 0xE448, 0x3902, 0x18E3, 0x18E3, 0x10C3, 0x0904, 0x0105, 0x1AAB, 0x671C, 0x45B7, 0x0146, 0x0105, 0x00A4,
    0x0063, 0x0062, 0x0041, 0x0021, 0x0001, 0x0000, 0x0000, 0x0000, 0x0000, 0x0000, 0x0000, 0x0000, 0x0000, 0x0000, 0x0000, 0x10A2,
    0x0861, 0x0000, 0x0000, 0x0000, 0x0000, 0x0000, 0x0000, 0x0000, 0x0000, 0x0001, 0x0001, 0x0021, 0x0021, 0x0042, 0x0083, 0x00A4,
    0x0105, 0x0167, 0x01E9, 0x46BB, 0x57FF, 0x134E, 0x0187, 0x0966, 0x0925, 0x1104, 0x1904, 0x3922, 0xE488, 0x7244, 0x10E4, 0x1904,
    0x126A, 0x4E7B, 0x128B, 0x01C8, 0x0ACC, 0x473D, 0x47FF, 0x47DF, 0x47FF, 0x4F7D, 0x0AED, 0x01C8, 0x12ED, 0x467B, 0x128B, 0x00C4,
    0x00E5, 0x00A4, 0x00A3, 0x0083, 0x0083, 0x0083, 0x0083, 0x0062, 0x5962, 0x89E1, 0x8180, 0xDBE5, 0xFCE6, 0xEC45, 0xD383, 0xD384,
    0xAB05, 0x4143, 0x0883, 0x08C5, 0x2987, 0x29A8, 0x08A4, 0x2167, 0x428B, 0x63B0, 0x42AC, 0x0084, 0x1167, 0x2A6A, 0x2209, 0x21E8,
    0x2209, 0x21E8, 0x2208, 0x21E9, 0x19A8, 0x21E8, 0x21C8, 0x21C8, 0x19C8, 0x21C8, 0x1966, 0x1966, 0x1966, 0x2167, 0x2166, 0x1966,
    0x1966, 0x2167, 0x2187, 0x2187, 0x21A7, 0x21A7, 0x21C8, 0x21E9, 0x224A, 0x2209, 0x0906, 0x0084, 0x1926, 0x3209, 0x426A, 0x426A,
    0x3A2A, 0x29C8, 0x1947, 0x10E6, 0x08A5, 0x0084, 0x0084, 0x0064, 0x0084, 0x0084, 0x0084, 0x08A5, 0x10E6, 0x2146, 0x29C8, 0x3A09,
    0x424A, 0x3A4A, 0x31E9, 0x1947, 0x08A5, 0x0905, 0x11A8, 0x11C8, 0x0987, 0x0946, 0x0925, 0x0905, 0x08E4, 0x08C4, 0x00C4, 0x00C4,
    0x00C4, 0x00C4, 0x08C4, 0x08C4, 0x08C4, 0x08C4, 0x08C4, 0x08E5, 0x0967, 0x0967, 0x0987, 0x0987, 0x0987, 0x0987, 0x0987, 0x11A7,
    0x0987, 0x1187, 0x19E8, 0x0926, 0x0063, 0x426B, 0x6BB0, 0x428B, 0x2167, 0x0884, 0x2987, 0x2167, 0x08A5, 0x0063, 0x3943, 0xAB05,
    0xD383, 0xD383, 0xEC45, 0xFCE6, 0xDC05, 0x8180, 0x89C1, 0x5962, 0x0062, 0x0083, 0x0083, 0x0083, 0x0083, 0x0083, 0x00A3, 0x00E5,
    0x00A4, 0x126B, 0x469B, 0x128B, 0x00E5, 0x0946, 0x0946, 0x1166, 0x1165, 0x1125, 0x1145, 0x1145, 0x1104, 0x11E8, 0x45D8, 0x1229,
    0x18E3, 0x18E3, 0x7224, 0xEC68, 0x4122, 0x18C3, 0x10E3, 0x08E4, 0x0925, 0x0125, 0x12EC, 0x57FF, 0x46BB, 0x01A8, 0x0125, 0x00C4,
    0x0083, 0x0062, 0x0041, 0x0021, 0x0021, 0x0001, 0x0000, 0x0000, 0x0000, 0x0000, 0x0000, 0x0000, 0x0000, 0x0000, 0x0000, 0x0861,
    0x0841, 0x0000, 0x0000, 0x0000, 0x0000, 0x0000, 0x0000, 0x0000, 0x0000, 0x0001, 0x0000, 0x0021, 0x0021, 0x0042, 0x0083, 0x00A4,
    0x0105, 0x0167, 0x0209, 0x4EFB, 0x57FF, 0x130D, 0x0187, 0x0966, 0x0925, 0x1104, 0x1904, 0x4142, 0xEC89, 0x7224, 0x10E4, 0x1904,
    0x1AAB, 0x4E7A, 0x0A6B, 0x01C8, 0x0AED, 0x477D, 0x47FF, 0x47FF, 0x47FF, 0x4F3D, 0x02CC, 0x01C8, 0x132E, 0x467B, 0x0A4A, 0x00C4,
    0x00E5, 0x00A3, 0x00A3, 0x0083, 0x0083, 0x0083, 0x0083, 0x1082, 0x71C2, 0x89C0, 0x9221, 0xEC86, 0xF4A5, 0xF4C6, 0xF4A6, 0xDBC4,
    0xDB84, 0xD3A5, 0x92A4, 0x3923, 0x0863, 0x08C5, 0x10E5, 0x1926, 0x3209, 0x428B, 0x6BD0, 0x322A, 0x0084, 0x19A8, 0x226A, 0x2229,
    0x222A, 0x2229, 0x2229, 0x2229, 0x21E8, 0x2229, 0x2209, 0x2229, 0x2209, 0x2209, 0x1987, 0x1987, 0x1987, 0x1987, 0x1987, 0x1987,
    0x1987, 0x1987, 0x1987, 0x19A7, 0x21A7, 0x21C8, 0x2209, 0x224A, 0x19C8, 0x00C4, 0x08C5, 0x29A8, 0x3A4A, 0x426A, 0x3A09, 0x2167,
    0x08C5, 0x0063, 0x0883, 0x28E3, 0x4164, 0x59C4, 0x6A04, 0x7244, 0x7244, 0x6A24, 0x61E4, 0x4984, 0x3123, 0x1083, 0x0063, 0x08C4,
    0x2187, 0x3A09, 0x426A, 0x3A4A, 0x29A8, 0x08C5, 0x08C5, 0x1167, 0x11C8, 0x09A7, 0x0966, 0x0946, 0x0925, 0x0905, 0x08E5, 0x08E5,
    0x08E5, 0x08E5, 0x08E5, 0x08E5, 0x08E5, 0x08E5, 0x08E4, 0x0925, 0x1A29, 0x1229, 0x1229, 0x1229, 0x1229, 0x1229, 0x1A29, 0x1A4A,
    0x11E8, 0x11E8, 0x1167, 0x0063, 0x29E9, 0x6BD0, 0x428B, 0x3209, 0x1106, 0x08C5, 0x08A4, 0x0063, 0x2903, 0x8A84, 0xD3A5, 0xDB83,
    0xDBC3, 0xF4A6, 0xF4C6, 0xF4C5, 0xECA6, 0x9201, 0x89A0, 0x71C2, 0x1082, 0x0083, 0x0083, 0x0083, 0x0083, 0x0083, 0x00A3, 0x00E4,
    0x00C4, 0x0A2A, 0x469B, 0x12ED, 0x0105, 0x0987, 0x0987, 0x0987, 0x1187, 0x11A7, 0x1187, 0x1187, 0x0945, 0x09C8, 0x45D8, 0x1A6A,
    0x18C3, 0x18E3, 0x69E3, 0xEC88, 0x4942, 0x18C3, 0x10E4, 0x08E4, 0x0925, 0x0146, 0x12CC, 0x4FDF, 0x46FB, 0x01E8, 0x0126, 0x00E4,
    0x0083, 0x0062, 0x0042, 0x0021, 0x0021, 0x0000, 0x0001, 0x0020, 0x0000, 0x0000, 0x0000, 0x0000, 0x0000, 0x0000, 0x0000, 0x0841,
    0x0020, 0x0000, 0x0000, 0x0000, 0x0000, 0x0000, 0x0000, 0x0000, 0x0001, 0x0001, 0x0001, 0x0021, 0x0021, 0x0062, 0x0083, 0x00A4,
    0x0105, 0x0167, 0x020A, 0x4F1C, 0x57FF, 0x12EC, 0x0187, 0x0966, 0x0905, 0x1104, 0x18E4, 0x4962, 0xEC89, 0x6A04, 0x1904, 0x1904,
    0x1AEC, 0x4E7B, 0x0A4A, 0x01C8, 0x0B0D, 0x4F7E, 0x47FF, 0x47FF, 0x47FF, 0x471C, 0x02AC, 0x01C8, 0x134E, 0x467A, 0x0A09, 0x00C4,
    0x00E5, 0x00A4, 0x00A3, 0x0083, 0x0083, 0x00A3, 0x0083, 0x20C2, 0x81E2, 0x89A0, 0xB2E3, 0xFCE7, 0xF4A5, 0xF4A6, 0xF4C6, 0xF4C6,
    0xE425, 0xD383, 0xDB84, 0xCBA5, 0x8A84, 0x3943, 0x08A4, 0x08C5, 0x29C8, 0x3209, 0x428B, 0x6BF1, 0x3209, 0x0084, 0x1167, 0x2229,
    0x2229, 0x1A09, 0x19E8, 0x19E8, 0x19E8, 0x19C8, 0x19C8, 0x19A7, 0x19A7, 0x19A7, 0x19C8, 0x19C7, 0x19A7, 0x19A7, 0x19A7, 0x19A7,
    0x19A7, 0x19A7, 0x19C8, 0x21C8, 0x21E8, 0x2229, 0x222A, 0x1167, 0x0084, 0x1105, 0x31E9, 0x424A, 0x3A29, 0x2188, 0x08C5, 0x0063,
    0x3123, 0x7244, 0xA305, 0xC365, 0xD3A4, 0xDBA4, 0xDBC4, 0xDBC4, 0xDBC4, 0xDBC4, 0xDBC4, 0xD3A4, 0xCB85, 0xAB25, 0x7244, 0x3123,
    0x0883, 0x08C5, 0x2988, 0x3A29, 0x3A4A, 0x31E9, 0x1106, 0x0084, 0x0926, 0x11C8, 0x11E8, 0x09A7, 0x0966, 0x0946, 0x0946, 0x0946,
    0x0946, 0x0926, 0x0926, 0x0926, 0x0946, 0x0946, 0x0946, 0x0946, 0x0925, 0x0925, 0x0946, 0x0946, 0x0966, 0x0966, 0x0987, 0x0987,
    0x11C8, 0x1147, 0x0063, 0x29C9, 0x6BD1, 0x4AAC, 0x3A2A, 0x2988, 0x08A5, 0x08A4, 0x3123, 0x8284, 0xCB85, 0xDBA4, 0xD383, 0xE424,
    0xFCC6, 0xF4C6, 0xF4C6, 0xF4A5, 0xFCE7, 0xB2E3, 0x8180, 0x89E2, 0x28C2, 0x0083, 0x0083, 0x0083, 0x0083, 0x00A3, 0x00A4, 0x00E4,
    0x00C4, 0x09E9, 0x467B, 0x1B2E, 0x0126, 0x01A8, 0x0A2A, 0x0A6B, 0x0A6B, 0x0A8B, 0x0A6B, 0x09E8, 0x0966, 0x09C8, 0x45D8, 0x1AAB,
    0x18E3, 0x18E3, 0x61C3, 0xEC88, 0x4962, 0x10C3, 0x10E4, 0x08E4, 0x0125, 0x0166, 0x12AC, 0x4FBF, 0x471C, 0x0A09, 0x0126, 0x00E4,
    0x0083, 0x0062, 0x0042, 0x0021, 0x0021, 0x0000, 0x0001, 0x0020, 0x0000, 0x0000, 0x0000, 0x0000, 0x0000, 0x0000, 0x0000, 0x0020,
    0x0000, 0x0000, 0x0000, 0x0000, 0x0000, 0x0000, 0x0000, 0x0000, 0x0001, 0x0001, 0x0000, 0x0021, 0x0041, 0x0062, 0x0083, 0x00A4,
    0x0105, 0x0167, 0x022A, 0x4F3C, 0x57FF, 0x0ACC, 0x0187, 0x0966, 0x0905, 0x1104, 0x10E3, 0x4962, 0xECA9, 0x61E3, 0x1904, 0x1104,
    0x1B0D, 0x4E7A, 0x0A2A, 0x01C8, 0x0B2D, 0x4F9E, 0x47FF, 0x47FF, 0x47FF, 0x46FC, 0x028B, 0x01A8, 0x1B6F, 0x465A, 0x09E8, 0x00E5,
    0x00E5, 0x00A4, 0x00A3, 0x0083, 0x0083, 0x00A3, 0x0063, 0x4122, 0x89E1, 0x8180, 0xCBA5, 0xFCE6, 0xF4A5, 0xF4A6, 0xF4A6, 0xF4C6,
    0xF4C6, 0xF486, 0xDBE4, 0xD363, 0xDBA4, 0xCBA5, 0x8AA4, 0x2903, 0x08C4, 0x31E9, 0x3A29, 0x4AAC, 0x6BF1, 0x320A, 0x0064, 0x08C5,
    0x1167, 0x19C8, 0x21E9, 0x21E9, 0x2209, 0x2209, 0x2209, 0x2229, 0x2229, 0x2229, 0x2229, 0x2229, 0x2229, 0x2229, 0x2229, 0x2209,
    0x2209, 0x2209, 0x2229, 0x222A, 0x224A, 0x19C8, 0x08E5, 0x00A4, 0x1947, 0x3A29, 0x3A4A, 0x31E9, 0x1106, 0x0063, 0x3123, 0x92A4,
    0xCBA5, 0xDBC4, 0xDBC4, 0xE3E4, 0xE404, 0xE425, 0xEC45, 0xEC65, 0xEC65, 0xEC65, 0xE445, 0xE404, 0xE3E4, 0xDBC4, 0xDBC4, 0xCBA5,
    0x92C5, 0x3123, 0x0063, 0x1106, 0x31E8, 0x3A4A, 0x3A09, 0x1947, 0x08A4, 0x08C5, 0x1187, 0x11C8, 0x11E8, 0x11C8, 0x11C7, 0x11C7,
    0x11C7, 0x11A7, 0x11A8, 0x11A8, 0x11A8, 0x11A8, 0x11A8, 0x11A8, 0x11A8, 0x11A8, 0x11A8, 0x11A8, 0x11A8, 0x11A7, 0x1187, 0x0946,
    0x08C5, 0x0063, 0x29C9, 0x6BD0, 0x4AAC, 0x3A2A, 0x31E9, 0x0084, 0x20C3, 0x8264, 0xCB85, 0xDBA4, 0xD363, 0xDBE4, 0xF485, 0xFCC6,
    0xF4C6, 0xF4C6, 0xF4C6, 0xF4A5, 0xFCE6, 0xCBC5, 0x8180, 0x89E1, 0x4922, 0x0062, 0x0083, 0x0083, 0x0083, 0x00A3, 0x00A4, 0x00E4,
    0x00C4, 0x09E8, 0x467A, 0x1B6F, 0x0146, 0x01E9, 0x45B7, 0x4F3D, 0x4F1C, 0x4F3D, 0x56DB, 0x12AC, 0x0187, 0x09E8, 0x45D8, 0x1ACC,
    0x18E3, 0x1903, 0x59C3, 0xEC88, 0x5182, 0x10C3, 0x1104, 0x0904, 0x0146, 0x0166, 0x0AAB, 0x4FBE, 0x473C, 0x0A2A, 0x0146, 0x00E5,
    0x00A3, 0x0062, 0x0042, 0x0021, 0x0021, 0x0000, 0x0001, 0x0020, 0x0000, 0x0000, 0x0000, 0x0000, 0x0000, 0x0000, 0x0000, 0x0000,
    0x0000, 0x0000, 0x0000, 0x0000, 0x0000, 0x0000, 0x0000, 0x0000, 0x0000, 0x0001, 0x0000, 0x0021, 0x0021, 0x0062, 0x0083, 0x00A4,
    0x0105, 0x0167, 0x0A2A, 0x4F3C, 0x57DE, 0x0ACC, 0x0187, 0x0946, 0x0905, 0x1104, 0x10E3, 0x4982, 0xECA9, 0x61E3, 0x1904, 0x1104,
    0x1B2D, 0x4E5A, 0x0A09, 0x01C8, 0x0B2D, 0x479E, 0x3FFF, 0x3FDF, 0x47FF, 0x46DB, 0x026B, 0x01A8, 0x1B6F, 0x465A, 0x09C8, 0x00E5,
    0x00C4, 0x00A4, 0x0083, 0x0083, 0x0083, 0x00A3, 0x0862, 0x6182, 0x89C1, 0x89C0, 0xE466, 0xFCC6, 0xF4A6, 0xF4C6, 0xF4C6, 0xF4A6,
    0xF4A6, 0xF4C6, 0xF4C6, 0xEC65, 0xDBE4, 0xD383, 0xDBE4, 0xB365, 0x20E2, 0x08A5, 0x3209, 0x3A4A, 0x42AB, 0x63B0, 0x4ACC, 0x1947,
    0x08A4, 0x0084, 0x0084, 0x00A4, 0x00A4, 0x08C5, 0x08C5, 0x08E5, 0x0926, 0x0926, 0x0946, 0x1167, 0x1167, 0x1187, 0x1187, 0x11A7,
    0x19A8, 0x19A8, 0x1987, 0x1167, 0x0906, 0x08A4, 0x10E5, 0x29C8, 0x3A4A, 0x3A29, 0x29A8, 0x00A4, 0x0883, 0x7224, 0xCB85, 0xE3E4,
    0xE424, 0xEC85, 0xF4C6, 0xFCE6, 0xFCE6, 0xFCE6, 0xFCE6, 0xFCE6, 0xF4E6, 0xFCE6, 0xFCE6, 0xFCE6, 0xFCE6, 0xF4C6, 0xEC65, 0xE404,
    0xDBC4, 0xCB85, 0x7225, 0x10A3, 0x0884, 0x2987, 0x3A29, 0x3A2A, 0x29C8, 0x10E5, 0x00A4, 0x08E5, 0x0926, 0x0967, 0x0966, 0x0967,
    0x0966, 0x0946, 0x0946, 0x0926, 0x0926, 0x0906, 0x0905, 0x00E5, 0x00C4, 0x00C4, 0x00A4, 0x0084, 0x0083, 0x0063, 0x0084, 0x00A4,
    0x1106, 0x428B, 0x638F, 0x428B, 0x3A2A, 0x3A09, 0x08A4, 0x28A2, 0xB345, 0xDBC4, 0xD363, 0xDBC4, 0xEC65, 0xF4C6, 0xF4C6, 0xF4C6,
    0xF4C6, 0xF4C6, 0xF4C6, 0xF4A6, 0xFCC6, 0xEC66, 0x89C0, 0x89C1, 0x6982, 0x0862, 0x0083, 0x0083, 0x0083, 0x00A3, 0x00A4, 0x00E4,
    0x00C4, 0x09C8, 0x467A, 0x1B8F, 0x0167, 0x0209, 0x469A, 0x4FFF, 0x47FF, 0x4FFF, 0x579E, 0x0B0D, 0x01A7, 0x09E9, 0x45F8, 0x1AEC,
    0x10E3, 0x1903, 0x59A3, 0xEC89, 0x5183, 0x10C3, 0x1104, 0x0904, 0x0146, 0x0187, 0x0AAB, 0x4F9E, 0x4F5D, 0x0A2A, 0x0146, 0x00E5,
    0x00A3, 0x0062, 0x0042, 0x0021, 0x0021, 0x0001, 0x0001, 0x0020, 0x0000, 0x0000, 0x0000, 0x0000, 0x0000, 0x0000, 0x0000, 0x0000,
    0x0000, 0x0000, 0x0000, 0x0000, 0x0000, 0x0000, 0x0000, 0x0000, 0x0001, 0x0001, 0x0000, 0x0021, 0x0021, 0x0062, 0x0083, 0x00C3,
    0x0105, 0x0167, 0x0A2A, 0x4F3C, 0x57DE, 0x0ACC, 0x0187, 0x0946, 0x0905, 0x1104, 0x18E3, 0x5182, 0xECA9, 0x61E3, 0x1904, 0x1904,
    0x1B0D, 0x4E5A, 0x0A09, 0x01A7, 0x0B0D, 0x57DF, 0x4FFF, 0x4FFF, 0x4FFF, 0x4F1C, 0x024A, 0x0187, 0x1B6F, 0x465A, 0x09C8, 0x00E5,
    0x00E4, 0x00A4, 0x0083, 0x0083, 0x00A3, 0x0083, 0x20C2, 0x79E2, 0x8180, 0xA262, 0xF4C7, 0xF4C6, 0xF4C6, 0xF4C6, 0xEC65, 0xF4C6,
    0xF4C6, 0xF4A6, 0xF4A6, 0xF4C6, 0xFCE6, 0xEC45, 0xCB63, 0xCC07, 0xAC6E, 0x2167, 0x08A4, 0x3209, 0x3A4A, 0x3A4A, 0x532E, 0x636F,
    0x532E, 0x4AAC, 0x3A4B, 0x320A, 0x29E9, 0x29A8, 0x2188, 0x2167, 0x1946, 0x1126, 0x1106, 0x10E5, 0x08E5, 0x08C5, 0x08C5, 0x08C5,
    0x08A4, 0x08A4, 0x08A4, 0x08A4, 0x1105, 0x2987, 0x3A29, 0x424A, 0x3A29, 0x2167, 0x0063, 0x2924, 0xA325, 0xDBE5, 0xE425, 0xF4A6,
    0xFCE6, 0xFCE6, 0xF4C6, 0xF4C6, 0xF4C6, 0xF4C6, 0xF4C6, 0xF4C6, 0xF4C6, 0xF4C6, 0xF4C6, 0xF4C6, 0xF4C6, 0xF4C6, 0xFCE6, 0xFCE6,
    0xF486, 0xE405, 0xDBC5, 0xA306, 0x2925, 0x0063, 0x2167, 0x3A2A, 0x3A4A, 0x3A29, 0x29A8, 0x1906, 0x08C5, 0x08A4, 0x08A4, 0x08C5,
    0x08C5, 0x08C5, 0x08C5, 0x08C5, 0x08E5, 0x10E5, 0x1106, 0x1926, 0x1947, 0x2187, 0x21A8, 0x29E9, 0x322A, 0x3A6B, 0x4AAC, 0x530D,
    0x5B6E, 0x532E, 0x3A4A, 0x3A2A, 0x31E9, 0x08A4, 0x1926, 0xAC2D, 0xCBC6, 0xCB63, 0xEC45, 0xF4C6, 0xF4C6, 0xF4C6, 0xF4C6, 0xF4C6,
    0xF4C6, 0xEC44, 0xF4C6, 0xF4C6, 0xF4A5, 0xF4E7, 0xA282, 0x7980, 0x81E2, 0x20C2, 0x0083, 0x0083, 0x0083, 0x00A3, 0x00A4, 0x00E4,
    0x00E4, 0x09C8, 0x467A, 0x1B8F, 0x0187, 0x0229, 0x3E7A, 0x47FF, 0x47DF, 0x47FF, 0x4F7E, 0x0B0D, 0x01C8, 0x0A09, 0x45F8, 0x1AEC,
    0x10E3, 0x1904, 0x59C3, 0xECA9, 0x51A3, 0x10E3, 0x1104, 0x0905, 0x0146, 0x0187, 0x0AAC, 0x4FBE, 0x4F5D, 0x0A4A, 0x0146, 0x00E5,
    0x00A3, 0x0062, 0x0042, 0x0021, 0x0021, 0x0001, 0x0001, 0x0020, 0x0000, 0x0000, 0x0000, 0x0000, 0x0000, 0x0000, 0x0000, 0x0000,
    0x0000, 0x0000, 0x0000, 0x0000, 0x0000, 0x0000, 0x0000, 0x0000, 0x0001, 0x0001, 0x0000, 0x0021, 0x0021, 0x0042, 0x0082, 0x00A3,
    0x0105, 0x0166, 0x0209, 0x4F1C, 0x57DE, 0x0AAC, 0x0167, 0x0946, 0x0905, 0x1104, 0x18E3, 0x4962, 0xECA9, 0x61E3, 0x1904, 0x18E3,
    0x1AEC, 0x463A, 0x09E9, 0x0187, 0x0A8B, 0x3D96, 0x35D7, 0x35B7, 0x3DD7, 0x34F4, 0x0209, 0x0167, 0x1B4E, 0x465A, 0x09C8, 0x00E4,
    0x00C4, 0x00A4, 0x00A3, 0x0083, 0x00A3, 0x0083, 0x4922, 0x89E1, 0x7960, 0xC364, 0xFCE6, 0xF4A5, 0xFCC6, 0xE3E4, 0xEC25, 0xFCC6,
    0xF4A6, 0xF4A6, 0xF4C6, 0xF4C6, 0xEC85, 0xED09, 0xEE74, 0xD657, 0xCE58, 0xAD96, 0x2187, 0x0084, 0x29A8, 0x3A2A, 0x3A2A, 0x3A4A,
    0x428B, 0x4ACC, 0x52EC, 0x52EC, 0x52ED, 0x530D, 0x532D, 0x5B2E, 0x532D, 0x530D, 0x52ED, 0x4ACC, 0x4ACC, 0x42AC, 0x428B, 0x3A4A,
    0x3A2A, 0x31E9, 0x31C8, 0x31E9, 0x3A29, 0x424A, 0x3A4A, 0x3209, 0x1126, 0x0043, 0x426A, 0xBD94, 0xDC69, 0xEC65, 0xFCE6, 0xF4C6,
    0xF4C6, 0xF4C6, 0xF4C6, 0xF4C6, 0xF4C6, 0xF4C6, 0xF4C6, 0xF4C6, 0xF4C6, 0xF4C6, 0xF4C6, 0xF4C6, 0xF4C6, 0xF4C6, 0xF4C6, 0xF4C6,
    0xF4E6, 0xFCE7, 0xEC45, 0xD448, 0xB554, 0x424A, 0x0063, 0x1926, 0x3209, 0x3A4A, 0x3A4A, 0x3A29, 0x31E9, 0x31C8, 0x31E9, 0x3A2A,
    0x3A4A, 0x428B, 0x4AAC, 0x4ACC, 0x4AEC, 0x530D, 0x532E, 0x5B2E, 0x5B2E, 0x5B2E, 0x532D, 0x530D, 0x52EC, 0x4AEC, 0x4ACC, 0x428B,
    0x424A, 0x3A2A, 0x3A4A, 0x29A8, 0x0064, 0x2147, 0xAD76, 0xCE58, 0xD616, 0xEE74, 0xED09, 0xF485, 0xF4C6, 0xF4C6, 0xF4C6, 0xF4C6,
    0xFCE6, 0xEC44, 0xE3E4, 0xF4C6, 0xF4A5, 0xFCE6, 0xC384, 0x7980, 0x9202, 0x4942, 0x0062, 0x0083, 0x0083, 0x00A3, 0x00A4, 0x00C4,
    0x00C4, 0x09E8, 0x467B, 0x1B8F, 0x0187, 0x024A, 0x469A, 0x47FF, 0x47DF, 0x47FF, 0x4F9E, 0x0B2D, 0x01C8, 0x0A09, 0x4619, 0x1AEC,
    0x10E3, 0x1904, 0x59C3, 0xEC89, 0x51A3, 0x10E3, 0x1104, 0x0905, 0x0946, 0x0187, 0x0ACC, 0x4FBE, 0x4F3D, 0x0A2A, 0x0146, 0x0105,
    0x00A3, 0x0062, 0x0042, 0x0021, 0x0021, 0x0000, 0x0000, 0x0020, 0x0000, 0x0000, 0x0000, 0x0000, 0x0000, 0x0000, 0x0000, 0x0000,
    0x0020, 0x0000, 0x0000, 0x0000, 0x0000, 0x0000, 0x0000, 0x0000, 0x0001, 0x0001, 0x0000, 0x0021, 0x0021, 0x0042, 0x0082, 0x00A3,
    0x0105, 0x0146, 0x01E9, 0x4EFB, 0x57FF, 0x12CC, 0x0166, 0x0946, 0x0905, 0x10E4, 0x18E3, 0x4962, 0xEC88, 0x6A03, 0x18E3, 0x18E3,
    0x1AAB, 0x4E19, 0x09E8, 0x0966, 0x09C8, 0x01A8, 0x01C8, 0x01C8, 0x01A8, 0x01A8, 0x09A8, 0x0126, 0x12ED, 0x465A, 0x09E9, 0x00C4,
    0x00E4, 0x00A4, 0x00A3, 0x0083, 0x00A3, 0x0882, 0x71A2, 0x89C1, 0x89E1, 0xE466, 0xF4A5, 0xF4A6, 0xE3E4, 0xD362, 0xF485, 0xF4C6,
    0xF4C6, 0xF4C6, 0xF4C6, 0xEC85, 0xEDCE, 0xFF9C, 0xFFFF, 0xF7DF, 0xC638, 0xC638, 0xB5D7, 0x424A, 0x0043, 0x10E5, 0x29C8, 0x3A09,
    0x3A29, 0x3A29, 0x3A29, 0x3A29, 0x3A29, 0x3A29, 0x3A29, 0x3A29, 0x3A29, 0x3A2A, 0x3A2A, 0x3A2A, 0x3A2A, 0x3A4A, 0x3A4A, 0x3A4A,
    0x424A, 0x424A, 0x424A, 0x424A, 0x3A2A, 0x3A09, 0x2188, 0x08C5, 0x0083, 0x634E, 0xC638, 0xE73C, 0xEE53, 0xF4A5, 0xF4C6, 0xF4C6,
    0xF4C6, 0xF4C6, 0xF4C6, 0xF4E6, 0xF4E6, 0xFCE6, 0xFCE6, 0xFCE6, 0xFCE6, 0xFCE6, 0xFCE6, 0xF4E6, 0xF4C6, 0xF4C6, 0xF4C6, 0xF4C6,
    0xF4C6, 0xF4C6, 0xF4A5, 0xEE32, 0xDEFB, 0xC5F8, 0x6B8E, 0x08C4, 0x08C5, 0x21A8, 0x3A09, 0x3A29, 0x3A2A, 0x424A, 0x3A4A, 0x3A4A,
    0x3A4A, 0x3A4A, 0x3A4A, 0x3A4A, 0x3A2A, 0x3A4A, 0x3A2A, 0x3A29, 0x3A29, 0x3A29, 0x3A29, 0x3A29, 0x3A29, 0x3A29, 0x3A29, 0x3A29,
    0x3A09, 0x29C9, 0x10E5, 0x0043, 0x3A2A, 0xB5B7, 0xC638, 0xC638, 0xF7DF, 0xFFFF, 0xFF9C, 0xEDCF, 0xECA6, 0xF4E6, 0xF4C6, 0xF4C6,
    0xF4C6, 0xF4A6, 0xDB83, 0xE3E4, 0xF4A5, 0xF4A5, 0xEC66, 0x91E1, 0x89C1, 0x71C2, 0x1082, 0x0083, 0x0083, 0x00A3, 0x00A4, 0x00E4,
    0x00C4, 0x09E9, 0x467B, 0x136F, 0x01A7, 0x026B, 0x46DB, 0x47FF, 0x47DF, 0x47FF, 0x4F7D, 0x0B0D, 0x01C8, 0x0A2A, 0x4619, 0x1ACC,
    0x10E3, 0x1904, 0x59C3, 0xECA8, 0x5183, 0x18E3, 0x1904, 0x0905, 0x0146, 0x0187, 0x12EC, 0x4FDF, 0x4F3C, 0x0A2A, 0x0146, 0x0105,
    0x00A3, 0x0083, 0x0062, 0x0041, 0x0021, 0x0001, 0x0001, 0x0020, 0x0000, 0x0000, 0x0000, 0x0000, 0x0000, 0x0000, 0x0000, 0x0020,
    0x0020, 0x0000, 0x0000, 0x0000, 0x0000, 0x0000, 0x0000, 0x0000, 0x0001, 0x0001, 0x0001, 0x0021, 0x0021, 0x0042, 0x0062, 0x00A3,
    0x00E4, 0x0126, 0x01C8, 0x46BB, 0x57FF, 0x12CC, 0x0146, 0x0946, 0x08E4, 0x10E4, 0x18E3, 0x4142, 0xEC88, 0x7224, 0x18E3, 0x18E3,
    0x1A6A, 0x4E19, 0x1209, 0x0925, 0x1186, 0x19A7, 0x19A7, 0x11A7, 0x1187, 0x1187, 0x0967, 0x0105, 0x12AC, 0x465A, 0x0A09, 0x00C4,
    0x00E4, 0x00A3, 0x00A3, 0x00A3, 0x0083, 0x30E2, 0x81E2, 0x8180, 0xAAC3, 0xFCE7, 0xF486, 0xDBC4, 0xD383, 0xDBA3, 0xF4A6, 0xF4C6,
    0xF4C6, 0xFCC6, 0xF485, 0xEDF0, 0xFFFF, 0xFFFF, 0xFFFF, 0xFFFF, 0xF7BE, 0xC638, 0xC638, 0xCE59, 0x7BF0, 0x2147, 0x0063, 0x0063,
    0x08A4, 0x10E5, 0x1105, 0x1926, 0x1946, 0x2167, 0x2167, 0x2187, 0x2188, 0x29A8, 0x29A8, 0x29A8, 0x29C8, 0x31C8, 0x31E8, 0x31E8,
    0x31E9, 0x31E8, 0x31C8, 0x29A8, 0x1946, 0x08C5, 0x0063, 0x20E4, 0x8C51, 0xD6BA, 0xEF5D, 0xFFFF, 0xFFBC, 0xECE8, 0xF4C5, 0xF4C6,
    0xF4C6, 0xF4C6, 0xF4C6, 0xFCC6, 0xF4A5, 0xF4A5, 0xF4A5, 0xF4A5, 0xF4A5, 0xF4A5, 0xF4A5, 0xF4C5, 0xFCC6, 0xFCE6, 0xF4E6, 0xF4C6,
    0xF4C6, 0xF4C5, 0xECE8, 0xFF9B, 0xFFFF, 0xE73C, 0xD69A, 0x9492, 0x2924, 0x0084, 0x08C5, 0x1947, 0x29A8, 0x31C8, 0x31E9, 0x31E9,
    0x31E9, 0x31E9, 0x31E8, 0x31C8, 0x29A8, 0x29A8, 0x29A8, 0x21A8, 0x2187, 0x2187, 0x2167, 0x1947, 0x1926, 0x1106, 0x10E5, 0x08A4,
    0x0063, 0x0063, 0x2146, 0x7BF0, 0xCE59, 0xC638, 0xC638, 0xF7BE, 0xFFFF, 0xFFFF, 0xFFFF, 0xFFFF, 0xEE11, 0xECA6, 0xFCC6, 0xF4C6,
    0xF4C6, 0xF4C6, 0xDBC4, 0xD383, 0xDBC3, 0xF485, 0xFCE7, 0xB2E3, 0x8180, 0x8A02, 0x3102, 0x0083, 0x00A3, 0x00A3, 0x00A4, 0x00E5,
    0x00C4, 0x0A2A, 0x469B, 0x132E, 0x01A7, 0x028B, 0x46FC, 0x47FF, 0x47FF, 0x47FF, 0x4F5D, 0x0AEC, 0x01C8, 0x0A6B, 0x463A, 0x1AAB,
    0x10E4, 0x18E4, 0x61E3, 0xEC88, 0x4982, 0x18E4, 0x1904, 0x0905, 0x0946, 0x0187, 0x130D, 0x4FFF, 0x46FC, 0x0209, 0x0146, 0x0105,
    0x00A3, 0x0063, 0x0042, 0x0021, 0x0021, 0x0001, 0x0001, 0x0001, 0x0000, 0x0000, 0x0000, 0x0000, 0x0000, 0x0000, 0x0000, 0x0021,
    0x0861, 0x0000, 0x0000, 0x0000, 0x0000, 0x0000, 0x0000, 0x0000, 0x0000, 0x0001, 0x0000, 0x0021, 0x0021, 0x0041, 0x0062, 0x00A3,
    0x00E4, 0x0125, 0x0187, 0x46BA, 0x5FFF, 0x1B0D, 0x0125, 0x0925, 0x10E4, 0x18E3, 0x18E3, 0x4122, 0xEC88, 0x7A64, 0x18E3, 0x2103,
    0x1229, 0x4E39, 0x1229, 0x1125, 0x1966, 0x1945, 0x1925, 0x1966, 0x1146, 0x0946, 0x0946, 0x00E5, 0x126B, 0x465A, 0x0A4A, 0x00A4,
    0x00E4, 0x00C4, 0x00A3, 0x00A3, 0x0062, 0x5962, 0x89C1, 0x81A0, 0xE446, 0xF4A7, 0xCB43, 0xD363, 0xDBA3, 0xDBC3, 0xF4A6, 0xF4A6,
    0xF4C6, 0xF4A5, 0xED8D, 0xFFFE, 0xFFFF, 0xFFFF, 0xFFFF, 0xFFFF, 0xFFFF, 0xF7BE, 0xCE59, 0xBDF7, 0xCE79, 0xBDF8, 0x8C72, 0x5B0D,
    0x424A, 0x29C8, 0x2187, 0x2146, 0x1905, 0x10A3, 0x10A3, 0x10A3, 0x08A3, 0x0883, 0x0083, 0x0083, 0x0083, 0x0083, 0x0064, 0x0084,
    0x0084, 0x0084, 0x0084, 0x0083, 0x10A3, 0x3923, 0x7203, 0xB44D, 0xE71B, 0xF7BE, 0xFFFF, 0xFFFF, 0xFFFF, 0xEE11, 0xF485, 0xF4E6,
    0xF4C6, 0xF4A5, 0xECA5, 0xECE8, 0xED6B, 0xEDCF, 0xEE31, 0xF652, 0xF652, 0xEE31, 0xEDEF, 0xED6C, 0xECE8, 0xF4A5, 0xF4A5, 0xF4C6,
    0xF4E6, 0xF485, 0xEE11, 0xFFFF, 0xFFFF, 0xFFFF, 0xF7BE, 0xE6FB, 0xAC2C, 0x7203, 0x3944, 0x10C3, 0x0883, 0x0084, 0x0084, 0x0084,
    0x0084, 0x0084, 0x0084, 0x0083, 0x0083, 0x0083, 0x0883, 0x0883, 0x08A3, 0x10C3, 0x10A3, 0x1905, 0x1946, 0x2167, 0x2988, 0x3A29,
    0x5AED, 0x8452, 0xBDF8, 0xCE79, 0xBDF7, 0xCE79, 0xF7BE, 0xFFFF, 0xFFFF, 0xFFFF, 0xFFFF, 0xFFFF, 0xFFFF, 0xED8E, 0xF4A5, 0xF4C6,
    0xF4C6, 0xF4C6, 0xDBE4, 0xDBA3, 0xD363, 0xCB23, 0xF486, 0xE426, 0x89C0, 0x89E1, 0x6182, 0x0882, 0x00A4, 0x00A4, 0x00C4, 0x00E5,
    0x00C4, 0x126B, 0x46BB, 0x12ED, 0x01A8, 0x02CC, 0x473D, 0x47FF, 0x47FF, 0x47FF, 0x473D, 0x0ACC, 0x01E8, 0x0A8C, 0x465A, 0x126A,
    0x1104, 0x10E4, 0x6A04, 0xEC89, 0x4162, 0x1904, 0x1905, 0x0925, 0x0966, 0x0187, 0x134E, 0x57FF, 0x46DB, 0x01E9, 0x0146, 0x0105,
    0x00A3, 0x0062, 0x0042, 0x0021, 0x0021, 0x0001, 0x0001, 0x0001, 0x0000, 0x0000, 0x0000, 0x0000, 0x0000, 0x0000, 0x0000, 0x0841,
    0x10A2, 0x0000, 0x0000, 0x0000, 0x0000, 0x0000, 0x0000, 0x0000, 0x0000, 0x0000, 0x0000, 0x0021, 0x0021, 0x0041, 0x0062, 0x0083,
    0x00C4, 0x0105, 0x0146, 0x3D35, 0x5E9A, 0x1A8B, 0x0105, 0x0904, 0x10E4, 0x18C3, 0x20E3, 0x3902, 0xE468, 0x8AA4, 0x18C3, 0x2103,
    0x11E7, 0x4E19, 0x1A8A, 0x1904, 0x2124, 0x6A66, 0x8B07, 0x3184, 0x1925, 0x1125, 0x0905, 0x00E5, 0x0A29, 0x465A, 0x128B, 0x00A4,
    0x00E4, 0x00A4, 0x00A3, 0x0083, 0x18A2, 0x79C2, 0x8180, 0x9A22, 0xC365, 0x9A01, 0x9A01, 0xDBA4, 0xDB83, 0xDBC4, 0xF4A6, 0xF4A6,
    0xF4A5, 0xECE8, 0xFF9B, 0xFFFF, 0xFFFF, 0xFFFF, 0xFFFF, 0xFFFF, 0xFFFF, 0xFFFF, 0xFFDF, 0xDEDB, 0xBDF7, 0xBDF7, 0xCE59, 0xCE79,
    0xCE59, 0xC638, 0xBDF8, 0xBDD7, 0xB5B6, 0xAC8F, 0xAB47, 0xAB25, 0xA325, 0x9AE5, 0x9AC5, 0x92A5, 0x8AA5, 0x8285, 0x7A44, 0x7A44,
    0x7244, 0x7A64, 0x8284, 0x92C4, 0xAB24, 0xCB84, 0xD3E6, 0xF719, 0xFFFF, 0xFFFF, 0xFFFF, 0xFFFF, 0xFFFF, 0xFF7A, 0xECC7, 0xF485,
    0xECA7, 0xEDAE, 0xFEF6, 0xFFFD, 0xFFFF, 0xFFFF, 0xFFFF, 0xFFFF, 0xFFFF, 0xFFFF, 0xFFFF, 0xFFFF, 0xFFFD, 0xFEF6, 0xEDAE, 0xECC7,
    0xF4A5, 0xECC7, 0xFF7A, 0xFFFF, 0xFFFF, 0xFFFF, 0xFFFF, 0xFFFF, 0xEF19, 0xC3C6, 0xC364, 0xAB25, 0x92C4, 0x8285, 0x7A64, 0x7A64,
    0x7A64, 0x7A65, 0x8285, 0x8285, 0x8AA5, 0x92C5, 0x9AE5, 0xA305, 0xA325, 0xA346, 0xAC8E, 0xB5D6, 0xBDF7, 0xBDF8, 0xC618, 0xCE59,
    0xCE79, 0xCE59, 0xBE17, 0xBDF7, 0xDEFB, 0xFFFF, 0xFFFF, 0xFFFF, 0xFFFF, 0xFFFF, 0xFFFF, 0xFFFF, 0xFFFF, 0xFF9B, 0xECE9, 0xF4C5,
    0xF4C6, 0xF4C6, 0xE3E4, 0xDBA3, 0xDBC4, 0x9A01, 0x9A01, 0xC344, 0x9A22, 0x89A0, 0x81E2, 0x20C2, 0x00A3, 0x00A4, 0x00C4, 0x00E5,
    0x00C4, 0x1AED, 0x46BC, 0x0AAC, 0x01A8, 0x0AED, 0x477D, 0x47FF, 0x47FF, 0x47FF, 0x46FC, 0x028B, 0x01C8, 0x12CC, 0x463A, 0x1209,
    0x1104, 0x10E3, 0x7A44, 0xE468, 0x3943, 0x1904, 0x1925, 0x0925, 0x0966, 0x0187, 0x1B8F, 0x57FF, 0x467A, 0x01C8, 0x0166, 0x00E5,
    0x00A3, 0x0062, 0x0042, 0x0021, 0x0001, 0x0001, 0x0001, 0x0000, 0x0000, 0x0000, 0x0000, 0x0000, 0x0000, 0x0000, 0x0000, 0x1082,
    0x18E3, 0x0000, 0x0000, 0x0000, 0x0000, 0x0000, 0x0000, 0x0000, 0x0000, 0x0000, 0x0001, 0x0021, 0x0021, 0x0021, 0x0042, 0x0083,
    0x00A3, 0x00E4, 0x0125, 0x0167, 0x0166, 0x0125, 0x0905, 0x08E4, 0x10C3, 0x18C3, 0x20E3, 0x30E1, 0xDC27, 0x9AE5, 0x18C2, 0x2103,
    0x11A6, 0x4DF8, 0x22CC, 0x18E4, 0x2103, 0xB3A7, 0xFD2A, 0x59C4, 0x1904, 0x1925, 0x0905, 0x0105, 0x09C8, 0x4639, 0x1B0D, 0x00A4,
    0x00E4, 0x00A4, 0x00A3, 0x0083, 0x3102, 0x89C1, 0x81A0, 0x89A0, 0x8160, 0x7940, 0xBAE3, 0xE3C4, 0xD383, 0xE3E4, 0xF4C6, 0xF4C6,
    0xEC85, 0xEE11, 0xFFFF, 0xFFFF, 0xFFFF, 0xFFFF, 0xFFFF, 0xFFFF, 0xFFFF, 0xFFFF, 0xFFFF, 0xFFFF, 0xF79E, 0xDEDB, 0xC638, 0xBDF7,
    0xBDD7, 0xBDF7, 0xBDF7, 0xBDF7, 0xC618, 0xCE38, 0xCD93, 0xCC08, 0xD363, 0xDBA4, 0xDBA4, 0xDBA4, 0xDBA4, 0xDBA4, 0xDBC4, 0xDBC4,
    0xDBC4, 0xDBC4, 0xDBC4, 0xDBC4, 0xE404, 0xE404, 0xEE32, 0xFFFF, 0xFFFF, 0xFFFF, 0xFFFF, 0xFFFF, 0xFFFF, 0xFFFF, 0xEDF0, 0xED8E,
    0xFFBB, 0xFFFF, 0xEF9E, 0xC639, 0x9D14, 0x7C11, 0x634E, 0x5AEC, 0x5AEC, 0x634E, 0x7BF0, 0x94D4, 0xBE18, 0xEF5D, 0xFFFF, 0xFFDC,
    0xED8D, 0xEDCF, 0xFFFF, 0xFFFF, 0xFFFF, 0xFFFF, 0xFFFF, 0xFFFF, 0xFFFF, 0xEE52, 0xE404, 0xDBE4, 0xDBC4, 0xDBC4, 0xDBA4, 0xDBC4,
    0xDBC4, 0xDBC4, 0xDBC4, 0xDBC4, 0xDBC4, 0xDBC4, 0xD3A4, 0xD383, 0xCC28, 0xCD92, 0xCE38, 0xC638, 0xC618, 0xBE17, 0xBDF7, 0xBDF7,
    0xBDF7, 0xC638, 0xDEDB, 0xF7BE, 0xFFFF, 0xFFFF, 0xFFFF, 0xFFFF, 0xFFFF, 0xFFFF, 0xFFFF, 0xFFFF, 0xFFFF, 0xFFFF, 0xEE11, 0xEC85,
    0xF4C6, 0xF4C6, 0xE3E4, 0xDB83, 0xE3E4, 0xBB03, 0x7960, 0x8180, 0x89C1, 0x89C0, 0x91E1, 0x3923, 0x0083, 0x00C4, 0x00C4, 0x00E5,
    0x00C4, 0x1B6F, 0x46BC, 0x0A6B, 0x01C8, 0x0B4E, 0x4FBE, 0x3FFF, 0x47FF, 0x47FF, 0x3EBA, 0x026B, 0x01C8, 0x132E, 0x4619, 0x11C8,
    0x1904, 0x10E3, 0x8AA5, 0xDC28, 0x3102, 0x2125, 0x1925, 0x0925, 0x0986, 0x0187, 0x1BF0, 0x57FF, 0x3E39, 0x01A8, 0x0146, 0x00E5,
    0x00A3, 0x0062, 0x0042, 0x0021, 0x0001, 0x0000, 0x0001, 0x0000, 0x0000, 0x0000, 0x0000, 0x0000, 0x0000, 0x0000, 0x0000, 0x18C3,
    0x2965, 0x0000, 0x0000, 0x0000, 0x0000, 0x0000, 0x0000, 0x0000, 0x0000, 0x0001, 0x0000, 0x0001, 0x0021, 0x0021, 0x0041, 0x0062,
    0x08A3, 0x08C4, 0x08E4, 0x0905, 0x1105, 0x10E4, 0x10C4, 0x10C3, 0x10C3, 0x18C3, 0x20E3, 0x28C1, 0xCBE7, 0xB346, 0x20C2, 0x2123,
    0x1165, 0x45D8, 0x232D, 0x18E3, 0x2103, 0x9B05, 0xFCC8, 0x61E3, 0x18E3, 0x1924, 0x1105, 0x0905, 0x0167, 0x45F9, 0x23B0, 0x00A4,
    0x00E5, 0x00A3, 0x00A3, 0x0083, 0x20C2, 0x79C2, 0x89C1, 0x89A0, 0x81A0, 0x89A0, 0xD364, 0xDBA3, 0xDB83, 0xDBE4, 0xF4A6, 0xFCC6,
    0xDC05, 0xEED7, 0xFFFF, 0xFFFF, 0xFFFF, 0xFFFF, 0xFFFF, 0xFFFF, 0xFFFF, 0xFFFF, 0xFFFF, 0xFFFF, 0xFFFF, 0xFFFF, 0xFFFF, 0xF79E,
    0xEF5C, 0xDEFB, 0xDEDB, 0xD69A, 0xCE79, 0xCE59, 0xC679, 0xCE37, 0xCCEE, 0xCBA6, 0xCB63, 0xD383, 0xD384, 0xD384, 0xD384, 0xD3A4,
    0xD3A4, 0xDBE4, 0xE425, 0xEC86, 0xF4A6, 0xED4A, 0xFFDD, 0xFFFF, 0xFFFF, 0xFFFF, 0xFFFF, 0xFFFF, 0xFFFF, 0xFFFF, 0xFFFE, 0xFFFF,
    0xBE39, 0x5B0D, 0x2126, 0x0083, 0x0022, 0x0002, 0x0022, 0x0022, 0x0022, 0x0002, 0x0002, 0x0022, 0x0063, 0x1906, 0x52CC, 0xBDF8,
    0xFFFF, 0xFFFE, 0xFFFF, 0xFFFF, 0xFFFF, 0xFFFF, 0xFFFF, 0xFFFF, 0xFFFF, 0xFFDD, 0xED4B, 0xF4A6, 0xEC86, 0xE425, 0xDBE4, 0xD3A4,
    0xD384, 0xD383, 0xD384, 0xD3A4, 0xD383, 0xCB63, 0xCBC6, 0xCCEE, 0xCE17, 0xC659, 0xCE59, 0xCE79, 0xD69A, 0xD6DB, 0xDEFB, 0xE73C,
    0xF79E, 0xFFDF, 0xFFFF, 0xFFFF, 0xFFFF, 0xFFFF, 0xFFFF, 0xFFFF, 0xFFFF, 0xFFFF, 0xFFFF, 0xFFFF, 0xFFFF, 0xFFFF, 0xF6F8, 0xDC05,
    0xFCC6, 0xF4C6, 0xE3E4, 0xDBA3, 0xDBA3, 0xD384, 0x89C1, 0x89C1, 0x89C1, 0x89E1, 0x79E3, 0x20C3, 0x0084, 0x00A4, 0x00C4, 0x0105,
    0x00C4, 0x2411, 0x467B, 0x022A, 0x01E9, 0x13AF, 0x4FFF, 0x3FFF, 0x47FF, 0x4FFF, 0x3E39, 0x024A, 0x01C8, 0x1B8F, 0x45F9, 0x0987,
    0x1125, 0x10C3, 0x92E6, 0xF4C9, 0x61A3, 0x18E3, 0x1945, 0x0946, 0x0987, 0x0187, 0x2472, 0x57FF, 0x3DD7, 0x0187, 0x0166, 0x00E4,
    0x00A3, 0x0062, 0x0042, 0x0021, 0x0001, 0x0001, 0x0001, 0x0000, 0x0000, 0x0000, 0x0000, 0x0000, 0x0000, 0x0000, 0x0000, 0x2124,
    0x39E7, 0x0000, 0x0000, 0x0000, 0x0000, 0x0000, 0x0000, 0x0000, 0x0000, 0x0001, 0x0000, 0x0001, 0x0021, 0x0021, 0x0041, 0x0062,
    0x0883, 0x08A3, 0x10C4, 0x10E4, 0x10A3, 0x10C3, 0x10C3, 0x10C3, 0x18C3, 0x18C2, 0x2103, 0x28A1, 0xBB86, 0xC3A6, 0x28E2, 0x2923,
    0x1124, 0x4597, 0x2BAF, 0x18E3, 0x20E3, 0x8A84, 0xFCE8, 0x7A44, 0x18E3, 0x2124, 0x1104, 0x0905, 0x0126, 0x3D97, 0x3472, 0x00A4,
    0x00E5, 0x00A4, 0x00A3, 0x00A3, 0x0063, 0x20A2, 0x6962, 0x89C1, 0x8180, 0xA242, 0xDBC4, 0xDBA3, 0xDB83, 0xDBC3, 0xF4A6, 0xF485,
    0xD406, 0xFF9C, 0xFFFF, 0xFFFF, 0xFFFF, 0xFFFF, 0xFFFF, 0xFFFF, 0xFFFF, 0xFFFF, 0xFFFF, 0xFFFF, 0xFFFF, 0xFFFF, 0xFFFF, 0xFFFF,
    0xFFFF, 0xFFFF, 0xFFFF, 0xFFFF, 0xFFFF, 0xFFFF, 0xFFDF, 0xFFDF, 0xFFFF, 0xFF5B, 0xEDF1, 0xE4C8, 0xEC65, 0xF4A6, 0xF4C6, 0xF4C6,
    0xF4C6, 0xFCC6, 0xFCE6, 0xFCC6, 0xECA6, 0xF6F6, 0xFFFF, 0xFFFF, 0xFFFF, 0xFFFF, 0xFFFF, 0xFFFF, 0xFFFF, 0xFFFF, 0xE75D, 0x52EC,
    0x0063, 0x0063, 0x00A4, 0x08E5, 0x29C8, 0x3A4A, 0x4AAB, 0x4ACD, 0x4ACC, 0x428C, 0x3A4A, 0x29A8, 0x10E5, 0x00A4, 0x0063, 0x0063,
    0x52CC, 0xEF5D, 0xFFFF, 0xFFFF, 0xFFFF, 0xFFFF, 0xFFFF, 0xFFFF, 0xFFFF, 0xFFFF, 0xF6F7, 0xECA6, 0xFCE6, 0xFCE6, 0xFCC6, 0xF4C6,
    0xF4C6, 0xF4A6, 0xF4A6, 0xEC85, 0xE4C8, 0xEE11, 0xF77B, 0xFFFF, 0xFFDF, 0xFFDF, 0xFFFF, 0xFFFF, 0xFFFF, 0xFFFF, 0xFFFF, 0xFFFF,
    0xFFFF, 0xFFFF, 0xFFFF, 0xFFFF, 0xFFFF, 0xFFFF, 0xFFFF, 0xFFFF, 0xFFFF, 0xFFFF, 0xFFFF, 0xFFFF, 0xFFFF, 0xFFFF, 0xFF9C, 0xD3E6,
    0xF465, 0xF4C6, 0xDBC4, 0xDBA3, 0xDBC3, 0xDBC4, 0xA262, 0x81A0, 0x89E1, 0x6162, 0x18A2, 0x0083, 0x00A4, 0x00A4, 0x00C4, 0x0105,
    0x00E5, 0x2CB4, 0x3E1A, 0x01E9, 0x01E9, 0x1C52, 0x4FFF, 0x3FFF, 0x3FFF, 0x4FFF, 0x35D7, 0x022A, 0x01A7, 0x23F1, 0x3DB7, 0x0946,
    0x1105, 0x1924, 0x3943, 0xB387, 0xECC9, 0x6A24, 0x10E3, 0x0946, 0x0987, 0x0187, 0x2CD4, 0x57FF, 0x3555, 0x0167, 0x0146, 0x00E4,
    0x0083, 0x0062, 0x0041, 0x0021, 0x0001, 0x0001, 0x0020, 0x0000, 0x0000, 0x0000, 0x0000, 0x0000, 0x0000, 0x0000, 0x0000, 0x31A6,
    0x4A69, 0x0000, 0x0000, 0x0000, 0x0000, 0x0000, 0x0000, 0x0000, 0x0000, 0x0000, 0x0000, 0x0001, 0x0021, 0x0021, 0x0041, 0x0062,
    0x0882, 0x10A3, 0x10A3, 0x3103, 0x59C3, 0x4143, 0x18A2, 0x18C3, 0x18C2, 0x18C2, 0x20E3, 0x28A1, 0xAB25, 0xD407, 0x30E2, 0x2924,
    0x10E3, 0x3D35, 0x3431, 0x18E3, 0x20E3, 0x7A24, 0xFCC8, 0x92A4, 0x20E2, 0x2124, 0x1104, 0x0925, 0x00E5, 0x3515, 0x3D36, 0x00C4,
    0x00E4, 0x00A4, 0x0083, 0x00A3, 0x0083, 0x0042, 0x5942, 0x81C1, 0x8180, 0xCB64, 0xDBC5, 0xC2E3, 0xDB83, 0xDBA3, 0xF4A6, 0xE404,
    0xD469, 0xFFFE, 0xFFFF, 0xFFFF, 0xFFFF, 0xFFFF, 0xFFFF, 0xFFFF, 0xFFFF, 0xFFFF, 0xFFFF, 0xFFFF, 0xFFFF, 0xFFFF, 0xFFFF, 0xFFFF,
    0xFFFF, 0xFFFF, 0xFFFF, 0xFFFF, 0xFFFF, 0xFFFF, 0xFFFF, 0xFFFF, 0xFFFF, 0xFFFF, 0xFFFF, 0xFF7B, 0xEE31, 0xECE8, 0xF4A5, 0xFCC6,
    0xF4C6, 0xF4C6, 0xF4C6, 0xF485, 0xEDAE, 0xFFFF, 0xFFFF, 0xFFFF, 0xFFFF, 0xFFFF, 0xFFFF, 0xFFFF, 0xFFFF, 0xE73D, 0x31A8, 0x0043,
    0x08E5, 0x08C5, 0x2167, 0x638F, 0x6BD0, 0x6BD0, 0x6BD0, 0x6BD0, 0x6BB0, 0x63B0, 0x6BD0, 0x6BD0, 0x638F, 0x2147, 0x08C5, 0x08E5,
    0x0043, 0x31C8, 0xE75D, 0xFFFF, 0xFFFF, 0xFFFF, 0xFFFF, 0xFFFF, 0xFFFF, 0xFFFF, 0xFFFF, 0xEDCF, 0xF485, 0xF4C6, 0xF4C6, 0xF4C6,
    0xFCE6, 0xF4A5, 0xECC7, 0xEE11, 0xFF9B, 0xFFFF, 0xFFFF, 0xFFFF, 0xFFFF, 0xFFFF, 0xFFFF, 0xFFFF, 0xFFFF, 0xFFFF, 0xFFFF, 0xFFFF,
    0xFFFF, 0xFFFF, 0xFFFF, 0xFFFF, 0xFFFF, 0xFFFF, 0xFFFF, 0xFFFF, 0xFFFF, 0xFFFF, 0xFFFF, 0xFFFF, 0xFFFF, 0xFFFF, 0xFFFE, 0xD469,
    0xE3E4, 0xF4C6, 0xDBA3, 0xDBA3, 0xC2E3, 0xDBA4, 0xCB64, 0x81A0, 0x89C1, 0x5961, 0x0042, 0x0084, 0x0084, 0x00A4, 0x00C4, 0x0105,
    0x0105, 0x3577, 0x3597, 0x01C8, 0x0209, 0x24D4, 0x4FFF, 0x3FFF, 0x3FFF, 0x4FFF, 0x2535, 0x0209, 0x0187, 0x2473, 0x3D56, 0x0125,
    0x1125, 0x1124, 0x1904, 0x28E2, 0x92E5, 0xF4E9, 0x82A5, 0x1124, 0x09A7, 0x0187, 0x3555, 0x5FFF, 0x2CD3, 0x0146, 0x0146, 0x00E4,
    0x0083, 0x0062, 0x0041, 0x0021, 0x0021, 0x0001, 0x0000, 0x0001, 0x0000, 0x0000, 0x0000, 0x0000, 0x0000, 0x0000, 0x0000, 0x4228,
    0x5AEB, 0x0000, 0x0000, 0x0000, 0x0000, 0x0000, 0x0000, 0x0000, 0x0000, 0x0000, 0x0000, 0x0001, 0x0001, 0x0021, 0x0041, 0x0862,
    0x0882, 0x18A2, 0x1881, 0x7204, 0xFD09, 0xAB46, 0x2081, 0x20E3, 0x20C2, 0x20C2, 0x28E3, 0x28A2, 0x92A4, 0xE467, 0x3902, 0x2924,
    0x10C3, 0x3C93, 0x3CD3, 0x18E3, 0x28E3, 0x61E3, 0xFCC8, 0xAB25, 0x28E2, 0x2124, 0x1104, 0x1125, 0x00E4, 0x2C52, 0x45D8, 0x0105,
    0x00E4, 0x00C4, 0x00A3, 0x00A3, 0x0083, 0x1882, 0x71A2, 0x7980, 0x9201, 0xCB65, 0x99E1, 0xB282, 0xDBC4, 0xDB83, 0xEC65, 0xDBA3,
    0xDCCC, 0xFFFF, 0xF73A, 0xF75B, 0xFFFF, 0xFFFF, 0xFFFF, 0xFFFF, 0xFFFF, 0xFFFF, 0xFFFF, 0xFFFF, 0xFFFF, 0xFFFF, 0xFFFF, 0xFFFF,
    0xFFFF, 0xFFFF, 0xFFFF, 0xFFFF, 0xFFFF, 0xFFFF, 0xFFFF, 0xFFFF, 0xFFFF, 0xFFFF, 0xFFFF, 0xFFFF, 0xFFFF, 0xFF5A, 0xED6C, 0xF4A5,
    0xFCC6, 0xF4C6, 0xF4C6, 0xECC7, 0xFF5A, 0xFFFF, 0xFFFF, 0xFFFF, 0xFFFF, 0xFFFF, 0xFFFF, 0xFFFF, 0xFFFF, 0x6B6E, 0x0042, 0x1106,
    0x08C5, 0x08C5, 0x1126, 0x52ED, 0x636F, 0x638F, 0x6BB0, 0x6BB0, 0x6BB0, 0x6BB0, 0x6390, 0x636F, 0x4AED, 0x1126, 0x08C5, 0x08E5,
    0x1106, 0x0043, 0x634E, 0xFFFF, 0xFFFF, 0xFFFF, 0xFFFF, 0xFFFF, 0xFFFF, 0xFFFF, 0xFFFF, 0xFF5A, 0xECC7, 0xFCC6, 0xF4C6, 0xFCC6,
    0xF4A5, 0xED4B, 0xF739, 0xFFFF, 0xFFFF, 0xFFFF, 0xFFFF, 0xFFFF, 0xFFFF, 0xFFFF, 0xFFFF, 0xFFFF, 0xFFFF, 0xFFFF, 0xFFFF, 0xFFFF,
    0xFFFF, 0xFFFF, 0xFFFF, 0xFFFF, 0xFFFF, 0xFFFF, 0xFFFF, 0xFFFF, 0xFFFF, 0xFFFF, 0xFFFF, 0xFFFF, 0xEF3B, 0xEF1A, 0xFFFF, 0xDCCB,
    0xDBA2, 0xF486, 0xDB83, 0xE3C4, 0xB282, 0x91E1, 0xC345, 0x9202, 0x8180, 0x79C2, 0x1882, 0x0063, 0x00A4, 0x00A4, 0x00E4, 0x0105,
    0x0167, 0x3E19, 0x2CF4, 0x01C8, 0x022A, 0x2D96, 0x4FFF, 0x3FDF, 0x3FFF, 0x4FFF, 0x1C73, 0x0209, 0x01A8, 0x2CF5, 0x34F4, 0x0105,
    0x0925, 0x1104, 0x1924, 0x1925, 0x18C3, 0x7AA6, 0xCD0D, 0x31C5, 0x0187, 0x01C8, 0x3DD7, 0x5FFF, 0x2431, 0x0146, 0x0146, 0x00C4,
    0x0083, 0x0062, 0x0041, 0x0021, 0x0021, 0x0001, 0x0001, 0x0000, 0x0000, 0x0000, 0x0000, 0x0000, 0x0000, 0x0000, 0x0000, 0x5ACB,
    0x73CE, 0x0000, 0x0000, 0x0000, 0x0000, 0x0000, 0x0000, 0x0000, 0x0000, 0x0001, 0x0000, 0x0001, 0x0001, 0x0021, 0x0041, 0x0862,
    0x1082, 0x18A2, 0x1881, 0x61A2, 0xFCA6, 0xC365, 0x30C1, 0x28E3, 0x20E3, 0x20E3, 0x2903, 0x28C2, 0x7A23, 0xEC88, 0x4942, 0x2103,
    0x18C2, 0x2BF0, 0x4556, 0x1904, 0x2903, 0x5183, 0xF487, 0xCBA6, 0x3102, 0x2124, 0x1904, 0x1125, 0x00C4, 0x238F, 0x4E5A, 0x0987,
    0x00C4, 0x00C4, 0x00A3, 0x00A3, 0x0063, 0x30E2, 0x81C1, 0x7980, 0x89C1, 0x89A1, 0x89A0, 0xD384, 0xDBA3, 0xDB83, 0xEC05, 0xDB82,
    0xDD0D, 0xFFBC, 0xC46A, 0xF73A, 0xFFFF, 0xFFFF, 0xFFFF, 0xFFFF, 0xFFFF, 0xFFFF, 0xFFFF, 0xFFFF, 0xFFFF, 0xFFFF, 0xFFFF, 0xFFFF,
    0xFFFF, 0xFFFF, 0xFFFF, 0xFFFF, 0xFFFF, 0xFFFF, 0xFFFF, 0xFFFF, 0xFFFF, 0xFFFF, 0xFFFF, 0xFFFF, 0xFFFF, 0xFFFF, 0xFFDE, 0xED8D,
    0xF485, 0xF4C6, 0xF485, 0xEDF0, 0xFFFF, 0xFFFF, 0xFFFF, 0xFFFF, 0xFFFF, 0xFFFF, 0xFFFF, 0xFFFF, 0xEF7D, 0x1946, 0x08C5, 0x08E5,
    0x08C5, 0x08E5, 0x00C4, 0x00A4, 0x1106, 0x2167, 0x29C8, 0x29E9, 0x29E9, 0x29C8, 0x2167, 0x1126, 0x00A4, 0x08C4, 0x08E5, 0x08E5,
    0x08E5, 0x08C5, 0x1925, 0xEF5D, 0xFFFF, 0xFFFF, 0xFFFF, 0xFFFF, 0xFFFF, 0xFFFF, 0xFFFF, 0xFFFF, 0xEE10, 0xF485, 0xF4C6, 0xF4A5,
    0xED8C, 0xFFDD, 0xFFFF, 0xFFFF, 0xFFFF, 0xFFFF, 0xFFFF, 0xFFFF, 0xFFFF, 0xFFFF, 0xFFFF, 0xFFFF, 0xFFFF, 0xFFFF, 0xFFFF, 0xFFFF,
    0xFFFF, 0xFFFF, 0xFFFF, 0xFFFF, 0xFFFF, 0xFFFF, 0xFFFF, 0xFFFF, 0xFFFF, 0xFFFF, 0xFFFF, 0xFFFF, 0xF75B, 0xCC4A, 0xFF9C, 0xDD2D,
    0xDB62, 0xE404, 0xDB83, 0xDBA3, 0xD384, 0x89C0, 0x81A1, 0x89E1, 0x81A1, 0x81C1, 0x38E2, 0x0063, 0x00A4, 0x00A4, 0x00E5, 0x0105,
    0x09E9, 0x469C, 0x2432, 0x01C8, 0x026B, 0x3E59, 0x47FF, 0x3FFF, 0x3FFF, 0x4FFF, 0x13D0, 0x0209, 0x01C8, 0x45B8, 0x2C32, 0x00E4,
    0x0925, 0x0905, 0x1105, 0x1125, 0x10E4, 0x226A, 0x6D54, 0x11C7, 0x0187, 0x01E9, 0x467A, 0x5FFF, 0x1B8F, 0x0146, 0x0126, 0x00C4,
    0x0083, 0x0062, 0x0021, 0x0021, 0x0001, 0x0001, 0x0021, 0x0000, 0x0000, 0x0000, 0x0000, 0x0000, 0x0000, 0x0000, 0x0000, 0x738E,
    0x8C71, 0x0000, 0x0000, 0x0000, 0x0000, 0x0000, 0x0000, 0x0000, 0x0000, 0x0001, 0x0000, 0x0000, 0x0001, 0x0021, 0x0041, 0x0861,
    0x1081, 0x18A2, 0x20A2, 0x5142, 0xF467, 0xDBE6, 0x38E2, 0x28E2, 0x28E2, 0x2903, 0x2903, 0x28E3, 0x61A3, 0xF4A8, 0x61A3, 0x20E3,
    0x18C2, 0x230C, 0x4DD7, 0x1965, 0x2903, 0x4142, 0xE447, 0xE427, 0x4122, 0x2124, 0x1904, 0x1104, 0x00C4, 0x1A8B, 0x4E9B, 0x124A,
    0x00A4, 0x00E5, 0x00A3, 0x00A3, 0x0062, 0x4942, 0x89C1, 0x81A0, 0x81A0, 0x8180, 0xAA62, 0xE3C4, 0xDBA3, 0xDBA3, 0xDBC4, 0xD342,
    0xE52D, 0xE58F, 0xCC07, 0xFFFE, 0xFFFF, 0xFFFF, 0xFFFF, 0xFFFF, 0xFFFF, 0xFFFF, 0xFFFF, 0xFFFF, 0xFFFF, 0xFFFF, 0xFFFF, 0xFFFF,
    0xFFFF, 0xFFFF, 0xFFFF, 0xFFFF, 0xFFFF, 0xFFFF, 0xFFFF, 0xFFFF, 0xFFFF, 0xFFFF, 0xFFFF, 0xFFFF, 0xFFFF, 0xFFFF, 0xFFFF, 0xFFBC,
    0xED09, 0xFCA5, 0xECC8, 0xFF5A, 0xFFFF, 0xFFFF, 0xFFFF, 0xFFFF, 0xFFFF, 0xFFFF, 0xFFFF, 0xFFFF, 0xD6BA, 0x10C4, 0x08E5, 0x08C5,
    0x08C5, 0x08C5, 0x08E5, 0x08E5, 0x08C5, 0x00A4, 0x00A4, 0x00A4, 0x00A4, 0x00A4, 0x00A4, 0x08C4, 0x08E5, 0x08E5, 0x08C5, 0x08E5,
    0x08E5, 0x08E5, 0x08C4, 0xCE7A, 0xFFFF, 0xFFFF, 0xFFFF, 0xFFFF, 0xFFFF, 0xFFFF, 0xFFFF, 0xFFFF, 0xFF7B, 0xECC8, 0xF4A5, 0xED09,
    0xFF9B, 0xFFFF, 0xFFFF, 0xFFFF, 0xFFFF, 0xFFFF, 0xFFFF, 0xFFFF, 0xFFFF, 0xFFFF, 0xFFFF, 0xFFFF, 0xFFFF, 0xFFFF, 0xFFFF, 0xFFFF,
    0xFFFF, 0xFFFF, 0xFFFF, 0xFFFF, 0xFFFF, 0xFFFF, 0xFFFF, 0xFFFF, 0xFFFF, 0xFFFF, 0xFFFF, 0xFFFF, 0xFFFF, 0xD408, 0xDD2D, 0xE54D,
    0xDB42, 0xDBA3, 0xDBA3, 0xDBA3, 0xE3E4, 0xAA82, 0x81A0, 0x81A1, 0x81A1, 0x81C1, 0x5142, 0x0063, 0x00A4, 0x00A4, 0x00E5, 0x00E5,
    0x12AC, 0x4EDC, 0x134F, 0x01E9, 0x02CC, 0x471C, 0x47FF, 0x3FFF, 0x3FFF, 0x479E, 0x0B2E, 0x0209, 0x01C8, 0x1ACC, 0x1209, 0x00E5,
    0x0105, 0x00E5, 0x0904, 0x0905, 0x08C4, 0x238F, 0x3D97, 0x0187, 0x01A7, 0x024A, 0x4F1C, 0x57FF, 0x12ED, 0x0146, 0x0125, 0x00C4,
    0x0083, 0x0062, 0x0041, 0x0021, 0x0021, 0x0001, 0x0000, 0x0000, 0x0000, 0x0000, 0x0000, 0x0000, 0x0000, 0x0000, 0x0000, 0x8C71,
    0xA554, 0x0000, 0x0000, 0x0000, 0x0000, 0x0000, 0x0000, 0x0000, 0x0000, 0x0000, 0x0000, 0x0000, 0x0001, 0x0021, 0x0021, 0x0841,
    0x1061, 0x18A2, 0x20A2, 0x4101, 0xE426, 0xEC46, 0x5142, 0x30E2, 0x3103, 0x28E2, 0x4122, 0x3102, 0x4922, 0xEC88, 0x7A43, 0x20C2,
    0x20E2, 0x1A49, 0x4DF8, 0x19E7, 0x2903, 0x3102, 0xCBA6, 0xFCA7, 0x5182, 0x2103, 0x1904, 0x1104, 0x08E4, 0x09C8, 0x4E7A, 0x1B2E,
    0x00A4, 0x00E5, 0x00A3, 0x00A3, 0x0062, 0x3902, 0x79C2, 0x79A1, 0x89C1, 0x89A0, 0xC303, 0xE3C3, 0xDBA3, 0xDBA3, 0xDBA3, 0xDB83,
    0xDC06, 0xD3A4, 0xDCAB, 0xFFFF, 0xFFFF, 0xFFFF, 0xFFFF, 0xFFFF, 0xFFFF, 0xFFFF, 0xFFFF, 0xFFFF, 0xFFFF, 0xFFFF, 0xFFFF, 0xFFFF,
    0xFFFF, 0xFFFF, 0xFFFF, 0xFFFF, 0xFFFF, 0xFFFF, 0xFFFF, 0xFFFF, 0xFFFF, 0xFFFF, 0xFFFF, 0xFFFF, 0xFFFF, 0xFFFF, 0xFFFF, 0xFFFF,
    0xF6B5, 0xEC64, 0xEDCE, 0xFFFF, 0xFFFF, 0xFFFF, 0xFFFF, 0xFFFF, 0xFFFF, 0xFFFF, 0xFFFF, 0xFFFF, 0xDEFB, 0x1105, 0x08C5, 0x08C5,
    0x08C5, 0x08C5, 0x08C5, 0x08C5, 0x08E5, 0x08E5, 0x08E5, 0x08E5, 0x08E5, 0x08E5, 0x08E5, 0x08C5, 0x08C5, 0x08C5, 0x08C5, 0x08E5,
    0x08E5, 0x08E5, 0x10E5, 0xD6BB, 0xFFFF, 0xFFFF, 0xFFFF, 0xFFFF, 0xFFFF, 0xFFFF, 0xFFFF, 0xFFFF, 0xFFFF, 0xEDCF, 0xEC64, 0xF694,
    0xFFFF, 0xFFFF, 0xFFFF, 0xFFFF, 0xFFFF, 0xFFFF, 0xFFFF, 0xFFFF, 0xFFFF, 0xFFFF, 0xFFFF, 0xFFFF, 0xFFFF, 0xFFFF, 0xFFFF, 0xFFFF,
    0xFFFF, 0xFFFF, 0xFFFF, 0xFFFF, 0xFFFF, 0xFFFF, 0xFFFF, 0xFFFF, 0xFFFF, 0xFFFF, 0xFFFF, 0xFFFF, 0xFFFF, 0xDCEC, 0xD383, 0xDC06,
    0xDB83, 0xDBA3, 0xDBA3, 0xDBA3, 0xE3E4, 0xC323, 0x89A0, 0x89C1, 0x79A1, 0x71C2, 0x3902, 0x0063, 0x00A4, 0x00A4, 0x0105, 0x00C4,
    0x1B8F, 0x46BC, 0x0AAC, 0x0209, 0x0B4E, 0x4FBE, 0x47FF, 0x3FFF, 0x47FF, 0x471C, 0x028C, 0x0209, 0x0187, 0x00E4, 0x00A4, 0x00E5,
    0x00E5, 0x00E5, 0x00E5, 0x0905, 0x00C4, 0x2C32, 0x3D15, 0x0167, 0x01A8, 0x0AAC, 0x4FBE, 0x577D, 0x0A6A, 0x0146, 0x0125, 0x00A4,
    0x0083, 0x0062, 0x0021, 0x0021, 0x0001, 0x0001, 0x0000, 0x0000, 0x0000, 0x0000, 0x0000, 0x0000, 0x0000, 0x0000, 0x0000, 0xAD55,
    0xC618, 0x0000, 0x0000, 0x0000, 0x0000, 0x0000, 0x0000, 0x0000, 0x0000, 0x0020, 0x0001, 0x0001, 0x0001, 0x0021, 0x0021, 0x0861,
    0x1081, 0x1881, 0x28C2, 0x38C1, 0xD3C6, 0xFCA7, 0x69A3, 0x30E2, 0x28E2, 0x69E3, 0xE448, 0xAB26, 0x38C0, 0xDC27, 0x9AC5, 0x20C2,
    0x2103, 0x1986, 0x4DF8, 0x22AA, 0x28E2, 0x3102, 0xAB25, 0xFCE7, 0x7203, 0x20E3, 0x2124, 0x1104, 0x0904, 0x0125, 0x45D8, 0x2C52,
    0x00A4, 0x00E5, 0x00C4, 0x00A3, 0x00A3, 0x0082, 0x1081, 0x5122, 0x89E1, 0x89A0, 0xCB44, 0xE3C3, 0xDB83, 0xDBA3, 0xDBA3, 0xDBA3,
    0xDB83, 0xD342, 0xDD0D, 0xFFFF, 0xFFFF, 0xFFFF, 0xFFFF, 0xFFFF, 0xFFFF, 0xFFFF, 0xFFFF, 0xFFFF, 0xFFFF, 0xFFFF, 0xFFFF, 0xFFFF,
    0xFFFF, 0xFFFF, 0xFFFF, 0xFFFF, 0xFFFF, 0xFFFF, 0xFFFF, 0xFFFF, 0xFFFF, 0xFFFF, 0xFFFF, 0xFFFF, 0xFFFF, 0xFFFF, 0xFFFF, 0xFFFF,
    0xFFDC, 0xE4E9, 0xF6D6, 0xFFFF, 0xFFFF, 0xFFFF, 0xFFFF, 0xFFFF, 0xFFFF, 0xFFFF, 0xFFFF, 0xFFFF, 0xF7BE, 0x29A8, 0x00A4, 0x08E5,
    0x08C5, 0x08C5, 0x08C5, 0x08E5, 0x08C5, 0x08C5, 0x08C5, 0x08C5, 0x08C5, 0x08C5, 0x08C5, 0x08C5, 0x08E5, 0x08C5, 0x08E5, 0x08E5,
    0x08E5, 0x08C5, 0x2187, 0xF79E, 0xFFFF, 0xFFFF, 0xFFFF, 0xFFFF, 0xFFFF, 0xFFFF, 0xFFFF, 0xFFFF, 0xFFFF, 0xF6D6, 0xDCC9, 0xFFBC,
    0xFFFF, 0xFFFF, 0xFFFF, 0xFFFF, 0xFFFF, 0xFFFF, 0xFFFF, 0xFFFF, 0xFFFF, 0xFFFF, 0xFFFF, 0xFFFF, 0xFFFF, 0xFFFF, 0xFFFF, 0xFFFF,
    0xFFFF, 0xFFFF, 0xFFFF, 0xFFFF, 0xFFFF, 0xFFFF, 0xFFFF, 0xFFFF, 0xFFFF, 0xFFFF, 0xFFFF, 0xFFFF, 0xFFFF, 0xDD2E, 0xDB42, 0xDB83,
    0xDB83, 0xDB83, 0xDB83, 0xDB83, 0xE3C3, 0xD384, 0x89C0, 0x89E1, 0x5122, 0x1062, 0x0062, 0x00A4, 0x00A4, 0x00C4, 0x0105, 0x00E5,
    0x2CB4, 0x3E3A, 0x022A, 0x0229, 0x1C31, 0x4FFF, 0x3FFF, 0x3FFF, 0x47FF, 0x3E39, 0x024A, 0x01C8, 0x236E, 0x3D76, 0x2BF1, 0x0967,
    0x00C4, 0x00E4, 0x00E4, 0x0105, 0x00E5, 0x34F5, 0x2C73, 0x0146, 0x01A8, 0x134E, 0x57FF, 0x4EDB, 0x01E9, 0x0166, 0x0105, 0x00A3,
    0x0063, 0x0042, 0x0021, 0x0021, 0x0001, 0x0000, 0x0020, 0x0000, 0x0000, 0x0000, 0x0000, 0x0000, 0x0000, 0x0000, 0x0000, 0xC638,
    0xDEFB, 0x0881, 0x0000, 0x0000, 0x0000, 0x0000, 0x0000, 0x0000, 0x0000, 0x0000, 0x0000, 0x0001, 0x0001, 0x0001, 0x0021, 0x0861,
    0x1061, 0x1881, 0x28C2, 0x30A1, 0xBB45, 0xFCE7, 0x8243, 0x3102, 0x28C1, 0x9AE5, 0xFD08, 0xEC68, 0x40E1, 0xBB86, 0xBB66, 0x20C1,
    0x2903, 0x1104, 0x4D76, 0x33AE, 0x20E2, 0x3102, 0x8A84, 0xFD08, 0x92A4, 0x20E2, 0x2124, 0x1104, 0x1105, 0x00E4, 0x34D4, 0x3D77,
    0x00E5, 0x00E5, 0x00C4, 0x00A3, 0x0083, 0x00A3, 0x0063, 0x3902, 0x89E2, 0x8180, 0xB2C3, 0xE3C4, 0xDB83, 0xDB83, 0xDBA3, 0xDBA3,
    0xDBA4, 0xD362, 0xDD2E, 0xFFFF, 0xFFFF, 0xFFFF, 0xFFFF, 0xFFFF, 0xFFFF, 0xFFFF, 0xFFFF, 0xFFFF, 0xFFFF, 0xFFFF, 0xFFFF, 0xFFFF,
    0xFFFF, 0xFFFF, 0xFFFF, 0xFFFF, 0xFFFF, 0xFFFF, 0xFFFF, 0xFFFF, 0xFFFF, 0xFFFF, 0xFFFF, 0xFFFF, 0xFFFF, 0xFFFF, 0xFFFF, 0xFFFF,
    0xFFFF, 0xE612, 0xF75A, 0xFFFF, 0xFFFF, 0xFFFF, 0xFFFF, 0xFFFF, 0xFFFF, 0xFFFF, 0xFFFF, 0xFFFF, 0xFFFF, 0x636E, 0x0042, 0x1106,
    0x08E5, 0x08E5, 0x08C5, 0x00A4, 0x08C5, 0x08C5, 0x08C5, 0x08C5, 0x08C5, 0x08C5, 0x08C5, 0x08E5, 0x00C4, 0x08C5, 0x08E5, 0x08E5,
    0x1106, 0x0043, 0x632D, 0xFFFF, 0xFFFF, 0xFFFF, 0xFFFF, 0xFFFF, 0xFFFF, 0xFFFF, 0xFFFF, 0xFFFF, 0xFFFF, 0xF77B, 0xDDF2, 0xFFFF,
    0xFFFF, 0xFFFF, 0xFFFF, 0xFFFF, 0xFFFF, 0xFFFF, 0xFFFF, 0xFFFF, 0xFFFF, 0xFFFF, 0xFFFF, 0xFFFF, 0xFFFF, 0xFFFF, 0xFFFF, 0xFFFF,
    0xFFFF, 0xFFFF, 0xFFFF, 0xFFFF, 0xFFFF, 0xFFFF, 0xFFFF, 0xFFFF, 0xFFFF, 0xFFFF, 0xFFFF, 0xFFFF, 0xFFFF, 0xDD4E, 0xDB42, 0xDBA3,
    0xDBA3, 0xDBA3, 0xDBA3, 0xDB83, 0xE3C4, 0xBAE3, 0x81A0, 0x91E1, 0x4122, 0x0063, 0x00A4, 0x00A4, 0x00A4, 0x00C4, 0x0105, 0x0126,
    0x3DB8, 0x3556, 0x01E9, 0x024A, 0x2D15, 0x4FFF, 0x3FFF, 0x3FFF, 0x4FFF, 0x2D55, 0x0209, 0x01A8, 0x1B0D, 0x3535, 0x4535, 0x0987,
    0x00C4, 0x00E4, 0x00E4, 0x0105, 0x0146, 0x3D97, 0x23B0, 0x0146, 0x01A8, 0x1C11, 0x5FFF, 0x3E18, 0x0187, 0x0147, 0x00E5, 0x00A3,
    0x0062, 0x0042, 0x0021, 0x0021, 0x0001, 0x0001, 0x0000, 0x0000, 0x0000, 0x0000, 0x0000, 0x0000, 0x0000, 0x0000, 0x1082, 0xE71C,
    0xF79E, 0x2104, 0x0000, 0x0000, 0x0000, 0x0000, 0x0000, 0x0000, 0x0000, 0x0000, 0x0000, 0x0000, 0x0001, 0x0001, 0x0021, 0x0841,
    0x0861, 0x1881, 0x28C2, 0x28A1, 0x9AC4, 0xFD07, 0xA2C4, 0x30E2, 0x30E2, 0x4942, 0xA306, 0x7A24, 0x2060, 0x9AC5, 0xDC07, 0x30E1,
    0x2903, 0x10A2, 0x3CB3, 0x44D3, 0x20E3, 0x3103, 0x69E3, 0xFCE7, 0xBB65, 0x28E2, 0x2124, 0x1904, 0x1105, 0x00C3, 0x23AF, 0x4E5A,
    0x09A8, 0x00C4, 0x00C4, 0x00A4, 0x0083, 0x00A3, 0x0083, 0x18A2, 0x79C2, 0x81A1, 0x89E1, 0xD384, 0xDBA3, 0xDBA3, 0xDBA3, 0xDBA3,
    0xDBA4, 0xD362, 0xDD0D, 0xFFFF, 0xFFBE, 0xF79C, 0xFFFF, 0xFFFF, 0xFFFF, 0xFFFF, 0xFFFF, 0xFFFF, 0xFFFF, 0xFFFF, 0xFFFF, 0xFFFF,
    0xFFFF, 0xFFFF, 0xFFFF, 0xFFFF, 0xFFFF, 0xFFFF, 0xFFFF, 0xFFFF, 0xFFFF, 0xFFFF, 0xFFFF, 0xFFFF, 0xFFFF, 0xFFFF, 0xFFFF, 0xFFFF,
    0xFFFF, 0xFFBD, 0xFFFE, 0xFFFF, 0xFFFF, 0xFFFF, 0xFFFF, 0xFFFF, 0xFFFF, 0xFFFF, 0xFFFF, 0xFFFF, 0xFFFF, 0xD69A, 0x2167, 0x0043,
    0x0063, 0x0063, 0x10E5, 0x2987, 0x08C5, 0x08C5, 0x08C5, 0x08C5, 0x08C5, 0x08C5, 0x08E5, 0x08C4, 0x2167, 0x1105, 0x0063, 0x0083,
    0x0063, 0x2987, 0xCE7A, 0xFFFF, 0xFFFF, 0xFFFF, 0xFFFF, 0xFFFF, 0xFFFF, 0xFFFF, 0xFFFF, 0xFFFF, 0xFFFF, 0xFFFF, 0xFFBD, 0xFFFF,
    0xFFFF, 0xFFFF, 0xFFFF, 0xFFFF, 0xFFFF, 0xFFFF, 0xFFFF, 0xFFFF, 0xFFFF, 0xFFFF, 0xFFFF, 0xFFFF, 0xFFFF, 0xFFFF, 0xFFFF, 0xFFFF,
    0xFFFF, 0xFFFF, 0xFFFF, 0xFFFF, 0xFFFF, 0xFFFF, 0xFFFF, 0xFFFF, 0xFFFF, 0xFFFF, 0xFFBD, 0xFFDE, 0xFFFF, 0xDD0D, 0xD342, 0xDBA3,
    0xDBA3, 0xDBA3, 0xDBA3, 0xDBA3, 0xDBA4, 0x99E1, 0x89A0, 0x81E2, 0x20C2, 0x0083, 0x0083, 0x00A4, 0x00C4, 0x00E5, 0x00E4, 0x09E8,
    0x469B, 0x1C11, 0x01C8, 0x026B, 0x3E39, 0x4FFF, 0x3FFF, 0x3FFF, 0x4FFF, 0x1C32, 0x01E9, 0x09C8, 0x0126, 0x0105, 0x0125, 0x00E4,
    0x00E4, 0x00C4, 0x00E4, 0x00E4, 0x09C8, 0x45F9, 0x12CD, 0x0167, 0x01A8, 0x2D14, 0x5FFF, 0x3535, 0x0147, 0x0146, 0x00E4, 0x00A3,
    0x0062, 0x0042, 0x0021, 0x0021, 0x0001, 0x0001, 0x0000, 0x0000, 0x0000, 0x0000, 0x0000, 0x0000, 0x0000, 0x0000, 0x2104, 0xF7BE,
    0xFFFF, 0x39E7, 0x0000, 0x0000, 0x0000, 0x0000, 0x0000, 0x0000, 0x0000, 0x0000, 0x0001, 0x0000, 0x0001, 0x0021, 0x0021, 0x0841,
    0x0861, 0x1881, 0x20C2, 0x28A1, 0x8223, 0xFD07, 0xBB85, 0x38E1, 0x3103, 0x20C2, 0x2081, 0x20A2, 0x20A2, 0x7A03, 0xEC88, 0x4942,
    0x2103, 0x18A2, 0x2B6E, 0x4DB7, 0x1944, 0x3123, 0x4962, 0xEC67, 0xDC26, 0x3922, 0x2124, 0x1904, 0x1104, 0x08E4, 0x126A, 0x4E9B,
    0x1ACC, 0x00C4, 0x00E5, 0x00A4, 0x00A3, 0x00A3, 0x00A3, 0x0062, 0x4942, 0x89E1, 0x7980, 0xAAA2, 0xE3C4, 0xDB83, 0xDBA3, 0xDBA3,
    0xDBA4, 0xDB62, 0xDCAB, 0xFFFF, 0xE613, 0xE675, 0xFFFF, 0xFFFF, 0xFFFF, 0xFFFF, 0xFFFF, 0xFFFF, 0xFFFF, 0xFFFF, 0xFFFF, 0xFFFF,
    0xFFFF, 0xFFFF, 0xFFFF, 0xFFFF, 0xFFFF, 0xFFFF, 0xFFFF, 0xFFFF, 0xFFFF, 0xFFFF, 0xFFFF, 0xFFFF, 0xFFFF, 0xFFFF, 0xFFFF, 0xFFFF,
    0xFFFF, 0xFFFF, 0xFFFF, 0xFFFF, 0xFFFF, 0xFFFF, 0xFFFF, 0xFFFF, 0xFFFF, 0xFFFF, 0xFFFF, 0xFFFF, 0xFFFF, 0xF79E, 0xB5B7, 0x7BF0,
    0x634E, 0x73AF, 0x9CF4, 0xBDF8, 0x2987, 0x00A4, 0x08E5, 0x08C5, 0x08E5, 0x08E5, 0x08C5, 0x1926, 0xAD96, 0xA514, 0x73CF, 0x6B8F,
    0x8452, 0xB5B7, 0xEF7D, 0xFFFF, 0xFFFF, 0xFFFF, 0xFFFF, 0xFFFF, 0xFFFF, 0xFFFF, 0xFFFF, 0xFFFF, 0xFFFF, 0xFFFF, 0xFFFF, 0xFFFF,
    0xFFFF, 0xFFFF, 0xFFFF, 0xFFFF, 0xFFFF, 0xFFFF, 0xFFFF, 0xFFFF, 0xFFFF, 0xFFFF, 0xFFFF, 0xFFFF, 0xFFFF, 0xFFFF, 0xFFFF, 0xFFFF,
    0xFFFF, 0xFFFF, 0xFFFF, 0xFFFF, 0xFFFF, 0xFFFF, 0xFFFF, 0xFFFF, 0xFFFF, 0xFFFF, 0xEE96, 0xE635, 0xFFFF, 0xDCAB, 0xDB42, 0xDBA3,
    0xDBA3, 0xDBA3, 0xDB83, 0xDBC4, 0xB2C2, 0x8180, 0x91E1, 0x5962, 0x0062, 0x00A3, 0x00A4, 0x00A4, 0x00C4, 0x0105, 0x00C4, 0x12ED,
    0x46DC, 0x12ED, 0x01E8, 0x02EC, 0x473C, 0x47FF, 0x47FF, 0x3FFF, 0x4FBE, 0x0B4E, 0x01E9, 0x09E9, 0x1B0D, 0x0A2A, 0x0146, 0x00E5,
    0x00E4, 0x00C4, 0x0105, 0x00C4, 0x128B, 0x45F9, 0x0A0A, 0x0187, 0x01C9, 0x3E18, 0x5FFF, 0x2431, 0x0146, 0x0146, 0x00E4, 0x0083,
    0x0062, 0x0041, 0x0021, 0x0021, 0x0001, 0x0001, 0x0020, 0x0000, 0x0000, 0x0000, 0x0000, 0x0000, 0x0000, 0x0000, 0x39E7, 0xFFFF,
    0xFFFF, 0x5AEB, 0x0000, 0x0020, 0x0000, 0x0000, 0x0000, 0x0000, 0x0000, 0x0000, 0x0001, 0x0000, 0x0001, 0x0021, 0x0021, 0x0841,
    0x0861, 0x1081, 0x20A2, 0x28C1, 0x61A2, 0xFCA7, 0xDC06, 0x4101, 0x30E2, 0x28E2, 0x28E3, 0x28E2, 0x28C2, 0x5962, 0xF488, 0x69E3,
    0x20C2, 0x20C2, 0x2249, 0x5619, 0x2208, 0x3123, 0x3922, 0xCBC6, 0xFCC7, 0x59A2, 0x2103, 0x1904, 0x1104, 0x0904, 0x0967, 0x463A,
    0x2C52, 0x00C4, 0x0105, 0x00C4, 0x00A4, 0x00A3, 0x00A3, 0x0083, 0x18A2, 0x79C2, 0x81A1, 0x89C0, 0xD364, 0xE3A3, 0xDB83, 0xDBA3,
    0xDBA3, 0xDB83, 0xD428, 0xFFDD, 0xD449, 0xE5D1, 0xFFFF, 0xFFFF, 0xFFFF, 0xFFFF, 0xFFFF, 0xFFFF, 0xFFFF, 0xFFFF, 0xFFFF, 0xFFFF,
    0xFFFF, 0xFFFF, 0xFFFF, 0xFFFF, 0xFFFF, 0xFFFF, 0xFFFF, 0xFFFF, 0xFFFF, 0xFFFF, 0xFFFF, 0xFFFF, 0xFFFF, 0xFFFF, 0xFFFF, 0xFFFF,
    0xFFFF, 0xFFFF, 0xFFFF, 0xFFFF, 0xFFFF, 0xFFFF, 0xFFFF, 0xFFFF, 0xFFFF, 0xFFFF, 0xFFFF, 0xFFFF, 0xFFFF, 0xF79E, 0xC618, 0x8431,
    0x9D15, 0xBE18, 0xBDF7, 0x8431, 0x10E5, 0x08C5, 0x08E5, 0x08C5, 0x08E5, 0x08E5, 0x08E5, 0x08C5, 0x8431, 0xBDF8, 0xBDF8, 0x9CF4,
    0x7C10, 0xC618, 0xF79E, 0xFFFF, 0xFFFF, 0xFFFF, 0xFFFF, 0xFFFF, 0xFFFF, 0xFFFF, 0xFFFF, 0xFFFF, 0xFFFF, 0xFFFF, 0xFFFF, 0xFFFF,
    0xFFFF, 0xFFFF, 0xFFFF, 0xFFFF, 0xFFFF, 0xFFFF, 0xFFFF, 0xFFFF, 0xFFFF, 0xFFFF, 0xFFFF, 0xFFFF, 0xFFFF, 0xFFFF, 0xFFFF, 0xFFFF,
    0xFFFF, 0xFFFF, 0xFFFF, 0xFFFF, 0xFFFF, 0xFFDF, 0xFFFF, 0xFFFF, 0xFFFF, 0xFFFF, 0xE5D2, 0xD449, 0xFFDD, 0xD428, 0xDB62, 0xDBA3,
    0xDB83, 0xDB83, 0xDBA3, 0xD364, 0x89C0, 0x89A0, 0x81E2, 0x20A2, 0x0083, 0x0084, 0x00A4, 0x00A4, 0x00E4, 0x0105, 0x00E4, 0x2452,
    0x3E5A, 0x0229, 0x0209, 0x13AF, 0x4FDF, 0x47FF, 0x47FF, 0x47FF, 0x46FB, 0x02AC, 0x01E9, 0x128B, 0x4E19, 0x565A, 0x1A8B, 0x00C4,
    0x00E5, 0x00C4, 0x0105, 0x00A4, 0x238F, 0x3DB8, 0x0188, 0x01A8, 0x024A, 0x46FC, 0x57FF, 0x132E, 0x0146, 0x0125, 0x00C4, 0x0083,
    0x0062, 0x0021, 0x0021, 0x0021, 0x0000, 0x0001, 0x0000, 0x0000, 0x0000, 0x0000, 0x0000, 0x0000, 0x0020, 0x0000, 0x630C, 0xFFFF,
    0xFFFF, 0x8430, 0x0000, 0x0020, 0x0000, 0x0000, 0x0000, 0x0000, 0x0000, 0x0000, 0x0001, 0x0000, 0x0001, 0x0001, 0x0021, 0x0841,
    0x0861, 0x1081, 0x20A1, 0x28C2, 0x4922, 0xEC46, 0xF487, 0x5962, 0x28E2, 0x28E2, 0x28E2, 0x28E2, 0x28E3, 0x38E1, 0xDC27, 0x92A5,
    0x20A2, 0x2103, 0x1165, 0x55F8, 0x2B2C, 0x2903, 0x3103, 0xA2E5, 0xFD08, 0x8264, 0x20C2, 0x2124, 0x1104, 0x1125, 0x00E4, 0x34F5,
    0x45D8, 0x0126, 0x00E5, 0x00C4, 0x00A4, 0x00A3, 0x00A3, 0x00A3, 0x0062, 0x4922, 0x81E2, 0x7980, 0xA242, 0xDBC4, 0xDB83, 0xDB83,
    0xDBA3, 0xDB83, 0xD3C5, 0xEE53, 0xD3A4, 0xD4CC, 0xFFFF, 0xFFFF, 0xFFFF, 0xFFFF, 0xFFFF, 0xFFFF, 0xFFFF, 0xFFFF, 0xFFFF, 0xFFFF,
    0xFFFF, 0xFFFF, 0xFFFF, 0xFFFF, 0xFFFF, 0xFFFF, 0xFFFF, 0xFFFF, 0xFFFF, 0xFFFF, 0xFFFF, 0xFFFF, 0xFFFF, 0xFFFF, 0xFFFF, 0xFFFF,
    0xFFFF, 0xFFFF, 0xFFFF, 0xFFFF, 0xFFFF, 0xFFFF, 0xFFFF, 0xFFFF, 0xFFFF, 0xFFFF, 0xFFFF, 0xFFFF, 0xFFFF, 0xFFDF, 0xCE79, 0x8C72,
    0x0884, 0x1926, 0x2167, 0x08A4, 0x08C4, 0x08E5, 0x08C5, 0x08C5, 0x08E5, 0x08E5, 0x08E5, 0x08C5, 0x08C4, 0x2987, 0x1906, 0x08A4,
    0x94B3, 0xCE79, 0xFFDE, 0xFFFF, 0xFFFF, 0xFFFF, 0xFFFF, 0xFFFF, 0xFFFF, 0xFFFF, 0xFFFF, 0xFFFF, 0xFFFF, 0xFFFF, 0xFFFF, 0xFFFF,
    0xFFFF, 0xFFFF, 0xFFFF, 0xFFFF, 0xFFFF, 0xFFFF, 0xFFFF, 0xFFFF, 0xFFFF, 0xFFFF, 0xFFFF, 0xFFFF, 0xFFFF, 0xFFFF, 0xFFFF, 0xFFFF,
    0xFFFF, 0xFFFF, 0xFFFF, 0xFFFF, 0xFFDF, 0xFFDF, 0xFFFF, 0xFFFF, 0xFFFF, 0xFFFF, 0xD4CC, 0xD384, 0xEE53, 0xD3E6, 0xDB83, 0xDB83,
    0xDBA3, 0xDB83, 0xDBC4, 0xA242, 0x8180, 0x89E1, 0x4942, 0x0062, 0x00A3, 0x0083, 0x00A4, 0x00C4, 0x00E5, 0x0105, 0x0146, 0x35D8,
    0x2D35, 0x01C8, 0x0209, 0x24D4, 0x4FFF, 0x47FF, 0x47FF, 0x4FFF, 0x35F8, 0x022A, 0x0209, 0x01A8, 0x09E9, 0x1ACC, 0x0987, 0x00E5,
    0x00E4, 0x00E5, 0x0105, 0x00C4, 0x2C94, 0x34D4, 0x0146, 0x01A8, 0x0AED, 0x57BF, 0x4F5D, 0x0A4A, 0x0146, 0x0105, 0x00C4, 0x0082,
    0x0062, 0x0021, 0x0021, 0x0001, 0x0000, 0x0001, 0x0000, 0x0000, 0x0000, 0x0000, 0x0000, 0x0000, 0x0020, 0x0000, 0x8C51, 0xFFFF,
    0xFFFF, 0xAD95, 0x0000, 0x0000, 0x0000, 0x0000, 0x0000, 0x0000, 0x0000, 0x0000, 0x0001, 0x0000, 0x0001, 0x0001, 0x0021, 0x0041,
    0x0861, 0x1061, 0x18A1, 0x28C2, 0x38C1, 0xCBA5, 0xFCC7, 0x71E3, 0x28C2, 0x28E2, 0x28E2, 0x28E2, 0x28E2, 0x28A1, 0xB326, 0xC3A6,
    0x28A1, 0x2923, 0x10E3, 0x4515, 0x4492, 0x18E3, 0x2923, 0x7203, 0xFCE8, 0xB345, 0x28E2, 0x2124, 0x18E4, 0x1125, 0x00C4, 0x236F,
    0x4EBC, 0x0A2A, 0x00C4, 0x00E5, 0x00C4, 0x00A3, 0x0083, 0x0083, 0x0083, 0x1082, 0x69A2, 0x89C1, 0x8180, 0xBAE3, 0xE3C4, 0xDB83,
    0xDB83, 0xDB83, 0xDBA3, 0xDC26, 0xDBA3, 0xCC08, 0xDEDA, 0xFFFF, 0xFFFF, 0xFFFF, 0xFFFF, 0xFFFF, 0xFFFF, 0xFFFF, 0xFFFF, 0xFFFF,
    0xFFFF, 0xFFFF, 0xFFFF, 0xFFFF, 0xFFFF, 0xFFFF, 0xFFFF, 0xFFFF, 0xFFFF, 0xFFFF, 0xFFFF, 0xFFFF, 0xFFFF, 0xFFFF, 0xFFFF, 0xFFFF,
    0xFFFF, 0xFFFF, 0xFFFF, 0xFFFF, 0xFFFF, 0xFFFF, 0xFFFF, 0xFFFF, 0xFFFF, 0xFFFF, 0xFFFF, 0xFFFF, 0xFFFF, 0xFFFF, 0xD6BA, 0xCE79,
    0x9CD4, 0x10E5, 0x0043, 0x08E5, 0x08E5, 0x08C5, 0x08C5, 0x08E5, 0x08C5, 0x08C5, 0x08C5, 0x08E5, 0x08E5, 0x0043, 0x10E5, 0x9CF4,
    0xCE79, 0xD69A, 0xFFFF, 0xFFFF, 0xFFFF, 0xFFFF, 0xFFFF, 0xFFFF, 0xFFFF, 0xFFFF, 0xFFFF, 0xFFFF, 0xFFFF, 0xFFFF, 0xFFFF, 0xFFFF,
    0xFFFF, 0xFFFF, 0xFFFF, 0xFFFF, 0xFFFF, 0xFFFF, 0xFFFF, 0xFFFF, 0xFFFF, 0xFFFF, 0xFFFF, 0xFFFF, 0xFFFF, 0xFFFF, 0xFFFF, 0xFFFF,
    0xFFFF, 0xFFFF, 0xFFFF, 0xFFFF, 0xFFFF, 0xFFFF, 0xFFFF, 0xFFFF, 0xFFFF, 0xE6FA, 0xD428, 0xDB83, 0xDC27, 0xD3A3, 0xDB83, 0xDBA3,
    0xDB83, 0xDBC3, 0xBB03, 0x8180, 0x81C1, 0x71A2, 0x1082, 0x0083, 0x00A3, 0x0083, 0x00A4, 0x00C4, 0x0105, 0x00E5, 0x0A6A, 0x46DC,
    0x1BD0, 0x01A8, 0x024A, 0x3618, 0x47FF, 0x47FF, 0x47FF, 0x4FFF, 0x2493, 0x0209, 0x01E9, 0x01C8, 0x0106, 0x00A4, 0x0105, 0x00E5,
    0x00C4, 0x00E5, 0x00E5, 0x0126, 0x3D97, 0x23B0, 0x0146, 0x01A8, 0x1BF0, 0x5FFF, 0x4659, 0x01C8, 0x0146, 0x00E5, 0x00A3, 0x0082,
    0x0042, 0x0021, 0x0021, 0x0001, 0x0000, 0x0000, 0x0000, 0x0000, 0x0000, 0x0000, 0x0000, 0x0000, 0x0000, 0x0000, 0xB596, 0xFFFF,
    0xFFFF, 0xD6DA, 0x0020, 0x0000, 0x0000, 0x0000, 0x0000, 0x0000, 0x0000, 0x0000, 0x0000, 0x0000, 0x0000, 0x0001, 0x0021, 0x0021,
    0x0841, 0x1061, 0x1881, 0x28C2, 0x30A1, 0xA2C4, 0xFD07, 0x9AA4, 0x30A1, 0x30E2, 0x28E2, 0x3902, 0x4122, 0x20A1, 0x8244, 0xE448,
    0x4102, 0x2903, 0x18C2, 0x33AF, 0x55B7, 0x1944, 0x2923, 0x4942, 0xEC47, 0xDC26, 0x3922, 0x2103, 0x1904, 0x1104, 0x0904, 0x0A09,
    0x4E9B, 0x23B0, 0x00C4, 0x0105, 0x00C4, 0x00A3, 0x0083, 0x0083, 0x0083, 0x0062, 0x30E2, 0x81E2, 0x81A0, 0x89C1, 0xD384, 0xDBA3,
    0xDB83, 0xDB83, 0xDB83, 0xDB83, 0xDBA3, 0xD3C5, 0xCDD4, 0xE73D, 0xFFFF, 0xFFFF, 0xFFFF, 0xFFFF, 0xFFFF, 0xFFFF, 0xFFFF, 0xFFFF,
    0xFFFF, 0xFFFF, 0xFFFF, 0xFFFF, 0xFFFF, 0xFFFF, 0xFFFF, 0xFFFF, 0xFFFF, 0xFFFF, 0xFFFF, 0xFFFF, 0xFFFF, 0xFFFF, 0xFFFF, 0xF7BE,
    0xAD55, 0xE71C, 0xFFFF, 0xFFFF, 0xFFFF, 0xFFFF, 0xFFFF, 0xFFFF, 0xFFFF, 0xFFFF, 0xFFFF, 0xFFFF, 0xFFFF, 0xFFFF, 0xEF7D, 0xBDF7,
    0xCE79, 0xB596, 0x424A, 0x0083, 0x0084, 0x08E5, 0x08E5, 0x08C5, 0x08C5, 0x08E5, 0x08E5, 0x0084, 0x0063, 0x424A, 0xB596, 0xCE79,
    0xC617, 0xEF7D, 0xFFFF, 0xFFFF, 0xFFFF, 0xFFFF, 0xFFFF, 0xFFFF, 0xFFFF, 0xFFFF, 0xFFFF, 0xFFFF, 0xFFFF, 0xFFFF, 0xE73C, 0xAD76,
    0xF79E, 0xFFFF, 0xFFFF, 0xFFFF, 0xFFFF, 0xFFFF, 0xFFFF, 0xFFFF, 0xFFFF, 0xFFFF, 0xFFFF, 0xFFFF, 0xFFFF, 0xFFFF, 0xFFFF, 0xFFFF,
    0xFFFF, 0xFFFF, 0xFFFF, 0xFFFF, 0xFFFF, 0xFFFF, 0xFFFF, 0xFFFF, 0xE75D, 0xD5F5, 0xD3C5, 0xDB83, 0xDB83, 0xDB83, 0xDBA3, 0xDBA3,
    0xDBA3, 0xD384, 0x91E1, 0x81A0, 0x81E2, 0x30E2, 0x0062, 0x0083, 0x0083, 0x00A3, 0x00A4, 0x00C4, 0x0125, 0x00E5, 0x23F1, 0x46BC,
    0x0A8B, 0x01C8, 0x0ACC, 0x475D, 0x3FFF, 0x3FFF, 0x47FF, 0x4FBE, 0x0B4E, 0x01E9, 0x0209, 0x4597, 0x4597, 0x1ACC, 0x00E5, 0x00E5,
    0x00C4, 0x00E5, 0x00E4, 0x09E9, 0x45F9, 0x128B, 0x0167, 0x01A8, 0x2D15, 0x5FFF, 0x3515, 0x0167, 0x0146, 0x00E4, 0x00A3, 0x0062,
    0x0041, 0x0021, 0x0021, 0x0001, 0x0001, 0x0000, 0x0000, 0x0000, 0x0000, 0x0000, 0x0000, 0x0000, 0x0000, 0x0020, 0xDEDB, 0xFFFF,
    0xFFFF, 0xF7BE, 0x2104, 0x0000, 0x0000, 0x0000, 0x0000, 0x0000, 0x0000, 0x0000, 0x0000, 0x0020, 0x0000, 0x0000, 0x0021, 0x0021,
    0x0841, 0x0861, 0x1081, 0x20C1, 0x28A1, 0x79E3, 0xFCC7, 0xBB65, 0x38C1, 0x30E2, 0x30C1, 0xCBE8, 0x9AE6, 0x2080, 0x5962, 0xF4A9,
    0x69C3, 0x20E2, 0x20E2, 0x2269, 0x5E39, 0x2228, 0x2903, 0x3102, 0xBB65, 0xFCC7, 0x61C3, 0x20E3, 0x2103, 0x1104, 0x1125, 0x0125,
    0x3D77, 0x3D77, 0x0105, 0x00E5, 0x00C4, 0x00A4, 0x00A3, 0x0083, 0x0083, 0x0083, 0x0062, 0x5142, 0x89E1, 0x7980, 0xA242, 0xE3C4,
    0xDB83, 0xDBA3, 0xDBA3, 0xDBA3, 0xDBA4, 0xDB83, 0xD50F, 0xCE59, 0xEF7D, 0xFFFF, 0xFFFF, 0xFFFF, 0xFFFF, 0xFFFF, 0xFFFF, 0xFFFF,
    0xFFFF, 0xFFFF, 0xFFFF, 0xFFFF, 0xFFFF, 0xFFFF, 0xFFFF, 0xFFFF, 0xFFFF, 0xFFFF, 0xFFFF, 0xFFFF, 0xFFFF, 0xFFFF, 0xFFFF, 0x73AF,
    0x0000, 0x4A6B, 0xFFFF, 0xFFFF, 0xFFFF, 0xFFFF, 0xFFFF, 0xFFFF, 0xFFFF, 0xFFFF, 0xFFFF, 0xFFFF, 0xFFFF, 0xFFFF, 0xFFFF, 0xD69A,
    0xBDF7, 0xCE59, 0xCE59, 0x9492, 0x3A29, 0x08C4, 0x0084, 0x08E5, 0x08E5, 0x00A4, 0x08A4, 0x39E9, 0x8C72, 0xCE59, 0xCE38, 0xBDF7,
    0xD69A, 0xFFFF, 0xFFFF, 0xFFFF, 0xFFFF, 0xFFFF, 0xFFFF, 0xFFFF, 0xFFFF, 0xFFFF, 0xFFFF, 0xFFFF, 0xFFFF, 0xFFFF, 0x52AC, 0x0001,
    0x73CF, 0xFFFF, 0xFFFF, 0xFFFF, 0xFFFF, 0xFFFF, 0xFFFF, 0xFFFF, 0xFFFF, 0xFFFF, 0xFFFF, 0xFFFF, 0xFFFF, 0xFFFF, 0xFFFF, 0xFFFF,
    0xFFFF, 0xFFFF, 0xFFFF, 0xFFFF, 0xFFFF, 0xFFFF, 0xFFFF, 0xF79D, 0xCE59, 0xD52F, 0xD363, 0xDBA3, 0xDBA3, 0xDBA3, 0xDBA3, 0xDB83,
    0xDBC4, 0xA242, 0x8180, 0x89E1, 0x5962, 0x0062, 0x00A3, 0x0083, 0x0083, 0x00A4, 0x00C4, 0x00E5, 0x0126, 0x0146, 0x3DB8, 0x3DD8,
    0x0209, 0x0209, 0x1C31, 0x4FFF, 0x47FF, 0x3FFF, 0x47FF, 0x46BB, 0x026B, 0x0209, 0x01E9, 0x23D0, 0x4597, 0x234E, 0x00C4, 0x00E5,
    0x00C4, 0x00E5, 0x00C4, 0x1B0E, 0x45B8, 0x01A8, 0x01A8, 0x01E9, 0x4659, 0x5FFF, 0x23F0, 0x0146, 0x0146, 0x00C4, 0x0083, 0x0062,
    0x0042, 0x0021, 0x0001, 0x0000, 0x0000, 0x0000, 0x0000, 0x0000, 0x0000, 0x0000, 0x0000, 0x0000, 0x0000, 0x2104, 0xF7BE, 0xFFFF,
    0xFFFF, 0xFFFF, 0x4A49, 0x0000, 0x0000, 0x0000, 0x0000, 0x0000, 0x0000, 0x0000, 0x0000, 0x0020, 0x0000, 0x0001, 0x0021, 0x0021,
    0x0841, 0x0861, 0x1081, 0x20A1, 0x28C2, 0x5942, 0xF467, 0xE426, 0x4922, 0x3102, 0x30A1, 0xBB66, 0xCBE6, 0x30C1, 0x38E1, 0xDC28,
    0xA2E5, 0x28C2, 0x2903, 0x1945, 0x4DD7, 0x338E, 0x20E2, 0x28E2, 0x8264, 0xFCE8, 0x9AC4, 0x28E2, 0x2124, 0x1904, 0x1125, 0x00E4,
    0x23AF, 0x4E9B, 0x09E9, 0x00C4, 0x00E4, 0x00A4, 0x0083, 0x0083, 0x0083, 0x0083, 0x0083, 0x1082, 0x71A2, 0x89C1, 0x7980, 0xBAE3,
    0xE3C4, 0xDB83, 0xDBA3, 0xDBA3, 0xDBA4, 0xDB83, 0xD407, 0xD617, 0xC659, 0xF7BE, 0xFFFF, 0xFFFF, 0xFFFF, 0xFFFF, 0xFFFF, 0xFFFF,
    0xFFFF, 0xFFFF, 0xFFFF, 0xFFFF, 0xFFFF, 0xFFFF, 0xFFFF, 0xFFFF, 0xFFFF, 0xFFFF, 0xFFFF, 0xFFFF, 0xFFFF, 0xFFFF, 0xFFFF, 0x5B0C,
    0x00A4, 0x10E5, 0xD6DB, 0xFFFF, 0xFFFF, 0xFFFF, 0xFFFF, 0xFFFF, 0xFFFF, 0xFFFF, 0xFFFF, 0xFFFF, 0xFFFF, 0xFFFF, 0xFFFF, 0xF79E,
    0xC618, 0xC618, 0xC618, 0xCE79, 0xCE59, 0xAD55, 0x52EC, 0x08A4, 0x08C4, 0x52CC, 0xA535, 0xC639, 0xCE79, 0xC618, 0xC618, 0xC618,
    0xF79E, 0xFFFF, 0xFFFF, 0xFFFF, 0xFFFF, 0xFFFF, 0xFFFF, 0xFFFF, 0xFFFF, 0xFFFF, 0xFFFF, 0xFFFF, 0xFFFF, 0xDEDB, 0x1105, 0x00A4,
    0x5B2D, 0xFFFF, 0xFFFF, 0xFFFF, 0xFFFF, 0xFFFF, 0xFFFF, 0xFFFF, 0xFFFF, 0xFFFF, 0xFFFF, 0xFFFF, 0xFFFF, 0xFFFF, 0xFFFF, 0xFFFF,
    0xFFFF, 0xFFFF, 0xFFFF, 0xFFFF, 0xFFFF, 0xFFFF, 0xFFDF, 0xCE59, 0xD637, 0xD427, 0xDB82, 0xDBA3, 0xDBA3, 0xDBA3, 0xDB83, 0xE3C4,
    0xBAE3, 0x8180, 0x89C1, 0x71C2, 0x1882, 0x0083, 0x0083, 0x0083, 0x0083, 0x00A4, 0x00C4, 0x0105, 0x0105, 0x0A4B, 0x4EFD, 0x2432,
    0x01E9, 0x026B, 0x3E18, 0x479E, 0x2EDB, 0x3FFF, 0x4FFF, 0x2D35, 0x01E9, 0x01E9, 0x0147, 0x00E5, 0x0126, 0x0126, 0x0105, 0x00C4,
    0x00C4, 0x0105, 0x00C4, 0x2C53, 0x34F5, 0x0146, 0x01A8, 0x0A8B, 0x4F7E, 0x5FBE, 0x12CC, 0x0146, 0x0125, 0x00C4, 0x0083, 0x0062,
    0x0041, 0x0021, 0x0001, 0x0000, 0x0000, 0x0000, 0x0000, 0x0000, 0x0000, 0x0000, 0x0000, 0x0020, 0x0000, 0x4228, 0xFFFF, 0xFFFF,
    0xFFDF, 0xFFFF, 0x7BCF, 0x0000, 0x0020, 0x0000, 0x0000, 0x0000, 0x0000, 0x0000, 0x0000, 0x0000, 0x0000, 0x0001, 0x0021, 0x0021,
    0x0041, 0x0861, 0x1061, 0x2081, 0x28C2, 0x38C1, 0xCBA6, 0xFCA7, 0x71E3, 0x38E2, 0x30C1, 0x8203, 0xEC68, 0x5142, 0x28A1, 0xB345,
    0xD407, 0x30C1, 0x2923, 0x18C2, 0x3C72, 0x4515, 0x1903, 0x2903, 0x5182, 0xF487, 0xD3C6, 0x3902, 0x2124, 0x1904, 0x1124, 0x0905,
    0x09E8, 0x4E7B, 0x23B0, 0x00A4, 0x00E5, 0x00A4, 0x00A3, 0x0083, 0x00A3, 0x0083, 0x0083, 0x0063, 0x28C2, 0x81E2, 0x81A0, 0x81A0,
    0xCB43, 0xE3C3, 0xDB83, 0xDBA3, 0xDBA3, 0xDBA4, 0xD383, 0xD50F, 0xCE59, 0xCE59, 0xFFDF, 0xFFFF, 0xFFFF, 0xFFFF, 0xFFFF, 0xFFFF,
    0xFFFF, 0xFFFF, 0xFFFF, 0xFFFF, 0xFFFF, 0xFFFF, 0xFFFF, 0xFFFF, 0xFFFF, 0xFFFF, 0xFFFF, 0xFFFF, 0xFFFF, 0xFFDF, 0xFFFF, 0x9CD4,
    0x0084, 0x0083, 0x8C52, 0xFFFF, 0xFFFF, 0xFFFF, 0xFFFF, 0xFFFF, 0xFFFF, 0xFFFF, 0xFFFF, 0xFFFF, 0xFFFF, 0xFFFF, 0xFFFF, 0xDEFB,
    0xC618, 0xC638, 0xC618, 0xC618, 0xBDF7, 0xD69A, 0x9CD3, 0x08A4, 0x00A4, 0x9493, 0xD6BA, 0xBDF7, 0xC618, 0xC618, 0xC638, 0xC618,
    0xDEFB, 0xFFFF, 0xFFFF, 0xFFFF, 0xFFFF, 0xFFFF, 0xFFFF, 0xFFFF, 0xFFFF, 0xFFFF, 0xFFFF, 0xFFDF, 0xFFFF, 0x8C92, 0x0084, 0x08A4,
    0x9CF4, 0xFFFF, 0xFFFF, 0xFFFF, 0xFFFF, 0xFFFF, 0xFFFF, 0xFFFF, 0xFFFF, 0xFFFF, 0xFFFF, 0xFFFF, 0xFFFF, 0xFFFF, 0xFFFF, 0xFFFF,
    0xFFFF, 0xFFFF, 0xFFFF, 0xFFFF, 0xFFFF, 0xFFFF, 0xD699, 0xCE59, 0xD550, 0xD363, 0xDBA3, 0xDBA3, 0xDBA3, 0xDB83, 0xDBA3, 0xCB43,
    0x89A0, 0x81A0, 0x89E2, 0x30E2, 0x0063, 0x0083, 0x0083, 0x0083, 0x0083, 0x00A4, 0x00C4, 0x0105, 0x00E5, 0x2432, 0x4EFD, 0x0ACC,
    0x0209, 0x030D, 0x579E, 0x2E39, 0x1556, 0x47FF, 0x4FDF, 0x138F, 0x01C8, 0x0209, 0x2C11, 0x1B2E, 0x0988, 0x0105, 0x00E5, 0x00E4,
    0x00C4, 0x00E4, 0x0126, 0x3D77, 0x23B0, 0x0146, 0x01A8, 0x1BB0, 0x5FFF, 0x4EBA, 0x01E8, 0x0166, 0x0105, 0x00A3, 0x0063, 0x0062,
    0x0021, 0x0021, 0x0001, 0x0000, 0x0000, 0x0000, 0x0000, 0x0000, 0x0000, 0x0000, 0x0000, 0x0020, 0x0000, 0x7BCF, 0xFFFF, 0xFFDF,
    0xFFDF, 0xFFFF, 0xAD75, 0x0000, 0x0000, 0x0000, 0x0000, 0x0000, 0x0000, 0x0000, 0x0000, 0x0000, 0x0000, 0x0000, 0x0001, 0x0021,
    0x0021, 0x0841, 0x1061, 0x1881, 0x28C2, 0x28A1, 0xA2C4, 0xFCE7, 0x9AA4, 0x38E1, 0x3902, 0x5122, 0xEC68, 0x8243, 0x2881, 0x8223,
    0xF4A8, 0x5162, 0x28E3, 0x20C2, 0x22AB, 0x55F8, 0x19A6, 0x2903, 0x3902, 0xC3A6, 0xFCA8, 0x61C3, 0x2103, 0x2124, 0x1104, 0x1125,
    0x0105, 0x3515, 0x3DB7, 0x0105, 0x00E5, 0x00C4, 0x00A4, 0x0083, 0x0083, 0x0083, 0x0083, 0x0083, 0x0062, 0x4922, 0x89E1, 0x79A0,
    0x91E1, 0xDB84, 0xDBA3, 0xDB83, 0xDBA3, 0xDBA4, 0xDB83, 0xD3C6, 0xD5F5, 0xC638, 0xD679, 0xFFDF, 0xFFFF, 0xFFFF, 0xFFFF, 0xFFFF,
    0xFFFF, 0xFFFF, 0xFFFF, 0xFFFF, 0xFFFF, 0xFFFF, 0xFFFF, 0xFFFF, 0xFFFF, 0xFFFF, 0xFFFF, 0xFFFF, 0xFFFF, 0xFFFF, 0xFFFF, 0xE71C,
    0x1926, 0x08C5, 0x2167, 0xEF5D, 0xFFFF, 0xFFFF, 0xFFFF, 0xFFFF, 0xFFFF, 0xFFFF, 0xFFFF, 0xFFFF, 0xFFFF, 0xFFFF, 0xE73C, 0xC618,
    0xC638, 0xC638, 0xC638, 0xC638, 0xBE17, 0xC638, 0x8C92, 0x08A4, 0x08A4, 0x8451, 0xCE59, 0xBDF8, 0xC618, 0xC618, 0xC618, 0xC638,
    0xBDF7, 0xE73C, 0xFFFF, 0xFFFF, 0xFFFF, 0xFFFF, 0xFFFF, 0xFFFF, 0xFFFF, 0xFFFF, 0xFFFF, 0xFFFF, 0xF79E, 0x29A8, 0x08A4, 0x1946,
    0xE73C, 0xFFFF, 0xFFFF, 0xFFFF, 0xFFFF, 0xFFFF, 0xFFFF, 0xFFFF, 0xFFFF, 0xFFFF, 0xFFFF, 0xFFFF, 0xFFFF, 0xFFFF, 0xFFFF, 0xFFFF,
    0xFFFF, 0xFFFF, 0xFFFF, 0xFFFF, 0xFFFF, 0xD6BA, 0xC638, 0xD616, 0xD3E6, 0xDB83, 0xDBA3, 0xDBA3, 0xDBA3, 0xDBA3, 0xD384, 0x91E1,
    0x81A0, 0x89E1, 0x5142, 0x0062, 0x00A3, 0x0083, 0x0083, 0x0083, 0x00A4, 0x00A4, 0x00E5, 0x0105, 0x0146, 0x4619, 0x3597, 0x0209,
    0x022A, 0x2472, 0x5FFF, 0x1597, 0x36DB, 0x4FFF, 0x46DB, 0x026B, 0x01C8, 0x0A09, 0x3D15, 0x4E5A, 0x232E, 0x00C4, 0x00E5, 0x00C4,
    0x00E5, 0x00C4, 0x0A2A, 0x45F9, 0x0A6B, 0x0187, 0x01A8, 0x2D35, 0x5FFF, 0x3555, 0x0167, 0x0146, 0x00E4, 0x00A3, 0x0062, 0x0042,
    0x0021, 0x0021, 0x0000, 0x0000, 0x0001, 0x0000, 0x0000, 0x0000, 0x0000, 0x0000, 0x0000, 0x0000, 0x0000, 0xAD55, 0xFFFF, 0xFFDF,
    0xFFFF, 0xFFFF, 0xDEDB, 0x0840, 0x0000, 0x0000, 0x0000, 0x0000, 0x0000, 0x0000, 0x0000, 0x0000, 0x0001, 0x0000, 0x0001, 0x0021,
    0x0021, 0x0841, 0x0861, 0x1881, 0x20A2, 0x28A1, 0x71C3, 0xFCA7, 0xCBA6, 0x4101, 0x3923, 0x30A1, 0xCBA7, 0xBB66, 0x30C1, 0x5142,
    0xEC68, 0x8264, 0x20A2, 0x28E3, 0x1165, 0x4DD8, 0x2B2C, 0x20E2, 0x3102, 0x8A84, 0xFCE8, 0x9AC4, 0x28E2, 0x2124, 0x1904, 0x1124,
    0x08E4, 0x1B0D, 0x4EBC, 0x126B, 0x00C4, 0x00E5, 0x00A4, 0x00A4, 0x0083, 0x0083, 0x0083, 0x0083, 0x0083, 0x0862, 0x6182, 0x89E1,
    0x8180, 0x9A42, 0xDBC4, 0xDB83, 0xDBA3, 0xDBA3, 0xDBA3, 0xDB63, 0xD46A, 0xD658, 0xC618, 0xD6BA, 0xFFFF, 0xFFFF, 0xF79E, 0xF7BE,
    0xFFFF, 0xFFFF, 0xFFFF, 0xFFFF, 0xFFFF, 0xFFFF, 0xFFFF, 0xFFFF, 0xFFFF, 0xFFFF, 0xFFFF, 0xFFFF, 0xFFFF, 0xFFFF, 0xFFFF, 0xFFFF,
    0x73AF, 0x00A4, 0x00A4, 0x634E, 0xFFFF, 0xFFDF, 0xFFFF, 0xFFFF, 0xFFFF, 0xFFFF, 0xFFFF, 0xFFFF, 0xFFFF, 0xEF5D, 0xC618, 0xC638,
    0xC638, 0xC618, 0xC618, 0xC618, 0xC638, 0xDEDB, 0x8431, 0x0084, 0x0083, 0x7BD0, 0xDEDB, 0xC638, 0xC618, 0xC618, 0xC618, 0xC638,
    0xC638, 0xC618, 0xE73C, 0xFFFF, 0xFFFF, 0xFFFF, 0xFFFF, 0xFFFF, 0xFFFF, 0xFFFF, 0xFFDF, 0xFFFF, 0x7BF0, 0x0084, 0x0084, 0x6B8F,
    0xFFFF, 0xFFFF, 0xFFFF, 0xFFFF, 0xFFFF, 0xFFFF, 0xFFFF, 0xFFFF, 0xFFFF, 0xFFFF, 0xFFFF, 0xFFFF, 0xFFFF, 0xFFFF, 0xFFFF, 0xFFFF,
    0xF7BE, 0xEF7D, 0xFFFF, 0xFFFF, 0xD6BA, 0xC618, 0xD679, 0xD48B, 0xD363, 0xDBA3, 0xDBA3, 0xDBA3, 0xDB83, 0xDBA4, 0xA221, 0x7980,
    0x89C1, 0x6982, 0x0862, 0x0083, 0x0083, 0x0083, 0x0083, 0x0084, 0x00A4, 0x00C4, 0x0105, 0x00C4, 0x12AC, 0x4EFD, 0x1B90, 0x0209,
    0x028B, 0x3E39, 0x57FF, 0x3F5D, 0x47DE, 0x4FFF, 0x2D15, 0x01E9, 0x09E8, 0x0146, 0x0126, 0x124A, 0x0987, 0x00E4, 0x00E4, 0x00C4,
    0x0105, 0x00A4, 0x238F, 0x3D77, 0x0188, 0x01A8, 0x022A, 0x469A, 0x5FFF, 0x23D0, 0x0146, 0x0146, 0x00C4, 0x0083, 0x0062, 0x0041,
    0x0021, 0x0021, 0x0000, 0x0000, 0x0000, 0x0000, 0x0000, 0x0000, 0x0000, 0x0000, 0x0000, 0x0000, 0x0020, 0xDEDB, 0xFFFF, 0xFFFF,
    0xFFFF, 0xFFFF, 0xFFDF, 0x2945, 0x0000, 0x0000, 0x0000, 0x0000, 0x0000, 0x0000, 0x0000, 0x0000, 0x0001, 0x0001, 0x0000, 0x0021,
    0x0021, 0x0841, 0x0841, 0x1061, 0x20A2, 0x28C2, 0x4921, 0xE426, 0xF467, 0x5962, 0x3902, 0x28A1, 0x9284, 0xEC68, 0x5142, 0x30A1,
    0xBB66, 0xC3A6, 0x28A1, 0x2903, 0x10C2, 0x3C72, 0x44F4, 0x2103, 0x3123, 0x5982, 0xF487, 0xDC06, 0x4122, 0x2103, 0x1904, 0x1104,
    0x0904, 0x0146, 0x4619, 0x34B4, 0x00C4, 0x0105, 0x00C4, 0x00A4, 0x00A3, 0x0083, 0x0083, 0x0083, 0x0083, 0x0083, 0x1882, 0x71A2,
    0x89E1, 0x7980, 0xAA82, 0xE3C4, 0xDB83, 0xDB83, 0xDBA3, 0xDBA3, 0xD383, 0xD50F, 0xD679, 0xC618, 0xD6BA, 0xFFFF, 0xF79E, 0xD69A,
    0xFFFF, 0xFFFF, 0xFFFF, 0xFFFF, 0xFFFF, 0xFFFF, 0xFFFF, 0xFFFF, 0xFFFF, 0xFFFF, 0xFFFF, 0xFFFF, 0xFFFF, 0xFFFF, 0xFFFF, 0xFFFF,
    0xE73C, 0x1946, 0x0906, 0x00A4, 0x8C72, 0xFFFF, 0xFFFF, 0xFFFF, 0xFFFF, 0xFFFF, 0xFFFF, 0xFFDF, 0xDEFB, 0xC618, 0xC618, 0xC618,
    0xC618, 0xCE59, 0xCE79, 0xCE59, 0xAD96, 0x73AF, 0x2146, 0x08C5, 0x08C5, 0x1905, 0x6B8F, 0xAD55, 0xCE59, 0xCE79, 0xCE59, 0xC638,
    0xC618, 0xC618, 0xC618, 0xDEFB, 0xFFDF, 0xFFFF, 0xFFFF, 0xFFFF, 0xFFFF, 0xFFFF, 0xFFFF, 0xA535, 0x08A4, 0x10E5, 0x1905, 0xDF1C,
    0xFFFF, 0xFFFF, 0xFFFF, 0xFFFF, 0xFFFF, 0xFFFF, 0xFFFF, 0xFFFF, 0xFFFF, 0xFFFF, 0xFFFF, 0xFFFF, 0xFFFF, 0xFFFF, 0xFFFF, 0xFFFF,
    0xD69A, 0xF79E, 0xFFFF, 0xD69A, 0xC618, 0xCE79, 0xD52F, 0xD363, 0xDBA3, 0xDBA3, 0xDBA3, 0xDB83, 0xDBC4, 0xAA62, 0x8180, 0x89C1,
    0x71C2, 0x1882, 0x0063, 0x0083, 0x0083, 0x0083, 0x0084, 0x00A4, 0x00A4, 0x00E5, 0x0105, 0x00E5, 0x2CF4, 0x3E3A, 0x0209, 0x022A,
    0x0B6E, 0x4FBE, 0x47FF, 0x47FF, 0x47FF, 0x57DF, 0x136E, 0x0209, 0x0187, 0x2BD0, 0x22ED, 0x00A3, 0x00E5, 0x00E4, 0x00C4, 0x00E5,
    0x00E5, 0x0105, 0x3D16, 0x2C32, 0x0147, 0x01C8, 0x0B0D, 0x4FBE, 0x577D, 0x0A6B, 0x0166, 0x0105, 0x00A4, 0x0083, 0x0062, 0x0021,
    0x0021, 0x0001, 0x0000, 0x0000, 0x0000, 0x0000, 0x0000, 0x0000, 0x0000, 0x0000, 0x0000, 0x0000, 0x2945, 0xFFDF, 0xFFFF, 0xFFFF,
    0xFFFF, 0xFFFF, 0xFFFF, 0x630C, 0x0000, 0x0020, 0x0000, 0x0000, 0x0000, 0x0000, 0x0000, 0x0000, 0x0000, 0x0000, 0x0000, 0x0001,
    0x0021, 0x0021, 0x0841, 0x1061, 0x1881, 0x28C2, 0x30A1, 0xBB45, 0xFCE7, 0x8A43, 0x30C1, 0x30E2, 0x5962, 0xECAA, 0x6A03, 0x2081,
    0x7A23, 0xEC68, 0x4922, 0x20E3, 0x18C2, 0x22AB, 0x5619, 0x21E7, 0x3123, 0x3902, 0xBB65, 0xFCE8, 0x7203, 0x20E2, 0x2104, 0x1104,
    0x1125, 0x00C4, 0x2C11, 0x4E9B, 0x09E9, 0x00E5, 0x00E5, 0x00C4, 0x00A3, 0x0083, 0x0083, 0x0083, 0x0083, 0x0083, 0x0063, 0x20A2,
    0x79C2, 0x89C1, 0x8180, 0xB2A2, 0xE3C4, 0xDB83, 0xDBA3, 0xDBA3, 0xDBA3, 0xD3A4, 0xD592, 0xCE79, 0xC618, 0xD69A, 0xF7BE, 0xCE59,
    0xDEDB, 0xFFFF, 0xFFFF, 0xFFFF, 0xFFFF, 0xFFFF, 0xFFFF, 0xFFFF, 0xFFFF, 0xFFFF, 0xFFFF, 0xFFFF, 0xFFFF, 0xFFFF, 0xFFFF, 0xFFFF,
    0xFFFF, 0xAD76, 0x0083, 0x1126, 0x00A4, 0x7BF0, 0xEF7E, 0xFFDF, 0xEF7D, 0xE73C, 0xDEDB, 0xCE58, 0xC617, 0xCE59, 0xCE79, 0xD69A,
    0xCE59, 0xAD55, 0x73D0, 0x422A, 0x10E5, 0x0084, 0x08C5, 0x08C5, 0x08C5, 0x08C5, 0x0084, 0x10E5, 0x3A09, 0x73AF, 0xA555, 0xC638,
    0xD69A, 0xD679, 0xCE59, 0xC618, 0xCE58, 0xDEDB, 0xE73C, 0xEF7D, 0xF7BE, 0xF79E, 0x8C72, 0x08A4, 0x1106, 0x0063, 0xA535, 0xFFFF,
    0xFFFF, 0xFFFF, 0xFFFF, 0xFFFF, 0xFFFF, 0xFFFF, 0xFFFF, 0xFFFF, 0xFFFF, 0xFFFF, 0xFFFF, 0xFFFF, 0xFFFF, 0xFFFF, 0xFFFF, 0xDEDB,
    0xCE59, 0xFFDF, 0xD69A, 0xC618, 0xCE79, 0xD592, 0xD384, 0xDB83, 0xDBA3, 0xDBA3, 0xD383, 0xDBC4, 0xB2A2, 0x8180, 0x89C0, 0x79C2,
    0x28C2, 0x0063, 0x0083, 0x0083, 0x0083, 0x0083, 0x0084, 0x00A4, 0x00C4, 0x0105, 0x00E5, 0x09E9, 0x46BC, 0x2432, 0x01A7, 0x0209,
    0x2D15, 0x4FFF, 0x47FF, 0x47FF, 0x4FFF, 0x469A, 0x026B, 0x01E9, 0x0209, 0x4E3A, 0x236F, 0x00E4, 0x0905, 0x00E4, 0x00C4, 0x00E5,
    0x00C4, 0x09E9, 0x45F9, 0x12AC, 0x0167, 0x01A8, 0x2472, 0x57FF, 0x3E18, 0x01A7, 0x0166, 0x0105, 0x00A3, 0x0062, 0x0042, 0x0021,
    0x0001, 0x0001, 0x0000, 0x0000, 0x0000, 0x0000, 0x0000, 0x0000, 0x0000, 0x0000, 0x0020, 0x0000, 0x630C, 0xFFFF, 0xFFFF, 0xFFFF,
    0xFFFF, 0xFFFF, 0xFFFF, 0x9CF3, 0x0000, 0x0000, 0x0000, 0x0000, 0x0000, 0x0000, 0x0000, 0x0000, 0x0000, 0x0000, 0x0000, 0x0001,
    0x0021, 0x0021, 0x0841, 0x1061, 0x1881, 0x20C2, 0x28A1, 0x8223, 0xFCE7, 0xBB65, 0x38C1, 0x3102, 0x30E1, 0x5183, 0x38E2, 0x28E2,
    0x4101, 0xE448, 0x8244, 0x20A2, 0x2903, 0x1145, 0x55D7, 0x33AF, 0x2103, 0x3103, 0x7A23, 0xFCE7, 0xB345, 0x28E2, 0x2103, 0x1904,
    0x1104, 0x08E4, 0x09E9, 0x4E9C, 0x2C32, 0x00C4, 0x0105, 0x00C4, 0x00A4, 0x0083, 0x0083, 0x0083, 0x0083, 0x0083, 0x0083, 0x0063,
    0x30E2, 0x81E2, 0x89C1, 0x8180, 0xB2C3, 0xE3C4, 0xDB83, 0xDBA3, 0xDBA4, 0xDB83, 0xD3C6, 0xD5D4, 0xCE59, 0xC618, 0xCE79, 0xD69A,
    0xC618, 0xE71C, 0xFFFF, 0xFFFF, 0xFFFF, 0xFFFF, 0xFFFF, 0xFFFF, 0xFFFF, 0xFFFF, 0xFFFF, 0xFFFF, 0xFFFF, 0xFFFF, 0xFFFF, 0xFFFF,
    0xFFFF, 0xFFFF, 0x8431, 0x0063, 0x1126, 0x08A4, 0x422A, 0x9CF4, 0xC638, 0xCE79, 0xCE59, 0xCE79, 0xCE59, 0xB5B7, 0x94D3, 0x636E,
    0x31E8, 0x10E5, 0x0083, 0x0084, 0x0084, 0x0084, 0x0884, 0x2146, 0x1946, 0x08A4, 0x0084, 0x00A4, 0x00A4, 0x0084, 0x10E5, 0x31C8,
    0x632D, 0x9493, 0xB5B6, 0xCE59, 0xCE79, 0xCE79, 0xCE59, 0xC638, 0xA515, 0x426A, 0x08A4, 0x1106, 0x0063, 0x7C10, 0xFFFF, 0xFFFF,
    0xFFFF, 0xFFFF, 0xFFFF, 0xFFFF, 0xFFFF, 0xFFFF, 0xFFFF, 0xFFFF, 0xFFFF, 0xFFFF, 0xFFFF, 0xFFFF, 0xFFFF, 0xFFFF, 0xDEFB, 0xBDF7,
    0xD69A, 0xCE79, 0xC618, 0xCE59, 0xD5F4, 0xCBC6, 0xDB83, 0xDBA3, 0xDBA3, 0xDB83, 0xDBC4, 0xB2C3, 0x8180, 0x89A0, 0x81E2, 0x30E2,
    0x0062, 0x0083, 0x0083, 0x0083, 0x0083, 0x0083, 0x0083, 0x00A4, 0x00E5, 0x0126, 0x00E5, 0x2C52, 0x4EBC, 0x0A4A, 0x01C8, 0x028B,
    0x471C, 0x47FF, 0x47FF, 0x3FFF, 0x57FF, 0x24B3, 0x022A, 0x01A8, 0x1BB0, 0x4619, 0x09A7, 0x0905, 0x0905, 0x00E4, 0x08E4, 0x0905,
    0x00C4, 0x238F, 0x3D98, 0x0188, 0x01A8, 0x01E8, 0x3E18, 0x57FF, 0x2451, 0x0146, 0x0146, 0x00C4, 0x0083, 0x0062, 0x0041, 0x0021,
    0x0001, 0x0000, 0x0000, 0x0000, 0x0000, 0x0000, 0x0000, 0x0000, 0x0000, 0x0000, 0x0000, 0x0000, 0xA514, 0xFFFF, 0xFFDF, 0xFFFF,
    0xFFFF, 0xFFFF, 0xFFFF, 0xDEDB, 0x0841, 0x0000, 0x0000, 0x0000, 0x0000, 0x0000, 0x0000, 0x0000, 0x0000, 0x0000, 0x0000, 0x0000,
    0x0021, 0x0021, 0x0841, 0x0861, 0x1081, 0x20A1, 0x28A1, 0x5142, 0xF467, 0xEC46, 0x5142, 0x30E2, 0x30E2, 0x20A2, 0x28C2, 0x2903,
    0x2881, 0xB326, 0xC3A7, 0x28A1, 0x2903, 0x18C2, 0x3C31, 0x5597, 0x1944, 0x3123, 0x4942, 0xDC06, 0xF487, 0x5162, 0x20E3, 0x2104,
    0x1104, 0x1125, 0x0105, 0x34B4, 0x4E7B, 0x01A8, 0x00E5, 0x00E5, 0x00A4, 0x00A3, 0x0083, 0x0083, 0x0083, 0x0083, 0x0083, 0x0083,
    0x0062, 0x3902, 0x81E2, 0x81C1, 0x81A0, 0xB2C3, 0xE3C4, 0xDBA3, 0xDBA3, 0xDBA4, 0xD383, 0xCBE7, 0xD5F5, 0xCE59, 0xC638, 0xC638,
    0xC638, 0xC618, 0xE71C, 0xFFFF, 0xFFFF, 0xFFFF, 0xFFFF, 0xFFFF, 0xFFFF, 0xFFFF, 0xFFFF, 0xFFFF, 0xFFFF, 0xFFFF, 0xFFFF, 0xFFFF,
    0xFFFF, 0xFFFF, 0xFFFF, 0x8452, 0x0084, 0x08C5, 0x08C5, 0x10E5, 0x3209, 0x52CC, 0x52EC, 0x4A8B, 0x31E9, 0x1946, 0x08C4, 0x00A4,
    0x0084, 0x0084, 0x0083, 0x10C4, 0x31C8, 0x632D, 0x94B3, 0xBDD7, 0xBDD7, 0x94B3, 0x632D, 0x31C8, 0x10E5, 0x00A4, 0x00A4, 0x08A4,
    0x08A4, 0x08C5, 0x1926, 0x31E9, 0x4A8B, 0x52CC, 0x4AAC, 0x31E9, 0x10E5, 0x08A4, 0x08C5, 0x0884, 0x8431, 0xFFFF, 0xFFFF, 0xFFFF,
    0xFFFF, 0xFFFF, 0xFFFF, 0xFFFF, 0xFFFF, 0xFFFF, 0xFFFF, 0xFFFF, 0xFFFF, 0xFFFF, 0xFFFF, 0xFFFF, 0xFFFF, 0xDEFB, 0xC618, 0xC638,
    0xC638, 0xC638, 0xCE59, 0xD5F5, 0xCBE7, 0xD363, 0xDBA3, 0xDBA3, 0xDB83, 0xDBC4, 0xBAE3, 0x8180, 0x89A0, 0x89E2, 0x4102, 0x0062,
    0x0083, 0x0083, 0x0083, 0x0083, 0x0083, 0x0083, 0x00A4, 0x00C4, 0x0105, 0x0105, 0x01C8, 0x4E9B, 0x2CF5, 0x01A8, 0x01E9, 0x1C11,
    0x4FFF, 0x3FFF, 0x47FF, 0x47FF, 0x4F7D, 0x0B0D, 0x0209, 0x01C8, 0x3DB8, 0x3493, 0x00E4, 0x1125, 0x0905, 0x0905, 0x08E5, 0x0905,
    0x0105, 0x3D56, 0x2C52, 0x0126, 0x01A8, 0x0ACC, 0x4F9E, 0x57BE, 0x0AAB, 0x0146, 0x0125, 0x00C4, 0x0083, 0x0042, 0x0021, 0x0021,
    0x0000, 0x0000, 0x0000, 0x0000, 0x0000, 0x0000, 0x0000, 0x0000, 0x0000, 0x0000, 0x0000, 0x0841, 0xDEDB, 0xFFFF, 0xFFFF, 0xFFFF,
    0xFFFF, 0xFFFF, 0xFFFF, 0xFFFF, 0x3186, 0x0000, 0x0000, 0x0000, 0x0000, 0x0000, 0x0000, 0x0000, 0x0000, 0x0000, 0x0000, 0x0001,
    0x0001, 0x0021, 0x0021, 0x0841, 0x1061, 0x1881, 0x28C2, 0x38C1, 0xC365, 0xFCE7, 0x8243, 0x30C1, 0x3102, 0x28E2, 0x28E2, 0x28E2,
    0x28A2, 0x69A3, 0xEC88, 0x5962, 0x28E3, 0x20E2, 0x1A29, 0x5E3A, 0x2A8A, 0x2903, 0x30E2, 0x92A4, 0xFCE7, 0x92A4, 0x20C2, 0x2103,
    0x1904, 0x1125, 0x0905, 0x124A, 0x56DD, 0x23F1, 0x00C4, 0x0105, 0x00C4, 0x00A3, 0x0083, 0x0083, 0x0083, 0x0083, 0x0083, 0x0083,
    0x0083, 0x0062, 0x4102, 0x81E2, 0x89C1, 0x81A0, 0xB2C2, 0xDBC4, 0xDBA3, 0xDB84, 0xDBA3, 0xD383, 0xCC07, 0xD5F5, 0xCE59, 0xC638,
    0xC638, 0xC638, 0xC618, 0xDEFB, 0xFFFF, 0xFFFF, 0xFFFF, 0xFFFF, 0xFFFF, 0xFFFF, 0xFFFF, 0xFFFF, 0xFFFF, 0xFFFF, 0xFFFF, 0xFFFF,
    0xFFFF, 0xFFFF, 0xFFFF, 0xFFFF, 0xB5B7, 0x31C8, 0x0084, 0x00A4, 0x00A4, 0x0084, 0x0084, 0x0083, 0x0063, 0x0063, 0x0063, 0x08A4,
    0x2146, 0x426B, 0x73F0, 0xA535, 0xC638, 0xCE79, 0xCE79, 0xC638, 0xC638, 0xCE79, 0xCE79, 0xC638, 0xA555, 0x7C10, 0x4A8B, 0x2167,
    0x08A4, 0x0084, 0x0083, 0x0084, 0x0084, 0x0084, 0x0084, 0x0084, 0x0084, 0x0083, 0x29A8, 0xB596, 0xFFFF, 0xFFFF, 0xFFFF, 0xFFFF,
    0xFFFF, 0xFFFF, 0xFFFF, 0xFFFF, 0xFFFF, 0xFFFF, 0xFFFF, 0xFFFF, 0xFFFF, 0xFFFF, 0xFFFF, 0xFFFF, 0xDEDB, 0xC618, 0xC638, 0xC638,
    0xC638, 0xC658, 0xD615, 0xCC08, 0xD363, 0xDBA3, 0xDB83, 0xDB83, 0xDBC4, 0xBAC3, 0x89A0, 0x89A0, 0x89E2, 0x4122, 0x0062, 0x0083,
    0x0083, 0x0083, 0x0083, 0x0083, 0x0083, 0x0084, 0x00A4, 0x00E4, 0x0126, 0x0105, 0x2432, 0x571D, 0x0ACC, 0x01E9, 0x022A, 0x3E79,
    0x47FF, 0x3FFF, 0x3FFF, 0x4FFF, 0x3597, 0x022A, 0x01C8, 0x130D, 0x4E9B, 0x12AB, 0x08E4, 0x1903, 0x2103, 0x08C3, 0x0905, 0x08E4,
    0x124A, 0x4E1A, 0x128C, 0x0167, 0x01A7, 0x2472, 0x57FF, 0x4638, 0x01A7, 0x0146, 0x00E5, 0x00A3, 0x0062, 0x0042, 0x0021, 0x0021,
    0x0001, 0x0000, 0x0000, 0x0000, 0x0000, 0x0000, 0x0000, 0x0000, 0x0000, 0x0000, 0x0000, 0x2965, 0xFFFF, 0xFFFF, 0xFFFF, 0xFFFF,
    0xFFFF, 0xFFFF, 0xFFDF, 0xFFFF, 0x738E, 0x0000, 0x0020, 0x0000, 0x0000, 0x0000, 0x0000, 0x0000, 0x0000, 0x0000, 0x0001, 0x0001,
    0x0001, 0x0021, 0x0021, 0x0841, 0x0861, 0x1881, 0x20C2, 0x28A1, 0x8A43, 0xFCE7, 0xC365, 0x38E1, 0x3102, 0x28C2, 0x28C2, 0x28C2,
    0x28E2, 0x38C1, 0xDC07, 0xA2E5, 0x28A2, 0x2923, 0x1104, 0x4D15, 0x44B3, 0x18E2, 0x3103, 0x5162, 0xEC67, 0xE426, 0x4122, 0x2103,
    0x2104, 0x1104, 0x1125, 0x0105, 0x3515, 0x4E5A, 0x0187, 0x00E5, 0x00E4, 0x00C4, 0x00A3, 0x0083, 0x0083, 0x0083, 0x0083, 0x0083,
    0x0083, 0x0083, 0x0062, 0x3902, 0x89E2, 0x89C1, 0x81A0, 0xAA82, 0xDBC4, 0xDBA3, 0xDBA3, 0xDBA4, 0xD383, 0xCC08, 0xD5F5, 0xC658,
    0xC638, 0xC638, 0xC638, 0xC618, 0xD69A, 0xF7BF, 0xFFFF, 0xFFDF, 0xE73C, 0xFFFF, 0xFFFF, 0xFFFF, 0xFFFF, 0xFFFF, 0xFFFF, 0xFFFF,
    0xFFFF, 0xFFFF, 0xFFFF, 0xFFFF, 0xFFFF, 0xF7BF, 0xA555, 0x5AEC, 0x29A8, 0x1926, 0x1105, 0x1946, 0x31C8, 0x52CC, 0x7C31, 0xB5B7,
    0xC618, 0xC638, 0xCE59, 0xC638, 0xC618, 0xC618, 0xC618, 0xC618, 0xC618, 0xC618, 0xC618, 0xC618, 0xCE58, 0xCE79, 0xCE59, 0xBDF7,
    0xAD76, 0x7C11, 0x52CC, 0x31C8, 0x1926, 0x1905, 0x1926, 0x29A8, 0x52EC, 0xA535, 0xF7BE, 0xFFFF, 0xFFFF, 0xFFFF, 0xFFFF, 0xFFFF,
    0xFFFF, 0xFFFF, 0xFFFF, 0xFFFF, 0xFFFF, 0xFFFF, 0xFFFF, 0xEF5D, 0xFFDF, 0xFFFF, 0xF7BE, 0xD69A, 0xC618, 0xC638, 0xC638, 0xC638,
    0xC658, 0xD5F5, 0xCC08, 0xD363, 0xDB83, 0xD383, 0xDB83, 0xDBA4, 0xB2A2, 0x8180, 0x89C0, 0x89E2, 0x4922, 0x0062, 0x0083, 0x0083,
    0x0083, 0x0083, 0x0083, 0x0083, 0x0083, 0x00A4, 0x00C4, 0x00E5, 0x0105, 0x01C9, 0x4EDC, 0x3577, 0x01E9, 0x020A, 0x1BF0, 0x4FFF,
    0x3FFF, 0x3FFF, 0x3FFF, 0x4FBE, 0x134E, 0x0209, 0x01A8, 0x3515, 0x45D8, 0x0966, 0x2124, 0xA347, 0xD428, 0x6204, 0x10E4, 0x00E4,
    0x2C32, 0x3D97, 0x0187, 0x01A8, 0x01E9, 0x3E59, 0x5FFF, 0x2C52, 0x0146, 0x0146, 0x00E4, 0x0083, 0x0062, 0x0042, 0x0021, 0x0001,
    0x0000, 0x0000, 0x0000, 0x0000, 0x0000, 0x0000, 0x0000, 0x0000, 0x0000, 0x0020, 0x0000, 0x6B6D, 0xFFFF, 0xFFFF, 0xFFFF, 0xFFFF,
    0xFFFF, 0xFFFF, 0xFFFF, 0xFFFF, 0xB5B6, 0x0000, 0x0000, 0x0000, 0x0000, 0x0000, 0x0000, 0x0000, 0x0000, 0x0000, 0x0000, 0x0000,
    0x0000, 0x0021, 0x0021, 0x0021, 0x0861, 0x1081, 0x20A2, 0x28C1, 0x5141, 0xEC46, 0xF467, 0x5962, 0x30E2, 0x30E2, 0x28C2, 0x4102,
    0x3902, 0x28A1, 0x9AA4, 0xE448, 0x4102, 0x2903, 0x18C2, 0x22CC, 0x5619, 0x19C6, 0x2903, 0x30E2, 0xA305, 0xFCE8, 0x8A64, 0x20E2,
    0x2123, 0x1904, 0x1125, 0x0905, 0x126B, 0x4EFD, 0x23F1, 0x00C4, 0x0105, 0x00C4, 0x00A3, 0x00A3, 0x0083, 0x0083, 0x0083, 0x0083,
    0x0083, 0x0083, 0x00A3, 0x0062, 0x3902, 0x81E2, 0x89E1, 0x81A0, 0xA262, 0xDBA4, 0xDBC4, 0xDBA3, 0xDBA4, 0xD383, 0xCC08, 0xD5F5,
    0xCE59, 0xC638, 0xC638, 0xC638, 0xC618, 0xCE59, 0xEF5D, 0xFFFF, 0xDEFB, 0xE71C, 0xFFFF, 0xFFFF, 0xFFFF, 0xFFFF, 0xFFFF, 0xFFFF,
    0xFFFF, 0xFFFF, 0xFFFF, 0xFFFF, 0xFFFF, 0xFFFF, 0xFFFF, 0xFFFF, 0xF7BE, 0xE71C, 0xDEDB, 0xE73C, 0xF7BE, 0xFFFF, 0xFFFF, 0xFFFF,
    0xFFFF, 0xE73C, 0xD69A, 0xC639, 0xC618, 0xC618, 0xBDF7, 0xBDF8, 0xC618, 0xC617, 0xC617, 0xC618, 0xC638, 0xD69A, 0xE73C, 0xFFDF,
    0xFFFF, 0xFFFF, 0xFFFF, 0xF7BE, 0xE73C, 0xDEFC, 0xE73C, 0xF7BE, 0xFFFF, 0xFFFF, 0xFFFF, 0xFFFF, 0xFFFF, 0xFFFF, 0xFFFF, 0xFFFF,
    0xFFFF, 0xFFFF, 0xFFFF, 0xFFFF, 0xFFFF, 0xFFFF, 0xE71C, 0xDEDB, 0xFFFF, 0xEF5D, 0xCE59, 0xC618, 0xC638, 0xC638, 0xC638, 0xCE58,
    0xD5F4, 0xCC07, 0xD363, 0xDBA3, 0xD383, 0xDBA3, 0xDBA4, 0xAA62, 0x8180, 0x89C0, 0x89E2, 0x4102, 0x0062, 0x0083, 0x00A3, 0x0083,
    0x0083, 0x0083, 0x0083, 0x0083, 0x00A4, 0x00C4, 0x00E4, 0x0125, 0x00E5, 0x2C52, 0x575E, 0x12ED, 0x0209, 0x026B, 0x3E7A, 0x47FF,
    0x3FFF, 0x3FFF, 0x47FF, 0x3DF8, 0x01E9, 0x01C8, 0x0A6B, 0x569B, 0x238F, 0x00E4, 0x6246, 0xFCC8, 0xFC86, 0xCC08, 0x20E3, 0x0967,
    0x45D8, 0x23D0, 0x0146, 0x01A8, 0x12ED, 0x57BE, 0x579E, 0x0A8B, 0x0146, 0x0125, 0x00C4, 0x0083, 0x0042, 0x0021, 0x0021, 0x0001,
    0x0000, 0x0000, 0x0000, 0x0000, 0x0000, 0x0000, 0x0000, 0x0000, 0x0000, 0x0000, 0x0000, 0xB596, 0xFFFF, 0xFFFF, 0xFFFF, 0xFFFF,
    0xFFFF, 0xFFFF, 0xFFFF, 0xFFFF, 0xEF7D, 0x10A2, 0x0000, 0x0000, 0x0000, 0x0000, 0x0000, 0x0000, 0x0000, 0x0000, 0x0000, 0x0000,
    0x0000, 0x0021, 0x0021, 0x0021, 0x0841, 0x1061, 0x1881, 0x28C2, 0x30A1, 0xBB25, 0xFCE7, 0x9284, 0x30C1, 0x30E2, 0x38E1, 0xCC08,
    0x92A5, 0x2881, 0x5962, 0xF489, 0x8244, 0x20C2, 0x2903, 0x1124, 0x4D97, 0x33F0, 0x18C2, 0x3103, 0x5983, 0xF4A7, 0xDC06, 0x4122,
    0x2903, 0x1904, 0x1104, 0x1125, 0x0105, 0x34D4, 0x4E9B, 0x09C8, 0x00E5, 0x00E5, 0x00C4, 0x00A4, 0x00A3, 0x0083, 0x0083, 0x0083,
    0x0083, 0x0083, 0x0083, 0x00A3, 0x0062, 0x30E2, 0x81E2, 0x89E1, 0x81A0, 0x9A21, 0xD384, 0xDBC4, 0xDBA3, 0xDBA4, 0xD383, 0xCC07,
    0xD5B4, 0xCE59, 0xC638, 0xC638, 0xC638, 0xC638, 0xC618, 0xDEDB, 0xEF7D, 0xC658, 0xEF5D, 0xFFFF, 0xFFFF, 0xFFFF, 0xFFFF, 0xFFFF,
    0xFFFF, 0xFFFF, 0xFFFF, 0xFFFF, 0xFFFF, 0xFFFF, 0xFFFF, 0xFFFF, 0xFFFF, 0xFFFF, 0xFFFF, 0xFFFF, 0xFFFF, 0xFFFF, 0xFFFF, 0xFFFF,
    0xFFFF, 0xFFFF, 0xFFFF, 0xFFFF, 0xF7BE, 0xEF7D, 0xE73C, 0xE71C, 0xE71C, 0xE73C, 0xEF5D, 0xF79E, 0xFFDF, 0xFFFF, 0xFFFF, 0xFFFF,
    0xFFFF, 0xFFFF, 0xFFFF, 0xFFFF, 0xFFFF, 0xFFFF, 0xFFFF, 0xFFFF, 0xFFFF, 0xFFFF, 0xFFFF, 0xFFFF, 0xFFFF, 0xFFFF, 0xFFFF, 0xFFFF,
    0xFFFF, 0xFFFF, 0xFFFF, 0xFFFF, 0xFFFF, 0xE73C, 0xC638, 0xF79E, 0xDEDB, 0xC618, 0xC638, 0xC638, 0xC638, 0xC638, 0xCE59, 0xD5D4,
    0xCBE7, 0xD363, 0xDBA3, 0xD383, 0xDBA4, 0xD384, 0x9A21, 0x8180, 0x89C1, 0x81E2, 0x3902, 0x0062, 0x0083, 0x00A3, 0x00A3, 0x00A3,
    0x0083, 0x0083, 0x0083, 0x0084, 0x00A4, 0x00C4, 0x0105, 0x0105, 0x09E9, 0x4EFC, 0x3515, 0x01C8, 0x0209, 0x1C11, 0x4FFF, 0x3FFF,
    0x3FFF, 0x37FF, 0x4FDF, 0x138F, 0x01C8, 0x0166, 0x2C73, 0x4619, 0x09A8, 0x0925, 0x41A4, 0xDC69, 0xFCE9, 0xA347, 0x10A2, 0x1B0D,
    0x4619, 0x0A09, 0x01A7, 0x01A8, 0x2CF4, 0x5FFF, 0x45D7, 0x0187, 0x0146, 0x00E5, 0x00A3, 0x0082, 0x0042, 0x0021, 0x0021, 0x0000,
    0x0000, 0x0000, 0x0000, 0x0000, 0x0000, 0x0000, 0x0000, 0x0000, 0x0000, 0x0000, 0x10A2, 0xEF7D, 0xFFFF, 0xFFFF, 0xFFFF, 0xFFFF,
    0xFFFF, 0xFFFF, 0xFFFF, 0xFFFF, 0xFFFF, 0x4A69, 0x0000, 0x0020, 0x0000, 0x0000, 0x0000, 0x0000, 0x0000, 0x0000, 0x0000, 0x0001,
    0x0000, 0x0000, 0x0021, 0x0021, 0x0841, 0x1061, 0x1881, 0x20A2, 0x28A1, 0x71E3, 0xFCC7, 0xD3C6, 0x4101, 0x3102, 0x30A1, 0xB325,
    0xDC07, 0x4101, 0x30C1, 0xBB46, 0xCBE7, 0x28C1, 0x2903, 0x10A2, 0x2B4E, 0x55D8, 0x1965, 0x3123, 0x30E2, 0xB345, 0xFCE8, 0x8A64,
    0x28E2, 0x2124, 0x1904, 0x1125, 0x0904, 0x0A09, 0x4EDC, 0x2C93, 0x00E4, 0x0105, 0x00E4, 0x00C4, 0x00A3, 0x0083, 0x0083, 0x0083,
    0x0083, 0x0083, 0x0083, 0x0083, 0x00A3, 0x0062, 0x28C2, 0x79C2, 0x89E1, 0x81A0, 0x89E1, 0xC323, 0xDBC4, 0xDBA4, 0xDBC4, 0xDBA3,
    0xCBC6, 0xD572, 0xCE79, 0xC638, 0xC638, 0xC638, 0xC638, 0xC618, 0xCE59, 0xCE59, 0xC638, 0xE73C, 0xFFFF, 0xFFFF, 0xFFFF, 0xFFFF,
    0xFFFF, 0xFFFF, 0xFFFF, 0xFFFF, 0xFFFF, 0xFFFF, 0xFFFF, 0xFFFF, 0xFFFF, 0xFFFF, 0xFFFF, 0xFFFF, 0xFFFF, 0xFFFF, 0xFFFF, 0xFFFF,
    0xFFFF, 0xFFFF, 0xFFFF, 0xFFFF, 0xFFFF, 0xFFFF, 0xFFFF, 0xFFFF, 0xFFFF, 0xFFFF, 0xFFFF, 0xFFFF, 0xFFFF, 0xFFFF, 0xFFFF, 0xFFFF,
    0xFFFF, 0xFFFF, 0xFFFF, 0xFFFF, 0xFFFF, 0xFFFF, 0xFFFF, 0xFFFF, 0xFFFF, 0xFFFF, 0xFFFF, 0xFFFF, 0xFFFF, 0xFFFF, 0xFFFF, 0xFFFF,
    0xFFFF, 0xFFFF, 0xFFFF, 0xFFFF, 0xE73C, 0xC618, 0xCE59, 0xCE59, 0xC618, 0xC638, 0xC638, 0xC638, 0xC638, 0xCE59, 0xD592, 0xCBC6,
    0xD383, 0xDBA4, 0xDB83, 0xDBC4, 0xC323, 0x91E1, 0x81A0, 0x89E1, 0x79E2, 0x30E2, 0x0062, 0x00A3, 0x0083, 0x0083, 0x0083, 0x00A3,
    0x0083, 0x0083, 0x0084, 0x00A4, 0x00C4, 0x00E5, 0x0125, 0x00E5, 0x34D4, 0x4EDC, 0x0A4A, 0x01C8, 0x022A, 0x3E7A, 0x47FF, 0x3FFF,
    0x3FFF, 0x47FF, 0x3E18, 0x0209, 0x01C8, 0x09E9, 0x463A, 0x23B0, 0x00E5, 0x1146, 0x1104, 0x41A4, 0x6225, 0x2123, 0x0104, 0x3D15,
    0x34D4, 0x0146, 0x01C8, 0x022A, 0x471C, 0x5FFF, 0x23D0, 0x0126, 0x0126, 0x00C4, 0x00A3, 0x0062, 0x0041, 0x0021, 0x0021, 0x0000,
    0x0000, 0x0000, 0x0000, 0x0000, 0x0000, 0x0000, 0x0000, 0x0000, 0x0020, 0x0000, 0x528A, 0xFFFF, 0xFFFF, 0xFFFF, 0xFFFF, 0xFFFF,
    0xFFFF, 0xFFFF, 0xFFFF, 0xFFDF, 0xFFFF, 0x9CD3, 0x0000, 0x0000, 0x0000, 0x0000, 0x0000, 0x0000, 0x0000, 0x0000, 0x0000, 0x0000,
    0x0000, 0x0000, 0x0021, 0x0021, 0x0041, 0x0861, 0x1061, 0x20A1, 0x28C2, 0x40E1, 0xDBE6, 0xFCA7, 0x71E3, 0x38E2, 0x30E2, 0x6162,
    0xF489, 0x7A23, 0x28A1, 0x69A2, 0xF4A8, 0x61C3, 0x20C2, 0x20E3, 0x1145, 0x55D8, 0x336E, 0x20E2, 0x3123, 0x61A3, 0xF4A8, 0xE427,
    0x4942, 0x2903, 0x1904, 0x1104, 0x1125, 0x00E4, 0x2C31, 0x571D, 0x128B, 0x00E4, 0x0105, 0x00E4, 0x00A4, 0x00A3, 0x0083, 0x0083,
    0x0083, 0x0083, 0x0083, 0x0083, 0x0083, 0x00A3, 0x0063, 0x20A2, 0x69A2, 0x8A01, 0x81C1, 0x89A0, 0xB2A2, 0xDBC4, 0xDBC4, 0xDBA4,
    0xDBA3, 0xD3A5, 0xD50F, 0xD657, 0xC658, 0xC638, 0xC638, 0xCE58, 0xC638, 0xC638, 0xC639, 0xC638, 0xDEDB, 0xFFFF, 0xFFFF, 0xFFFF,
    0xFFDF, 0xFFDF, 0xFFFF, 0xFFFF, 0xFFFF, 0xFFFF, 0xFFFF, 0xFFFF, 0xFFFF, 0xFFFF, 0xFFFF, 0xFFFF, 0xFFFF, 0xFFFF, 0xFFFF, 0xFFFF,
    0xFFFF, 0xFFFF, 0xFFFF, 0xFFFF, 0xFFFF, 0xFFFF, 0xFFFF, 0xFFFF, 0xFFFF, 0xFFFF, 0xFFFF, 0xFFFF, 0xFFFF, 0xFFFF, 0xFFFF, 0xFFFF,
    0xFFFF, 0xFFFF, 0xFFFF, 0xFFFF, 0xFFFF, 0xFFFF, 0xFFFF, 0xFFFF, 0xFFFF, 0xFFFF, 0xFFFF, 0xFFFF, 0xFFFF, 0xFFFF, 0xFFDF, 0xFFDF,
    0xFFFF, 0xFFFF, 0xFFFF, 0xDEFB, 0xC618, 0xC638, 0xC638, 0xC638, 0xC638, 0xC638, 0xC638, 0xC638, 0xCE58, 0xCD0F, 0xCBA5, 0xDB83,
    0xDBA4, 0xDBA3, 0xDBA4, 0xB2C3, 0x89A0, 0x81A0, 0x89E1, 0x71A2, 0x20A2, 0x0062, 0x0083, 0x0083, 0x0083, 0x0083, 0x0083, 0x0083,
    0x0083, 0x0083, 0x00A4, 0x00C4, 0x00E4, 0x0105, 0x00E5, 0x128C, 0x4F3E, 0x2411, 0x0146, 0x01A8, 0x1BCF, 0x57FF, 0x3FFF, 0x3FFF,
    0x3FFF, 0x57DF, 0x13AF, 0x01E8, 0x0166, 0x2411, 0x461A, 0x0187, 0x0905, 0x0905, 0x1105, 0x0904, 0x08E4, 0x0904, 0x124A, 0x4E3A,
    0x12CC, 0x0167, 0x01A7, 0x1BF0, 0x57FF, 0x4F1C, 0x0209, 0x0146, 0x0105, 0x00A3, 0x0083, 0x0062, 0x0021, 0x0021, 0x0001, 0x0000,
    0x0000, 0x0000, 0x0000, 0x0000, 0x0000, 0x0000, 0x0000, 0x0000, 0x0020, 0x0000, 0x9CF3, 0xFFFF, 0xFFDF, 0xFFFF, 0xFFFF, 0xFFFF,
    0xFFFF, 0xFFFF, 0xFFFF, 0xFFFF, 0xFFFF, 0xE71C, 0x0861, 0x0000, 0x0000, 0x0000, 0x0000, 0x0000, 0x0000, 0x0000, 0x0000, 0x0001,
    0x0000, 0x0000, 0x0001, 0x0021, 0x0021, 0x0841, 0x1061, 0x1881, 0x28C2, 0x2881, 0x9284, 0xFCE7, 0xBB45, 0x38C1, 0x3922, 0x38A1,
    0xC3A6, 0xCBC7, 0x38E1, 0x38C1, 0xC3A6, 0xC386, 0x28A1, 0x2903, 0x10A2, 0x33AF, 0x55D8, 0x1965, 0x3123, 0x30E2, 0xB346, 0xFD08,
    0x92A4, 0x28E2, 0x2124, 0x1104, 0x1104, 0x0905, 0x01A7, 0x467A, 0x45D8, 0x0146, 0x0125, 0x00E5, 0x00C4, 0x00A4, 0x00A3, 0x0083,
    0x0083, 0x0083, 0x0083, 0x0083, 0x0083, 0x0083, 0x00A3, 0x0083, 0x1082, 0x5962, 0x8A02, 0x89C1, 0x81A0, 0xA241, 0xD384, 0xDBC4,
    0xDBA4, 0xDBA3, 0xD383, 0xCC6B, 0xD615, 0xCE59, 0xC638, 0xC638, 0xC638, 0xC638, 0xC638, 0xCE59, 0xC618, 0xCE79, 0xF79E, 0xFFFF,
    0xFFFF, 0xD6BA, 0xF79E, 0xFFFF, 0xFFFF, 0xFFFF, 0xFFFF, 0xFFFF, 0xFFFF, 0xFFFF, 0xF79E, 0xEF5D, 0xFFFF, 0xFFFF, 0xFFFF, 0xFFFF,
    0xFFFF, 0xFFFF, 0xFFFF, 0xFFFF, 0xFFFF, 0xFFFF, 0xFFFF, 0xFFFF, 0xFFFF, 0xFFFF, 0xFFFF, 0xFFFF, 0xFFFF, 0xFFFF, 0xFFFF, 0xFFFF,
    0xFFFF, 0xFFFF, 0xFFFF, 0xFFFF, 0xEF7D, 0xEF7D, 0xFFFF, 0xFFFF, 0xFFFF, 0xFFFF, 0xFFFF, 0xFFFF, 0xFFFF, 0xF79E, 0xD6BA, 0xFFFF,
    0xFFFF, 0xF79E, 0xD69A, 0xC618, 0xC638, 0xC638, 0xC638, 0xC638, 0xC638, 0xC638, 0xCE59, 0xD616, 0xCC6B, 0xCB63, 0xDBA3, 0xD3A3,
    0xDBC4, 0xD384, 0xA241, 0x81A0, 0x89C0, 0x89E2, 0x6182, 0x1082, 0x0063, 0x00A3, 0x0083, 0x0083, 0x0083, 0x0083, 0x0083, 0x0083,
    0x0083, 0x0084, 0x00A4, 0x00C4, 0x0105, 0x0126, 0x0146, 0x3DF9, 0x463A, 0x01A7, 0x0187, 0x01C8, 0x0AAB, 0x3E18, 0x4FFF, 0x3FFE,
    0x4FFF, 0x3E39, 0x022A, 0x01E9, 0x01E9, 0x463A, 0x23D1, 0x00C4, 0x0905, 0x08E4, 0x08E4, 0x0905, 0x1125, 0x0105, 0x3453, 0x3D57,
    0x0187, 0x01C8, 0x01E8, 0x3E38, 0x5FFF, 0x34F4, 0x0146, 0x0146, 0x00E4, 0x00A3, 0x0062, 0x0041, 0x0021, 0x0021, 0x0000, 0x0000,
    0x0000, 0x0000, 0x0000, 0x0000, 0x0000, 0x0000, 0x0000, 0x0000, 0x0000, 0x0861, 0xE71C, 0xFFFF, 0xFFFF, 0xFFFF, 0xFFFF, 0xFFFF,
    0xFFFF, 0xFFFF, 0xFFFF, 0xFFFF, 0xFFFF, 0xFFFF, 0x4A49, 0x0000, 0x0000, 0x0000, 0x0000, 0x0000, 0x0000, 0x0000, 0x0000, 0x0000,
    0x0000, 0x0000, 0x0020, 0x0021, 0x0021, 0x0841, 0x0861, 0x1061, 0x20A1, 0x28C1, 0x5142, 0xEC67, 0xF467, 0x6182, 0x3902, 0x30C1,
    0x71E3, 0xF4A9, 0x69C2, 0x20A1, 0x69E3, 0xF488, 0x5982, 0x20C2, 0x20E3, 0x1186, 0x5E19, 0x338E, 0x20E3, 0x3123, 0x5983, 0xEC87,
    0xE447, 0x4942, 0x2103, 0x1903, 0x1104, 0x1125, 0x0105, 0x1B4E, 0x5F7E, 0x23F1, 0x00E5, 0x0125, 0x00E4, 0x00C4, 0x00A3, 0x0083,
    0x0083, 0x0083, 0x0083, 0x0083, 0x0083, 0x0083, 0x0083, 0x00A3, 0x0083, 0x0062, 0x4122, 0x81E2, 0x89E1, 0x81A0, 0x89E0, 0xBAE3,
    0xDBC4, 0xDBA4, 0xDBA3, 0xD383, 0xCBE7, 0xD592, 0xCE58, 0xC658, 0xC638, 0xC638, 0xC639, 0xC638, 0xCE58, 0xC638, 0xC638, 0xDEDB,
    0xFFDF, 0xEF5D, 0xC638, 0xEF5D, 0xFFFF, 0xFFFF, 0xFFFF, 0xFFFF, 0xFFFF, 0xFFFF, 0xFFFF, 0xD6BA, 0xDEDB, 0xFFDF, 0xFFFF, 0xFFFF,
    0xF7BE, 0xFFFF, 0xFFFF, 0xFFFF, 0xFFFF, 0xFFFF, 0xFFFF, 0xFFFF, 0xFFFF, 0xFFFF, 0xFFFF, 0xFFFF, 0xFFFF, 0xFFFF, 0xFFFF, 0xFFDE,
    0xFFFF, 0xFFFF, 0xFFDF, 0xDEFB, 0xD6BA, 0xFFFF, 0xFFFF, 0xFFFF, 0xFFFF, 0xFFFF, 0xFFFF, 0xFFFF, 0xEF5D, 0xC618, 0xEF5D, 0xFFDF,
    0xDEDB, 0xC638, 0xC638, 0xC638, 0xC638, 0xC638, 0xC638, 0xC638, 0xC638, 0xCE59, 0xCD92, 0xCBE7, 0xD363, 0xD383, 0xDBA4, 0xDBC4,
    0xC303, 0x91E1, 0x81A0, 0x89C1, 0x89E2, 0x4922, 0x0862, 0x0083, 0x00A3, 0x0083, 0x0083, 0x0083, 0x0083, 0x0083, 0x0083, 0x0083,
    0x0084, 0x00A4, 0x00C4, 0x00E5, 0x0126, 0x00E5, 0x2C31, 0x579F, 0x130D, 0x0126, 0x0187, 0x01A8, 0x0209, 0x026B, 0x2DB7, 0x4FFF,
    0x57BE, 0x136F, 0x0209, 0x0187, 0x2432, 0x4619, 0x0187, 0x00E4, 0x00E4, 0x00E4, 0x00C4, 0x08E5, 0x0105, 0x09E9, 0x4E19, 0x1B4F,
    0x0167, 0x01C8, 0x132E, 0x57DF, 0x579E, 0x12CC, 0x0147, 0x0125, 0x00C4, 0x0083, 0x0062, 0x0041, 0x0021, 0x0001, 0x0000, 0x0000,
    0x0000, 0x0000, 0x0000, 0x0000, 0x0000, 0x0000, 0x0000, 0x0000, 0x0000, 0x4228, 0xFFFF, 0xFFFF, 0xFFFF, 0xFFFF, 0xFFFF, 0xFFFF,
    0xFFFF, 0xFFFF, 0xFFFF, 0xFFFF, 0xFFFF, 0xFFFF, 0x9CF3, 0x0000, 0x0000, 0x0000, 0x0000, 0x0000, 0x0000, 0x0000, 0x0000, 0x0000,
    0x0000, 0x0000, 0x0000, 0x0021, 0x0021, 0x0041, 0x0841, 0x1061, 0x1881, 0x28C2, 0x30A1, 0xB325, 0xFD07, 0xA2E4, 0x38C1, 0x3922,
    0x38C1, 0xD3E7, 0xB366, 0x28A1, 0x30C1, 0xCBC7, 0xB366, 0x28A1, 0x2903, 0x10C2, 0x33F0, 0x55D8, 0x1966, 0x3123, 0x28E2, 0x9AC5,
    0xFD08, 0xA305, 0x28C2, 0x2123, 0x1904, 0x1104, 0x1145, 0x0146, 0x3D56, 0x571D, 0x0A2A, 0x00E5, 0x0105, 0x00C4, 0x00A4, 0x00A3,
    0x0083, 0x0083, 0x0083, 0x0083, 0x0083, 0x0083, 0x0083, 0x0083, 0x0083, 0x0083, 0x0062, 0x30C2, 0x71C2, 0x89E1, 0x81C0, 0x81A0,
    0xA241, 0xCB64, 0xDBC4, 0xDBA4, 0xD383, 0xCB84, 0xCCAD, 0xD616, 0xCE59, 0xC638, 0xC638, 0xC638, 0xC638, 0xC638, 0xC638, 0xC618,
    0xCE59, 0xE71C, 0xCE79, 0xC618, 0xD6BA, 0xF7BE, 0xFFFF, 0xFFFF, 0xFFFF, 0xFFFF, 0xFFFF, 0xFFFF, 0xCE79, 0xCE59, 0xE71C, 0xF7BE,
    0xDEFB, 0xE71C, 0xFFFF, 0xFFFF, 0xFFFF, 0xFFFF, 0xFFFF, 0xFFFF, 0xFFFF, 0xFFFF, 0xFFFF, 0xFFFF, 0xFFFF, 0xFFFF, 0xE73C, 0xDEDB,
    0xFFDF, 0xE73C, 0xCE59, 0xCE79, 0xFFDF, 0xFFFF, 0xFFFF, 0xFFFF, 0xFFFF, 0xFFFF, 0xF7BE, 0xDEDB, 0xC618, 0xD69A, 0xE73C, 0xCE59,
    0xC618, 0xC638, 0xC638, 0xC638, 0xC638, 0xC638, 0xC638, 0xCE59, 0xD637, 0xCCCD, 0xCB84, 0xD363, 0xD3A3, 0xDBC4, 0xD384, 0xAA62,
    0x8180, 0x81A0, 0x89E1, 0x79C2, 0x30C2, 0x0062, 0x0083, 0x0083, 0x0083, 0x0083, 0x0083, 0x0083, 0x0083, 0x0083, 0x0083, 0x0083,
    0x0083, 0x00A4, 0x00E4, 0x0125, 0x00E5, 0x126B, 0x575E, 0x3556, 0x0147, 0x0167, 0x0167, 0x01A8, 0x0209, 0x024A, 0x35D7, 0x5FFF,
    0x3576, 0x01E9, 0x01C8, 0x0A4A, 0x4E7A, 0x23D0, 0x00A4, 0x0105, 0x00C4, 0x00C4, 0x00C4, 0x0905, 0x00E4, 0x2C11, 0x45B8, 0x01A8,
    0x01C8, 0x01C8, 0x3576, 0x5FFF, 0x3DB7, 0x0167, 0x0167, 0x0105, 0x00A3, 0x0082, 0x0062, 0x0021, 0x0021, 0x0001, 0x0000, 0x0000,
    0x0000, 0x0000, 0x0000, 0x0000, 0x0000, 0x0000, 0x0000, 0x0020, 0x0000, 0x9CD3, 0xFFFF, 0xFFDF, 0xFFFF, 0xFFFF, 0xFFFF, 0xFFFF,
    0xFFFF, 0xFFFF, 0xFFFF, 0xFFFF, 0xFFFF, 0xFFFF, 0xEF5C, 0x1082, 0x0000, 0x0000, 0x0000, 0x0000, 0x0000, 0x0000, 0x0000, 0x0000,
    0x0000, 0x0000, 0x0000, 0x0001, 0x0021, 0x0021, 0x0841, 0x1061, 0x1861, 0x20A2, 0x28A1, 0x69A2, 0xFCA7, 0xEC46, 0x5962, 0x3902,
    0x30C1, 0x8223, 0xF488, 0x5962, 0x2081, 0x69C3, 0xF4A9, 0x6183, 0x20C2, 0x2103, 0x1186, 0x55F8, 0x33CF, 0x18E2, 0x2923, 0x4122,
    0xDC27, 0xF4A7, 0x61A3, 0x20E3, 0x2124, 0x1904, 0x1125, 0x0926, 0x0A2A, 0x4EFC, 0x3DB7, 0x0125, 0x0105, 0x00E5, 0x00C4, 0x00A4,
    0x0083, 0x0083, 0x0083, 0x0083, 0x0083, 0x0083, 0x0083, 0x0083, 0x0083, 0x0083, 0x0083, 0x0063, 0x1882, 0x5962, 0x89E2, 0x89E1,
    0x81A0, 0x89C0, 0xB2C3, 0xD3A4, 0xDBC4, 0xDB83, 0xD363, 0xCC08, 0xD593, 0xCE79, 0xC659, 0xC638, 0xC638, 0xC638, 0xC638, 0xC638,
    0xC638, 0xC618, 0xC638, 0xC638, 0xC618, 0xC638, 0xDEFB, 0xFFDF, 0xFFFF, 0xFFFF, 0xFFFF, 0xFFFF, 0xFFDF, 0xCE79, 0xBDF7, 0xCE59,
    0xCE79, 0xC618, 0xCE79, 0xDEFB, 0xEF7D, 0xF7BE, 0xFFFF, 0xFFFF, 0xFFFF, 0xFFFF, 0xF7BE, 0xEF7D, 0xDEFB, 0xCE79, 0xC618, 0xD69A,
    0xCE79, 0xC617, 0xCE59, 0xF7BE, 0xFFFF, 0xFFFF, 0xFFFF, 0xFFFF, 0xFFDF, 0xE71C, 0xCE59, 0xC618, 0xC638, 0xCE59, 0xC618, 0xC638,
    0xC638, 0xC638, 0xC638, 0xC638, 0xC638, 0xC639, 0xCE59, 0xD5B3, 0xCC28, 0xCB63, 0xD383, 0xDBA4, 0xD3A4, 0xBAE3, 0x91C0, 0x8180,
    0x89C1, 0x89E2, 0x6162, 0x1882, 0x0062, 0x00A3, 0x0083, 0x0083, 0x0083, 0x0083, 0x0083, 0x0083, 0x0083, 0x0083, 0x0083, 0x0083,
    0x00A4, 0x00C4, 0x0105, 0x0105, 0x0166, 0x4619, 0x4EFD, 0x0A4A, 0x0167, 0x0167, 0x0167, 0x01C8, 0x01A8, 0x1BF0, 0x5FFF, 0x575D,
    0x0AAB, 0x01E9, 0x0167, 0x2C94, 0x45F9, 0x0167, 0x00E5, 0x00E5, 0x00C4, 0x00C4, 0x00E4, 0x00E4, 0x01A8, 0x4DF9, 0x2390, 0x0167,
    0x01C8, 0x0ACC, 0x4F7E, 0x5FDF, 0x1B4E, 0x0146, 0x0146, 0x00C4, 0x0083, 0x0062, 0x0042, 0x0021, 0x0001, 0x0000, 0x0000, 0x0000,
    0x0000, 0x0000, 0x0000, 0x0000, 0x0000, 0x0000, 0x0000, 0x0000, 0x0861, 0xE71C, 0xFFFF, 0xFFFF, 0xFFFF, 0xFFFF, 0xFFFF, 0xFFFF,
    0xFFFF, 0xFFFF, 0xFFFF, 0xFFFF, 0xFFFF, 0xFFFF, 0xFFFF, 0x52AA, 0x0000, 0x0020, 0x0000, 0x0000, 0x0000, 0x0000, 0x0000, 0x0000,
    0x0000, 0x0000, 0x0000, 0x0000, 0x0001, 0x0021, 0x0841, 0x0861, 0x1061, 0x2081, 0x28C2, 0x38A1, 0xC386, 0xFCE7, 0x9AA4, 0x38C1,
    0x3922, 0x38E1, 0xD407, 0xB325, 0x28A1, 0x30A1, 0xCBA7, 0xC3A7, 0x30C1, 0x2923, 0x18C3, 0x2B6E, 0x5619, 0x19C7, 0x2903, 0x20C2,
    0x7A24, 0xFCE8, 0xCBA6, 0x3902, 0x2923, 0x1904, 0x1104, 0x1145, 0x0105, 0x238F, 0x579F, 0x23F1, 0x00E4, 0x0125, 0x00E5, 0x00C4,
    0x00A3, 0x0083, 0x0083, 0x0083, 0x0083, 0x0083, 0x0083, 0x0083, 0x0083, 0x0083, 0x0083, 0x00A3, 0x0083, 0x0062, 0x38E2, 0x71C2,
    0x89E1, 0x81C1, 0x81A0, 0x9A21, 0xC324, 0xDBA4, 0xDBA4, 0xD383, 0xCB85, 0xCCAD, 0xD616, 0xCE59, 0xC638, 0xC638, 0xC638, 0xC638,
    0xC638, 0xC638, 0xC638, 0xC658, 0xCE59, 0xC638, 0xC618, 0xCE58, 0xDEDB, 0xF79E, 0xFFFF, 0xFFFF, 0xFFFF, 0xFFDF, 0xD6BA, 0xBDF7,
    0xC618, 0xCE59, 0xC638, 0xC618, 0xC638, 0xC638, 0xCE79, 0xD679, 0xD69A, 0xCE79, 0xC638, 0xC618, 0xC618, 0xC638, 0xC638, 0xC618,
    0xBDF7, 0xD69A, 0xFFDF, 0xFFFF, 0xFFFF, 0xFFFF, 0xF79E, 0xDEFB, 0xCE59, 0xC618, 0xC638, 0xC638, 0xC638, 0xC638, 0xC638, 0xC638,
    0xC638, 0xC638, 0xC638, 0xC638, 0xCE59, 0xD616, 0xCCCD, 0xCB85, 0xD383, 0xDBA4, 0xDBC4, 0xC344, 0x9A21, 0x8180, 0x81A0, 0x89E1,
    0x79C2, 0x3902, 0x0862, 0x0083, 0x0083, 0x0083, 0x0083, 0x0083, 0x0083, 0x0083, 0x0083, 0x0083, 0x0083, 0x0083, 0x0083, 0x00A4,
    0x00C4, 0x00E5, 0x0126, 0x00E5, 0x2C72, 0x5FDF, 0x1BAF, 0x0146, 0x0187, 0x0167, 0x0188, 0x01A8, 0x0229, 0x46DB, 0x57FF, 0x2472,
    0x01A8, 0x0167, 0x0A6B, 0x4E5A, 0x1B4E, 0x00E5, 0x0105, 0x00E5, 0x00C4, 0x00C4, 0x00E5, 0x00C4, 0x23D0, 0x45B8, 0x01A8, 0x01C8,
    0x01A8, 0x2D14, 0x5FFF, 0x4639, 0x01A8, 0x0166, 0x0105, 0x00A3, 0x0083, 0x0042, 0x0021, 0x0021, 0x0001, 0x0000, 0x0000, 0x0000,
    0x0000, 0x0000, 0x0000, 0x0000, 0x0000, 0x0000, 0x0020, 0x0000, 0x528A, 0xFFFF, 0xFFFF, 0xFFFF, 0xFFFF, 0xFFFF, 0xFFFF, 0xFFFF,
    0xFFFF, 0xFFFF, 0xFFFF, 0xFFFF, 0xFFFF, 0xFFFF, 0xFFFF, 0xB596, 0x0000, 0x0000, 0x0000, 0x0000, 0x0000, 0x0000, 0x0000, 0x0000,
    0x0000, 0x0000, 0x0000, 0x0000, 0x0001, 0x0021, 0x0021, 0x0841, 0x1061, 0x1881, 0x28C2, 0x28A1, 0x79E3, 0xFCC7, 0xE426, 0x5141,
    0x3902, 0x28A1, 0x7203, 0xF4A8, 0x6182, 0x2081, 0x71C3, 0xFCC9, 0x71E3, 0x28C2, 0x2903, 0x1125, 0x4576, 0x3C72, 0x18C3, 0x2923,
    0x28C1, 0xBB86, 0xFD08, 0x92A4, 0x28E2, 0x2924, 0x1904, 0x1105, 0x0945, 0x0105, 0x3515, 0x575E, 0x12AC, 0x00E5, 0x0125, 0x00C4,
    0x00A4, 0x0083, 0x0083, 0x0083, 0x0083, 0x0083, 0x0083, 0x0083, 0x0083, 0x0083, 0x0083, 0x0083, 0x00A3, 0x00A3, 0x0063, 0x1082,
    0x5142, 0x81E2, 0x89E1, 0x81A0, 0x81A0, 0xA262, 0xCB64, 0xDBC4, 0xDBA4, 0xD363, 0xCBE7, 0xD530, 0xD637, 0xCE59, 0xC638, 0xC638,
    0xC638, 0xC638, 0xC658, 0xC638, 0xC638, 0xC638, 0xC638, 0xC638, 0xC618, 0xC638, 0xD69A, 0xE71C, 0xEF7D, 0xFFDF, 0xFFFF, 0xE73C,
    0xCE59, 0xC638, 0xC638, 0xCE59, 0xC638, 0xC638, 0xC638, 0xC638, 0xC638, 0xC638, 0xC638, 0xC658, 0xC638, 0xC638, 0xC638, 0xCE58,
    0xE71C, 0xFFFF, 0xFFDF, 0xF79E, 0xE71C, 0xD69A, 0xC638, 0xC618, 0xC638, 0xC638, 0xC638, 0xC638, 0xC638, 0xC638, 0xC638, 0xC638,
    0xC638, 0xC638, 0xCE59, 0xD637, 0xD550, 0xCBC7, 0xCB63, 0xDBA3, 0xDBC4, 0xCB64, 0xAA82, 0x89A0, 0x8180, 0x89C1, 0x81E2, 0x5962,
    0x1882, 0x0063, 0x0083, 0x0083, 0x0083, 0x0083, 0x0083, 0x0083, 0x0083, 0x0083, 0x0083, 0x0083, 0x0083, 0x0083, 0x00A4, 0x00A4,
    0x00E5, 0x0126, 0x00E5, 0x1AED, 0x57BF, 0x3535, 0x0167, 0x0187, 0x0167, 0x0187, 0x01C8, 0x01A8, 0x2CF4, 0x57FF, 0x4659, 0x01E8,
    0x01A8, 0x0146, 0x34B4, 0x35B8, 0x01A8, 0x00C5, 0x0105, 0x00E5, 0x00C4, 0x00E4, 0x00E4, 0x0187, 0x45D9, 0x1B6F, 0x0146, 0x01C8,
    0x0AAB, 0x4F5D, 0x5FFF, 0x1BAF, 0x0146, 0x0146, 0x00E4, 0x00A3, 0x0062, 0x0042, 0x0021, 0x0021, 0x0000, 0x0000, 0x0000, 0x0000,
    0x0000, 0x0000, 0x0000, 0x0000, 0x0000, 0x0000, 0x0000, 0x0000, 0xAD75, 0xFFFF, 0xFFDF, 0xFFFF, 0xFFFF, 0xFFFF, 0xFFFF, 0xFFFF,
    0xFFFF, 0xFFFF, 0xFFFF, 0xFFFF, 0xFFFF, 0xFFFF, 0xFFFF, 0xF7BE, 0x2104, 0x0000, 0x0000, 0x0000, 0x0000, 0x0000, 0x0000, 0x0000,
    0x0000, 0x0000, 0x0001, 0x0000, 0x0001, 0x0001, 0x0021, 0x0841, 0x0861, 0x1061, 0x20A1, 0x28C2, 0x38C1, 0xCBC6, 0xFCE7, 0x9284,
    0x30C1, 0x3102, 0x30A1, 0xCBC7, 0xCBC7, 0x4102, 0x38C1, 0xC386, 0xD408, 0x38C1, 0x2923, 0x18C2, 0x1A6A, 0x5639, 0x2249, 0x20C2,
    0x2903, 0x5183, 0xEC88, 0xF488, 0x61A3, 0x2903, 0x2104, 0x1104, 0x0925, 0x0125, 0x01A7, 0x4E9B, 0x4EBB, 0x01C8, 0x00E5, 0x0105,
    0x00C4, 0x00A3, 0x0083, 0x0083, 0x0083, 0x0083, 0x0083, 0x0083, 0x0083, 0x0083, 0x0083, 0x0083, 0x0083, 0x0083, 0x00A3, 0x0083,
    0x0062, 0x28C2, 0x6982, 0x89E2, 0x89C1, 0x81A0, 0x89C0, 0xAA82, 0xCB64, 0xDBC4, 0xDBA3, 0xCB63, 0xCC29, 0xD572, 0xCE58, 0xCE59,
    0xC638, 0xC638, 0xC638, 0xC638, 0xC638, 0xC638, 0xC638, 0xC638, 0xC638, 0xC638, 0xC638, 0xC618, 0xC638, 0xCE59, 0xD69A, 0xE71C,
    0xDEDB, 0xC638, 0xC638, 0xC638, 0xC638, 0xC638, 0xC638, 0xC658, 0xC638, 0xC638, 0xC638, 0xC658, 0xC658, 0xC638, 0xCE38, 0xDEDB,
    0xDEFB, 0xD69A, 0xCE59, 0xC638, 0xC618, 0xC638, 0xC638, 0xC638, 0xC638, 0xC638, 0xC638, 0xC638, 0xC638, 0xC638, 0xC638, 0xC638,
    0xC659, 0xCE58, 0xD592, 0xCC29, 0xCB63, 0xD383, 0xDBA4, 0xD364, 0xB282, 0x89C0, 0x8180, 0x89C1, 0x89E2, 0x69A2, 0x30C2, 0x0062,
    0x0083, 0x0083, 0x0083, 0x0083, 0x0083, 0x0083, 0x0083, 0x0083, 0x0083, 0x0083, 0x0083, 0x0083, 0x0083, 0x0084, 0x00A4, 0x00C4,
    0x0105, 0x0105, 0x0A09, 0x4EFC, 0x467A, 0x01C8, 0x0166, 0x0167, 0x0167, 0x01A8, 0x01C8, 0x134E, 0x57BE, 0x579E, 0x12ED, 0x0187,
    0x0187, 0x0126, 0x1AAC, 0x34F5, 0x34D4, 0x124A, 0x00E5, 0x00E5, 0x00E5, 0x0105, 0x00C4, 0x23F1, 0x3D77, 0x0167, 0x01A8, 0x01A8,
    0x2CF4, 0x5FFF, 0x4E79, 0x01C8, 0x0166, 0x0105, 0x00C4, 0x0082, 0x0042, 0x0021, 0x0021, 0x0001, 0x0001, 0x0000, 0x0000, 0x0000,
    0x0000, 0x0000, 0x0000, 0x0000, 0x0000, 0x0000, 0x0000, 0x18E3, 0xF79E, 0xFFFF, 0xFFFF, 0xFFFF, 0xFFFF, 0xFFFF, 0xFFFF, 0xFFFF,
    0xFFFF, 0xFFFF, 0xFFFF, 0xFFFF, 0xFFFF, 0xFFFF, 0xFFDF, 0xFFFF, 0x73AE, 0x0000, 0x0020, 0x0000, 0x0000, 0x0000, 0x0000, 0x0000,
    0x0000, 0x0000, 0x0001, 0x0001, 0x0000, 0x0000, 0x0021, 0x0021, 0x0841, 0x1061, 0x1881, 0x28C2, 0x28A1, 0x7A23, 0xFCE7, 0xDC06,
    0x4921, 0x3902, 0x28A1, 0x71C3, 0xE46A, 0x5983, 0x28C2, 0x6182, 0xFCE9, 0x8A64, 0x20A1, 0x2903, 0x08A2, 0x3C72, 0x4556, 0x1104,
    0x2923, 0x28E2, 0x92A5, 0xFD09, 0xCBA6, 0x30E2, 0x2104, 0x1104, 0x0905, 0x0946, 0x0146, 0x12EC, 0x573D, 0x3D97, 0x0167, 0x00E5,
    0x00C4, 0x00A4, 0x0083, 0x0083, 0x0083, 0x0083, 0x0083, 0x0083, 0x0083, 0x0083, 0x0083, 0x0083, 0x0083, 0x0083, 0x0083, 0x0083,
    0x00A3, 0x0083, 0x0862, 0x3902, 0x71A2, 0x9202, 0x89C1, 0x81A0, 0x89C0, 0xAA82, 0xCB64, 0xDBC4, 0xDBA3, 0xCB84, 0xCC4A, 0xD5B3,
    0xCE58, 0xCE59, 0xC638, 0xC638, 0xC638, 0xC638, 0xC638, 0xC638, 0xC639, 0xC638, 0xC638, 0xCE59, 0xC638, 0xC638, 0xC618, 0xC618,
    0xC638, 0xC638, 0xC638, 0xC638, 0xC638, 0xC638, 0xC638, 0xC638, 0xC638, 0xC638, 0xC638, 0xC638, 0xC658, 0xC638, 0xC638, 0xC638,
    0xC618, 0xC618, 0xC638, 0xC638, 0xC659, 0xC658, 0xC638, 0xC638, 0xC638, 0xC638, 0xC638, 0xC638, 0xC638, 0xC638, 0xC659, 0xCE59,
    0xD5B3, 0xCC6A, 0xCB64, 0xD363, 0xDBA4, 0xCB64, 0xB282, 0x91C0, 0x8180, 0x89C1, 0x91E2, 0x79A2, 0x40E2, 0x0862, 0x0063, 0x0083,
    0x0083, 0x0083, 0x0083, 0x0083, 0x0083, 0x0083, 0x0083, 0x0083, 0x0083, 0x0083, 0x0083, 0x0083, 0x0083, 0x00A4, 0x00C4, 0x0105,
    0x0126, 0x0187, 0x4619, 0x4F9E, 0x12CC, 0x0126, 0x0167, 0x0167, 0x0188, 0x01C8, 0x024A, 0x4EBB, 0x67FF, 0x2CD4, 0x0167, 0x0187,
    0x0146, 0x0105, 0x00A4, 0x0967, 0x2C11, 0x3D56, 0x236F, 0x0147, 0x0105, 0x00E5, 0x09C8, 0x4DF9, 0x1B2E, 0x0126, 0x01A8, 0x0A8B,
    0x575D, 0x5FFF, 0x23D0, 0x0146, 0x0146, 0x00C4, 0x00A3, 0x0062, 0x0042, 0x0021, 0x0021, 0x0000, 0x0000, 0x0000, 0x0000, 0x0000,
    0x0000, 0x0000, 0x0000, 0x0000, 0x0000, 0x0020, 0x0000, 0x738E, 0xFFFF, 0xFFDF, 0xFFFF, 0xFFFF, 0xFFFF, 0xFFFF, 0xFFFF, 0xFFFF,
    0xFFFF, 0xFFFF, 0xFFFF, 0xFFFF, 0xFFFF, 0xFFFF, 0xFFFF, 0xFFFF, 0xD6BA, 0x0020, 0x0000, 0x0000, 0x0000, 0x0000, 0x0000, 0x0000,
    0x0000, 0x0000, 0x0000, 0x0000, 0x0000, 0x0001, 0x0001, 0x0021, 0x0841, 0x0861, 0x1081, 0x20A1, 0x28C2, 0x38C1, 0xCBC6, 0xFCE7,
    0x9284, 0x30A1, 0x3902, 0x38E2, 0x4102, 0x30E2, 0x3103, 0x28A1, 0xAB05, 0xE468, 0x38E1, 0x20E3, 0x18C2, 0x1186, 0x55F8, 0x2B8F,
    0x18C3, 0x2944, 0x3902, 0xC3A7, 0xFCE8, 0x8A64, 0x18A2, 0x1904, 0x0905, 0x0946, 0x0187, 0x01A8, 0x35D8, 0x5FFF, 0x1AED, 0x00C4,
    0x00E5, 0x00A4, 0x0083, 0x0083, 0x0083, 0x0083, 0x0083, 0x0083, 0x0083, 0x0083, 0x0083, 0x0083, 0x0083, 0x0083, 0x0083, 0x0083,
    0x0083, 0x0083, 0x0083, 0x0063, 0x1082, 0x4922, 0x79C2, 0x91E1, 0x89C1, 0x81A0, 0x89C0, 0xAA82, 0xCB64, 0xDBC4, 0xDBA3, 0xD3A5,
    0xCC8B, 0xD5B3, 0xCE58, 0xCE59, 0xC638, 0xC638, 0xC638, 0xC638, 0xC638, 0xC638, 0xC638, 0xC638, 0xC638, 0xC638, 0xC638, 0xC638,
    0xC638, 0xC638, 0xC638, 0xC638, 0xC638, 0xC638, 0xC638, 0xC638, 0xC638, 0xC638, 0xC638, 0xC658, 0xC658, 0xC638, 0xC638, 0xC638,
    0xC638, 0xC638, 0xC638, 0xC638, 0xC638, 0xC638, 0xC638, 0xC638, 0xC638, 0xC638, 0xC638, 0xC638, 0xC659, 0xCE59, 0xD5D4, 0xCC8C,
    0xCBA5, 0xD383, 0xDBA4, 0xCB64, 0xAA82, 0x89C1, 0x81A0, 0x89C1, 0x91E1, 0x79E2, 0x4922, 0x1082, 0x0062, 0x0083, 0x0083, 0x0083,
    0x0083, 0x0083, 0x0083, 0x0083, 0x0083, 0x0083, 0x0083, 0x0083, 0x0083, 0x0083, 0x0083, 0x0083, 0x00A4, 0x00C4, 0x00E5, 0x0106,
    0x0126, 0x3515, 0x5FFF, 0x2431, 0x0167, 0x01A8, 0x0167, 0x0167, 0x01C8, 0x01A8, 0x3555, 0x5FFF, 0x4EBA, 0x022A, 0x0188, 0x0146,
    0x0105, 0x00E4, 0x00E5, 0x00C4, 0x00A3, 0x1B6E, 0x3D36, 0x1209, 0x0105, 0x00E5, 0x3453, 0x3D57, 0x0187, 0x01A8, 0x0187, 0x2D14,
    0x5FFF, 0x4E7A, 0x01E8, 0x0167, 0x0105, 0x00A4, 0x0083, 0x0062, 0x0041, 0x0021, 0x0021, 0x0000, 0x0000, 0x0000, 0x0000, 0x0000,
    0x0000, 0x0000, 0x0000, 0x0000, 0x0000, 0x0000, 0x0020, 0xD69A, 0xFFFF, 0xFFFF, 0xFFFF, 0xFFFF, 0xFFFF, 0xFFFF, 0xFFFF, 0xFFFF,
    0xFFFF, 0xFFFF, 0xFFFF, 0xFFFF, 0xFFFF, 0xFFFF, 0xFFFF, 0xFFFF, 0xFFFF, 0x4A69, 0x0000, 0x0020, 0x0000, 0x0000, 0x0000, 0x0000,
    0x0000, 0x0000, 0x0000, 0x0000, 0x0000, 0x0001, 0x0001, 0x0021, 0x0021, 0x0841, 0x1061, 0x1881, 0x28C2, 0x28A1, 0x71E3, 0xFCC7,
    0xE427, 0x5122, 0x38E2, 0x30E2, 0x28E2, 0x28E2, 0x28E2, 0x28E2, 0x4101, 0xE448, 0xA2E5, 0x1881, 0x2103, 0x10A2, 0x2B2D, 0x5E5A,
    0x1A28, 0x20E3, 0x2903, 0x5162, 0xE447, 0xF488, 0x51C4, 0x10E4, 0x1145, 0x0946, 0x01C8, 0x3D76, 0x5FBF, 0x2431, 0x0146, 0x0126,
    0x00E5, 0x00C4, 0x00A4, 0x00A4, 0x00A4, 0x00A4, 0x0083, 0x0063, 0x00A3, 0x0083, 0x0083, 0x0083, 0x0083, 0x0083, 0x0083, 0x0083,
    0x0083, 0x0083, 0x0083, 0x0083, 0x0083, 0x0062, 0x1882, 0x5142, 0x79E2, 0x89E2, 0x89C1, 0x81A0, 0x89C0, 0xA262, 0xC324, 0xDBA4,
    0xDBA3, 0xD3C5, 0xD48B, 0xD5B3, 0xCE58, 0xCE59, 0xC638, 0xC638, 0xC638, 0xC638, 0xC638, 0xC638, 0xC638, 0xC638, 0xC638, 0xC638,
    0xC638, 0xC638, 0xC638, 0xC638, 0xC638, 0xC658, 0xC638, 0xC638, 0xC638, 0xC638, 0xC638, 0xC658, 0xC658, 0xC658, 0xC658, 0xC638,
    0xC638, 0xC638, 0xC638, 0xC638, 0xC638, 0xC638, 0xC638, 0xC638, 0xC638, 0xC638, 0xCE59, 0xCE58, 0xCDD4, 0xCCAC, 0xCBA5, 0xD383,
    0xDB84, 0xC324, 0xA242, 0x89C1, 0x81A0, 0x89C1, 0x89E2, 0x79C2, 0x5122, 0x1882, 0x0062, 0x0083, 0x0083, 0x0083, 0x0083, 0x0083,
    0x0083, 0x0083, 0x0083, 0x0083, 0x0083, 0x0083, 0x0083, 0x00A3, 0x0063, 0x0083, 0x0083, 0x00A3, 0x00A4, 0x00C4, 0x0105, 0x0105,
    0x2C11, 0x57FF, 0x2D97, 0x01A8, 0x01E9, 0x01A8, 0x0187, 0x01A8, 0x0187, 0x1BCF, 0x57DF, 0x5FBE, 0x134E, 0x01A8, 0x0167, 0x0105,
    0x00E5, 0x00C4, 0x00C4, 0x00C4, 0x0105, 0x2C32, 0x236E, 0x00E5, 0x00E5, 0x126B, 0x4E3A, 0x12CD, 0x0167, 0x01A8, 0x0AAC, 0x4F7D,
    0x5FFF, 0x1B8F, 0x0167, 0x0146, 0x00C4, 0x0083, 0x0062, 0x0042, 0x0021, 0x0021, 0x0001, 0x0001, 0x0000, 0x0000, 0x0000, 0x0000,
    0x0000, 0x0000, 0x0000, 0x0000, 0x0020, 0x0000, 0x4A49, 0xFFFF, 0xFFFF, 0xFFFF, 0xFFFF, 0xFFFF, 0xFFFF, 0xFFFF, 0xFFFF, 0xFFFF,
    0xFFFF, 0xFFFF, 0xFFFF, 0xFFFF, 0xFFFF, 0xFFFF, 0xFFFF, 0xFFFF, 0xFFFF, 0xB5B6, 0x0000, 0x0000, 0x0000, 0x0000, 0x0000, 0x0000,
    0x0000, 0x0000, 0x0000, 0x0000, 0x0001, 0x0000, 0x0001, 0x0021, 0x0021, 0x0841, 0x1061, 0x1861, 0x20A1, 0x28C2, 0x38A1, 0xC386,
    0xFCE7, 0xA2E5, 0x38C1, 0x3102, 0x28E2, 0x28E2, 0x28E2, 0x28E2, 0x2081, 0x69A2, 0xF488, 0x69E3, 0x18A2, 0x2103, 0x0904, 0x4515,
    0x4D76, 0x1104, 0x2103, 0x18A2, 0x7204, 0xD449, 0x51C4, 0x1104, 0x0946, 0x01A7, 0x45D8, 0x57DF, 0x1BF0, 0x0146, 0x0167, 0x0146,
    0x0105, 0x00E5, 0x00E5, 0x00C4, 0x00C4, 0x0083, 0x00E5, 0x0926, 0x0083, 0x00A4, 0x0083, 0x0083, 0x0083, 0x0083, 0x0083, 0x0083,
    0x0083, 0x0083, 0x0083, 0x0083, 0x0083, 0x0083, 0x0083, 0x0062, 0x18A2, 0x4922, 0x79C2, 0x89E1, 0x89C1, 0x81A0, 0x89A0, 0x9A21,
    0xB2C3, 0xCB64, 0xDBA4, 0xD3C5, 0xD48B, 0xD592, 0xCE38, 0xCE59, 0xC639, 0xC638, 0xC638, 0xC638, 0xC638, 0xC638, 0xC638, 0xC638,
    0xC638, 0xC638, 0xC638, 0xC638, 0xC638, 0xC638, 0xC638, 0xC638, 0xC658, 0xC638, 0xC638, 0xC638, 0xC658, 0xC658, 0xC658, 0xC638,
    0xC638, 0xC638, 0xC638, 0xC638, 0xC638, 0xC638, 0xC638, 0xC638, 0xCE59, 0xCE38, 0xD593, 0xCC8C, 0xCBC6, 0xD384, 0xCB64, 0xB2C3,
    0x9A01, 0x81A0, 0x81A0, 0x89C1, 0x89E2, 0x79C2, 0x4922, 0x1882, 0x0062, 0x0083, 0x0083, 0x0083, 0x0083, 0x0083, 0x0083, 0x0083,
    0x0083, 0x0083, 0x0083, 0x0083, 0x0083, 0x00A3, 0x00A4, 0x0083, 0x0946, 0x0905, 0x00A3, 0x00A4, 0x00C4, 0x0105, 0x0126, 0x0126,
    0x1B4E, 0x4F3D, 0x4F3D, 0x1B8F, 0x01A8, 0x0209, 0x01E9, 0x01A8, 0x0A6B, 0x4F3C, 0x57FF, 0x2C93, 0x01A8, 0x0188, 0x0126, 0x00E5,
    0x00C4, 0x00C4, 0x00C4, 0x00A3, 0x232E, 0x34B4, 0x0146, 0x00E5, 0x0146, 0x3D77, 0x34F5, 0x0167, 0x01C8, 0x01A8, 0x3576, 0x5FFF,
    0x4618, 0x01A7, 0x0187, 0x0105, 0x00A4, 0x0082, 0x0062, 0x0041, 0x0021, 0x0001, 0x0000, 0x0000, 0x0000, 0x0000, 0x0000, 0x0000,
    0x0000, 0x0000, 0x0000, 0x0000, 0x0000, 0x0000, 0xB595, 0xFFFF, 0xFFFF, 0xFFFF, 0xFFFF, 0xFFFF, 0xFFFF, 0xFFFF, 0xFFFF, 0xFFFF,
    0xFFFF, 0xFFFF, 0xFFFF, 0xFFFF, 0xFFFF, 0xFFFF, 0xFFFF, 0xFFFF, 0xFFFF, 0xFFDF, 0x2965, 0x0000, 0x0000, 0x0000, 0x0000, 0x0000,
    0x0000, 0x0000, 0x0000, 0x0000, 0x0001, 0x0000, 0x0000, 0x0001, 0x0021, 0x0021, 0x0841, 0x1061, 0x1881, 0x28C2, 0x28A1, 0x69A3,
    0xFCA7, 0xF467, 0x6182, 0x30E2, 0x30E2, 0x28C2, 0x28E2, 0x20A1, 0x28A1, 0x9AA4, 0xF4A8, 0x8285, 0x18A2, 0x2104, 0x10E4, 0x11C8,
    0x4DD8, 0x2BAF, 0x10A3, 0x18E3, 0x20C2, 0x2903, 0x10E3, 0x0905, 0x0125, 0x0187, 0x3D56, 0x57BF, 0x136E, 0x0167, 0x01A8, 0x0167,
    0x0126, 0x0125, 0x0105, 0x0105, 0x00E5, 0x0063, 0x22CC, 0x3473, 0x0987, 0x0063, 0x00A4, 0x00A3, 0x0083, 0x0083, 0x0083, 0x0083,
    0x0083, 0x0083, 0x0083, 0x0083, 0x0083, 0x0083, 0x0083, 0x0083, 0x0083, 0x0062, 0x1082, 0x4102, 0x71A2, 0x89E2, 0x91E1, 0x89C1,
    0x81A0, 0x89C1, 0xA262, 0xBB03, 0xCB64, 0xD3C5, 0xD46A, 0xD551, 0xCE17, 0xCE59, 0xC659, 0xC638, 0xC638, 0xC638, 0xC638, 0xC638,
    0xC638, 0xC638, 0xC638, 0xC638, 0xC638, 0xC638, 0xC638, 0xC638, 0xC638, 0xC638, 0xC638, 0xC658, 0xC658, 0xC638, 0xC638, 0xC638,
    0xC638, 0xC638, 0xC638, 0xC638, 0xC638, 0xC659, 0xCE59, 0xCE37, 0xD572, 0xD46A, 0xD3A5, 0xCB43, 0xBB03, 0xA262, 0x89C1, 0x81A0,
    0x81A0, 0x89E1, 0x89E2, 0x71A2, 0x4102, 0x1082, 0x0062, 0x0083, 0x0083, 0x0083, 0x0083, 0x0083, 0x0083, 0x0083, 0x0083, 0x0083,
    0x0083, 0x0083, 0x0083, 0x0083, 0x00A3, 0x00A4, 0x0063, 0x09A8, 0x3C93, 0x230D, 0x0083, 0x00C5, 0x0105, 0x0105, 0x0146, 0x0187,
    0x0167, 0x130D, 0x573D, 0x57BF, 0x1C10, 0x01E8, 0x022A, 0x020A, 0x3E39, 0x57FF, 0x3DD7, 0x01A8, 0x01A8, 0x0146, 0x0105, 0x00E4,
    0x00C4, 0x00E4, 0x00A3, 0x09E9, 0x3CF5, 0x126A, 0x00C4, 0x00E4, 0x236F, 0x4E5B, 0x0A4B, 0x0188, 0x01A8, 0x134E, 0x57BF, 0x5FBF,
    0x1B2D, 0x0146, 0x0146, 0x00E4, 0x0083, 0x0062, 0x0042, 0x0021, 0x0021, 0x0001, 0x0001, 0x0001, 0x0000, 0x0000, 0x0000, 0x0000,
    0x0000, 0x0000, 0x0000, 0x0000, 0x0000, 0x2124, 0xFFDF, 0xFFFF, 0xFFFF, 0xFFFF, 0xFFFF, 0xFFFF, 0xFFFF, 0xFFFF, 0xFFFF, 0xFFFF,
    0xFFFF, 0xFFFF, 0xFFFF, 0xFFFF, 0xFFFF, 0xFFFF, 0xFFFF, 0xFFFF, 0xFFDF, 0xFFFF, 0x94B2, 0x0000, 0x0000, 0x0000, 0x0000, 0x0000,
    0x0000, 0x0000, 0x0000, 0x0000, 0x0000, 0x0000, 0x0000, 0x0001, 0x0021, 0x0021, 0x0841, 0x0861, 0x1061, 0x20A1, 0x28C2, 0x30A1,
    0xB325, 0xFCE7, 0xBB46, 0x38C1, 0x30E2, 0x28E2, 0x28C2, 0x4922, 0xC3A6, 0xEC89, 0x69E3, 0x20A1, 0x18E3, 0x1904, 0x10C4, 0x0105,
    0x34B4, 0x4D77, 0x1146, 0x10C3, 0x10E4, 0x10E4, 0x00C3, 0x1A6A, 0x2B8F, 0x0125, 0x0187, 0x4639, 0x5F9E, 0x130D, 0x0167, 0x0126,
    0x0A09, 0x4576, 0x12AC, 0x00C5, 0x0105, 0x00C4, 0x0126, 0x23AF, 0x3472, 0x09C8, 0x0083, 0x00A4, 0x00A3, 0x0083, 0x0083, 0x0083,
    0x0083, 0x0083, 0x0083, 0x0083, 0x0083, 0x0083, 0x0083, 0x0083, 0x0083, 0x00A3, 0x0083, 0x0083, 0x1082, 0x30E2, 0x6182, 0x81E2,
    0x9201, 0x91E1, 0x89A0, 0x81A0, 0x9201, 0xA262, 0xBAE2, 0xCB64, 0xD428, 0xD52F, 0xD5F5, 0xCE58, 0xC659, 0xC638, 0xC638, 0xC638,
    0xC638, 0xC638, 0xC638, 0xC638, 0xC638, 0xC638, 0xC638, 0xC638, 0xC638, 0xC638, 0xC638, 0xC638, 0xC638, 0xC638, 0xC638, 0xC638,
    0xC638, 0xC638, 0xC638, 0xC659, 0xCE59, 0xD616, 0xD530, 0xD429, 0xCB64, 0xBAE2, 0xAA62, 0x9201, 0x81A0, 0x81A0, 0x89E1, 0x9201,
    0x81E2, 0x6182, 0x30E2, 0x1082, 0x0063, 0x0083, 0x0083, 0x0083, 0x0083, 0x0083, 0x0083, 0x0083, 0x0083, 0x0083, 0x0083, 0x0083,
    0x0083, 0x0083, 0x0083, 0x00A3, 0x00A4, 0x0063, 0x11E9, 0x3C93, 0x2BD0, 0x0946, 0x00C4, 0x0105, 0x00E5, 0x09C8, 0x0187, 0x0187,
    0x01C8, 0x01A8, 0x0AAC, 0x46FB, 0x57FF, 0x2493, 0x0209, 0x3556, 0x57FF, 0x4EFB, 0x022A, 0x0167, 0x0146, 0x0105, 0x00E4, 0x00C4,
    0x00C4, 0x00C4, 0x0105, 0x3452, 0x2BD0, 0x00E5, 0x00E4, 0x01A7, 0x4619, 0x2411, 0x0167, 0x01E9, 0x01E9, 0x4659, 0x5FFF, 0x3D96,
    0x0167, 0x0166, 0x0105, 0x00A3, 0x0083, 0x0062, 0x0041, 0x0021, 0x0001, 0x0000, 0x0001, 0x0000, 0x0000, 0x0000, 0x0000, 0x0000,
    0x0000, 0x0000, 0x0000, 0x0020, 0x0000, 0x8C71, 0xFFFF, 0xFFFF, 0xFFFF, 0xFFFF, 0xFFFF, 0xFFFF, 0xFFFF, 0xFFFF, 0xFFFF, 0xFFFF,
    0xFFFF, 0xFFFF, 0xFFFF, 0xFFFF, 0xFFFF, 0xFFFF, 0xFFFF, 0xFFFF, 0xFFFF, 0xFFFF, 0xF79E, 0x18E3, 0x0000, 0x0000, 0x0000, 0x0000,
    0x0000, 0x0000, 0x0000, 0x0000, 0x0000, 0x0000, 0x0000, 0x0000, 0x0001, 0x0021, 0x0841, 0x0841, 0x1061, 0x1881, 0x20A2, 0x28A2,
    0x5142, 0xEC47, 0xFCA7, 0x71E3, 0x28C1, 0x2903, 0x2081, 0xA347, 0xCBE8, 0x4102, 0x1081, 0x18E3, 0x18E3, 0x10A3, 0x0987, 0x3CD4,
    0x4577, 0x1A4A, 0x08C4, 0x08E4, 0x10E4, 0x00A3, 0x1A6A, 0x45B8, 0x465A, 0x1B0D, 0x0105, 0x022A, 0x56DB, 0x5F5D, 0x0A6B, 0x0A09,
    0x4619, 0x4F7E, 0x4E9B, 0x124A, 0x00C4, 0x0125, 0x00C4, 0x0105, 0x238F, 0x3493, 0x122A, 0x0083, 0x00A4, 0x00A4, 0x0083, 0x0083,
    0x0083, 0x0083, 0x0083, 0x0083, 0x0083, 0x0083, 0x0083, 0x0083, 0x0083, 0x0083, 0x0083, 0x00A3, 0x0083, 0x0083, 0x0082, 0x20C2,
    0x4942, 0x71C2, 0x8A02, 0x9201, 0x89E1, 0x81A0, 0x81A0, 0x9201, 0xA241, 0xB2C3, 0xC386, 0xD48C, 0xD592, 0xD637, 0xCE79, 0xC659,
    0xC638, 0xC638, 0xC638, 0xC638, 0xC638, 0xC638, 0xC638, 0xC638, 0xC638, 0xC638, 0xC638, 0xC638, 0xC638, 0xC638, 0xC638, 0xC638,
    0xC658, 0xCE79, 0xD658, 0xD5B3, 0xD4CD, 0xC3A7, 0xB2C3, 0xA241, 0x91E1, 0x81A0, 0x81A0, 0x89C1, 0x91E1, 0x89E2, 0x71C2, 0x4942,
    0x20C2, 0x0062, 0x0083, 0x0083, 0x0083, 0x0083, 0x0083, 0x0083, 0x0083, 0x0083, 0x0083, 0x0083, 0x0083, 0x0083, 0x0083, 0x0083,
    0x0083, 0x0083, 0x00A4, 0x0083, 0x0083, 0x1A4A, 0x3CB4, 0x2B8F, 0x0105, 0x00C4, 0x0105, 0x00C4, 0x128B, 0x569B, 0x23B0, 0x0147,
    0x01A8, 0x01C8, 0x01A8, 0x0A6B, 0x4EBB, 0x57FF, 0x3638, 0x4FDF, 0x5F9E, 0x130D, 0x0147, 0x0166, 0x0105, 0x00E4, 0x00C4, 0x00C4,
    0x00E5, 0x00A4, 0x234E, 0x3CD4, 0x0987, 0x00E5, 0x00E5, 0x3493, 0x4598, 0x01A8, 0x01A8, 0x01A8, 0x2431, 0x5FFF, 0x577D, 0x0AAB,
    0x0146, 0x0125, 0x00C4, 0x0083, 0x0062, 0x0042, 0x0021, 0x0021, 0x0001, 0x0000, 0x0000, 0x0000, 0x0000, 0x0000, 0x0000, 0x0000,
    0x0000, 0x0000, 0x0000, 0x0000, 0x10A2, 0xEF7D, 0xFFFF, 0xFFFF, 0xFFFF, 0xFFFF, 0xFFFF, 0xFFFF, 0xFFFF, 0xFFFF, 0xFFFF, 0xFFFF,
    0xFFFF, 0xFFFF, 0xFFFF, 0xFFFF, 0xFFFF, 0xFFFF, 0xFFFF, 0xFFFF, 0xFFFF, 0xFFFF, 0xFFFF, 0x8C51, 0x0000, 0x0000, 0x0000, 0x0000,
    0x0000, 0x0000, 0x0000, 0x0000, 0x0000, 0x0000, 0x0000, 0x0000, 0x0001, 0x0021, 0x0021, 0x0841, 0x0861, 0x1061, 0x1881, 0x28C2,
    0x2881, 0x8A84, 0xFCE8, 0xD3E7, 0x38E1, 0x20C2, 0x20C2, 0x3902, 0x28C2, 0x1082, 0x18E3, 0x18E3, 0x08A3, 0x1A4A, 0x4577, 0x3CF5,
    0x09A8, 0x00C4, 0x08E4, 0x0904, 0x00E4, 0x1B0D, 0x4DF9, 0x2493, 0x2D15, 0x4619, 0x1ACC, 0x0126, 0x0AAB, 0x5F3D, 0x46BB, 0x469B,
    0x4E9B, 0x132D, 0x4639, 0x4EDC, 0x126B, 0x0105, 0x0146, 0x0105, 0x0105, 0x232E, 0x3CB3, 0x1AAC, 0x00A4, 0x00A4, 0x00A4, 0x0083,
    0x0083, 0x0083, 0x0083, 0x0083, 0x0083, 0x0083, 0x0083, 0x0083, 0x0083, 0x0083, 0x0083, 0x0083, 0x00A3, 0x00A3, 0x00A3, 0x0083,
    0x0063, 0x0882, 0x28E2, 0x5962, 0x79C2, 0x89E1, 0x91E1, 0x89C1, 0x89A0, 0x89C0, 0x89E0, 0x9A01, 0xAAA2, 0xBBA7, 0xCCCE, 0xD5D5,
    0xD679, 0xCE79, 0xCE59, 0xC638, 0xC638, 0xC638, 0xC638, 0xC638, 0xC638, 0xC638, 0xC638, 0xC638, 0xC639, 0xC659, 0xCE79, 0xD678,
    0xD5F5, 0xCCEF, 0xBBA8, 0xAAA3, 0x9A01, 0x89C0, 0x81A0, 0x81A0, 0x89C1, 0x91E1, 0x8A01, 0x79C2, 0x5162, 0x30E2, 0x0882, 0x0062,
    0x0083, 0x0083, 0x0083, 0x0083, 0x0083, 0x0083, 0x0083, 0x0083, 0x0083, 0x0083, 0x0083, 0x0083, 0x0083, 0x0083, 0x0083, 0x0083,
    0x0083, 0x00A4, 0x0083, 0x00A4, 0x1ACC, 0x3CD4, 0x232E, 0x00E4, 0x00C4, 0x0125, 0x00C4, 0x128B, 0x4EFC, 0x467A, 0x0A6A, 0x0167,
    0x0188, 0x01E9, 0x01A8, 0x01C8, 0x0A6B, 0x467A, 0x57FF, 0x57FF, 0x2411, 0x0147, 0x0167, 0x0125, 0x00E5, 0x00C4, 0x00A4, 0x00C4,
    0x00A4, 0x122A, 0x3D36, 0x12AC, 0x00E5, 0x00C4, 0x12CC, 0x4E5A, 0x12AC, 0x0146, 0x01C8, 0x0A8B, 0x4F3C, 0x5FFF, 0x34D3, 0x0146,
    0x0146, 0x00E4, 0x00A3, 0x0062, 0x0042, 0x0021, 0x0021, 0x0001, 0x0001, 0x0000, 0x0000, 0x0000, 0x0000, 0x0000, 0x0000, 0x0000,
    0x0000, 0x0000, 0x0020, 0x0000, 0x7BEF, 0xFFFF, 0xFFFF, 0xFFFF, 0xFFFF, 0xFFFF, 0xFFFF, 0xFFFF, 0xFFFF, 0xFFFF, 0xFFFF, 0xFFFF,
    0xFFFF, 0xFFFF, 0xFFFF, 0xFFFF, 0xFFFF, 0xFFFF, 0xFFFF, 0xFFFF, 0xFFFF, 0xFFFF, 0xFFFF, 0xEF7D, 0x10A2, 0x0000, 0x0000, 0x0000,
    0x0000, 0x0000, 0x0000, 0x0000, 0x0000, 0x0000, 0x0000, 0x0000, 0x0000, 0x0001, 0x0021, 0x0021, 0x0841, 0x0861, 0x1081, 0x20A1,
    0x28C2, 0x38C1, 0xCBC6, 0xFD08, 0x9AE6, 0x1881, 0x20E3, 0x10A2, 0x10A2, 0x18E3, 0x10C3, 0x08E4, 0x234E, 0x4DB8, 0x2BF1, 0x0105,
    0x00C4, 0x0905, 0x00E4, 0x0105, 0x2BF0, 0x4E3A, 0x2493, 0x130D, 0x134E, 0x45D8, 0x3C93, 0x0146, 0x0146, 0x134E, 0x5FDF, 0x4E9A,
    0x0A8B, 0x0126, 0x0A29, 0x467A, 0x4EFC, 0x12AC, 0x0105, 0x0146, 0x0105, 0x00E4, 0x1AAB, 0x3CB3, 0x232E, 0x00E5, 0x0083, 0x00A4,
    0x00A3, 0x0083, 0x0083, 0x0083, 0x0083, 0x0083, 0x0083, 0x0083, 0x0083, 0x00A3, 0x0083, 0x0083, 0x00A3, 0x0083, 0x0083, 0x0083,
    0x00A3, 0x0083, 0x0083, 0x0063, 0x1082, 0x30E2, 0x5962, 0x79C2, 0x89E1, 0x9201, 0x91E1, 0x89C1, 0x89A0, 0x89A0, 0x89C0, 0x9263,
    0xA368, 0xBC8F, 0xCDB4, 0xD658, 0xD679, 0xCE99, 0xCE79, 0xC659, 0xC659, 0xCE79, 0xCE79, 0xD699, 0xD658, 0xCDB4, 0xBCAF, 0xAB69,
    0x9263, 0x89C0, 0x8180, 0x81A0, 0x89A0, 0x89C1, 0x91E1, 0x89E2, 0x79C2, 0x5962, 0x30E2, 0x1082, 0x0062, 0x0083, 0x00A3, 0x0083,
    0x0083, 0x0083, 0x0083, 0x0083, 0x0083, 0x0083, 0x0083, 0x0083, 0x0083, 0x0083, 0x0083, 0x0083, 0x0083, 0x0083, 0x00A3, 0x00A3,
    0x00A4, 0x0063, 0x00E5, 0x2B6F, 0x3CB4, 0x1AAC, 0x00C4, 0x00E4, 0x0126, 0x00C4, 0x12AB, 0x4F1D, 0x469A, 0x0A4A, 0x0146, 0x0146,
    0x12CC, 0x565A, 0x12ED, 0x01A8, 0x01C8, 0x022A, 0x4E39, 0x34F4, 0x0167, 0x0167, 0x0125, 0x00E5, 0x00C4, 0x00A4, 0x00C4, 0x00C4,
    0x0146, 0x34B4, 0x2BF1, 0x0106, 0x0105, 0x0187, 0x45D8, 0x2C52, 0x0126, 0x01C8, 0x01A8, 0x3576, 0x5FFF, 0x4EDA, 0x01E9, 0x0167,
    0x0125, 0x00C4, 0x0083, 0x0062, 0x0041, 0x0021, 0x0021, 0x0001, 0x0000, 0x0000, 0x0000, 0x0000, 0x0000, 0x0000, 0x0000, 0x0000,
    0x0000, 0x0000, 0x0000, 0x1082, 0xE73C, 0xFFFF, 0xFFFF, 0xFFFF, 0xFFFF, 0xFFFF, 0xFFFF, 0xFFFF, 0xFFFF, 0xFFFF, 0xFFFF, 0xFFFF,
    0xFFFF, 0xFFFF, 0xFFFF, 0xFFFF, 0xFFFF, 0xFFFF, 0xFFFF, 0xFFFF, 0xFFFF, 0xFFFF, 0xFFFF, 0xFFFF, 0x7BEF, 0x0000, 0x0020, 0x0000,
    0x0000, 0x0000, 0x0000, 0x0000, 0x0000, 0x0000, 0x0000, 0x0000, 0x0000, 0x0000, 0x0021, 0x0021, 0x0841, 0x0841, 0x1061, 0x1881,
    0x20A2, 0x2081, 0x61A3, 0xECA9, 0x9AE6, 0x18A2, 0x18C3, 0x10C3, 0x10C3, 0x08C3, 0x0966, 0x3472, 0x4DB8, 0x1ACC, 0x00A3, 0x00C4,
    0x08E4, 0x08E5, 0x0966, 0x3493, 0x463A, 0x2452, 0x132D, 0x1B4E, 0x1B4E, 0x230D, 0x0967, 0x0125, 0x0167, 0x12CC, 0x3D15, 0x0A4A,
    0x0147, 0x0187, 0x0167, 0x0A4A, 0x467A, 0x573D, 0x1B0D, 0x0105, 0x0146, 0x0105, 0x00C4, 0x1229, 0x3472, 0x2BD0, 0x0967, 0x0083,
    0x00A4, 0x00A4, 0x0083, 0x0083, 0x0083, 0x0083, 0x0083, 0x0083, 0x0083, 0x0083, 0x0083, 0x0083, 0x0083, 0x0083, 0x0083, 0x0083,
    0x0083, 0x0083, 0x0083, 0x00A3, 0x0083, 0x0083, 0x0063, 0x10A2, 0x28E2, 0x4942, 0x69A2, 0x81E2, 0x9202, 0x9201, 0x91E1, 0x89C0,
    0x8180, 0x8180, 0x8A02, 0x92C6, 0xABAA, 0xBCAF, 0xC574, 0xCE17, 0xCE17, 0xC594, 0xBCAF, 0xA3AB, 0x92C6, 0x8A02, 0x8180, 0x8180,
    0x89A0, 0x89C1, 0x91E1, 0x9201, 0x89E2, 0x71A2, 0x4942, 0x28E2, 0x1082, 0x0062, 0x0083, 0x0083, 0x00A3, 0x0083, 0x0083, 0x0083,
    0x0083, 0x0083, 0x0083, 0x0083, 0x0083, 0x0083, 0x0083, 0x0083, 0x0083, 0x0083, 0x0083, 0x0083, 0x0083, 0x0083, 0x00A3, 0x00A3,
    0x0083, 0x0987, 0x33F1, 0x3453, 0x11E9, 0x00A4, 0x0105, 0x0126, 0x00C4, 0x1B0D, 0x4F3D, 0x465A, 0x0A2A, 0x0146, 0x0167, 0x0126,
    0x0A0A, 0x45F9, 0x4577, 0x0188, 0x0188, 0x0187, 0x01C8, 0x01A8, 0x0146, 0x0125, 0x00E4, 0x00C4, 0x00C4, 0x00A4, 0x00C4, 0x00C4,
    0x2BB0, 0x3493, 0x0187, 0x0105, 0x0105, 0x34B4, 0x45B8, 0x01A8, 0x01A8, 0x0188, 0x1B8E, 0x5FDF, 0x5FDF, 0x1B4E, 0x0146, 0x0146,
    0x00E4, 0x00A3, 0x0062, 0x0042, 0x0021, 0x0021, 0x0021, 0x0000, 0x0000, 0x0000, 0x0000, 0x0000, 0x0000, 0x0000, 0x0000, 0x0000,
    0x0000, 0x0020, 0x0000, 0x73AE, 0xFFFF, 0xFFFF, 0xFFFF, 0xFFFF, 0xFFFF, 0xFFFF, 0xFFFF, 0xFFFF, 0xFFFF, 0xFFFF, 0xFFFF, 0xFFFF,
    0xFFFF, 0xFFFF, 0xFFFF, 0xFFFF, 0xFFFF, 0xFFFF, 0xFFFF, 0xFFFF, 0xFFFF, 0xFFFF, 0xFFFF, 0xFFFF, 0xE73C, 0x10A2, 0x0000, 0x0000,
    0x0000, 0x0000, 0x0000, 0x0000, 0x0000, 0x0000, 0x0000, 0x0000, 0x0000, 0x0000, 0x0001, 0x0021, 0x0021, 0x0841, 0x0861, 0x1061,
    0x1082, 0x18A2, 0x20A2, 0x4163, 0x20A2, 0x10C3, 0x10E4, 0x10E4, 0x08E4, 0x0105, 0x44B3, 0x4557, 0x09E9, 0x00A3, 0x08C4, 0x08C4,
    0x00A3, 0x00A4, 0x09A8, 0x45D8, 0x35D8, 0x138F, 0x1B2E, 0x236E, 0x1AAC, 0x0105, 0x00E5, 0x0126, 0x09C9, 0x0A2A, 0x01A8, 0x0126,
    0x12AC, 0x3CF5, 0x0A6B, 0x0146, 0x0A09, 0x4619, 0x577D, 0x238F, 0x0105, 0x0126, 0x0125, 0x00C4, 0x0987, 0x2BF0, 0x3473, 0x124A,
    0x00A4, 0x0083, 0x00A4, 0x00A3, 0x0083, 0x0083, 0x0083, 0x0083, 0x0083, 0x0083, 0x0083, 0x0083, 0x0083, 0x0083, 0x0083, 0x0083,
    0x0083, 0x0083, 0x0083, 0x0083, 0x0083, 0x0083, 0x00A3, 0x00A3, 0x0083, 0x0083, 0x0883, 0x18A2, 0x3902, 0x5962, 0x71A2, 0x89E2,
    0x9202, 0x9201, 0x91C0, 0x89A0, 0x8180, 0x8180, 0x81C2, 0x9265, 0x9264, 0x81C1, 0x8180, 0x8160, 0x89A0, 0x89C0, 0x91E1, 0x9202,
    0x89E2, 0x79C2, 0x5962, 0x4122, 0x20C2, 0x0882, 0x0063, 0x0083, 0x0083, 0x00A3, 0x0083, 0x0083, 0x0083, 0x0083, 0x0083, 0x0083,
    0x0083, 0x0083, 0x0083, 0x0083, 0x0083, 0x0083, 0x0083, 0x0083, 0x0083, 0x0083, 0x0083, 0x0083, 0x00A3, 0x00A3, 0x0083, 0x00A4,
    0x1A6B, 0x3C93, 0x2BD0, 0x0967, 0x00A4, 0x0105, 0x0105, 0x00E4, 0x23AF, 0x577E, 0x3E18, 0x09E9, 0x0105, 0x01E8, 0x34D4, 0x0AAB,
    0x0106, 0x01E9, 0x12AC, 0x0A2A, 0x0167, 0x0146, 0x0126, 0x0126, 0x0105, 0x00E5, 0x00C4, 0x00C4, 0x00A4, 0x00C4, 0x0083, 0x1AAC,
    0x3CF5, 0x0A09, 0x00E5, 0x00E5, 0x1B4E, 0x4E5B, 0x12AC, 0x0167, 0x01C8, 0x022A, 0x4EDB, 0x5FFF, 0x3D55, 0x0166, 0x0167, 0x0105,
    0x00A3, 0x0083, 0x0062, 0x0041, 0x0021, 0x0001, 0x0000, 0x0000, 0x0000, 0x0000, 0x0000, 0x0000, 0x0000, 0x0000, 0x0000, 0x0000,
    0x0000, 0x0000, 0x1082, 0xE73C, 0xFFFF, 0xFFFF, 0xFFFF, 0xFFFF, 0xFFFF, 0xFFFF, 0xFFFF, 0xFFFF, 0xFFFF, 0xFFFF, 0xFFFF, 0xFFFF,
    0xFFFF, 0xFFFF, 0xFFFF, 0xFFFF, 0xFFFF, 0xFFFF, 0xFFFF, 0xFFFF, 0xFFFF, 0xFFFF, 0xFFFF, 0xFFFF, 0xFFFF, 0x7BEF, 0x0000, 0x0020,
    0x0000, 0x0000, 0x0000, 0x0000, 0x0000, 0x0000, 0x0000, 0x0000, 0x0000, 0x0000, 0x0001, 0x0021, 0x0021, 0x0041, 0x0841, 0x0861,
    0x0882, 0x1082, 0x10A2, 0x10A2, 0x10C4, 0x1105, 0x08E4, 0x00E5, 0x0925, 0x0125, 0x122A, 0x0987, 0x00A4, 0x08E4, 0x00C4, 0x0062,
    0x1187, 0x0987, 0x00A3, 0x124A, 0x4619, 0x3577, 0x1BD0, 0x1AAC, 0x0105, 0x00E5, 0x0105, 0x0987, 0x09C8, 0x0167, 0x0106, 0x126B,
    0x4619, 0x46FC, 0x3DD8, 0x0A2A, 0x0126, 0x01C9, 0x3D96, 0x579E, 0x2432, 0x0126, 0x0126, 0x0926, 0x00E5, 0x0125, 0x232D, 0x3C93,
    0x234E, 0x0126, 0x0083, 0x00A3, 0x00A4, 0x00A3, 0x00A3, 0x0083, 0x0083, 0x0083, 0x0083, 0x0083, 0x0083, 0x0083, 0x0083, 0x0083,
    0x0083, 0x0083, 0x0083, 0x0083, 0x0083, 0x0083, 0x0083, 0x0083, 0x00A3, 0x00A3, 0x0083, 0x0083, 0x0063, 0x0063, 0x0882, 0x20C2,
    0x3902, 0x5962, 0x71A2, 0x81E2, 0x9202, 0x91E1, 0x91E0, 0x89A0, 0x89A0, 0x91C1, 0x91E1, 0x9202, 0x81E2, 0x71C2, 0x5962, 0x4122,
    0x28C2, 0x1082, 0x0062, 0x0063, 0x0083, 0x0083, 0x00A3, 0x0083, 0x0083, 0x0083, 0x0083, 0x0083, 0x0083, 0x0083, 0x0083, 0x0083,
    0x0083, 0x0083, 0x0083, 0x0083, 0x0083, 0x0083, 0x0083, 0x0083, 0x0083, 0x0083, 0x0083, 0x00A3, 0x00A3, 0x0063, 0x0946, 0x2B8F,
    0x3CB4, 0x230D, 0x0105, 0x00C4, 0x0926, 0x0105, 0x0105, 0x2C72, 0x57BF, 0x3D96, 0x01C8, 0x0105, 0x09C8, 0x3D56, 0x46DC, 0x4619,
    0x128B, 0x0126, 0x0167, 0x01A8, 0x0187, 0x0125, 0x00E5, 0x00E5, 0x00C4, 0x00C4, 0x00A4, 0x00C4, 0x00E4, 0x00A3, 0x09E9, 0x3CD4,
    0x1ACC, 0x00E5, 0x00E5, 0x0A09, 0x4E3A, 0x23F1, 0x0146, 0x01E9, 0x01A7, 0x3576, 0x5FFF, 0x56FB, 0x0229, 0x0166, 0x0125, 0x00C4,
    0x0083, 0x0062, 0x0042, 0x0021, 0x0021, 0x0001, 0x0000, 0x0000, 0x0000, 0x0000, 0x0000, 0x0000, 0x0000, 0x0000, 0x0000, 0x0000,
    0x0020, 0x0000, 0x73CE, 0xFFFF, 0xFFFF, 0xFFFF, 0xFFFF, 0xFFFF, 0xFFFF, 0xFFFF, 0xFFFF, 0xFFFF, 0xFFFF, 0xFFFF, 0xFFFF, 0xFFFF,
    0xFFFF, 0xFFFF, 0xFFFF, 0xFFFF, 0xFFFF, 0xFFFF, 0xFFFF, 0xFFFF, 0xFFFF, 0xFFFF, 0xFFFF, 0xFFFF, 0xFFFF, 0xEF5D, 0x10C2, 0x0000,
    0x0000, 0x0000, 0x0000, 0x0000, 0x0000, 0x0000, 0x0000, 0x0000, 0x0000, 0x0000, 0x0000, 0x0000, 0x0021, 0x0021, 0x0041, 0x0841,
    0x0861, 0x0882, 0x0883, 0x10C3, 0x08E4, 0x0105, 0x1AAC, 0x1ACC, 0x0126, 0x0966, 0x0105, 0x00E5, 0x00E5, 0x00E4, 0x0083, 0x1209,
    0x4556, 0x3452, 0x00E5, 0x00C4, 0x1B0D, 0x567B, 0x2C12, 0x0126, 0x0125, 0x0126, 0x09A8, 0x09A8, 0x0146, 0x00E5, 0x0A2A, 0x4E3A,
    0x3D77, 0x0ACC, 0x45F9, 0x45F8, 0x0A2A, 0x0126, 0x01A7, 0x2CD4, 0x579E, 0x3535, 0x01A8, 0x0105, 0x0946, 0x0105, 0x00C4, 0x1209,
    0x3411, 0x3432, 0x122A, 0x00A4, 0x0083, 0x00A4, 0x00A4, 0x00A3, 0x0083, 0x0083, 0x0083, 0x0083, 0x0083, 0x0083, 0x0083, 0x0083,
    0x0083, 0x0083, 0x0083, 0x0083, 0x0083, 0x0083, 0x0083, 0x0083, 0x0083, 0x0083, 0x0083, 0x0083, 0x0083, 0x0083, 0x0083, 0x0083,
    0x0063, 0x0063, 0x0882, 0x20A2, 0x3902, 0x5162, 0x69A2, 0x79C2, 0x79C2, 0x69A2, 0x5162, 0x3902, 0x20C2, 0x0882, 0x0063, 0x0063,
    0x0083, 0x0083, 0x00A3, 0x00A3, 0x0083, 0x00A3, 0x0083, 0x0083, 0x0083, 0x0083, 0x0083, 0x0083, 0x0083, 0x0083, 0x0083, 0x0083,
    0x0083, 0x0083, 0x0083, 0x0083, 0x0083, 0x0083, 0x0083, 0x0083, 0x0083, 0x00A3, 0x00A3, 0x0083, 0x00A3, 0x1A4A, 0x3C52, 0x3411,
    0x11E9, 0x00A3, 0x00E4, 0x0926, 0x00E5, 0x09A8, 0x3D76, 0x57BF, 0x2CB3, 0x0167, 0x0105, 0x0A09, 0x45D8, 0x4639, 0x0AAC, 0x3515,
    0x4E5A, 0x0A6B, 0x0105, 0x0126, 0x0167, 0x0987, 0x0105, 0x00C4, 0x00C4, 0x00A4, 0x00C4, 0x00C4, 0x00C4, 0x0966, 0x3493, 0x23B0,
    0x0105, 0x0105, 0x0126, 0x3D57, 0x3D16, 0x0167, 0x01C8, 0x01A8, 0x1BAF, 0x57DF, 0x5FDF, 0x1BAF, 0x0146, 0x0146, 0x00E4, 0x00A3,
    0x0062, 0x0062, 0x0041, 0x0021, 0x0001, 0x0001, 0x0000, 0x0000, 0x0000, 0x0000, 0x0000, 0x0000, 0x0000, 0x0000, 0x0000, 0x0000,
    0x0000, 0x10A2, 0xE73C, 0xFFFF, 0xFFFF, 0xFFFF, 0xFFFF, 0xFFFF, 0xFFFF, 0xFFFF, 0xFFFF, 0xFFFF, 0xFFFF, 0xFFFF, 0xFFFF, 0xFFFF,
    0xFFFF, 0xFFFF, 0xFFFF, 0xFFFF, 0xFFFF, 0xFFFF, 0xFFFF, 0xFFFF, 0xFFFF, 0xFFFF, 0xFFFF, 0xFFFF, 0xFFFF, 0xFFFF, 0x8C71, 0x0000,
    0x0000, 0x0000, 0x0000, 0x0000, 0x0000, 0x0000, 0x0000, 0x0000, 0x0000, 0x0000, 0x0000, 0x0000, 0x0001, 0x0021, 0x0021, 0x0041,
    0x0041, 0x0062, 0x0082, 0x08A3, 0x00C4, 0x1A8B, 0x5F7E, 0x4EDB, 0x0A29, 0x0167, 0x0146, 0x0105, 0x00E5, 0x00A3, 0x1AAC, 0x45B8,
    0x2C93, 0x34B3, 0x2BB0, 0x00E5, 0x0106, 0x1AAC, 0x0187, 0x0106, 0x0146, 0x122A, 0x0A2A, 0x0146, 0x00C4, 0x0A09, 0x4E19, 0x3D56,
    0x01E9, 0x0147, 0x0A2A, 0x3DD8, 0x463A, 0x0A6B, 0x0126, 0x0167, 0x2411, 0x577E, 0x465A, 0x128B, 0x00E5, 0x0105, 0x0905, 0x00A3,
    0x0105, 0x230D, 0x3473, 0x2B6F, 0x0967, 0x0083, 0x0083, 0x00A4, 0x00A3, 0x0083, 0x0083, 0x0083, 0x0083, 0x0083, 0x0083, 0x0083,
    0x0083, 0x0083, 0x0083, 0x0083, 0x0083, 0x0083, 0x0083, 0x0083, 0x0083, 0x0083, 0x0083, 0x0083, 0x0083, 0x0083, 0x0083, 0x0083,
    0x00A3, 0x00A3, 0x0083, 0x0083, 0x0083, 0x0063, 0x0082, 0x1082, 0x10A2, 0x0082, 0x0063, 0x0063, 0x0083, 0x0083, 0x00A3, 0x00A3,
    0x0083, 0x0083, 0x0083, 0x0083, 0x0083, 0x0083, 0x0083, 0x0083, 0x0083, 0x0083, 0x0083, 0x0083, 0x0083, 0x0083, 0x0083, 0x0083,
    0x0083, 0x0083, 0x0083, 0x0083, 0x0083, 0x0083, 0x0083, 0x00A3, 0x00A4, 0x0083, 0x0083, 0x0987, 0x2BB0, 0x3C94, 0x230D, 0x0105,
    0x00A3, 0x08E4, 0x00E5, 0x00C4, 0x128B, 0x4E9A, 0x577E, 0x23F0, 0x0146, 0x0106, 0x126B, 0x463A, 0x3DF8, 0x0A4A, 0x0147, 0x01A8,
    0x3515, 0x4E3A, 0x124B, 0x00C5, 0x0125, 0x0167, 0x09A8, 0x0105, 0x00A4, 0x00C4, 0x00C4, 0x00C4, 0x0105, 0x3432, 0x2C32, 0x0126,
    0x0105, 0x00E5, 0x2C53, 0x45D9, 0x01E9, 0x0188, 0x01C8, 0x0A8B, 0x4F1C, 0x5FFF, 0x3555, 0x0167, 0x0166, 0x0105, 0x00C3, 0x0083,
    0x0062, 0x0041, 0x0021, 0x0001, 0x0001, 0x0000, 0x0001, 0x0000, 0x0000, 0x0000, 0x0000, 0x0000, 0x0000, 0x0000, 0x0000, 0x0000,
    0x0000, 0x8C51, 0xFFFF, 0xFFDF, 0xFFFF, 0xFFFF, 0xFFFF, 0xFFFF, 0xFFFF, 0xFFFF, 0xFFFF, 0xFFFF, 0xFFFF, 0xFFFF, 0xFFFF, 0xFFFF,
    0xFFFF, 0xFFFF, 0xFFFF, 0xFFFF, 0xFFFF, 0xFFFF, 0xFFFF, 0xFFFF, 0xFFFF, 0xFFFF, 0xFFFF, 0xFFFF, 0xFFFF, 0xFFFF, 0xF7BE, 0x2945,
    0x0000, 0x0000, 0x0000, 0x0000, 0x0000, 0x0000, 0x0000, 0x0000, 0x0000, 0x0000, 0x0000, 0x0000, 0x0000, 0x0001, 0x0021, 0x0021,
    0x0041, 0x0042, 0x0082, 0x00A3, 0x00E4, 0x09C8, 0x467A, 0x57FF, 0x3DB7, 0x0187, 0x0167, 0x0146, 0x00E5, 0x234E, 0x3DB8, 0x23D1,
    0x0105, 0x0A09, 0x4556, 0x234E, 0x00C4, 0x00E5, 0x0105, 0x0146, 0x1ACD, 0x1ACC, 0x0167, 0x00C4, 0x09C8, 0x45D9, 0x34F5, 0x0187,
    0x0188, 0x01C9, 0x0188, 0x01C9, 0x3536, 0x467B, 0x1B2E, 0x0167, 0x0187, 0x1B2E, 0x4EDB, 0x573D, 0x1B8F, 0x0125, 0x08E4, 0x0904,
    0x08C4, 0x00A3, 0x11E8, 0x3411, 0x3C73, 0x1ACC, 0x0105, 0x0083, 0x00A3, 0x00A4, 0x00A3, 0x0083, 0x0083, 0x0083, 0x0083, 0x0083,
    0x0083, 0x0083, 0x0083, 0x0083, 0x0083, 0x0083, 0x0083, 0x0083, 0x0083, 0x0083, 0x0083, 0x0083, 0x0083, 0x0083, 0x0083, 0x0083,
    0x0083, 0x0083, 0x0083, 0x0083, 0x00A3, 0x00A3, 0x0083, 0x0083, 0x0083, 0x0083, 0x00A3, 0x00A3, 0x0083, 0x0083, 0x0083, 0x0083,
    0x0083, 0x0083, 0x0083, 0x0083, 0x0083, 0x0083, 0x0083, 0x0083, 0x0083, 0x0083, 0x0083, 0x0083, 0x0083, 0x0083, 0x0083, 0x0083,
    0x0083, 0x0083, 0x0083, 0x0083, 0x0083, 0x00A3, 0x00A3, 0x0083, 0x0063, 0x0925, 0x230D, 0x3CB4, 0x3411, 0x11E9, 0x00A3, 0x08C4,
    0x08E4, 0x08E4, 0x0105, 0x23B0, 0x573E, 0x4EBB, 0x130D, 0x0167, 0x0147, 0x1B2E, 0x4E9B, 0x3556, 0x01C8, 0x0188, 0x01C9, 0x0187,
    0x01A8, 0x3515, 0x4DF9, 0x1209, 0x00C4, 0x0125, 0x09A8, 0x09E9, 0x0105, 0x00C4, 0x00C4, 0x00C4, 0x2BD0, 0x34B4, 0x0987, 0x00E5,
    0x00C5, 0x236F, 0x4E5B, 0x12AC, 0x0147, 0x01E8, 0x01C8, 0x3DD8, 0x5FFF, 0x4EBA, 0x0209, 0x0167, 0x0125, 0x00C4, 0x0083, 0x0062,
    0x0042, 0x0021, 0x0021, 0x0001, 0x0001, 0x0001, 0x0000, 0x0000, 0x0000, 0x0000, 0x0000, 0x0000, 0x0000, 0x0000, 0x0000, 0x0000,
    0x2124, 0xF7BE, 0xFFFF, 0xFFFF, 0xFFFF, 0xFFFF, 0xFFFF, 0xFFFF, 0xFFFF, 0xFFFF, 0xFFFF, 0xFFFF, 0xFFFF, 0xFFFF, 0xFFFF, 0xFFFF,
    0xFFFF, 0xFFFF, 0xFFFF, 0xFFFF, 0xFFFF, 0xFFFF, 0xFFFF, 0xFFFF, 0xFFFF, 0xFFFF, 0xFFFF, 0xFFFF, 0xFFFF, 0xFFFF, 0xFFFF, 0xAD95,
    0x0000, 0x0000, 0x0000, 0x0000, 0x0000, 0x0000, 0x0000, 0x0000, 0x0000, 0x0000, 0x0000, 0x0000, 0x0000, 0x0000, 0x0021, 0x0021,
    0x0041, 0x0041, 0x0062, 0x00A3, 0x0105, 0x0105, 0x12AB, 0x4F5D, 0x57FF, 0x2C52, 0x0146, 0x0187, 0x0105, 0x238F, 0x3DF9, 0x0A6B,
    0x00E5, 0x0106, 0x128B, 0x4515, 0x1AAC, 0x00C4, 0x0167, 0x234E, 0x238F, 0x0187, 0x00C4, 0x09E9, 0x45D8, 0x34D4, 0x0126, 0x0146,
    0x0188, 0x0188, 0x01A8, 0x01A8, 0x01A7, 0x2C93, 0x4EDC, 0x2432, 0x01A8, 0x0167, 0x0A29, 0x3556, 0x5F9E, 0x2B8F, 0x00C3, 0x0904,
    0x1105, 0x1104, 0x08C3, 0x0925, 0x22CC, 0x3C72, 0x3432, 0x1A6B, 0x00E5, 0x0063, 0x0083, 0x00A3, 0x00A3, 0x0083, 0x0083, 0x0083,
    0x0083, 0x0083, 0x0083, 0x0083, 0x0083, 0x0083, 0x0083, 0x0083, 0x0083, 0x0083, 0x0083, 0x0083, 0x0083, 0x0083, 0x0083, 0x0083,
    0x0083, 0x0083, 0x0083, 0x0083, 0x0083, 0x0083, 0x0083, 0x0083, 0x0083, 0x0083, 0x0083, 0x0083, 0x0083, 0x0083, 0x0083, 0x0083,
    0x0083, 0x0083, 0x0083, 0x0083, 0x0083, 0x0083, 0x0083, 0x0083, 0x0083, 0x0083, 0x0083, 0x0083, 0x0083, 0x0083, 0x0083, 0x0083,
    0x0083, 0x0083, 0x0083, 0x00A3, 0x00A3, 0x0083, 0x0062, 0x00E4, 0x1A8B, 0x3C73, 0x3C93, 0x22AC, 0x0905, 0x08C3, 0x10E4, 0x10E4,
    0x08E4, 0x00C3, 0x33F0, 0x5FBF, 0x3536, 0x09E9, 0x0126, 0x01A8, 0x2C52, 0x571D, 0x2CD4, 0x0188, 0x0188, 0x01A8, 0x01A8, 0x01A8,
    0x0187, 0x0167, 0x3493, 0x45D8, 0x120A, 0x00C4, 0x0125, 0x09E9, 0x124A, 0x0126, 0x00A4, 0x234E, 0x3CF5, 0x09E9, 0x00E5, 0x00E5,
    0x12AC, 0x4E7B, 0x23B0, 0x0126, 0x01C8, 0x0187, 0x2C93, 0x5FFF, 0x579E, 0x130D, 0x0166, 0x0146, 0x00E4, 0x00A3, 0x0062, 0x0042,
    0x0021, 0x0021, 0x0021, 0x0000, 0x0000, 0x0000, 0x0000, 0x0000, 0x0000, 0x0000, 0x0000, 0x0000, 0x0000, 0x0000, 0x0000, 0x0000,
    0xA534, 0xFFFF, 0xFFFF, 0xFFFF, 0xFFFF, 0xFFFF, 0xFFFF, 0xFFFF, 0xFFFF, 0xFFFF, 0xFFFF, 0xFFFF, 0xFFFF, 0xFFFF, 0xFFFF, 0xFFFF,
    0xFFFF, 0xFFFF, 0xFFFF, 0xFFFF, 0xFFFF, 0xFFFF, 0xFFFF, 0xFFFF, 0xFFFF, 0xFFFF, 0xFFFF, 0xFFFF, 0xFFFF, 0xFFFF, 0xFFFF, 0xFFFF,
    0x4228, 0x0000, 0x0000, 0x0000, 0x0000, 0x0000, 0x0000, 0x0000, 0x0000, 0x0000, 0x0000, 0x0000, 0x0000, 0x0000, 0x0021, 0x0021,
    0x0021, 0x0042, 0x0062, 0x0083, 0x00C4, 0x0126, 0x0126, 0x23F0, 0x57DF, 0x579E, 0x1B4E, 0x0146, 0x0187, 0x0146, 0x2CB3, 0x45F9,
    0x0A0A, 0x0126, 0x00E5, 0x1AAB, 0x3CD4, 0x12AC, 0x236F, 0x2BF1, 0x09A8, 0x00C4, 0x0A09, 0x45D9, 0x34F5, 0x0126, 0x0105, 0x0126,
    0x12CC, 0x4DF8, 0x12ED, 0x0187, 0x09E9, 0x01A8, 0x23F1, 0x4EBC, 0x3536, 0x0A2A, 0x0126, 0x0166, 0x2BD0, 0x1A6A, 0x1104, 0x2944,
    0x18E3, 0x10E4, 0x1925, 0x10E4, 0x08C3, 0x0966, 0x230D, 0x3472, 0x2C11, 0x1A4A, 0x00E5, 0x0063, 0x0083, 0x00A4, 0x00A3, 0x00A3,
    0x00A3, 0x0083, 0x0083, 0x0083, 0x0083, 0x0083, 0x0083, 0x0083, 0x0063, 0x0083, 0x0083, 0x0083, 0x0083, 0x0083, 0x0083, 0x0083,
    0x0083, 0x0083, 0x0083, 0x0083, 0x0083, 0x0083, 0x0083, 0x0083, 0x0083, 0x0083, 0x0083, 0x0083, 0x0083, 0x0083, 0x0083, 0x0083,
    0x0083, 0x0083, 0x0083, 0x0083, 0x0083, 0x0083, 0x0083, 0x0083, 0x0083, 0x0083, 0x0063, 0x0083, 0x0083, 0x0083, 0x0083, 0x0083,
    0x00A3, 0x00A3, 0x00A4, 0x0083, 0x0063, 0x00E4, 0x1A4A, 0x3411, 0x3C73, 0x230D, 0x0946, 0x08A3, 0x10E4, 0x1904, 0x10E4, 0x18E3,
    0x2944, 0x1125, 0x1A6A, 0x238F, 0x0126, 0x0125, 0x0A2A, 0x3D77, 0x56FD, 0x2411, 0x01C8, 0x01C9, 0x0187, 0x132D, 0x4DD8, 0x0A8B,
    0x0167, 0x0126, 0x0105, 0x3493, 0x45D8, 0x0A09, 0x00C4, 0x0146, 0x124A, 0x128B, 0x1B2E, 0x3CD4, 0x1209, 0x00E5, 0x0105, 0x0A09,
    0x4E3A, 0x2C73, 0x0147, 0x01C8, 0x0188, 0x1B6E, 0x5FBE, 0x5FFF, 0x2431, 0x0146, 0x0166, 0x0105, 0x00C4, 0x0082, 0x0062, 0x0041,
    0x0021, 0x0021, 0x0000, 0x0000, 0x0000, 0x0000, 0x0000, 0x0000, 0x0000, 0x0000, 0x0000, 0x0000, 0x0000, 0x0000, 0x0000, 0x39E7,
    0xFFFF, 0xFFFF, 0xFFFF, 0xFFFF, 0xFFFF, 0xFFFF, 0xFFFF, 0xFFFF, 0xFFFF, 0xFFFF, 0xFFFF, 0xFFFF, 0xFFFF, 0xFFFF, 0xFFFF, 0xFFFF,
    0xFFFF, 0xFFFF, 0xFFFF, 0xFFFF, 0xFFFF, 0xFFFF, 0xFFFF, 0xFFFF, 0xFFFF, 0xFFFF, 0xFFFF, 0xFFFF, 0xFFFF, 0xFFFF, 0xFFFF, 0xFFFF,
    0xCE79, 0x0020, 0x0000, 0x0000, 0x0000, 0x0000, 0x0000, 0x0000, 0x0000, 0x0000, 0x0000, 0x0000, 0x0000, 0x0001, 0x0001, 0x0001,
    0x0021, 0x0041, 0x0042, 0x0062, 0x00A3, 0x00E5, 0x0146, 0x0146, 0x3515, 0x57FF, 0x4F1C, 0x0A8B, 0x01A8, 0x01A8, 0x01A8, 0x3D76,
    0x3D97, 0x0188, 0x0105, 0x00C4, 0x1ACC, 0x3D36, 0x2C12, 0x09A8, 0x00C4, 0x0A09, 0x45F9, 0x3D15, 0x0146, 0x00E5, 0x0126, 0x00E5,
    0x3CF4, 0x5FFF, 0x4F5D, 0x23F0, 0x01E9, 0x0A2A, 0x01A8, 0x12ED, 0x4E19, 0x232E, 0x0105, 0x1166, 0x0925, 0x1966, 0x3164, 0xC428,
    0xAB87, 0x4163, 0x18E3, 0x1904, 0x1904, 0x10C3, 0x08A3, 0x0966, 0x232D, 0x3472, 0x3411, 0x1A8B, 0x0126, 0x0083, 0x0083, 0x00A3,
    0x00A4, 0x00A3, 0x0083, 0x0083, 0x0083, 0x0083, 0x0083, 0x0083, 0x0083, 0x0083, 0x0083, 0x0083, 0x0083, 0x0083, 0x0083, 0x0083,
    0x0083, 0x0083, 0x0083, 0x0083, 0x0083, 0x0083, 0x0083, 0x0083, 0x0083, 0x0083, 0x0083, 0x0083, 0x0083, 0x0083, 0x0083, 0x0083,
    0x0083, 0x0083, 0x0083, 0x0083, 0x0083, 0x0083, 0x0083, 0x0083, 0x0083, 0x0083, 0x0083, 0x0083, 0x0083, 0x00A3, 0x00A3, 0x00A4,
    0x00A3, 0x0083, 0x0083, 0x0925, 0x1AAC, 0x3432, 0x3C73, 0x232D, 0x0966, 0x00A3, 0x10C3, 0x1904, 0x18E4, 0x18C3, 0x4163, 0xAB87,
    0xC408, 0x3164, 0x1166, 0x0925, 0x0966, 0x0105, 0x2B8F, 0x4E5A, 0x130D, 0x01A8, 0x0A2A, 0x01E9, 0x1BD0, 0x4F5D, 0x67FF, 0x3CB3,
    0x0106, 0x0146, 0x00E5, 0x0105, 0x34B3, 0x4DF9, 0x0A09, 0x00C4, 0x0126, 0x1B2E, 0x3D15, 0x122A, 0x00C4, 0x00E5, 0x0187, 0x45B8,
    0x3D36, 0x0188, 0x01A8, 0x01C8, 0x0AAB, 0x573C, 0x5FFF, 0x3D96, 0x0187, 0x0166, 0x0105, 0x00C4, 0x0083, 0x0062, 0x0042, 0x0021,
    0x0021, 0x0001, 0x0000, 0x0000, 0x0000, 0x0000, 0x0000, 0x0000, 0x0000, 0x0000, 0x0000, 0x0000, 0x0000, 0x0000, 0x0020, 0xCE59,
    0xFFFF, 0xFFFF, 0xFFFF, 0xFFFF, 0xFFFF, 0xFFFF, 0xFFFF, 0xFFFF, 0xFFFF, 0xFFFF, 0xFFFF, 0xFFFF, 0xFFFF, 0xFFFF, 0xFFFF, 0xFFFF,
    0xFFFF, 0xFFFF, 0xFFFF, 0xFFFF, 0xFFFF, 0xFFFF, 0xFFFF, 0xFFFF, 0xFFFF, 0xFFFF, 0xFFFF, 0xFFFF, 0xFFFF, 0xFFFF, 0xFFFF, 0xFFFF,
    0xFFFF, 0x738E, 0x0000, 0x0020, 0x0000, 0x0000, 0x0000, 0x0000, 0x0000, 0x0000, 0x0000, 0x0000, 0x0000, 0x0000, 0x0000, 0x0001,
    0x0021, 0x0021, 0x0041, 0x0062, 0x0083, 0x00C4, 0x0105, 0x0146, 0x01A8, 0x4639, 0x57FF, 0x467A, 0x022A, 0x01E9, 0x0188, 0x0209,
    0x45B7, 0x34B4, 0x0126, 0x0105, 0x0105, 0x1AAC, 0x09C9, 0x00C4, 0x0A09, 0x45D8, 0x3CF5, 0x0126, 0x00E5, 0x00E5, 0x00E5, 0x0146,
    0x01A8, 0x3535, 0x57FF, 0x57FF, 0x3535, 0x024A, 0x0209, 0x01A8, 0x09C8, 0x0987, 0x1146, 0x1146, 0x1966, 0x2104, 0x9B06, 0xFCC8,
    0xFCC8, 0xECA9, 0x8AC5, 0x3103, 0x10C3, 0x18E4, 0x18E4, 0x08A3, 0x08A3, 0x0966, 0x230D, 0x3452, 0x3452, 0x232E, 0x09C8, 0x00C4,
    0x0063, 0x0083, 0x00A4, 0x00A3, 0x00A3, 0x00A3, 0x0083, 0x0083, 0x0083, 0x0083, 0x0083, 0x0083, 0x0083, 0x0083, 0x0083, 0x0083,
    0x0083, 0x0083, 0x0083, 0x0083, 0x0083, 0x0083, 0x0083, 0x0083, 0x0083, 0x0083, 0x0083, 0x0083, 0x0083, 0x0083, 0x0083, 0x0083,
    0x0083, 0x0083, 0x0083, 0x0083, 0x0083, 0x0083, 0x0083, 0x0083, 0x0083, 0x0083, 0x0083, 0x00A3, 0x00A3, 0x00A3, 0x0083, 0x0063,
    0x00A4, 0x09A8, 0x234E, 0x3C93, 0x3C93, 0x232D, 0x1166, 0x08A3, 0x10A3, 0x18E4, 0x18E4, 0x10A3, 0x3102, 0x8AA5, 0xECC9, 0xFCE8,
    0xFCC8, 0x9305, 0x1924, 0x1986, 0x1146, 0x0946, 0x0987, 0x09E9, 0x01A8, 0x0209, 0x022A, 0x34F4, 0x57DF, 0x57FF, 0x3D35, 0x01C8,
    0x0146, 0x00E5, 0x00C4, 0x00E4, 0x0105, 0x34B4, 0x45F8, 0x0A2A, 0x00A4, 0x09A8, 0x122A, 0x00C4, 0x00E5, 0x0126, 0x3D56, 0x45B7,
    0x01C8, 0x0188, 0x01E9, 0x022A, 0x4E7A, 0x5FFF, 0x4E9A, 0x0209, 0x0166, 0x0125, 0x00C4, 0x0083, 0x0062, 0x0042, 0x0021, 0x0021,
    0x0001, 0x0000, 0x0000, 0x0000, 0x0000, 0x0000, 0x0000, 0x0000, 0x0000, 0x0000, 0x0000, 0x0000, 0x0000, 0x0000, 0x6B6D, 0xFFFF,
    0xFFDF, 0xFFFF, 0xFFFF, 0xFFFF, 0xFFFF, 0xFFFF, 0xFFFF, 0xFFFF, 0xFFFF, 0xFFFF, 0xFFFF, 0xFFFF, 0xFFFF, 0xFFFF, 0xFFFF, 0xFFFF,
    0xFFFF, 0xFFFF, 0xFFFF, 0xFFFF, 0xFFFF, 0xFFFF, 0xFFFF, 0xFFFF, 0xFFFF, 0xFFFF, 0xFFFF, 0xFFFF, 0xFFFF, 0xFFFF, 0xFFFF, 0xFFFF,
    0xFFFF, 0xF79E, 0x2104, 0x0000, 0x0000, 0x0000, 0x0000, 0x0000, 0x0000, 0x0000, 0x0000, 0x0000, 0x0000, 0x0000, 0x0000, 0x0000,
    0x0021, 0x0021, 0x0021, 0x0042, 0x0062, 0x0083, 0x00C4, 0x0125, 0x0146, 0x0A6A, 0x571C, 0x5FFF, 0x3DD7, 0x01E9, 0x01E9, 0x0167,
    0x0A29, 0x45D8, 0x2C52, 0x0106, 0x0146, 0x0126, 0x00C4, 0x09E9, 0x45D8, 0x3CF5, 0x0126, 0x00C4, 0x0105, 0x11C8, 0x0967, 0x00E5,
    0x0167, 0x0187, 0x2C93, 0x57DF, 0x5FFF, 0x3E18, 0x0ACC, 0x01C8, 0x09C8, 0x0987, 0x1166, 0x1966, 0x1925, 0x51A3, 0xF4C9, 0xB346,
    0x69A2, 0xD407, 0xFD29, 0xD427, 0x6204, 0x20C2, 0x10C3, 0x1904, 0x1904, 0x10C3, 0x08A3, 0x0966, 0x1AEC, 0x3432, 0x34B3, 0x2BF1,
    0x1A8B, 0x0946, 0x00A3, 0x0063, 0x0083, 0x00A3, 0x00A4, 0x00A3, 0x00A3, 0x00A3, 0x00A3, 0x00A3, 0x0083, 0x0083, 0x0083, 0x0083,
    0x0083, 0x0083, 0x0083, 0x0083, 0x0083, 0x0083, 0x0083, 0x0083, 0x0083, 0x0083, 0x0083, 0x0083, 0x0083, 0x0083, 0x0083, 0x0083,
    0x0083, 0x0083, 0x0083, 0x0083, 0x0083, 0x0083, 0x00A3, 0x00A3, 0x00A3, 0x00A3, 0x00A3, 0x0083, 0x0062, 0x0083, 0x0946, 0x1A6B,
    0x33F1, 0x3CB4, 0x3452, 0x22EC, 0x0966, 0x08A3, 0x10C3, 0x18E4, 0x18E4, 0x10C3, 0x20C2, 0x6A04, 0xD427, 0xFD49, 0xDC27, 0x69E2,
    0xB345, 0xF4C9, 0x49A3, 0x1925, 0x1966, 0x1186, 0x09A7, 0x09C8, 0x01C8, 0x0AAB, 0x3E18, 0x5FFF, 0x5FDF, 0x2CB3, 0x0187, 0x0146,
    0x00E5, 0x09A7, 0x11C8, 0x00E5, 0x00C4, 0x0105, 0x34D4, 0x4E19, 0x0A2A, 0x00C4, 0x0105, 0x0105, 0x0125, 0x3CF5, 0x45F9, 0x0A09,
    0x0167, 0x01E9, 0x01E9, 0x3DB7, 0x5FFF, 0x573D, 0x0AAB, 0x0166, 0x0146, 0x00E4, 0x00A3, 0x0082, 0x0062, 0x0021, 0x0021, 0x0001,
    0x0000, 0x0000, 0x0000, 0x0000, 0x0000, 0x0000, 0x0000, 0x0000, 0x0000, 0x0000, 0x0000, 0x0000, 0x0000, 0x18E3, 0xEF7D, 0xFFFF,
    0xFFFF, 0xFFFF, 0xFFFF, 0xFFFF, 0xFFFF, 0xFFFF, 0xFFFF, 0xFFFF, 0xFFFF, 0xFFFF, 0xFFFF, 0xFFFF, 0xFFFF, 0xFFFF, 0xFFFF, 0xFFFF,
    0xFFFF, 0xFFFF, 0xFFFF, 0xFFFF, 0xFFFF, 0xFFFF, 0xFFFF, 0xFFFF, 0xFFFF, 0xFFFF, 0xFFFF, 0xFFFF, 0xFFFF, 0xFFFF, 0xFFFF, 0xFFFF,
    0xFFFF, 0xFFFF, 0xB596, 0x0000, 0x0000, 0x0000, 0x0000, 0x0000, 0x0000, 0x0000, 0x0000, 0x0000, 0x0000, 0x0000, 0x0000, 0x0000,
    0x0000, 0x0021, 0x0021, 0x0021, 0x0062, 0x0083, 0x00A3, 0x00E4, 0x0146, 0x0146, 0x132D, 0x579E, 0x5FFF, 0x3514, 0x01A8, 0x01E9,
    0x0146, 0x126B, 0x4619, 0x2C32, 0x0147, 0x00E5, 0x09E9, 0x4598, 0x3CF5, 0x0126, 0x00C4, 0x0105, 0x00E5, 0x2B2D, 0x33F0, 0x09A7,
    0x0126, 0x01A8, 0x01A8, 0x1BF0, 0x575D, 0x5FFF, 0x4EFB, 0x1B8F, 0x01A7, 0x11C8, 0x11A7, 0x1986, 0x2103, 0xBBA6, 0xE468, 0x5183,
    0x2903, 0x3902, 0x8264, 0xE447, 0xFCE8, 0xBBA7, 0x59C3, 0x20C2, 0x10C3, 0x1904, 0x1904, 0x10E4, 0x08C3, 0x0925, 0x1229, 0x238F,
    0x3493, 0x3493, 0x2BD0, 0x1A8B, 0x0967, 0x00C4, 0x0083, 0x0083, 0x0083, 0x00A3, 0x00A3, 0x00A4, 0x00A3, 0x00A3, 0x00A3, 0x00A3,
    0x0083, 0x0083, 0x0083, 0x0083, 0x0083, 0x0083, 0x0083, 0x0083, 0x0083, 0x0083, 0x0083, 0x0083, 0x0083, 0x0083, 0x0083, 0x0083,
    0x0083, 0x00A3, 0x00A3, 0x00A4, 0x00A3, 0x00A4, 0x00A3, 0x0083, 0x0083, 0x0083, 0x00A4, 0x0946, 0x1A6B, 0x2B8F, 0x3473, 0x3C73,
    0x2B8F, 0x1229, 0x0925, 0x08C3, 0x10E3, 0x1904, 0x1904, 0x10C3, 0x20C2, 0x59C3, 0xBBA6, 0xFCE8, 0xE447, 0x92A4, 0x4142, 0x28E3,
    0x4962, 0xE468, 0xC3A6, 0x2123, 0x1986, 0x11C7, 0x09E8, 0x01C8, 0x1B8F, 0x4EFB, 0x57FF, 0x575D, 0x1BF0, 0x01C8, 0x09A8, 0x0105,
    0x09C8, 0x3411, 0x22EC, 0x00C4, 0x0105, 0x00C5, 0x0106, 0x3CF5, 0x45F9, 0x0A09, 0x00C4, 0x0126, 0x34B4, 0x463A, 0x0A2A, 0x0146,
    0x01E9, 0x01A8, 0x3515, 0x5FFF, 0x5FBE, 0x1B4E, 0x0146, 0x0166, 0x00E5, 0x00A3, 0x0083, 0x0062, 0x0041, 0x0021, 0x0001, 0x0001,
    0x0000, 0x0000, 0x0000, 0x0000, 0x0000, 0x0000, 0x0000, 0x0000, 0x0000, 0x0000, 0x0000, 0x0000, 0x0000, 0xAD55, 0xFFFF, 0xFFFF,
    0xFFFF, 0xFFFF, 0xFFFF, 0xFFFF, 0xFFFF, 0xFFFF, 0xFFFF, 0xFFFF, 0xFFFF, 0xFFFF, 0xFFFF, 0xFFFF, 0xFFFF, 0xFFFF, 0xFFFF, 0xFFFF,
    0xFFFF, 0xFFFF, 0xFFFF, 0xFFFF, 0xFFFF, 0xFFFF, 0xFFFF, 0xFFFF, 0xFFFF, 0xFFFF, 0xFFFF, 0xFFFF, 0xFFFF, 0xFFFF, 0xFFFF, 0xFFFF,
    0xFFFF, 0xFFFF, 0xFFFF, 0x5ACB, 0x0000, 0x0020, 0x0000, 0x0000, 0x0000, 0x0000, 0x0000, 0x0000, 0x0000, 0x0000, 0x0000, 0x0000,
    0x0000, 0x0000, 0x0021, 0x0021, 0x0022, 0x0062, 0x0083, 0x00C4, 0x0105, 0x0166, 0x0146, 0x23F0, 0x57DF, 0x57FF, 0x2452, 0x0188,
    0x01E9, 0x0146, 0x12CC, 0x4E7B, 0x2411, 0x0A2A, 0x4598, 0x34D4, 0x0105, 0x00C4, 0x00E5, 0x00C4, 0x00C4, 0x0105, 0x230D, 0x3452,
    0x126B, 0x0147, 0x09C8, 0x01A8, 0x0AEC, 0x4679, 0x57FF, 0x4FBE, 0x2CB3, 0x0209, 0x11C8, 0x1966, 0x7A85, 0xFCC9, 0x7223, 0x20E3,
    0x2924, 0x2103, 0x18A2, 0x3902, 0x92A4, 0xEC88, 0xFCE9, 0xC3A7, 0x61E4, 0x28E2, 0x18C3, 0x1904, 0x1924, 0x10E4, 0x08A3, 0x08C3,
    0x0966, 0x1A8B, 0x2BB0, 0x3493, 0x34B3, 0x2C11, 0x1B0D, 0x1209, 0x0946, 0x00C4, 0x0083, 0x0083, 0x0083, 0x0083, 0x0083, 0x00A3,
    0x00A3, 0x00A3, 0x00A4, 0x00A4, 0x00A3, 0x00A3, 0x00A4, 0x00A3, 0x00A3, 0x00A3, 0x00A4, 0x00A3, 0x00A3, 0x00A4, 0x00A4, 0x00A4,
    0x00A3, 0x00A3, 0x0083, 0x0063, 0x0063, 0x0083, 0x00C4, 0x0926, 0x11E9, 0x22ED, 0x2BF1, 0x3CB3, 0x3C93, 0x2BB0, 0x1A6B, 0x0946,
    0x08C3, 0x08A3, 0x10E4, 0x1904, 0x18E4, 0x18C3, 0x28E2, 0x6A04, 0xC3A7, 0xFCE9, 0xF488, 0x9AC5, 0x4122, 0x20C2, 0x2103, 0x2944,
    0x20E2, 0x7224, 0xFCE9, 0x82A5, 0x1966, 0x11E8, 0x0A29, 0x2CD3, 0x57BE, 0x57FF, 0x4659, 0x0ACC, 0x01A8, 0x09A8, 0x0146, 0x128B,
    0x3431, 0x22CC, 0x00C4, 0x00C4, 0x00E5, 0x0105, 0x00E5, 0x0125, 0x3CF5, 0x45D9, 0x0A0A, 0x2C52, 0x4E7B, 0x128B, 0x0126, 0x01C8,
    0x0187, 0x2C72, 0x5FFF, 0x5FFF, 0x2431, 0x0146, 0x0166, 0x0105, 0x00A4, 0x0083, 0x0062, 0x0042, 0x0021, 0x0021, 0x0001, 0x0000,
    0x0000, 0x0000, 0x0000, 0x0000, 0x0000, 0x0000, 0x0000, 0x0000, 0x0000, 0x0000, 0x0000, 0x0000, 0x52AA, 0xFFFF, 0xFFFF, 0xFFFF,
    0xFFFF, 0xFFFF, 0xFFFF, 0xFFFF, 0xFFFF, 0xFFFF, 0xFFFF, 0xFFFF, 0xFFFF, 0xFFFF, 0xFFFF, 0xFFFF, 0xFFFF, 0xFFFF, 0xFFFF, 0xFFFF,
    0xFFFF, 0xFFFF, 0xFFFF, 0xFFFF, 0xFFFF, 0xFFFF, 0xFFFF, 0xFFFF, 0xFFFF, 0xFFFF, 0xFFFF, 0xFFFF, 0xFFFF, 0xFFFF, 0xFFFF, 0xFFFF,
    0xFFFF, 0xFFFF, 0xFFFF, 0xE73C, 0x10A2, 0x0000, 0x0000, 0x0000, 0x0000, 0x0000, 0x0000, 0x0000, 0x0000, 0x0000, 0x0000, 0x0000,
    0x0000, 0x0000, 0x0001, 0x0021, 0x0021, 0x0042, 0x0062, 0x0083, 0x00C4, 0x0105, 0x0166, 0x0166, 0x2CB3, 0x57FF, 0x57BE, 0x1BD0,
    0x0187, 0x01C9, 0x0167, 0x1B0D, 0x4619, 0x3E39, 0x34B4, 0x0105, 0x00C4, 0x00C4, 0x09A7, 0x2B6E, 0x0146, 0x00A4, 0x00E5, 0x1ACC,
    0x3473, 0x1B0D, 0x0167, 0x01A7, 0x01A8, 0x0209, 0x3514, 0x57DF, 0x5FFF, 0x4638, 0x130C, 0x4205, 0xECC9, 0xB386, 0x28E2, 0x2123,
    0x20E3, 0x18E3, 0x18E3, 0x18C3, 0x18A2, 0x4142, 0x9AE5, 0xF488, 0xFD09, 0xCBE7, 0x7A44, 0x3122, 0x18C2, 0x10E3, 0x1904, 0x18E4,
    0x10C3, 0x08A3, 0x08C3, 0x0946, 0x124A, 0x234E, 0x2C31, 0x3493, 0x3493, 0x2C11, 0x236F, 0x1AAB, 0x09E9, 0x0967, 0x0105, 0x00C4,
    0x00A3, 0x0083, 0x0083, 0x0063, 0x0063, 0x0063, 0x0063, 0x0063, 0x0063, 0x0063, 0x0063, 0x0063, 0x0063, 0x0063, 0x0083, 0x0083,
    0x00A4, 0x0105, 0x0967, 0x09E9, 0x1A8B, 0x234E, 0x2C11, 0x3493, 0x3CB4, 0x3452, 0x2B6F, 0x1A4A, 0x0946, 0x08C3, 0x08A3, 0x10C3,
    0x1904, 0x1904, 0x10C3, 0x18C2, 0x3922, 0x8264, 0xD407, 0xFD09, 0xF4A8, 0xA305, 0x4942, 0x20A1, 0x18C2, 0x20E3, 0x20E3, 0x2103,
    0x2124, 0x28E2, 0xBBA7, 0xECEA, 0x4A26, 0x1B2D, 0x4E79, 0x5FFF, 0x57DF, 0x3514, 0x01E9, 0x0187, 0x0187, 0x0167, 0x234E, 0x3493,
    0x1AAB, 0x00C4, 0x0083, 0x0946, 0x33AF, 0x11C8, 0x00E5, 0x00C4, 0x0126, 0x3D15, 0x467B, 0x4E3A, 0x12CC, 0x0146, 0x01C9, 0x0187,
    0x23F0, 0x57DF, 0x5FFF, 0x34F3, 0x0167, 0x0167, 0x0105, 0x00C4, 0x0083, 0x0062, 0x0042, 0x0021, 0x0021, 0x0001, 0x0000, 0x0000,
    0x0000, 0x0000, 0x0000, 0x0000, 0x0000, 0x0000, 0x0000, 0x0000, 0x0000, 0x0000, 0x0000, 0x10A2, 0xE71C, 0xFFFF, 0xFFFF, 0xFFFF,
    0xFFFF, 0xFFFF, 0xFFFF, 0xFFFF, 0xFFFF, 0xFFFF, 0xFFFF, 0xFFFF, 0xFFFF, 0xFFFF, 0xFFFF, 0xFFFF, 0xFFFF, 0xFFFF, 0xFFFF, 0xFFFF,
    0xFFFF, 0xFFFF, 0xFFFF, 0xFFFF, 0xFFFF, 0xFFFF, 0xFFFF, 0xFFFF, 0xFFFF, 0xFFFF, 0xFFFF, 0xFFFF, 0xFFFF, 0xFFFF, 0xFFFF, 0xFFFF,
    0xFFFF, 0xFFFF, 0xFFFF, 0xFFFF, 0xA534, 0x0000, 0x0020, 0x0000, 0x0000, 0x0000, 0x0000, 0x0000, 0x0000, 0x0000, 0x0000, 0x0000,
    0x0000, 0x0000, 0x0000, 0x0001, 0x0021, 0x0021, 0x0042, 0x0062, 0x00A3, 0x00E4, 0x0125, 0x0167, 0x0167, 0x3535, 0x57FF, 0x579E,
    0x1BAF, 0x01A8, 0x01E9, 0x0147, 0x1B0D, 0x3CB4, 0x0146, 0x00C4, 0x00E5, 0x00A4, 0x0946, 0x33F0, 0x2C11, 0x09A8, 0x00A4, 0x00C4,
    0x122A, 0x3432, 0x238F, 0x01A7, 0x0166, 0x09A7, 0x0187, 0x1B8E, 0x571B, 0x67FF, 0x6F1B, 0xBCCC, 0xECC9, 0x51A3, 0x2124, 0x2124,
    0x18E3, 0x10C3, 0x10C3, 0x18C3, 0x18E3, 0x18E3, 0x20C2, 0x4942, 0x9AE5, 0xEC68, 0xFD09, 0xDC68, 0x92E5, 0x4983, 0x20C2, 0x10A3,
    0x18E4, 0x1904, 0x1904, 0x10E3, 0x08A3, 0x08C3, 0x0904, 0x11A7, 0x1A6A, 0x234E, 0x2BF0, 0x2C72, 0x3493, 0x2C93, 0x2C52, 0x2C11,
    0x2390, 0x1B2E, 0x1ACC, 0x128B, 0x124A, 0x1209, 0x0A09, 0x09E9, 0x09E9, 0x09E9, 0x0A09, 0x122A, 0x126B, 0x1ACC, 0x232D, 0x238F,
    0x2BF1, 0x2C72, 0x34B4, 0x34B4, 0x3493, 0x2C11, 0x234E, 0x1A8B, 0x11A7, 0x0905, 0x08A3, 0x08A3, 0x10C3, 0x1904, 0x1904, 0x18E4,
    0x10A2, 0x20C2, 0x4983, 0x92E5, 0xE468, 0xFD09, 0xEC88, 0xA305, 0x4962, 0x20A2, 0x18C2, 0x20E3, 0x18C3, 0x10C3, 0x10C3, 0x18E3,
    0x2124, 0x2124, 0x51C3, 0xECA9, 0xBCEC, 0x6F3C, 0x6FFF, 0x56FB, 0x1B6E, 0x0187, 0x0987, 0x0125, 0x09A8, 0x2BD0, 0x3472, 0x124A,
    0x00E4, 0x00A3, 0x09A7, 0x3411, 0x33D0, 0x0946, 0x00C4, 0x00E5, 0x00E5, 0x0187, 0x3CF4, 0x1B0D, 0x0126, 0x01C9, 0x01A8, 0x1B8F,
    0x5FBE, 0x5FFF, 0x3D76, 0x0187, 0x0167, 0x0125, 0x00C4, 0x00A3, 0x0082, 0x0042, 0x0021, 0x0021, 0x0001, 0x0001, 0x0000, 0x0000,
    0x0000, 0x0000, 0x0000, 0x0000, 0x0000, 0x0000, 0x0000, 0x0000, 0x0000, 0x0020, 0x0000, 0xA514, 0xFFFF, 0xFFFF, 0xFFFF, 0xFFFF,
    0xFFFF, 0xFFFF, 0xFFFF, 0xFFFF, 0xFFFF, 0xFFFF, 0xFFFF, 0xFFFF, 0xFFFF, 0xFFFF, 0xFFFF, 0xFFFF, 0xFFFF, 0xFFFF, 0xFFFF, 0xFFFF,
    0xFFFF, 0xFFFF, 0xFFFF, 0xFFFF, 0xFFFF, 0xFFFF, 0xFFFF, 0xFFFF, 0xFFFF, 0xFFFF, 0xFFFF, 0xFFFF, 0xFFFF, 0xFFFF, 0xFFFF, 0xFFFF,
    0xFFFF, 0xFFFF, 0xFFFF, 0xFFFF, 0xFFFF, 0x5AEB, 0x0000, 0x0020, 0x0000, 0x0000, 0x0000, 0x0000, 0x0000, 0x0000, 0x0000, 0x0000,
    0x0000, 0x0000, 0x0000, 0x0000, 0x0021, 0x0021, 0x0041, 0x0062, 0x0083, 0x00A3, 0x00E4, 0x0125, 0x0167, 0x01A7, 0x3D96, 0x57FF,
    0x577D, 0x136F, 0x01C8, 0x01C9, 0x0167, 0x0126, 0x0105, 0x0105, 0x00A3, 0x00A3, 0x0083, 0x0105, 0x2BAF, 0x3472, 0x11E9, 0x00A4,
    0x00C4, 0x0987, 0x2B8F, 0x2BD0, 0x0A09, 0x0146, 0x09C7, 0x0987, 0x128A, 0x4DB6, 0x9E75, 0xF52B, 0x8AC5, 0x2103, 0x2144, 0x10E4,
    0x10E4, 0x08C3, 0x08A3, 0x08C3, 0x10C3, 0x18C3, 0x1903, 0x18E3, 0x18A2, 0x4122, 0x8264, 0xD407, 0xFCE9, 0xF4C9, 0xBBA7, 0x7244,
    0x3942, 0x20C2, 0x18C3, 0x18E4, 0x1904, 0x1904, 0x1904, 0x10E3, 0x08C3, 0x08C3, 0x08E4, 0x0925, 0x09A7, 0x1229, 0x1AAB, 0x1B2D,
    0x238F, 0x2BF1, 0x2C32, 0x2C73, 0x3493, 0x3493, 0x3493, 0x3493, 0x3493, 0x2C93, 0x2C73, 0x2C73, 0x2C52, 0x2C32, 0x2BF1, 0x238F,
    0x234E, 0x1ACC, 0x1229, 0x11A7, 0x0925, 0x08E4, 0x08A3, 0x08A3, 0x10C3, 0x18E4, 0x1904, 0x1904, 0x18E4, 0x10C3, 0x20C2, 0x3942,
    0x7244, 0xBBC6, 0xF4C8, 0xFCE8, 0xCBE7, 0x8264, 0x4122, 0x20A2, 0x18C3, 0x18E3, 0x18C3, 0x10C3, 0x10A3, 0x08C3, 0x10C3, 0x10E3,
    0x10E3, 0x2144, 0x2923, 0x8AC5, 0xED0A, 0xA655, 0x4555, 0x128A, 0x0987, 0x11A7, 0x0125, 0x1209, 0x3431, 0x33D0, 0x09A7, 0x00C4,
    0x00C4, 0x1209, 0x3C93, 0x2B6F, 0x00E4, 0x0083, 0x00A3, 0x00A3, 0x0105, 0x0105, 0x0126, 0x0167, 0x01E9, 0x01A8, 0x1B8F, 0x579E,
    0x5FFF, 0x3DB7, 0x01A7, 0x0166, 0x0125, 0x00E4, 0x00A3, 0x0082, 0x0062, 0x0041, 0x0021, 0x0021, 0x0001, 0x0000, 0x0000, 0x0000,
    0x0000, 0x0000, 0x0000, 0x0000, 0x0000, 0x0000, 0x0000, 0x0000, 0x0020, 0x0000, 0x5ACB, 0xFFFF, 0xFFFF, 0xFFFF, 0xFFFF, 0xFFFF,
    0xFFFF, 0xFFFF, 0xFFFF, 0xFFFF, 0xFFFF, 0xFFFF, 0xFFFF, 0xFFFF, 0xFFFF, 0xFFFF, 0xFFFF, 0xFFFF, 0xFFFF, 0xFFFF, 0xFFFF, 0xFFFF,
    0xFFFF, 0xFFFF, 0xFFFF, 0xFFFF, 0xFFFF, 0xFFFF, 0xFFFF, 0xFFFF, 0xFFFF, 0xFFFF, 0xFFFF, 0xFFFF, 0xFFFF, 0xFFFF, 0xFFFF, 0xFFFF,
    0xFFFF, 0xFFFF, 0xFFFF, 0xFFFF, 0xFFFF, 0xEF7D, 0x2124, 0x0000, 0x0000, 0x0000, 0x0000, 0x0000, 0x0000, 0x0000, 0x0000, 0x0000,
    0x0000, 0x0000, 0x0000, 0x0000, 0x0001, 0x0021, 0x0021, 0x0041, 0x0062, 0x0083, 0x00A3, 0x00E4, 0x0125, 0x0166, 0x01C8, 0x45F8,
    0x5FFF, 0x575D, 0x134E, 0x01A8, 0x01A8, 0x0166, 0x0105, 0x0125, 0x2B2D, 0x0987, 0x0083, 0x00C4, 0x00E5, 0x232D, 0x3452, 0x1A8B,
    0x0105, 0x00C4, 0x00E4, 0x22AB, 0x3411, 0x22AB, 0x0946, 0x19A7, 0x19A6, 0x39E5, 0xDCEB, 0xC3E8, 0x3122, 0x2124, 0x1145, 0x11A7,
    0x00C3, 0x08C4, 0x08A3, 0x08A3, 0x08A3, 0x08A3, 0x10C3, 0x10E3, 0x1904, 0x18E3, 0x18A2, 0x28E2, 0x61C3, 0xAB25, 0xE468, 0xFCE9,
    0xEC88, 0xBB86, 0x7A64, 0x4983, 0x28E2, 0x18C3, 0x18C3, 0x1904, 0x1904, 0x1904, 0x1904, 0x10E4, 0x10C3, 0x10C3, 0x08A3, 0x08A3,
    0x08C4, 0x00E4, 0x0904, 0x0925, 0x0946, 0x0966, 0x0986, 0x0987, 0x0987, 0x0987, 0x0986, 0x0966, 0x0945, 0x0905, 0x08E4, 0x08C4,
    0x08A3, 0x08A3, 0x10A3, 0x10C3, 0x10E4, 0x1904, 0x1904, 0x1904, 0x18E4, 0x10C3, 0x18C2, 0x20E2, 0x4983, 0x7A84, 0xBB86, 0xECA8,
    0xFD09, 0xEC67, 0xAB25, 0x61C3, 0x28E2, 0x18A2, 0x18E3, 0x18E3, 0x10C3, 0x10C3, 0x08A3, 0x08A3, 0x08A3, 0x08A3, 0x08C4, 0x08E4,
    0x11E8, 0x1166, 0x2124, 0x3122, 0xC3E7, 0xDCCA, 0x39C5, 0x19A7, 0x19A7, 0x1145, 0x22CC, 0x3C52, 0x22EC, 0x0905, 0x00A3, 0x00E4,
    0x1ACC, 0x3CB4, 0x230D, 0x00C4, 0x00A4, 0x0062, 0x1167, 0x2AAB, 0x0125, 0x0125, 0x0146, 0x09A8, 0x01A8, 0x1BAF, 0x579E, 0x5FFF,
    0x4618, 0x01C8, 0x0167, 0x0126, 0x00E4, 0x00A3, 0x0082, 0x0062, 0x0042, 0x0021, 0x0021, 0x0000, 0x0000, 0x0000, 0x0000, 0x0000,
    0x0000, 0x0000, 0x0000, 0x0000, 0x0000, 0x0000, 0x0000, 0x0000, 0x0000, 0x18E3, 0xEF7D, 0xFFFF, 0xFFFF, 0xFFFF, 0xFFFF, 0xFFFF,
    0xFFFF, 0xFFFF, 0xFFFF, 0xFFFF, 0xFFFF, 0xFFFF, 0xFFFF, 0xFFFF, 0xFFFF, 0xFFFF, 0xFFFF, 0xFFFF, 0xFFFF, 0xFFFF, 0xFFFF, 0xFFFF,
    0xFFFF, 0xFFFF, 0xFFFF, 0xFFFF, 0xFFFF, 0xFFFF, 0xFFFF, 0xFFFF, 0xFFFF, 0xFFFF, 0xFFFF, 0xFFFF, 0xFFFF, 0xFFFF, 0xFFFF, 0xFFFF,
    0xFFFF, 0xFFFF, 0xFFFF, 0xFFFF, 0xFFFF, 0xFFFF, 0xC638, 0x0020, 0x0000, 0x0000, 0x0000, 0x0000, 0x0000, 0x0000, 0x0000, 0x0000,
    0x0000, 0x0000, 0x0000, 0x0000, 0x0000, 0x0021, 0x0021, 0x0021, 0x0042, 0x0062, 0x0083, 0x00A3, 0x00E4, 0x0146, 0x0166, 0x01E8,
    0x4618, 0x57FF, 0x575D, 0x132D, 0x0167, 0x01A7, 0x0125, 0x0125, 0x2B8F, 0x3452, 0x09C8, 0x00A4, 0x00C4, 0x00A3, 0x1A6A, 0x3C52,
    0x2B4E, 0x0905, 0x08A3, 0x08C3, 0x1A29, 0x2A8A, 0x1145, 0x2186, 0x2944, 0xAB87, 0xF50A, 0x59E4, 0x2124, 0x1104, 0x3CF4, 0x571C,
    0x1AAB, 0x0083, 0x08C4, 0x00A3, 0x00A3, 0x08A3, 0x08A3, 0x08C3, 0x10C3, 0x10E3, 0x1904, 0x18E3, 0x18C3, 0x18A2, 0x3922, 0x7224,
    0xB366, 0xEC88, 0xFCE9, 0xF4A8, 0xCBE7, 0x9AE5, 0x6A04, 0x4163, 0x2902, 0x18C2, 0x10C3, 0x10C3, 0x18E4, 0x1904, 0x1904, 0x1904,
    0x1904, 0x1904, 0x1904, 0x10E4, 0x10E4, 0x10E3, 0x10E3, 0x10C3, 0x10C3, 0x10E4, 0x10E3, 0x10E3, 0x10E4, 0x18E4, 0x1904, 0x1904,
    0x1904, 0x1904, 0x1904, 0x18E4, 0x10C3, 0x10C3, 0x18C2, 0x28E2, 0x4143, 0x6A03, 0x9AE5, 0xCBE7, 0xF4C8, 0xFD09, 0xF488, 0xBB86,
    0x7A24, 0x3922, 0x18A2, 0x18C2, 0x18E3, 0x18E3, 0x18C3, 0x10C3, 0x08A3, 0x08A3, 0x08A3, 0x08A3, 0x00A3, 0x08C3, 0x0083, 0x1AEC,
    0x5FBF, 0x3D55, 0x1104, 0x2124, 0x59C3, 0xF4EA, 0xAB87, 0x2964, 0x2186, 0x1924, 0x2AAA, 0x2249, 0x08A3, 0x08C3, 0x0904, 0x338F,
    0x3C93, 0x1A4A, 0x00A3, 0x00A4, 0x0083, 0x11C8, 0x33AF, 0x22AB, 0x0105, 0x0126, 0x0987, 0x0166, 0x1B8E, 0x579E, 0x5FFF, 0x4639,
    0x01E9, 0x0166, 0x0146, 0x00E4, 0x00A3, 0x0082, 0x0062, 0x0042, 0x0021, 0x0021, 0x0001, 0x0000, 0x0000, 0x0000, 0x0000, 0x0000,
    0x0000, 0x0000, 0x0000, 0x0000, 0x0000, 0x0000, 0x0000, 0x0000, 0x0000, 0xBDD7, 0xFFFF, 0xFFFF, 0xFFFF, 0xFFFF, 0xFFFF, 0xFFFF,
    0xFFFF, 0xFFFF, 0xFFFF, 0xFFFF, 0xFFFF, 0xFFFF, 0xFFFF, 0xFFFF, 0xFFFF, 0xFFFF, 0xFFFF, 0xFFFF, 0xFFFF, 0xFFFF, 0xFFFF, 0xFFFF,
    0xFFFF, 0xFFFF, 0xFFFF, 0xFFFF, 0xFFFF, 0xFFFF, 0xFFFF, 0xFFFF, 0xFFFF, 0xFFFF, 0xFFFF, 0xFFFF, 0xFFFF, 0xFFFF, 0xFFFF, 0xFFFF,
    0xFFFF, 0xFFFF, 0xFFFF, 0xFFFF, 0xFFFF, 0xFFDF, 0xFFFF, 0x8410, 0x0000, 0x0020, 0x0000, 0x0000, 0x0000, 0x0000, 0x0000, 0x0000,
    0x0000, 0x0000, 0x0000, 0x0000, 0x0000, 0x0000, 0x0021, 0x0021, 0x0021, 0x0042, 0x0062, 0x0083, 0x00A3, 0x00E5, 0x0146, 0x0166,
    0x01E8, 0x45F8, 0x57FF, 0x4F5D, 0x134D, 0x0146, 0x0167, 0x0105, 0x0105, 0x232E, 0x3493, 0x124A, 0x00A3, 0x00A4, 0x0083, 0x11C8,
    0x22AB, 0x08C3, 0x20E2, 0x20C2, 0x10E3, 0x1924, 0x2144, 0x2124, 0x6A24, 0xFD09, 0x92E5, 0x20E2, 0x2145, 0x08E4, 0x34D3, 0x571C,
    0x1A8B, 0x0083, 0x00A3, 0x0083, 0x00A3, 0x00A3, 0x00C3, 0x08C4, 0x08E4, 0x08E4, 0x10E4, 0x10E4, 0x18E4, 0x1904, 0x18E3, 0x18C3,
    0x20C2, 0x4142, 0x7A24, 0xAB45, 0xE427, 0xFCC9, 0xFD09, 0xECA8, 0xCC07, 0xAB46, 0x8284, 0x61E3, 0x4163, 0x3122, 0x20E2, 0x18C2,
    0x18A2, 0x10A2, 0x10A3, 0x10C3, 0x10C3, 0x10C3, 0x10E3, 0x10E3, 0x10E3, 0x10E3, 0x10C3, 0x10C3, 0x10C3, 0x10A3, 0x10A2, 0x18A2,
    0x18C2, 0x20E2, 0x3102, 0x4142, 0x59C3, 0x7A64, 0xA325, 0xCBE7, 0xEC88, 0xFCE8, 0xFCE8, 0xE447, 0xB345, 0x7A44, 0x4942, 0x20C2,
    0x18C2, 0x18E3, 0x1904, 0x18E4, 0x10E4, 0x10E4, 0x08C4, 0x08C4, 0x08C4, 0x00A3, 0x00A3, 0x0083, 0x00A3, 0x00C3, 0x0083, 0x1AAB,
    0x575D, 0x3CF3, 0x08C3, 0x2124, 0x20C2, 0x92C5, 0xFD09, 0x6A24, 0x2123, 0x2944, 0x1903, 0x10C3, 0x18C2, 0x20E2, 0x08E3, 0x2B0C,
    0x11C8, 0x0062, 0x00A3, 0x0083, 0x1A4A, 0x33F0, 0x1A6B, 0x00C4, 0x0105, 0x0167, 0x0146, 0x1B6E, 0x579E, 0x5FFF, 0x4E39, 0x0209,
    0x0167, 0x0146, 0x00E4, 0x00C3, 0x0083, 0x0062, 0x0042, 0x0021, 0x0021, 0x0001, 0x0001, 0x0000, 0x0000, 0x0000, 0x0000, 0x0000,
    0x0000, 0x0000, 0x0000, 0x0000, 0x0000, 0x0000, 0x0020, 0x0000, 0x7BEF, 0xFFFF, 0xFFDF, 0xFFFF, 0xFFFF, 0xFFFF, 0xFFFF, 0xFFFF,
    0xFFFF, 0xFFFF, 0xFFFF, 0xFFFF, 0xFFFF, 0xFFFF, 0xFFFF, 0xFFFF, 0xFFFF, 0xFFFF, 0xFFFF, 0xFFFF, 0xFFFF, 0xFFFF, 0xFFFF, 0xFFFF,
    0xFFFF, 0xFFFF, 0xFFFF, 0xFFFF, 0xFFFF, 0xFFFF, 0xFFFF, 0xFFFF, 0xFFFF, 0xFFFF, 0xFFFF, 0xFFFF, 0xFFFF, 0xFFFF, 0xFFFF, 0xFFFF,
    0xFFFF, 0xFFFF, 0xFFFF, 0xFFFF, 0xFFFF, 0xFFFF, 0xFFFF, 0xFFFF, 0x4228, 0x0000, 0x0000, 0x0000, 0x0000, 0x0000, 0x0000, 0x0000,
    0x0000, 0x0000, 0x0000, 0x0000, 0x0000, 0x0000, 0x0001, 0x0021, 0x0021, 0x0021, 0x0042, 0x0062, 0x0083, 0x00A3, 0x00E5, 0x0146,
    0x0166, 0x01C8, 0x3DF7, 0x57FF, 0x4F7D, 0x1B6E, 0x0146, 0x0187, 0x0126, 0x00E5, 0x1AAB, 0x3452, 0x1ACC, 0x00C4, 0x00A3, 0x0083,
    0x00A3, 0x10A2, 0xABA8, 0xB387, 0x4122, 0x2103, 0x2924, 0x4122, 0xDC27, 0xD407, 0x30E2, 0x1903, 0x18E4, 0x08E4, 0x0104, 0x0966,
    0x00C3, 0x00A3, 0x0083, 0x0083, 0x0083, 0x00A3, 0x00E4, 0x0105, 0x0925, 0x0925, 0x0905, 0x0905, 0x0904, 0x1104, 0x1104, 0x1904,
    0x1904, 0x1904, 0x18C3, 0x20C2, 0x3102, 0x51A3, 0x8264, 0xB345, 0xD427, 0xF4A8, 0xFCE9, 0xFCE9, 0xF4A8, 0xE448, 0xCBE7, 0xB366,
    0x9AE5, 0x8AA5, 0x7A44, 0x6A03, 0x61E3, 0x59C3, 0x51A3, 0x5183, 0x5183, 0x51A3, 0x59C3, 0x61C3, 0x6A03, 0x7A44, 0x8AA5, 0x9B05,
    0xB366, 0xCBE6, 0xE447, 0xF4A8, 0xFCC8, 0xFCE8, 0xF4A8, 0xDC27, 0xB345, 0x8264, 0x59A3, 0x3922, 0x20C2, 0x18C3, 0x1904, 0x1924,
    0x1904, 0x1104, 0x10E4, 0x08E4, 0x08E4, 0x0904, 0x0905, 0x0905, 0x0104, 0x00C4, 0x00A3, 0x0083, 0x0083, 0x00A3, 0x00A3, 0x00C3,
    0x0966, 0x00E4, 0x10C3, 0x18E3, 0x2103, 0x30E1, 0xD407, 0xDC47, 0x4122, 0x2923, 0x28E2, 0x3902, 0xB367, 0xB3C8, 0x10A1, 0x08A3,
    0x08A3, 0x0083, 0x00A3, 0x228B, 0x33D0, 0x1209, 0x00C4, 0x0105, 0x0167, 0x0146, 0x23AF, 0x579E, 0x57FF, 0x45F8, 0x01C8, 0x0167,
    0x0146, 0x00E4, 0x00A3, 0x0083, 0x0062, 0x0042, 0x0021, 0x0021, 0x0021, 0x0000, 0x0000, 0x0000, 0x0000, 0x0000, 0x0000, 0x0000,
    0x0000, 0x0000, 0x0000, 0x0000, 0x0000, 0x0000, 0x0000, 0x4229, 0xFFFF, 0xFFFF, 0xFFFF, 0xFFFF, 0xFFFF, 0xFFFF, 0xFFFF, 0xFFFF,
    0xFFFF, 0xFFFF, 0xFFFF, 0xFFFF, 0xFFFF, 0xFFFF, 0xFFFF, 0xFFFF, 0xFFFF, 0xFFFF, 0xFFFF, 0xFFFF, 0xFFFF, 0xFFFF, 0xFFFF, 0xFFFF,
    0xFFFF, 0xFFFF, 0xFFFF, 0xFFFF, 0xFFFF, 0xFFFF, 0xFFFF, 0xFFFF, 0xFFFF, 0xFFFF, 0xFFFF, 0xFFFF, 0xFFFF, 0xFFFF, 0xFFFF, 0xFFFF,
    0xFFFF, 0xFFFF, 0xFFFF, 0xFFFF, 0xFFFF, 0xFFFF, 0xFFFF, 0xFFFF, 0xE73C, 0x18E3, 0x0000, 0x0000, 0x0000, 0x0000, 0x0000, 0x0000,
    0x0000, 0x0000, 0x0000, 0x0000, 0x0000, 0x0000, 0x0000, 0x0000, 0x0021, 0x0021, 0x0021, 0x0042, 0x0062, 0x0083, 0x00A4, 0x00E5,
    0x0146, 0x0146, 0x01A8, 0x3DB6, 0x4FFF, 0x579E, 0x23F0, 0x0146, 0x0146, 0x0105, 0x00A3, 0x11A8, 0x33F0, 0x2B4E, 0x0105, 0x0083,
    0x10E4, 0x10C3, 0x6A04, 0xE489, 0xE489, 0x7A24, 0x30C1, 0xA305, 0xFCE9, 0x61A3, 0x18C2, 0x20E3, 0x10C3, 0x08C3, 0x08A3, 0x0083,
    0x00A3, 0x0083, 0x0083, 0x0083, 0x00A3, 0x00C4, 0x0105, 0x0105, 0x0125, 0x0166, 0x0967, 0x0966, 0x0946, 0x0925, 0x0925, 0x1105,
    0x1104, 0x1904, 0x1904, 0x1904, 0x1904, 0x18E3, 0x18C2, 0x20C2, 0x28E2, 0x4142, 0x61C3, 0x8264, 0xA305, 0xC386, 0xDC07, 0xEC68,
    0xF488, 0xFCA8, 0xFCC8, 0xFCC8, 0xFCC8, 0xFCC8, 0xFCA8, 0xFCA8, 0xFCA8, 0xFCA8, 0xFCC8, 0xFCC8, 0xFCC8, 0xFCC8, 0xFCC8, 0xFCA8,
    0xEC67, 0xDC07, 0xC3A6, 0xAB05, 0x8A64, 0x61E3, 0x4962, 0x3102, 0x20C2, 0x18C2, 0x18E3, 0x1904, 0x1924, 0x1904, 0x1904, 0x1104,
    0x1105, 0x0905, 0x0905, 0x0905, 0x0925, 0x0125, 0x0105, 0x00E4, 0x0105, 0x0105, 0x00E4, 0x00A3, 0x00A3, 0x0083, 0x00A3, 0x00A3,
    0x0083, 0x08A3, 0x10C3, 0x18C3, 0x20E3, 0x20C2, 0x69C3, 0xFCE9, 0xA305, 0x30A1, 0x7A03, 0xE489, 0xECA9, 0x6A03, 0x18A2, 0x10C3,
    0x0883, 0x0904, 0x2B0D, 0x338F, 0x0987, 0x0083, 0x00E5, 0x0126, 0x0146, 0x2C31, 0x57DE, 0x57FF, 0x45B7, 0x01A8, 0x0146, 0x0146,
    0x00E4, 0x00A4, 0x0083, 0x0062, 0x0042, 0x0021, 0x0021, 0x0021, 0x0000, 0x0000, 0x0000, 0x0000, 0x0000, 0x0000, 0x0000, 0x0000,
    0x0000, 0x0000, 0x0000, 0x0000, 0x0000, 0x0000, 0x18E3, 0xE73C, 0xFFFF, 0xFFFF, 0xFFFF, 0xFFFF, 0xFFFF, 0xFFFF, 0xFFFF, 0xFFFF,
    0xFFFF, 0xFFFF, 0xFFFF, 0xFFFF, 0xFFFF, 0xFFFF, 0xFFFF, 0xFFFF, 0xFFFF, 0xFFFF, 0xFFFF, 0xFFFF, 0xFFFF, 0xFFFF, 0xFFFF, 0xFFFF,
    0xFFFF, 0xFFFF, 0xFFFF, 0xFFFF, 0xFFFF, 0xFFFF, 0xFFFF, 0xFFFF, 0xFFFF, 0xFFFF, 0xFFFF, 0xFFFF, 0xFFFF, 0xFFFF, 0xFFFF, 0xFFFF,
    0xFFFF, 0xFFFF, 0xFFFF, 0xFFFF, 0xFFFF, 0xFFFF, 0xFFFF, 0xFFFF, 0xFFFF, 0xC638, 0x0020, 0x0000, 0x0000, 0x0000, 0x0000, 0x0000,
    0x0000, 0x0000, 0x0000, 0x0000, 0x0000, 0x0000, 0x0001, 0x0001, 0x0001, 0x0021, 0x0021, 0x0021, 0x0042, 0x0062, 0x0083, 0x00A4,
    0x00E4, 0x0126, 0x0146, 0x0187, 0x3535, 0x57FF, 0x57BE, 0x3472, 0x0146, 0x0105, 0x00C4, 0x0083, 0x0925, 0x2B8E, 0x33F0, 0x11C7,
    0x08C4, 0x18E4, 0x18C2, 0x4122, 0xBB86, 0xFCEA, 0xC365, 0xF447, 0x9AC4, 0x20A1, 0x2903, 0x18C2, 0x10A2, 0x0882, 0x0883, 0x0883,
    0x0083, 0x0083, 0x0083, 0x0083, 0x00A3, 0x00E4, 0x0146, 0x3431, 0x1B6E, 0x01C8, 0x0167, 0x0167, 0x01A7, 0x09A7, 0x0987, 0x0966,
    0x0946, 0x0925, 0x1105, 0x1104, 0x1104, 0x1904, 0x1904, 0x1904, 0x1904, 0x18E3, 0x18C3, 0x18C3, 0x20C2, 0x28C2, 0x30E2, 0x3922,
    0x4962, 0x59A3, 0x69C3, 0x7203, 0x7A44, 0x8A64, 0x9284, 0x92A4, 0x92A4, 0x9284, 0x8A64, 0x8244, 0x7A23, 0x69E3, 0x61A3, 0x5162,
    0x4122, 0x30E2, 0x28C2, 0x20A2, 0x18A2, 0x18C2, 0x18E3, 0x18E3, 0x1903, 0x1904, 0x1904, 0x1104, 0x1104, 0x1125, 0x0945, 0x0946,
    0x0946, 0x0966, 0x0966, 0x0966, 0x0166, 0x0167, 0x0A09, 0x2C31, 0x230D, 0x0105, 0x0126, 0x00E4, 0x00A3, 0x0083, 0x0083, 0x0083,
    0x08A3, 0x08A2, 0x10A2, 0x18C2, 0x20C2, 0x3103, 0x30C1, 0xA2C4, 0xF467, 0xC365, 0xFD09, 0xBBA7, 0x4922, 0x18A2, 0x18E3, 0x10C3,
    0x19A7, 0x33AF, 0x2B4E, 0x0905, 0x0062, 0x00C4, 0x00E5, 0x0146, 0x3CD3, 0x5FFF, 0x5FFF, 0x3D55, 0x0187, 0x0146, 0x0125, 0x00E4,
    0x00A3, 0x0083, 0x0062, 0x0042, 0x0021, 0x0021, 0x0021, 0x0000, 0x0000, 0x0000, 0x0000, 0x0000, 0x0000, 0x0000, 0x0000, 0x0000,
    0x0000, 0x0000, 0x0000, 0x0000, 0x0000, 0x0020, 0xC618, 0xFFFF, 0xFFFF, 0xFFFF, 0xFFFF, 0xFFFF, 0xFFFF, 0xFFFF, 0xFFFF, 0xFFFF,
    0xFFFF, 0xFFFF, 0xFFFF, 0xFFFF, 0xFFFF, 0xFFFF, 0xFFFF, 0xFFFF, 0xFFFF, 0xFFFF, 0xFFFF, 0xFFFF, 0xFFFF, 0xFFFF, 0xFFFF, 0xFFFF,
    0xFFFF, 0xFFFF, 0xFFFF, 0xFFFF, 0xFFFF, 0xFFFF, 0xFFFF, 0xFFFF, 0xFFFF, 0xFFFF, 0xFFFF, 0xFFFF, 0xFFFF, 0xFFFF, 0xFFFF, 0xFFFF,
    0xFFFF, 0xFFFF, 0xFFFF, 0xFFFF, 0xFFFF, 0xFFFF, 0xFFFF, 0xFFFF, 0xFFDF, 0xFFFF, 0x9CF3, 0x0000, 0x0020, 0x0000, 0x0000, 0x0000,
    0x0000, 0x0000, 0x0000, 0x0000, 0x0000, 0x0000, 0x0000, 0x0000, 0x0000, 0x0001, 0x0001, 0x0021, 0x0021, 0x0042, 0x0062, 0x0083,
    0x00A3, 0x00E4, 0x0125, 0x0146, 0x0146, 0x2CB3, 0x5FDF, 0x3CB3, 0x0126, 0x0105, 0x00E5, 0x00E5, 0x00C4, 0x0105, 0x2B0D, 0x1A29,
    0x10E4, 0x18E4, 0x1904, 0x2924, 0x30E2, 0x7A24, 0xE427, 0xFCA7, 0x8A43, 0x28A1, 0x20C2, 0x20E3, 0x18C2, 0x10A2, 0x0882, 0x0062,
    0x0062, 0x0062, 0x0083, 0x0083, 0x00C4, 0x00C4, 0x128B, 0x5FFF, 0x4FFF, 0x46BB, 0x3515, 0x1B6E, 0x022A, 0x01A8, 0x01A8, 0x01A8,
    0x09A7, 0x0987, 0x0966, 0x0946, 0x0925, 0x0905, 0x1105, 0x1104, 0x10E4, 0x1104, 0x1904, 0x1904, 0x1904, 0x18E4, 0x18E3, 0x18E3,
    0x18E3, 0x18C3, 0x18C2, 0x18C2, 0x18C2, 0x18C2, 0x18C2, 0x18C2, 0x18C2, 0x18C2, 0x18C2, 0x18C2, 0x18C2, 0x18C2, 0x18C3, 0x18C3,
    0x18E3, 0x18E3, 0x18E3, 0x18E3, 0x18E3, 0x18E3, 0x18C3, 0x10C3, 0x10C4, 0x10E4, 0x0905, 0x0925, 0x0946, 0x0987, 0x09A7, 0x09A7,
    0x01A7, 0x0167, 0x0167, 0x01A7, 0x01A8, 0x01E8, 0x4E7A, 0x5FFF, 0x4618, 0x0187, 0x0167, 0x0105, 0x00C4, 0x0083, 0x0082, 0x0082,
    0x0082, 0x0882, 0x10A2, 0x18A2, 0x20E2, 0x28C2, 0x30A1, 0x9283, 0xFCC7, 0xEC67, 0x8244, 0x30A1, 0x28E2, 0x28E2, 0x20C2, 0x18C2,
    0x2A49, 0x2ACC, 0x00C4, 0x00A3, 0x00E4, 0x00E5, 0x0105, 0x0126, 0x4596, 0x67FF, 0x34B3, 0x0167, 0x0146, 0x0125, 0x00E4, 0x00A3,
    0x0083, 0x0062, 0x0042, 0x0021, 0x0021, 0x0021, 0x0000, 0x0000, 0x0000, 0x0000, 0x0000, 0x0000, 0x0000, 0x0000, 0x0000, 0x0000,
    0x0000, 0x0000, 0x0000, 0x0020, 0x0000, 0x9CD3, 0xFFFF, 0xFFDF, 0xFFFF, 0xFFFF, 0xFFFF, 0xFFFF, 0xFFFF, 0xFFFF, 0xFFFF, 0xFFFF,
    0xFFFF, 0xFFFF, 0xFFFF, 0xFFFF, 0xFFFF, 0xFFFF, 0xFFFF, 0xFFFF, 0xFFFF, 0xFFFF, 0xFFFF, 0xFFFF, 0xFFFF, 0xFFFF, 0xFFFF, 0xFFFF,
    0xFFFF, 0xFFFF, 0xFFFF, 0xFFFF, 0xFFFF, 0xFFFF, 0xFFFF, 0xFFFF, 0xFFFF, 0xFFFF, 0xFFFF, 0xFFFF, 0xFFFF, 0xFFFF, 0xFFFF, 0xFFFF,
    0xFFFF, 0xFFFF, 0xFFFF, 0xFFFF, 0xFFFF, 0xFFFF, 0xFFFF, 0xFFFF, 0xFFFF, 0xFFDF, 0xFFFF, 0x6B6D, 0x0000, 0x0020, 0x0000, 0x0000,
    0x0000, 0x0000, 0x0000, 0x0000, 0x0000, 0x0000, 0x0000, 0x0000, 0x0000, 0x0001, 0x0001, 0x0021, 0x0021, 0x0021, 0x0042, 0x0062,
    0x0082, 0x00A3, 0x00C4, 0x0105, 0x0126, 0x0126, 0x1ACC, 0x0167, 0x0105, 0x0105, 0x0105, 0x00E4, 0x0126, 0x0125, 0x0125, 0x0925,
    0x1105, 0x3964, 0x4183, 0x20E3, 0x3164, 0x28E2, 0x4102, 0xA2E5, 0xF4A8, 0xC3A7, 0x5982, 0x2081, 0x1882, 0x10A2, 0x0882, 0x0862,
    0x0062, 0x0062, 0x0062, 0x0083, 0x00C4, 0x00C4, 0x1ACC, 0x56FC, 0x4FFF, 0x57FF, 0x57FF, 0x4FDF, 0x46DB, 0x3576, 0x1BD0, 0x0A8B,
    0x01C8, 0x0187, 0x0187, 0x0987, 0x0966, 0x0966, 0x0946, 0x0925, 0x0925, 0x0905, 0x0905, 0x10E4, 0x10E4, 0x10E4, 0x10C3, 0x10C3,
    0x10E3, 0x18E3, 0x18E4, 0x18E4, 0x1904, 0x1904, 0x18E4, 0x18E4, 0x18E4, 0x18E3, 0x18E3, 0x18E3, 0x18E4, 0x18E3, 0x18E4, 0x10E4,
    0x10E3, 0x10C3, 0x10C3, 0x10C3, 0x10A3, 0x08A3, 0x08C3, 0x08C4, 0x08E4, 0x0925, 0x0946, 0x0987, 0x0187, 0x01A7, 0x01A8, 0x01E9,
    0x0AAB, 0x1BAF, 0x2431, 0x0AAB, 0x01E9, 0x01E8, 0x3596, 0x47FF, 0x4F7E, 0x12CC, 0x0187, 0x0146, 0x00E4, 0x00A3, 0x0083, 0x0062,
    0x0862, 0x0882, 0x10A2, 0x1882, 0x2081, 0x6182, 0xCBC7, 0xFCA8, 0xAB05, 0x4901, 0x28C1, 0x3923, 0x28C1, 0x4942, 0x4122, 0x20C3,
    0x18C3, 0x10A3, 0x08C4, 0x0904, 0x00C4, 0x00E4, 0x0105, 0x0105, 0x01C8, 0x234E, 0x0146, 0x0126, 0x0105, 0x00C4, 0x00A3, 0x0083,
    0x0062, 0x0042, 0x0021, 0x0021, 0x0021, 0x0000, 0x0000, 0x0000, 0x0000, 0x0000, 0x0000, 0x0000, 0x0000, 0x0000, 0x0000, 0x0000,
    0x0000, 0x0000, 0x0020, 0x0000, 0x6B6D, 0xFFFF, 0xFFDF, 0xFFFF, 0xFFFF, 0xFFFF, 0xFFFF, 0xFFFF, 0xFFFF, 0xFFFF, 0xFFFF, 0xFFFF,
    0xFFFF, 0xFFFF, 0xFFFF, 0xFFFF, 0xFFFF, 0xFFFF, 0xFFFF, 0xFFFF, 0xFFFF, 0xFFFF, 0xFFFF, 0xFFFF, 0xFFFF, 0xFFFF, 0xFFFF, 0xFFFF,
    0xFFFF, 0xFFFF, 0xFFFF, 0xFFFF, 0xFFFF, 0xFFFF, 0xFFFF, 0xFFFF, 0xFFFF, 0xFFFF, 0xFFFF, 0xFFFF, 0xFFFF, 0xFFFF, 0xFFFF, 0xFFFF,
    0xFFFF, 0xFFFF, 0xFFFF, 0xFFFF, 0xFFFF, 0xFFFF, 0xFFFF, 0xFFFF, 0xFFFF, 0xFFFF, 0xFFFF, 0xFFFF, 0x4A69, 0x0000, 0x0020, 0x0000,
    0x0000, 0x0000, 0x0000, 0x0000, 0x0000, 0x0000, 0x0000, 0x0000, 0x0000, 0x0000, 0x0000, 0x0000, 0x0021, 0x0021, 0x0021, 0x0041,
    0x0062, 0x0082, 0x0083, 0x00A4, 0x00E4, 0x00E5, 0x00C4, 0x00E5, 0x00E5, 0x00E5, 0x0146, 0x124A, 0x0146, 0x0187, 0x0987, 0x0966,
    0x1104, 0x9348, 0xECEB, 0x7A44, 0x28E2, 0x2923, 0x2923, 0x30C2, 0x69A3, 0xCBC7, 0xF489, 0xAB05, 0x4122, 0x1082, 0x1082, 0x0862,
    0x0042, 0x0062, 0x0062, 0x0083, 0x00A3, 0x00E5, 0x0126, 0x01C8, 0x1B8F, 0x3555, 0x46FB, 0x47DF, 0x47FF, 0x4FFF, 0x4FFF, 0x4F1C,
    0x3DB7, 0x2431, 0x0A6A, 0x01A7, 0x0166, 0x0146, 0x0166, 0x0967, 0x0967, 0x0966, 0x0966, 0x0925, 0x0905, 0x08E4, 0x08C4, 0x08C4,
    0x08C4, 0x08E4, 0x08E4, 0x10E4, 0x10E4, 0x10E4, 0x08E4, 0x10E4, 0x10E4, 0x10E4, 0x10C4, 0x10C3, 0x08C3, 0x08C3, 0x08C4, 0x08E4,
    0x08E4, 0x08E4, 0x08C4, 0x08C4, 0x08C4, 0x08C4, 0x08C4, 0x08E4, 0x0125, 0x0966, 0x0166, 0x01A7, 0x024A, 0x136E, 0x2CD3, 0x3E19,
    0x4F3D, 0x57DF, 0x57FF, 0x573C, 0x136E, 0x0209, 0x1BD0, 0x57DF, 0x57FF, 0x2CB3, 0x0187, 0x0166, 0x0105, 0x00A3, 0x0083, 0x0062,
    0x0862, 0x1082, 0x1882, 0x4122, 0xAB25, 0xF4A8, 0xD3E7, 0x69A2, 0x30A1, 0x30E2, 0x30E2, 0x30C1, 0x8223, 0xEC88, 0xB346, 0x28A1,
    0x20E3, 0x18E3, 0x1104, 0x0105, 0x232D, 0x1ACC, 0x00C4, 0x0105, 0x00E5, 0x00C4, 0x0105, 0x00E4, 0x00C4, 0x00A3, 0x0062, 0x0062,
    0x0042, 0x0021, 0x0021, 0x0021, 0x0000, 0x0000, 0x0000, 0x0000, 0x0000, 0x0000, 0x0000, 0x0000, 0x0000, 0x0000, 0x0000, 0x0000,
    0x0000, 0x0020, 0x0000, 0x4A49, 0xFFFF, 0xFFFF, 0xFFFF, 0xFFFF, 0xFFFF, 0xFFFF, 0xFFFF, 0xFFFF, 0xFFFF, 0xFFFF, 0xFFFF, 0xFFFF,
    0xFFFF, 0xFFFF, 0xFFFF, 0xFFFF, 0xFFFF, 0xFFFF, 0xFFFF, 0xFFFF, 0xFFFF, 0xFFFF, 0xFFFF, 0xFFFF, 0xFFFF, 0xFFFF, 0xFFFF, 0xFFFF,
    0xFFFF, 0xFFFF, 0xFFFF, 0xFFFF, 0xFFFF, 0xFFFF, 0xFFFF, 0xFFFF, 0xFFFF, 0xFFFF, 0xFFFF, 0xFFFF, 0xFFFF, 0xFFFF, 0xFFFF, 0xFFFF,
    0xFFFF, 0xFFFF, 0xFFFF, 0xFFFF, 0xFFFF, 0xFFFF, 0xFFFF, 0xFFFF, 0xFFFF, 0xFFFF, 0xFFFF, 0xFFFF, 0xF79E, 0x3186, 0x0000, 0x0020,
    0x0000, 0x0000, 0x0000, 0x0000, 0x0000, 0x0000, 0x0000, 0x0000, 0x0000, 0x0000, 0x0000, 0x0000, 0x0001, 0x0021, 0x0021, 0x0021,
    0x0041, 0x0062, 0x0062, 0x0083, 0x00A3, 0x00A3, 0x00C4, 0x00C4, 0x00E4, 0x00E5, 0x3472, 0x679E, 0x2C72, 0x01A7, 0x0187, 0x09A7,
    0x1186, 0x31A5, 0xA367, 0xF50A, 0xB366, 0x4942, 0x28E2, 0x3144, 0x3103, 0x30C1, 0x9264, 0xFCE9, 0x8AC6, 0x1061, 0x1082, 0x0862,
    0x0062, 0x0042, 0x0062, 0x0083, 0x00A3, 0x00C4, 0x0125, 0x0167, 0x01C8, 0x01C8, 0x13F0, 0x4FFF, 0x47DF, 0x475D, 0x4FDF, 0x4FFF,
    0x4FFF, 0x5FFF, 0x2411, 0x01E8, 0x34B3, 0x2431, 0x128B, 0x01A8, 0x01A8, 0x0187, 0x0167, 0x0167, 0x0966, 0x0925, 0x0105, 0x00E4,
    0x00E4, 0x0905, 0x0925, 0x0925, 0x0925, 0x0925, 0x0925, 0x0925, 0x0925, 0x0905, 0x08E4, 0x08E4, 0x08E4, 0x08E4, 0x0905, 0x0925,
    0x0105, 0x0105, 0x00C4, 0x08C4, 0x00C3, 0x00C4, 0x00C4, 0x0105, 0x0146, 0x0187, 0x1BAF, 0x3DD7, 0x46FC, 0x4FDF, 0x4FFF, 0x57FF,
    0x57FF, 0x4F9E, 0x47BE, 0x57FF, 0x3E18, 0x028B, 0x02ED, 0x4EFC, 0x4FFF, 0x4E9A, 0x0209, 0x0187, 0x0125, 0x00C4, 0x00A3, 0x0062,
    0x0862, 0x10A2, 0x1041, 0x92A5, 0xFD28, 0x9A63, 0x30A0, 0x30C2, 0x3902, 0x30A1, 0x4921, 0xBB66, 0xFCC8, 0xDBE5, 0xFCC8, 0x7A24,
    0x20A2, 0x2124, 0x10E4, 0x230C, 0x67FF, 0x571C, 0x0987, 0x00C4, 0x00C4, 0x00C4, 0x00A3, 0x00A3, 0x0083, 0x0062, 0x0042, 0x0041,
    0x0021, 0x0021, 0x0001, 0x0000, 0x0000, 0x0000, 0x0000, 0x0000, 0x0000, 0x0000, 0x0000, 0x0000, 0x0000, 0x0000, 0x0000, 0x0000,
    0x0020, 0x0000, 0x2965, 0xEF7D, 0xFFFF, 0xFFFF, 0xFFFF, 0xFFFF, 0xFFFF, 0xFFFF, 0xFFFF, 0xFFFF, 0xFFFF, 0xFFFF, 0xFFFF, 0xFFFF,
    0xFFFF, 0xFFFF, 0xFFFF, 0xFFFF, 0xFFFF, 0xFFFF, 0xFFFF, 0xFFFF, 0xFFFF, 0xFFFF, 0xFFFF, 0xFFFF, 0xFFFF, 0xFFFF, 0xFFFF, 0xFFFF,
    0xFFFF, 0xFFFF, 0xFFFF, 0xFFFF, 0xFFFF, 0xFFFF, 0xFFFF, 0xFFFF, 0xFFFF, 0xFFFF, 0xFFFF, 0xFFFF, 0xFFFF, 0xFFFF, 0xFFFF, 0xFFFF,
    0xFFFF, 0xFFFF, 0xFFFF, 0xFFFF, 0xFFFF, 0xFFFF, 0xFFFF, 0xFFFF, 0xFFFF, 0xFFFF, 0xFFFF, 0xFFFF, 0xFFFF, 0xE71C, 0x2104, 0x0000,
    0x0000, 0x0000, 0x0000, 0x0000, 0x0000, 0x0000, 0x0000, 0x0000, 0x0000, 0x0000, 0x0000, 0x0000, 0x0001, 0x0000, 0x0021, 0x0021,
    0x0021, 0x0041, 0x0042, 0x0062, 0x0062, 0x0063, 0x0083, 0x00A3, 0x00E4, 0x0125, 0x4576, 0x57FF, 0x57FF, 0x3D96, 0x0A4A, 0x01A7,
    0x11E8, 0x1186, 0x1124, 0x6225, 0xDC69, 0xE489, 0x8A84, 0x3902, 0x3123, 0x28E2, 0xA2C4, 0xE428, 0x38E1, 0x10A2, 0x1082, 0x0862,
    0x0042, 0x0042, 0x0062, 0x0062, 0x0083, 0x00C4, 0x0105, 0x0167, 0x0209, 0x0209, 0x2D55, 0x4FFF, 0x4F7D, 0x0B8F, 0x1BD0, 0x3576,
    0x46BB, 0x573D, 0x0ACC, 0x0AEC, 0x57DF, 0x5FFF, 0x3D35, 0x01A7, 0x2C31, 0x3DB7, 0x2C93, 0x0A4A, 0x0187, 0x0167, 0x0125, 0x0125,
    0x0125, 0x0126, 0x0105, 0x0105, 0x0146, 0x0125, 0x0105, 0x0105, 0x0126, 0x0966, 0x0126, 0x0105, 0x0105, 0x0125, 0x0146, 0x0126,
    0x0187, 0x09A8, 0x09A7, 0x00E4, 0x00C4, 0x00C4, 0x00E4, 0x0146, 0x0166, 0x2431, 0x57FF, 0x4FFF, 0x4FFF, 0x4FDF, 0x471C, 0x3E18,
    0x24D4, 0x0B6F, 0x3E18, 0x57FF, 0x4F3C, 0x0B4E, 0x028C, 0x3596, 0x4FFF, 0x57BE, 0x134E, 0x0167, 0x0146, 0x00E4, 0x00A3, 0x0082,
    0x0862, 0x1082, 0x1882, 0x40E1, 0xE447, 0xAAE4, 0x28A1, 0x30E2, 0x38C1, 0x8A44, 0xEC88, 0xE447, 0x79E3, 0x48E0, 0xD3E7, 0xEC88,
    0x4942, 0x20E3, 0x1904, 0x0986, 0x4E18, 0x4597, 0x0146, 0x00A3, 0x00A3, 0x0083, 0x0083, 0x0062, 0x0062, 0x0042, 0x0021, 0x0021,
    0x0021, 0x0021, 0x0000, 0x0000, 0x0000, 0x0000, 0x0000, 0x0000, 0x0000, 0x0000, 0x0000, 0x0000, 0x0000, 0x0000, 0x0000, 0x0020,
    0x0000, 0x18E3, 0xDEFB, 0xFFFF, 0xFFFF, 0xFFFF, 0xFFFF, 0xFFFF, 0xFFFF, 0xFFFF, 0xFFFF, 0xFFFF, 0xFFFF, 0xFFFF, 0xFFFF, 0xFFFF,
    0xFFFF, 0xFFFF, 0xFFFF, 0xFFFF, 0xFFFF, 0xFFFF, 0xFFFF, 0xFFFF, 0xFFFF, 0xFFFF, 0xFFFF, 0xFFFF, 0xFFFF, 0xFFFF, 0xFFFF, 0xFFFF,
    0xFFFF, 0xFFFF, 0xFFFF, 0xFFFF, 0xFFFF, 0xFFFF, 0xFFFF, 0xFFFF, 0xFFFF, 0xFFFF, 0xFFFF, 0xFFFF, 0xFFFF, 0xFFFF, 0xFFFF, 0xFFFF,
    0xFFFF, 0xFFFF, 0xFFFF, 0xFFFF, 0xFFFF, 0xFFFF, 0xFFFF, 0xFFFF, 0xFFFF, 0xFFFF, 0xFFFF, 0xFFFF, 0xFFFF, 0xFFFF, 0xD69A, 0x1082,
    0x0000, 0x0000, 0x0000, 0x0000, 0x0000, 0x0000, 0x0000, 0x0000, 0x0000, 0x0000, 0x0000, 0x0000, 0x0000, 0x0000, 0x0001, 0x0001,
    0x0021, 0x0021, 0x0021, 0x0042, 0x0042, 0x0062, 0x0062, 0x0083, 0x00C4, 0x0105, 0x0146, 0x2C72, 0x579E, 0x57FF, 0x4EDB, 0x1B8F,
    0x01C7, 0x11C8, 0x11C7, 0x1145, 0x3164, 0x9B27, 0xF4EA, 0xD408, 0x61A3, 0x6182, 0xF4C9, 0x8A64, 0x1881, 0x18A2, 0x0862, 0x0862,
    0x0042, 0x0042, 0x0062, 0x0062, 0x0083, 0x00A3, 0x0105, 0x0167, 0x01C8, 0x026B, 0x46DB, 0x4FFF, 0x3E59, 0x024A, 0x022A, 0x0209,
    0x026B, 0x130D, 0x0209, 0x1C10, 0x4FFF, 0x4FFF, 0x1C52, 0x0209, 0x3E18, 0x57FF, 0x57FF, 0x3DD7, 0x01C8, 0x01A8, 0x0167, 0x0167,
    0x0167, 0x12AB, 0x3CF4, 0x3472, 0x0A09, 0x126A, 0x2BF0, 0x2C11, 0x130D, 0x0187, 0x09A8, 0x0167, 0x0166, 0x0187, 0x0146, 0x2C10,
    0x4EDB, 0x5F3C, 0x33CF, 0x00C4, 0x00E4, 0x00C4, 0x0105, 0x0146, 0x01C8, 0x469A, 0x47FF, 0x471C, 0x2D35, 0x13F0, 0x02ED, 0x028B,
    0x028C, 0x028B, 0x24D4, 0x57FF, 0x57DF, 0x1C31, 0x028B, 0x13F0, 0x4FBF, 0x4FFF, 0x3535, 0x0187, 0x0166, 0x0105, 0x00C3, 0x0082,
    0x0862, 0x1082, 0x18A2, 0x1861, 0x8A44, 0xFCC8, 0x6182, 0x5962, 0xCBE7, 0xFCC8, 0xAAE5, 0x48E1, 0x38C1, 0x4102, 0x6982, 0xF4A8,
    0xBB86, 0x28C2, 0x1904, 0x08E4, 0x0966, 0x0125, 0x00A3, 0x00A3, 0x0082, 0x0062, 0x0062, 0x0042, 0x0041, 0x0021, 0x0021, 0x0021,
    0x0001, 0x0000, 0x0000, 0x0001, 0x0000, 0x0000, 0x0000, 0x0000, 0x0000, 0x0000, 0x0000, 0x0000, 0x0000, 0x0000, 0x0000, 0x0000,
    0x1082, 0xD699, 0xFFFF, 0xFFFF, 0xFFFF, 0xFFFF, 0xFFFF, 0xFFFF, 0xFFFF, 0xFFFF, 0xFFFF, 0xFFFF, 0xFFFF, 0xFFFF, 0xFFFF, 0xFFFF,
    0xFFFF, 0xFFFF, 0xFFFF, 0xFFFF, 0xFFFF, 0xFFFF, 0xFFFF, 0xFFFF, 0xFFFF, 0xFFFF, 0xFFFF, 0xFFFF, 0xFFFF, 0xFFFF, 0xFFFF, 0xFFFF,
    0xFFFF, 0xFFFF, 0xFFFF, 0xFFFF, 0xFFFF, 0xFFFF, 0xFFFF, 0xFFFF, 0xFFFF, 0xFFFF, 0xFFFF, 0xFFFF, 0xFFFF, 0xFFFF, 0xFFFF, 0xFFFF,
    0xFFFF, 0xFFFF, 0xFFFF, 0xFFFF, 0xFFFF, 0xFFFF, 0xFFFF, 0xFFFF, 0xFFFF, 0xFFFF, 0xFFFF, 0xFFFF, 0xFFFF, 0xFFFF, 0xFFFF, 0xC618,
    0x0841, 0x0000, 0x0000, 0x0000, 0x0000, 0x0000, 0x0000, 0x0000, 0x0000, 0x0000, 0x0000, 0x0000, 0x0000, 0x0000, 0x0000, 0x0000,
    0x0001, 0x0021, 0x0021, 0x0021, 0x0021, 0x0042, 0x0042, 0x0062, 0x00A3, 0x00E4, 0x0126, 0x0126, 0x130D, 0x46BA, 0x57FF, 0x57BE,
    0x3535, 0x0A49, 0x09A7, 0x19E8, 0x19A7, 0x1924, 0x51E4, 0xBBE8, 0xEC89, 0xEC47, 0xD407, 0x30E1, 0x18C3, 0x10A2, 0x0862, 0x0042,
    0x0042, 0x0042, 0x0042, 0x0062, 0x0083, 0x00A3, 0x0105, 0x0167, 0x0187, 0x138F, 0x4FDF, 0x4FFF, 0x24B3, 0x01E8, 0x022A, 0x0209,
    0x01E9, 0x0209, 0x01E9, 0x2D35, 0x4FFF, 0x4F9E, 0x0B6E, 0x028B, 0x3E9A, 0x47FF, 0x3FBE, 0x57FF, 0x2431, 0x01A8, 0x01E9, 0x01C8,
    0x01A8, 0x2410, 0x5FFF, 0x5FFF, 0x134E, 0x0A8B, 0x5F5D, 0x57FF, 0x575D, 0x130D, 0x01C8, 0x01E9, 0x01E9, 0x01A8, 0x130D, 0x4F7E,
    0x4FFF, 0x4E59, 0x0187, 0x0125, 0x00E4, 0x00C4, 0x0105, 0x0167, 0x01E8, 0x3E59, 0x4FFF, 0x3E7A, 0x026B, 0x028B, 0x028B, 0x028B,
    0x02AC, 0x02CC, 0x1431, 0x4FDE, 0x57FF, 0x2D55, 0x028C, 0x02CC, 0x46BB, 0x4FFF, 0x4EFB, 0x0229, 0x0166, 0x0125, 0x00C4, 0x00A2,
    0x0882, 0x1082, 0x1882, 0x20A2, 0x38A1, 0xD3C6, 0xEC46, 0xF4A8, 0xCBC7, 0x6182, 0x30A1, 0x38E2, 0x4122, 0x4102, 0x48E1, 0xCB85,
    0xFD07, 0x7A64, 0x18A2, 0x10E4, 0x08C3, 0x00A3, 0x00A3, 0x0062, 0x0062, 0x0042, 0x0041, 0x0021, 0x0021, 0x0021, 0x0001, 0x0001,
    0x0000, 0x0000, 0x0000, 0x0000, 0x0000, 0x0000, 0x0000, 0x0000, 0x0000, 0x0000, 0x0000, 0x0000, 0x0000, 0x0000, 0x0000, 0x0841,
    0xC618, 0xFFFF, 0xFFDF, 0xFFFF, 0xFFFF, 0xFFFF, 0xFFFF, 0xFFFF, 0xFFFF, 0xFFFF, 0xFFFF, 0xFFFF, 0xFFFF, 0xFFFF, 0xFFFF, 0xFFFF,
    0xFFFF, 0xFFFF, 0xFFFF, 0xFFFF, 0xFFFF, 0xFFFF, 0xFFFF, 0xFFFF, 0xFFFF, 0xFFFF, 0xFFFF, 0xFFFF, 0xFFFF, 0xFFFF, 0xFFFF, 0xFFFF,
    0xFFFF, 0xFFFF, 0xFFFF, 0xFFFF, 0xFFFF, 0xFFFF, 0xFFFF, 0xFFFF, 0xFFFF, 0xFFFF, 0xFFFF, 0xFFFF, 0xFFFF, 0xFFFF, 0xFFFF, 0xFFFF,
    0xFFFF, 0xFFFF, 0xFFFF, 0xFFFF, 0xFFFF, 0xFFFF, 0xFFFF, 0xFFFF, 0xFFFF, 0xFFFF, 0xFFFF, 0xFFFF, 0xFFFF, 0xFFFF, 0xFFDF, 0xFFFF,
    0xB596, 0x0020, 0x0000, 0x0000, 0x0000, 0x0000, 0x0000, 0x0000, 0x0000, 0x0000, 0x0000, 0x0000, 0x0000, 0x0000, 0x0000, 0x0000,
    0x0000, 0x0001, 0x0001, 0x0021, 0x0021, 0x0021, 0x0041, 0x0062, 0x0083, 0x00A3, 0x0105, 0x0166, 0x0146, 0x0209, 0x3D76, 0x57FF,
    0x57FF, 0x4E9A, 0x1B6E, 0x01A7, 0x11C7, 0x19C7, 0x1966, 0x2124, 0x6A44, 0xD449, 0x6A24, 0x18C2, 0x18C3, 0x1082, 0x0862, 0x0062,
    0x0042, 0x0062, 0x0062, 0x0062, 0x0083, 0x00A3, 0x0105, 0x0187, 0x0187, 0x2D35, 0x4FFF, 0x4F9E, 0x130D, 0x01A8, 0x01C8, 0x01A8,
    0x01C8, 0x0209, 0x022A, 0x3E39, 0x4FFF, 0x46FC, 0x02CC, 0x030D, 0x4F3C, 0x4FFF, 0x47FF, 0x47FF, 0x4F3D, 0x0ACC, 0x0209, 0x024A,
    0x01E9, 0x2492, 0x4FFF, 0x477E, 0x132D, 0x01A8, 0x13B0, 0x4FBE, 0x47FF, 0x4EDB, 0x026B, 0x020A, 0x024A, 0x026B, 0x469B, 0x47FF,
    0x4F5D, 0x12AB, 0x0126, 0x0125, 0x00E4, 0x00C4, 0x0105, 0x0187, 0x0187, 0x3555, 0x4FFF, 0x4F5D, 0x0B4E, 0x028C, 0x02CC, 0x0B6E,
    0x24B3, 0x3E39, 0x4F3D, 0x47DE, 0x4FFF, 0x469A, 0x02CD, 0x026B, 0x2CF4, 0x4FFF, 0x4FDF, 0x1BAF, 0x0146, 0x0145, 0x00E4, 0x00A3,
    0x0882, 0x1062, 0x1082, 0x20A2, 0x2081, 0x71E3, 0xE448, 0x8A43, 0x38A1, 0x30C1, 0x4122, 0x3902, 0x38C1, 0x69A2, 0xD3C6, 0xFCC6,
    0xFCC7, 0x8AC5, 0x1881, 0x10A3, 0x08A3, 0x0083, 0x0062, 0x0062, 0x0041, 0x0021, 0x0021, 0x0021, 0x0021, 0x0001, 0x0000, 0x0000,
    0x0000, 0x0000, 0x0000, 0x0000, 0x0000, 0x0000, 0x0000, 0x0000, 0x0000, 0x0000, 0x0000, 0x0000, 0x0000, 0x0000, 0x0020, 0xB596,
    0xFFFF, 0xFFDF, 0xFFFF, 0xFFFF, 0xFFFF, 0xFFFF, 0xFFFF, 0xFFFF, 0xFFFF, 0xFFFF, 0xFFFF, 0xFFFF, 0xFFFF, 0xFFFF, 0xFFFF, 0xFFFF,
    0xFFFF, 0xFFFF, 0xFFFF, 0xFFFF, 0xFFFF, 0xFFFF, 0xFFFF, 0xFFFF, 0xFFFF, 0xFFFF, 0xFFFF, 0xFFFF, 0xFFFF, 0xFFFF, 0xFFFF, 0xFFFF,
    0xFFFF, 0xFFFF, 0xFFFF, 0xFFFF, 0xFFFF, 0xFFFF, 0xFFFF, 0xFFFF, 0xFFFF, 0xFFFF, 0xFFFF, 0xFFFF, 0xFFFF, 0xFFFF, 0xFFFF, 0xFFFF,
    0xFFFF, 0xFFFF, 0xFFFF, 0xFFFF, 0xFFFF, 0xFFFF, 0xFFFF, 0xFFFF, 0xFFFF, 0xFFFF, 0xFFFF, 0xFFFF, 0xFFFF, 0xFFFF, 0xFFFF, 0xFFDF,
    0xFFFF, 0xAD75, 0x0020, 0x0000, 0x0000, 0x0000, 0x0000, 0x0000, 0x0000, 0x0000, 0x0000, 0x0000, 0x0000, 0x0000, 0x0000, 0x0000,
    0x0000, 0x0000, 0x0000, 0x0001, 0x0021, 0x0021, 0x0041, 0x0042, 0x0062, 0x0083, 0x00A3, 0x0105, 0x0146, 0x0167, 0x0187, 0x23F0,
    0x4F1C, 0x5FFF, 0x5FBE, 0x3535, 0x0A6A, 0x09A7, 0x19C7, 0x19A7, 0x1145, 0x2944, 0x2124, 0x1104, 0x08C3, 0x08A3, 0x0082, 0x0062,
    0x0062, 0x0062, 0x0062, 0x0062, 0x0083, 0x00A3, 0x0105, 0x0167, 0x01E9, 0x46BB, 0x4FFF, 0x467A, 0x0209, 0x01A8, 0x0187, 0x0167,
    0x0187, 0x01E8, 0x02AB, 0x473C, 0x4FFF, 0x3E39, 0x028B, 0x0B6F, 0x4F9E, 0x4FFF, 0x369A, 0x477D, 0x4FFF, 0x3E39, 0x026B, 0x028B,
    0x0209, 0x2D15, 0x4FFF, 0x475D, 0x0AEC, 0x024A, 0x0209, 0x2CB3, 0x4FFF, 0x47FF, 0x3E38, 0x028B, 0x024B, 0x3576, 0x4FFF, 0x4FFF,
    0x2C72, 0x0146, 0x0146, 0x0105, 0x00C4, 0x00C4, 0x00E5, 0x0166, 0x0187, 0x1C31, 0x4FFF, 0x4FDE, 0x2DB7, 0x35B7, 0x46DB, 0x479E,
    0x4FFF, 0x57FF, 0x57FF, 0x4FFF, 0x47FF, 0x579E, 0x0B6E, 0x024A, 0x0B2E, 0x4F7E, 0x4FFF, 0x3D96, 0x0166, 0x0945, 0x08E4, 0x08A3,
    0x0862, 0x1082, 0x1082, 0x1882, 0x20A2, 0x30C1, 0x40E1, 0x30A1, 0x3902, 0x4123, 0x38E1, 0x5121, 0xA2E5, 0xF4A7, 0xFCE7, 0xDC07,
    0x71E3, 0x2081, 0x18A2, 0x1082, 0x0862, 0x0042, 0x0042, 0x0021, 0x0021, 0x0021, 0x0021, 0x0021, 0x0001, 0x0000, 0x0000, 0x0000,
    0x0000, 0x0000, 0x0000, 0x0000, 0x0000, 0x0000, 0x0000, 0x0000, 0x0000, 0x0000, 0x0000, 0x0000, 0x0000, 0x0000, 0xAD55, 0xFFFF,
    0xFFDF, 0xFFFF, 0xFFFF, 0xFFFF, 0xFFFF, 0xFFFF, 0xFFFF, 0xFFFF, 0xFFFF, 0xFFFF, 0xFFFF, 0xFFFF, 0xFFFF, 0xFFFF, 0xFFFF, 0xFFFF,
    0xFFFF, 0xFFFF, 0xFFFF, 0xFFFF, 0xFFFF, 0xFFFF, 0xFFFF, 0xFFFF, 0xFFFF, 0xFFFF, 0xFFFF, 0xFFFF, 0xFFFF, 0xFFFF, 0xFFFF, 0xFFFF,
    0xFFFF, 0xFFFF, 0xFFFF, 0xFFFF, 0xFFFF, 0xFFFF, 0xFFFF, 0xFFFF, 0xFFFF, 0xFFFF, 0xFFFF, 0xFFFF, 0xFFFF, 0xFFFF, 0xFFFF, 0xFFFF,
    0xFFFF, 0xFFFF, 0xFFFF, 0xFFFF, 0xFFFF, 0xFFFF, 0xFFFF, 0xFFFF, 0xFFFF, 0xFFFF, 0xFFFF, 0xFFFF, 0xFFFF, 0xFFFF, 0xFFFF, 0xFFFF,
    0xFFDF, 0xFFFF, 0xAD75, 0x0020, 0x0000, 0x0000, 0x0000, 0x0000, 0x0000, 0x0000, 0x0000, 0x0000, 0x0000, 0x0000, 0x0000, 0x0000,
    0x0000, 0x0000, 0x0000, 0x0000, 0x0001, 0x0021, 0x0021, 0x0021, 0x0042, 0x0062, 0x0083, 0x00C3, 0x00E4, 0x0125, 0x0167, 0x0146,
    0x0A4A, 0x3D96, 0x5FFF, 0x5FFF, 0x4EDB, 0x23EF, 0x09E8, 0x09A7, 0x11C7, 0x1186, 0x1145, 0x0925, 0x08E4, 0x00C3, 0x00A3, 0x0083,
    0x0062, 0x0062, 0x0062, 0x0062, 0x0083, 0x00C4, 0x0125, 0x0146, 0x130D, 0x4FBF, 0x4FFF, 0x34F4, 0x0167, 0x0187, 0x0146, 0x0146,
    0x0187, 0x01A8, 0x134E, 0x4FDF, 0x4FFF, 0x2D55, 0x024B, 0x13F0, 0x4FDF, 0x4FFF, 0x1C52, 0x2535, 0x4FFF, 0x57FF, 0x2CF4, 0x024A,
    0x024A, 0x2DB7, 0x47FF, 0x471C, 0x02AC, 0x024A, 0x022A, 0x01C8, 0x3576, 0x4FFF, 0x4FFF, 0x2D76, 0x1431, 0x4FDF, 0x4FFF, 0x4639,
    0x01E8, 0x0167, 0x0125, 0x00E4, 0x00A4, 0x00A4, 0x00E4, 0x0146, 0x01A7, 0x0B0D, 0x4F9E, 0x47FF, 0x4FFF, 0x57FF, 0x57FF, 0x4FFF,
    0x4F5D, 0x3E59, 0x2CF4, 0x2D35, 0x4FFF, 0x57FF, 0x1C31, 0x022A, 0x022A, 0x3E18, 0x4FFF, 0x5F7E, 0x124A, 0x0105, 0x08E4, 0x08A2,
    0x0882, 0x1082, 0x1082, 0x18A2, 0x20A2, 0x28C2, 0x30E2, 0x3902, 0x38E2, 0x40E1, 0x8223, 0xDC27, 0xFD07, 0xFCA7, 0xAB05, 0x4101,
    0x2081, 0x20A2, 0x1081, 0x0861, 0x0841, 0x0041, 0x0021, 0x0021, 0x0021, 0x0021, 0x0001, 0x0001, 0x0000, 0x0000, 0x0000, 0x0000,
    0x0000, 0x0000, 0x0000, 0x0000, 0x0000, 0x0000, 0x0000, 0x0000, 0x0000, 0x0000, 0x0000, 0x0000, 0x0020, 0xAD55, 0xFFFF, 0xFFDF,
    0xFFFF, 0xFFFF, 0xFFFF, 0xFFFF, 0xFFFF, 0xFFFF, 0xFFFF, 0xFFFF, 0xFFFF, 0xFFFF, 0xFFFF, 0xFFFF, 0xFFFF, 0xFFFF, 0xFFFF, 0xFFFF,
    0xFFFF, 0xFFFF, 0xFFFF, 0xFFFF, 0xFFFF, 0xFFFF, 0xFFFF, 0xFFFF, 0xFFFF, 0xFFFF, 0xFFFF, 0xFFFF, 0xFFFF, 0xFFFF, 0xFFFF, 0xFFFF,
    0xFFFF, 0xFFFF, 0xFFFF, 0xFFFF, 0xFFFF, 0xFFFF, 0xFFFF, 0xFFFF, 0xFFFF, 0xFFFF, 0xFFFF, 0xFFFF, 0xFFFF, 0xFFFF, 0xFFFF, 0xFFFF,
    0xFFFF, 0xFFFF, 0xFFFF, 0xFFFF, 0xFFFF, 0xFFFF, 0xFFFF, 0xFFFF, 0xFFFF, 0xFFFF, 0xFFFF, 0xFFFF, 0xFFFF, 0xFFFF, 0xFFFF, 0xFFFF,
    0xFFFF, 0xFFDF, 0xFFFF, 0xAD75, 0x0020, 0x0000, 0x0000, 0x0000, 0x0000, 0x0000, 0x0000, 0x0000, 0x0000, 0x0000, 0x0000, 0x0000,
    0x0000, 0x0000, 0x0000, 0x0000, 0x0000, 0x0001, 0x0001, 0x0021, 0x0021, 0x0042, 0x0062, 0x0082, 0x00A3, 0x00E4, 0x0105, 0x0166,
    0x0166, 0x0187, 0x1BAF, 0x4EDB, 0x5FFF, 0x5FFF, 0x4618, 0x1B4D, 0x01C7, 0x09A7, 0x09A7, 0x0966, 0x0125, 0x00E4, 0x00C4, 0x00A3,
    0x0083, 0x0083, 0x0083, 0x0083, 0x0083, 0x00C4, 0x0125, 0x0125, 0x2CD3, 0x47FF, 0x4FBE, 0x132D, 0x0146, 0x0166, 0x0126, 0x0146,
    0x0187, 0x0187, 0x2452, 0x4FFF, 0x4FFF, 0x1C52, 0x024B, 0x1C72, 0x4FFF, 0x4FFF, 0x1C31, 0x02AC, 0x46FB, 0x4FFF, 0x4F9E, 0x138F,
    0x024A, 0x3E59, 0x47FF, 0x46BB, 0x026B, 0x020A, 0x01E9, 0x01E8, 0x022A, 0x469A, 0x4FFF, 0x4FDF, 0x479E, 0x47FF, 0x577D, 0x0AEC,
    0x01A8, 0x0166, 0x00E5, 0x00A4, 0x00A3, 0x00A3, 0x00C4, 0x0125, 0x01A7, 0x022A, 0x46BB, 0x47FF, 0x47BE, 0x46BB, 0x3597, 0x1C31,
    0x0AED, 0x0229, 0x01E9, 0x0AEC, 0x4F5D, 0x4FFF, 0x3535, 0x01E9, 0x01C8, 0x2431, 0x56FB, 0x3472, 0x09C8, 0x0904, 0x08C3, 0x08A2,
    0x1082, 0x1082, 0x1882, 0x20A1, 0x28C2, 0x30E2, 0x30E2, 0x30A1, 0x6182, 0xC386, 0xFCE7, 0xFD07, 0xD407, 0x71C3, 0x3080, 0x28A1,
    0x20A2, 0x1881, 0x1061, 0x0861, 0x0841, 0x0021, 0x0021, 0x0021, 0x0021, 0x0001, 0x0001, 0x0000, 0x0000, 0x0020, 0x0000, 0x0000,
    0x0000, 0x0000, 0x0000, 0x0000, 0x0000, 0x0000, 0x0000, 0x0000, 0x0000, 0x0000, 0x0000, 0x0020, 0xAD55, 0xFFFF, 0xFFDF, 0xFFFF,
    0xFFFF, 0xFFFF, 0xFFFF, 0xFFFF, 0xFFFF, 0xFFFF, 0xFFFF, 0xFFFF, 0xFFFF, 0xFFFF, 0xFFFF, 0xFFFF, 0xFFFF, 0xFFFF, 0xFFFF, 0xFFFF,
    0xFFFF, 0xFFFF, 0xFFFF, 0xFFFF, 0xFFFF, 0xFFFF, 0xFFFF, 0xFFFF, 0xFFFF, 0xFFFF, 0xFFFF, 0xFFFF, 0xFFFF, 0xFFFF, 0xFFFF, 0xFFFF,
    0xFFFF, 0xFFFF, 0xFFFF, 0xFFFF, 0xFFFF, 0xFFFF, 0xFFFF, 0xFFFF, 0xFFFF, 0xFFFF, 0xFFFF, 0xFFFF, 0xFFFF, 0xFFFF, 0xFFFF, 0xFFFF,
    0xFFFF, 0xFFFF, 0xFFFF, 0xFFFF, 0xFFFF, 0xFFFF, 0xFFFF, 0xFFFF, 0xFFFF, 0xFFFF, 0xFFFF, 0xFFFF, 0xFFFF, 0xFFFF, 0xFFFF, 0xFFFF,
    0xFFFF, 0xFFFF, 0xFFDF, 0xFFFF, 0xB596, 0x0841, 0x0000, 0x0000, 0x0000, 0x0000, 0x0000, 0x0000, 0x0000, 0x0000, 0x0000, 0x0000,
    0x0000, 0x0000, 0x0000, 0x0000, 0x0000, 0x0000, 0x0000, 0x0001, 0x0021, 0x0021, 0x0042, 0x0062, 0x0063, 0x00A3, 0x00C4, 0x00E4,
    0x0126, 0x0166, 0x0146, 0x0209, 0x34F4, 0x579E, 0x5FFF, 0x57BE, 0x3555, 0x0AAB, 0x0187, 0x0187, 0x0187, 0x0146, 0x0105, 0x00E4,
    0x00C4, 0x00A3, 0x00A3, 0x0083, 0x00A3, 0x00C4, 0x0105, 0x0125, 0x4555, 0x5FFF, 0x56DB, 0x01C8, 0x0166, 0x0125, 0x0105, 0x0126,
    0x0187, 0x01A8, 0x3556, 0x4FFF, 0x4F7D, 0x0B6E, 0x026B, 0x24F4, 0x4FFF, 0x4FBE, 0x13AF, 0x024B, 0x13F0, 0x4FBE, 0x47FF, 0x469A,
    0x02CC, 0x3EBB, 0x4FFF, 0x3E59, 0x022A, 0x01E9, 0x01A8, 0x01C8, 0x01E9, 0x0B2D, 0x4F7D, 0x47FF, 0x3FDE, 0x57FF, 0x2451, 0x01C8,
    0x01A8, 0x0125, 0x00C4, 0x00A3, 0x0083, 0x0083, 0x00C3, 0x0105, 0x0187, 0x01A8, 0x3576, 0x4FFF, 0x475C, 0x030D, 0x022A, 0x0209,
    0x0209, 0x01E9, 0x0209, 0x0209, 0x3E59, 0x57FF, 0x56BB, 0x0209, 0x01C8, 0x0A09, 0x09E8, 0x0125, 0x0925, 0x08E4, 0x10C3, 0x10A2,
    0x18A2, 0x18A2, 0x20C2, 0x28C2, 0x30C2, 0x30A1, 0x5122, 0xA2E5, 0xF487, 0xFD27, 0xF487, 0x9AC4, 0x40E1, 0x28A1, 0x28C2, 0x20A1,
    0x1881, 0x1061, 0x0861, 0x0841, 0x0021, 0x0021, 0x0021, 0x0001, 0x0001, 0x0000, 0x0000, 0x0000, 0x0000, 0x0000, 0x0000, 0x0000,
    0x0000, 0x0000, 0x0000, 0x0000, 0x0000, 0x0000, 0x0000, 0x0000, 0x0000, 0x0000, 0x0021, 0xAD75, 0xFFFF, 0xFFDF, 0xFFFF, 0xFFFF,
    0xFFFF, 0xFFFF, 0xFFFF, 0xFFFF, 0xFFFF, 0xFFFF, 0xFFFF, 0xFFFF, 0xFFFF, 0xFFFF, 0xFFFF, 0xFFFF, 0xFFFF, 0xFFFF, 0xFFFF, 0xFFFF,
    0xFFFF, 0xFFFF, 0xFFFF, 0xFFFF, 0xFFFF, 0xFFFF, 0xFFFF, 0xFFFF, 0xFFFF, 0xFFFF, 0xFFFF, 0xFFFF, 0xFFFF, 0xFFFF, 0xFFFF, 0xFFFF,
    0xFFFF, 0xFFFF, 0xFFFF, 0xFFFF, 0xFFFF, 0xFFFF, 0xFFFF, 0xFFFF, 0xFFFF, 0xFFFF, 0xFFFF, 0xFFFF, 0xFFFF, 0xFFFF, 0xFFFF, 0xFFFF,
    0xFFFF, 0xFFFF, 0xFFFF, 0xFFFF, 0xFFFF, 0xFFFF, 0xFFFF, 0xFFFF, 0xFFFF, 0xFFFF, 0xFFFF, 0xFFFF, 0xFFFF, 0xFFFF, 0xFFFF, 0xFFFF,
    0xFFFF, 0xFFFF, 0xFFFF, 0xFFDF, 0xFFFF, 0xBDF7, 0x0861, 0x0000, 0x0020, 0x0000, 0x0000, 0x0000, 0x0000, 0x0000, 0x0000, 0x0000,
    0x0000, 0x0000, 0x0000, 0x0000, 0x0020, 0x0000, 0x0000, 0x0000, 0x0001, 0x0021, 0x0021, 0x0041, 0x0042, 0x0062, 0x0083, 0x00A3,
    0x00C4, 0x0105, 0x0146, 0x0166, 0x0146, 0x12CC, 0x3DD7, 0x57FF, 0x5FFF, 0x4F3C, 0x34D3, 0x0A6A, 0x0167, 0x0167, 0x0166, 0x0126,
    0x0105, 0x00E4, 0x00C4, 0x00A4, 0x00C4, 0x00C4, 0x00E4, 0x0125, 0x0186, 0x1B2D, 0x236E, 0x0146, 0x0126, 0x0105, 0x0105, 0x0125,
    0x0167, 0x01C8, 0x3E59, 0x4FFF, 0x46BA, 0x02AC, 0x024A, 0x2D56, 0x4FFF, 0x4F7D, 0x0B2D, 0x026B, 0x024A, 0x2D14, 0x4FFF, 0x4FFF,
    0x2DB7, 0x3EFB, 0x4FFF, 0x35D7, 0x01E9, 0x01C8, 0x0187, 0x0187, 0x01E9, 0x0209, 0x1C11, 0x4FDE, 0x47FF, 0x3E18, 0x0209, 0x01E9,
    0x0166, 0x0105, 0x00A3, 0x0083, 0x0083, 0x0083, 0x00A3, 0x00E4, 0x0166, 0x0167, 0x1C10, 0x4FFF, 0x4FBF, 0x1BAF, 0x0209, 0x0209,
    0x01A8, 0x0187, 0x01A7, 0x0166, 0x2C11, 0x4597, 0x238E, 0x09C8, 0x0987, 0x0966, 0x0946, 0x1145, 0x1104, 0x10C3, 0x18C2, 0x18A2,
    0x20C2, 0x28C2, 0x28C2, 0x28A1, 0x4921, 0x92A4, 0xE447, 0xFD07, 0xFCC7, 0xBB66, 0x5962, 0x2881, 0x28A1, 0x20A1, 0x1881, 0x1061,
    0x1061, 0x0861, 0x0841, 0x0021, 0x0021, 0x0021, 0x0001, 0x0001, 0x0000, 0x0000, 0x0000, 0x0000, 0x0000, 0x0000, 0x0000, 0x0000,
    0x0000, 0x0000, 0x0000, 0x0000, 0x0000, 0x0000, 0x0000, 0x0020, 0x0000, 0x0861, 0xBDD7, 0xFFFF, 0xFFDF, 0xFFFF, 0xFFFF, 0xFFFF,
    0xFFFF, 0xFFFF, 0xFFFF, 0xFFFF, 0xFFFF, 0xFFFF, 0xFFFF, 0xFFFF, 0xFFFF, 0xFFFF, 0xFFFF, 0xFFFF, 0xFFFF, 0xFFFF, 0xFFFF, 0xFFFF,
    0xFFFF, 0xFFFF, 0xFFFF, 0xFFFF, 0xFFFF, 0xFFFF, 0xFFFF, 0xFFFF, 0xFFFF, 0xFFFF, 0xFFFF, 0xFFFF, 0xFFFF, 0xFFFF, 0xFFFF, 0xFFFF,
    0xFFFF, 0xFFFF, 0xFFFF, 0xFFFF, 0xFFFF, 0xFFFF, 0xFFFF, 0xFFFF, 0xFFFF, 0xFFFF, 0xFFFF, 0xFFFF, 0xFFFF, 0xFFFF, 0xFFFF, 0xFFFF,
    0xFFFF, 0xFFFF, 0xFFFF, 0xFFFF, 0xFFFF, 0xFFFF, 0xFFFF, 0xFFFF, 0xFFFF, 0xFFFF, 0xFFFF, 0xFFFF, 0xFFFF, 0xFFFF, 0xFFFF, 0xFFFF,
    0xFFFF, 0xFFFF, 0xFFFF, 0xFFFF, 0xFFDF, 0xFFFF, 0xCE59, 0x18C3, 0x0000, 0x0020, 0x0000, 0x0000, 0x0000, 0x0000, 0x0000, 0x0000,
    0x0000, 0x0000, 0x0000, 0x0000, 0x0000, 0x0000, 0x0001, 0x0001, 0x0001, 0x0001, 0x0021, 0x0021, 0x0021, 0x0042, 0x0062, 0x0062,
    0x0083, 0x00A3, 0x00E4, 0x0125, 0x0166, 0x0146, 0x0187, 0x1B6E, 0x4659, 0x57FF, 0x5FFF, 0x4F1C, 0x2CB3, 0x0A4A, 0x0167, 0x0167,
    0x0167, 0x0146, 0x0105, 0x00E5, 0x00E4, 0x00E4, 0x00E4, 0x0105, 0x0125, 0x00E4, 0x00E4, 0x0105, 0x00E5, 0x00C4, 0x00E4, 0x0105,
    0x0126, 0x0A6A, 0x4F7E, 0x4FFF, 0x3DB7, 0x022A, 0x022A, 0x35B7, 0x4FFF, 0x471C, 0x028B, 0x0229, 0x024A, 0x024A, 0x469A, 0x4FFF,
    0x47DF, 0x47DE, 0x4FFF, 0x2D55, 0x01A8, 0x01A8, 0x0167, 0x0166, 0x0187, 0x01E8, 0x028B, 0x471C, 0x4FFF, 0x3576, 0x01C8, 0x01A7,
    0x0125, 0x00C4, 0x00A3, 0x0083, 0x0062, 0x0062, 0x0083, 0x00C4, 0x0125, 0x0146, 0x0AAB, 0x477D, 0x4FFF, 0x34F4, 0x0167, 0x0187,
    0x0146, 0x0126, 0x0126, 0x0146, 0x0146, 0x0125, 0x0105, 0x0945, 0x0925, 0x0925, 0x1104, 0x1104, 0x18E3, 0x18E2, 0x20E2, 0x28E2,
    0x28C2, 0x28A1, 0x4901, 0x9284, 0xE447, 0xFD07, 0xFCC7, 0xCBA6, 0x69C3, 0x30A1, 0x28A1, 0x28C2, 0x2081, 0x1881, 0x1061, 0x0861,
    0x0841, 0x0821, 0x0021, 0x0021, 0x0001, 0x0001, 0x0000, 0x0000, 0x0000, 0x0000, 0x0000, 0x0000, 0x0000, 0x0000, 0x0000, 0x0000,
    0x0000, 0x0000, 0x0000, 0x0000, 0x0000, 0x0000, 0x0020, 0x0000, 0x18C3, 0xC638, 0xFFFF, 0xFFDF, 0xFFFF, 0xFFFF, 0xFFFF, 0xFFFF,
    0xFFFF, 0xFFFF, 0xFFFF, 0xFFFF, 0xFFFF, 0xFFFF, 0xFFFF, 0xFFFF, 0xFFFF, 0xFFFF, 0xFFFF, 0xFFFF, 0xFFFF, 0xFFFF, 0xFFFF, 0xFFFF,
    0xFFFF, 0xFFFF, 0xFFFF, 0xFFFF, 0xFFFF, 0xFFFF, 0xFFFF, 0xFFFF, 0xFFFF, 0xFFFF, 0xFFFF, 0xFFFF, 0xFFFF, 0xFFFF, 0xFFFF, 0xFFFF,
    0xFFFF, 0xFFFF, 0xFFFF, 0xFFFF, 0xFFFF, 0xFFFF, 0xFFFF, 0xFFFF, 0xFFFF, 0xFFFF, 0xFFFF, 0xFFFF, 0xFFFF, 0xFFFF, 0xFFFF, 0xFFFF,
    0xFFFF, 0xFFFF, 0xFFFF, 0xFFFF, 0xFFFF, 0xFFFF, 0xFFFF, 0xFFFF, 0xFFFF, 0xFFFF, 0xFFFF, 0xFFFF, 0xFFFF, 0xFFFF, 0xFFFF, 0xFFFF,
    0xFFFF, 0xFFFF, 0xFFFF, 0xFFFF, 0xFFFF, 0xFFDF, 0xFFFF, 0xDEDB, 0x2945, 0x0000, 0x0020, 0x0000, 0x0000, 0x0000, 0x0000, 0x0000,
    0x0000, 0x0000, 0x0000, 0x0000, 0x0000, 0x0000, 0x0000, 0x0000, 0x0000, 0x0000, 0x0001, 0x0021, 0x0021, 0x0021, 0x0042, 0x0042,
    0x0062, 0x0083, 0x00A3, 0x00C4, 0x00E5, 0x0126, 0x0167, 0x0146, 0x01C8, 0x23D0, 0x469A, 0x57FF, 0x57FF, 0x4F3C, 0x34D4, 0x0A8B,
    0x0167, 0x0167, 0x0167, 0x0166, 0x0125, 0x0125, 0x0105, 0x0105, 0x0105, 0x0125, 0x0105, 0x00E4, 0x00C4, 0x00C4, 0x00C4, 0x00E5,
    0x0105, 0x124A, 0x4618, 0x5F9E, 0x2C92, 0x01A8, 0x0209, 0x3E7A, 0x4FFF, 0x469A, 0x0209, 0x01C8, 0x01E9, 0x01E9, 0x134E, 0x57BE,
    0x47FF, 0x3FDF, 0x4FFF, 0x2CB3, 0x0187, 0x0187, 0x0126, 0x0126, 0x0146, 0x0187, 0x024A, 0x46FB, 0x4FFF, 0x3DD7, 0x01A7, 0x0166,
    0x0105, 0x00C4, 0x0083, 0x0062, 0x0062, 0x0062, 0x0083, 0x00A3, 0x00E4, 0x0125, 0x01A7, 0x4E9A, 0x5FBE, 0x3CD3, 0x0146, 0x0146,
    0x0105, 0x00E4, 0x08E4, 0x0904, 0x0905, 0x0925, 0x1125, 0x1104, 0x10E4, 0x10E3, 0x18E3, 0x20E3, 0x20E3, 0x2903, 0x28C2, 0x28A1,
    0x5142, 0x92A4, 0xE447, 0xFD07, 0xFCE7, 0xD3C6, 0x7A03, 0x38A1, 0x2881, 0x28C2, 0x20A1, 0x1881, 0x1061, 0x1061, 0x0861, 0x0841,
    0x0021, 0x0021, 0x0021, 0x0001, 0x0001, 0x0000, 0x0000, 0x0000, 0x0000, 0x0000, 0x0000, 0x0000, 0x0000, 0x0000, 0x0000, 0x0000,
    0x0000, 0x0000, 0x0000, 0x0000, 0x0000, 0x0020, 0x0000, 0x2124, 0xDEDA, 0xFFFF, 0xFFDF, 0xFFFF, 0xFFFF, 0xFFFF, 0xFFFF, 0xFFFF,
    0xFFFF, 0xFFFF, 0xFFFF, 0xFFFF, 0xFFFF, 0xFFFF, 0xFFFF, 0xFFFF, 0xFFFF, 0xFFFF, 0xFFFF, 0xFFFF, 0xFFFF, 0xFFFF, 0xFFFF, 0xFFFF,
    0xFFFF, 0xFFFF, 0xFFFF, 0xFFFF, 0xFFFF, 0xFFFF, 0xFFFF, 0xFFFF, 0xFFFF, 0xFFFF, 0xFFFF, 0xFFFF, 0xFFFF, 0xFFFF, 0xFFFF, 0xFFFF,
    0xFFFF, 0xFFFF, 0xFFFF, 0xFFFF, 0xFFFF, 0xFFFF, 0xFFFF, 0xFFFF, 0xFFFF, 0xFFFF, 0xFFFF, 0xFFFF, 0xFFFF, 0xFFFF, 0xFFFF, 0xFFFF,
    0xFFFF, 0xFFFF, 0xFFFF, 0xFFFF, 0xFFFF, 0xFFFF, 0xFFFF, 0xFFFF, 0xFFFF, 0xFFFF, 0xFFFF, 0xFFFF, 0xFFFF, 0xFFFF, 0xFFFF, 0xFFFF,
    0xFFFF, 0xFFFF, 0xFFFF, 0xFFFF, 0xFFFF, 0xFFFF, 0xFFFF, 0xFFFF, 0xE73C, 0x39E7, 0x0000, 0x0020, 0x0000, 0x0000, 0x0000, 0x0000,
    0x0000, 0x0000, 0x0000, 0x0000, 0x0000, 0x0000, 0x0000, 0x0000, 0x0000, 0x0001, 0x0001, 0x0000, 0x0001, 0x0021, 0x0021, 0x0021,
    0x0042, 0x0062, 0x0062, 0x0083, 0x00A3, 0x00E4, 0x0105, 0x0146, 0x0167, 0x0146, 0x01E8, 0x2410, 0x469A, 0x57FF, 0x5FFF, 0x577D,
    0x3555, 0x12ED, 0x01A8, 0x0167, 0x0187, 0x0187, 0x0166, 0x0126, 0x0125, 0x0105, 0x00E5, 0x00E4, 0x00C4, 0x00C4, 0x00C4, 0x00E4,
    0x0125, 0x0146, 0x0187, 0x0A6A, 0x0A09, 0x01A7, 0x01C8, 0x3D76, 0x4F5D, 0x4576, 0x0187, 0x01A7, 0x0187, 0x01E9, 0x01E9, 0x2CB3,
    0x57FF, 0x3FFF, 0x4FFF, 0x2431, 0x0167, 0x0166, 0x0105, 0x0105, 0x0125, 0x0167, 0x0209, 0x46BB, 0x4FFF, 0x4618, 0x0187, 0x0146,
    0x00E4, 0x00A3, 0x0083, 0x0062, 0x0062, 0x0062, 0x0062, 0x0083, 0x00C4, 0x0105, 0x0146, 0x1AAB, 0x126A, 0x0166, 0x0925, 0x08E4,
    0x08C3, 0x08C3, 0x08C3, 0x10C3, 0x10C3, 0x10E3, 0x10E3, 0x18E3, 0x18E3, 0x20E3, 0x2903, 0x28E3, 0x28C2, 0x30C1, 0x5982, 0xA2E5,
    0xEC67, 0xFD08, 0xFCE7, 0xCBC6, 0x7A03, 0x38C1, 0x2881, 0x28C2, 0x20A1, 0x1881, 0x1881, 0x1061, 0x0861, 0x0841, 0x0841, 0x0021,
    0x0021, 0x0001, 0x0001, 0x0000, 0x0000, 0x0000, 0x0000, 0x0000, 0x0000, 0x0000, 0x0000, 0x0000, 0x0000, 0x0000, 0x0000, 0x0000,
    0x0000, 0x0000, 0x0000, 0x0000, 0x0020, 0x0000, 0x39E7, 0xE73C, 0xFFFF, 0xFFFF, 0xFFFF, 0xFFFF, 0xFFFF, 0xFFFF, 0xFFFF, 0xFFFF,
    0xFFFF, 0xFFFF, 0xFFFF, 0xFFFF, 0xFFFF, 0xFFFF, 0xFFFF, 0xFFFF, 0xFFFF, 0xFFFF, 0xFFFF, 0xFFFF, 0xFFFF, 0xFFFF, 0xFFFF, 0xFFFF,
    0xFFFF, 0xFFFF, 0xFFFF, 0xFFFF, 0xFFFF, 0xFFFF, 0xFFFF, 0xFFFF, 0xFFFF, 0xFFFF, 0xFFFF, 0xFFFF, 0xFFFF, 0xFFFF, 0xFFFF, 0xFFFF,
    0xFFFF, 0xFFFF, 0xFFFF, 0xFFFF, 0xFFFF, 0xFFFF, 0xFFFF, 0xFFFF, 0xFFFF, 0xFFFF, 0xFFFF, 0xFFFF, 0xFFFF, 0xFFFF, 0xFFFF, 0xFFFF,
    0xFFFF, 0xFFFF, 0xFFFF, 0xFFFF, 0xFFFF, 0xFFFF, 0xFFFF, 0xFFFF, 0xFFFF, 0xFFFF, 0xFFFF, 0xFFFF, 0xFFFF, 0xFFFF, 0xFFFF, 0xFFFF,
    0xFFFF, 0xFFFF, 0xFFFF, 0xFFFF, 0xFFFF, 0xFFFF, 0xFFFF, 0xFFFF, 0xFFFF, 0xF7BE, 0x5ACB, 0x0000, 0x0000, 0x0000, 0x0000, 0x0000,
    0x0000, 0x0000, 0x0000, 0x0000, 0x0000, 0x0000, 0x0000, 0x0000, 0x0000, 0x0000, 0x0000, 0x0000, 0x0000, 0x0001, 0x0021, 0x0021,
    0x0021, 0x0041, 0x0042, 0x0062, 0x0063, 0x0083, 0x00A3, 0x00C4, 0x0105, 0x0146, 0x0166, 0x0146, 0x01E8, 0x23F0, 0x4659, 0x57FF,
    0x5FFF, 0x57BE, 0x4618, 0x23F0, 0x0229, 0x0167, 0x0167, 0x0187, 0x0167, 0x0146, 0x0125, 0x0105, 0x00E5, 0x00E4, 0x00E4, 0x00E5,
    0x0105, 0x0125, 0x0146, 0x0146, 0x0146, 0x0166, 0x0166, 0x0167, 0x01E9, 0x09E8, 0x0146, 0x0146, 0x0146, 0x0187, 0x01A8, 0x01E9,
    0x3D96, 0x4F5D, 0x579E, 0x1B8E, 0x0126, 0x0126, 0x00E4, 0x00C4, 0x0105, 0x0146, 0x0187, 0x4E18, 0x57BE, 0x4DB7, 0x0146, 0x0105,
    0x00C4, 0x0083, 0x0062, 0x0062, 0x0042, 0x0041, 0x0062, 0x0082, 0x08A3, 0x08C4, 0x0904, 0x00E4, 0x00E4, 0x0904, 0x08E4, 0x10C3,
    0x10C3, 0x10A3, 0x10A3, 0x10C2, 0x18C3, 0x18C3, 0x20E3, 0x28E3, 0x28E3, 0x28C2, 0x28A1, 0x4102, 0x7203, 0xBB65, 0xF487, 0xFD08,
    0xFCC7, 0xC3A6, 0x7A03, 0x38C1, 0x2081, 0x28A2, 0x20A1, 0x1881, 0x1861, 0x1061, 0x1061, 0x0841, 0x0841, 0x0021, 0x0021, 0x0021,
    0x0001, 0x0001, 0x0000, 0x0000, 0x0001, 0x0000, 0x0000, 0x0000, 0x0000, 0x0000, 0x0000, 0x0000, 0x0000, 0x0000, 0x0000, 0x0000,
    0x0000, 0x0000, 0x0000, 0x0000, 0x0000, 0x5ACB, 0xF7BE, 0xFFFF, 0xFFFF, 0xFFFF, 0xFFFF, 0xFFFF, 0xFFFF, 0xFFFF, 0xFFFF, 0xFFFF,
    0xFFFF, 0xFFFF, 0xFFFF, 0xFFFF, 0xFFFF, 0xFFFF, 0xFFFF, 0xFFFF, 0xFFFF, 0xFFFF, 0xFFFF, 0xFFFF, 0xFFFF, 0xFFFF, 0xFFFF, 0xFFFF,
    0xFFFF, 0xFFFF, 0xFFFF, 0xFFFF, 0xFFFF, 0xFFFF, 0xFFFF, 0xFFFF, 0xFFFF, 0xFFFF, 0xFFFF, 0xFFFF, 0xFFFF, 0xFFFF, 0xFFFF, 0xFFFF,
    0xFFFF, 0xFFFF, 0xFFFF, 0xFFFF, 0xFFFF, 0xFFFF, 0xFFFF, 0xFFFF, 0xFFFF, 0xFFFF, 0xFFFF, 0xFFFF, 0xFFFF, 0xFFFF, 0xFFFF, 0xFFFF,
    0xFFFF, 0xFFFF, 0xFFFF, 0xFFFF, 0xFFFF, 0xFFFF, 0xFFFF, 0xFFFF, 0xFFFF, 0xFFFF, 0xFFFF, 0xFFFF, 0xFFFF, 0xFFFF, 0xFFFF, 0xFFFF,
    0xFFFF, 0xFFFF, 0xFFFF, 0xFFFF, 0xFFFF, 0xFFFF, 0xFFFF, 0xFFFF, 0xFFFF, 0xFFFF, 0xFFFF, 0x7BEF, 0x0000, 0x0000, 0x0000, 0x0000,
    0x0000, 0x0000, 0x0000, 0x0000, 0x0000, 0x0000, 0x0000, 0x0000, 0x0000, 0x0000, 0x0000, 0x0000, 0x0000, 0x0000, 0x0000, 0x0021,
    0x0021, 0x0021, 0x0021, 0x0041, 0x0062, 0x0062, 0x0083, 0x0083, 0x00A4, 0x00E4, 0x0105, 0x0146, 0x0166, 0x0166, 0x01C8, 0x1B6E,
    0x3DD7, 0x57BE, 0x5FFF, 0x57FF, 0x4EFB, 0x3514, 0x132D, 0x01E8, 0x0166, 0x0166, 0x0187, 0x0167, 0x0146, 0x0126, 0x0125, 0x0105,
    0x0105, 0x0105, 0x0125, 0x0125, 0x0125, 0x0125, 0x0125, 0x0126, 0x0125, 0x0125, 0x0125, 0x0105, 0x0105, 0x0126, 0x0166, 0x0187,
    0x01A7, 0x0A29, 0x0A6A, 0x01A7, 0x0125, 0x00E5, 0x00C4, 0x00C4, 0x00C4, 0x0105, 0x0126, 0x0A09, 0x0A4A, 0x09C8, 0x0125, 0x00E4,
    0x00A3, 0x0082, 0x0062, 0x0062, 0x0862, 0x0862, 0x0862, 0x0862, 0x0882, 0x08A3, 0x08C3, 0x08E4, 0x10E4, 0x10C3, 0x10C3, 0x10C3,
    0x18C3, 0x18C2, 0x18C2, 0x20C2, 0x20E2, 0x28E2, 0x28C2, 0x28A1, 0x38E1, 0x61A3, 0xA2E5, 0xDC27, 0xFCE7, 0xFD08, 0xF487, 0xB345,
    0x69A2, 0x30C1, 0x2881, 0x28C2, 0x20A2, 0x1881, 0x1861, 0x1061, 0x1061, 0x0861, 0x0841, 0x0041, 0x0021, 0x0021, 0x0001, 0x0000,
    0x0000, 0x0000, 0x0000, 0x0000, 0x0000, 0x0000, 0x0000, 0x0000, 0x0000, 0x0000, 0x0000, 0x0000, 0x0000, 0x0000, 0x0000, 0x0000,
    0x0000, 0x0000, 0x0000, 0x0000, 0x7BEF, 0xFFFF, 0xFFFF, 0xFFFF, 0xFFFF, 0xFFFF, 0xFFFF, 0xFFFF, 0xFFFF, 0xFFFF, 0xFFFF, 0xFFFF,
    0xFFFF, 0xFFFF, 0xFFFF, 0xFFFF, 0xFFFF, 0xFFFF, 0xFFFF, 0xFFFF, 0xFFFF, 0xFFFF, 0xFFFF, 0xFFFF, 0xFFFF, 0xFFFF, 0xFFFF, 0xFFFF,
    0xFFFF, 0xFFFF, 0xFFFF, 0xFFFF, 0xFFFF, 0xFFFF, 0xFFFF, 0xFFFF, 0xFFFF, 0xFFFF, 0xFFFF, 0xFFFF, 0xFFFF, 0xFFFF, 0xFFFF, 0xFFFF,
    0xFFFF, 0xFFFF, 0xFFFF, 0xFFFF, 0xFFFF, 0xFFFF, 0xFFFF, 0xFFFF, 0xFFFF, 0xFFFF, 0xFFFF, 0xFFFF, 0xFFFF, 0xFFFF, 0xFFFF, 0xFFFF,
    0xFFFF, 0xFFFF, 0xFFFF, 0xFFFF, 0xFFFF, 0xFFFF, 0xFFFF, 0xFFFF, 0xFFFF, 0xFFFF, 0xFFFF, 0xFFFF, 0xFFFF, 0xFFFF, 0xFFFF, 0xFFFF,
    0xFFFF, 0xFFFF, 0xFFFF, 0xFFFF, 0xFFFF, 0xFFFF, 0xFFFF, 0xFFFF, 0xFFFF, 0xFFFF, 0xFFFF, 0xFFFF, 0xAD55, 0x0861, 0x0000, 0x0020,
    0x0000, 0x0000, 0x0000, 0x0000, 0x0000, 0x0000, 0x0000, 0x0000, 0x0000, 0x0000, 0x0000, 0x0000, 0x0000, 0x0000, 0x0000, 0x0001,
    0x0001, 0x0021, 0x0021, 0x0021, 0x0021, 0x0042, 0x0062, 0x0062, 0x0083, 0x0083, 0x00A3, 0x00E4, 0x0105, 0x0146, 0x0167, 0x0146,
    0x0187, 0x12CC, 0x34F4, 0x4F1B, 0x57FF, 0x5FFF, 0x57FF, 0x469A, 0x2CB3, 0x130D, 0x01C8, 0x0167, 0x0167, 0x0187, 0x0187, 0x0167,
    0x0146, 0x0146, 0x0126, 0x0125, 0x0125, 0x0125, 0x0125, 0x0125, 0x0125, 0x0105, 0x0105, 0x00E5, 0x0105, 0x0105, 0x0125, 0x0146,
    0x0146, 0x0146, 0x0125, 0x0105, 0x0105, 0x00C4, 0x00A4, 0x00A3, 0x00A3, 0x00C4, 0x00E4, 0x00E4, 0x00E4, 0x00E4, 0x08E4, 0x08C3,
    0x0883, 0x0862, 0x0862, 0x0862, 0x0861, 0x0861, 0x0861, 0x1082, 0x1082, 0x1082, 0x10A2, 0x10A3, 0x18C3, 0x18C3, 0x18C2, 0x20C2,
    0x20E2, 0x28E2, 0x28E2, 0x28C2, 0x28A1, 0x30C1, 0x5962, 0x9284, 0xCBC6, 0xFCA7, 0xFD07, 0xFCE7, 0xDC26, 0x9AC4, 0x5942, 0x2881,
    0x2081, 0x28C2, 0x20A2, 0x1881, 0x1861, 0x1061, 0x1061, 0x0841, 0x0841, 0x0841, 0x0021, 0x0021, 0x0021, 0x0001, 0x0000, 0x0000,
    0x0000, 0x0000, 0x0000, 0x0000, 0x0000, 0x0000, 0x0000, 0x0000, 0x0000, 0x0000, 0x0000, 0x0000, 0x0000, 0x0000, 0x0000, 0x0000,
    0x0020, 0x0000, 0x0861, 0xA534, 0xFFFF, 0xFFFF, 0xFFFF, 0xFFFF, 0xFFFF, 0xFFFF, 0xFFFF, 0xFFFF, 0xFFFF, 0xFFFF, 0xFFFF, 0xFFFF,
    0xFFFF, 0xFFFF, 0xFFFF, 0xFFFF, 0xFFFF, 0xFFFF, 0xFFFF, 0xFFFF, 0xFFFF, 0xFFFF, 0xFFFF, 0xFFFF, 0xFFFF, 0xFFFF, 0xFFFF, 0xFFFF,
    0xFFFF, 0xFFFF, 0xFFFF, 0xFFFF, 0xFFFF, 0xFFFF, 0xFFFF, 0xFFFF, 0xFFFF, 0xFFFF, 0xFFFF, 0xFFFF, 0xFFFF, 0xFFFF, 0xFFFF, 0xFFFF,
    0xFFFF, 0xFFFF, 0xFFFF, 0xFFFF, 0xFFFF, 0xFFFF, 0xFFFF, 0xFFFF, 0xFFFF, 0xFFFF, 0xFFFF, 0xFFFF, 0xFFFF, 0xFFFF, 0xFFFF, 0xFFFF,
    0xFFFF, 0xFFFF, 0xFFFF, 0xFFFF, 0xFFFF, 0xFFFF, 0xFFFF, 0xFFFF, 0xFFFF, 0xFFFF, 0xFFFF, 0xFFFF, 0xFFFF, 0xFFFF, 0xFFFF, 0xFFFF,
    0xFFFF, 0xFFFF, 0xFFFF, 0xFFFF, 0xFFFF, 0xFFFF, 0xFFFF, 0xFFFF, 0xFFFF, 0xFFFF, 0xFFFF, 0xFFDF, 0xFFFF, 0xCE79, 0x2945, 0x0000,
    0x0020, 0x0000, 0x0000, 0x0000, 0x0000, 0x0000, 0x0000, 0x0000, 0x0000, 0x0000, 0x0000, 0x0000, 0x0000, 0x0000, 0x0000, 0x0000,
    0x0001, 0x0000, 0x0001, 0x0021, 0x0021, 0x0021, 0x0021, 0x0042, 0x0062, 0x0062, 0x0083, 0x0083, 0x00C4, 0x00E4, 0x0105, 0x0146,
    0x0167, 0x0146, 0x0166, 0x0229, 0x23D0, 0x3DF8, 0x579E, 0x5FFF, 0x5FFF, 0x57DF, 0x469A, 0x2CD4, 0x134E, 0x0229, 0x01A7, 0x0167,
    0x0167, 0x0187, 0x0187, 0x0187, 0x0166, 0x0146, 0x0146, 0x0126, 0x0125, 0x0105, 0x0105, 0x00E5, 0x00E5, 0x0105, 0x0105, 0x0105,
    0x0125, 0x0125, 0x0125, 0x0105, 0x00E4, 0x00C4, 0x00C4, 0x00A3, 0x00A3, 0x00A3, 0x00C3, 0x00C4, 0x08C4, 0x08C4, 0x08A3, 0x08A2,
    0x1082, 0x1082, 0x1082, 0x1081, 0x1081, 0x1081, 0x1081, 0x1882, 0x1882, 0x18A2, 0x20A2, 0x20C2, 0x20E2, 0x28E3, 0x28E2, 0x28C2,
    0x28A1, 0x28A1, 0x38E1, 0x6183, 0x9284, 0xC3A6, 0xF487, 0xFD07, 0xFD07, 0xEC67, 0xBB45, 0x71E3, 0x40E1, 0x2881, 0x28A1, 0x28C2,
    0x20A1, 0x1881, 0x1861, 0x1061, 0x0861, 0x0841, 0x0841, 0x0841, 0x0021, 0x0021, 0x0021, 0x0001, 0x0000, 0x0000, 0x0000, 0x0000,
    0x0000, 0x0000, 0x0000, 0x0000, 0x0000, 0x0000, 0x0000, 0x0000, 0x0000, 0x0000, 0x0000, 0x0000, 0x0000, 0x0000, 0x0000, 0x0020,
    0x0000, 0x2945, 0xCE79, 0xFFFF, 0xFFDF, 0xFFFF, 0xFFFF, 0xFFFF, 0xFFFF, 0xFFFF, 0xFFFF, 0xFFFF, 0xFFFF, 0xFFFF, 0xFFFF, 0xFFFF,
    0xFFFF, 0xFFFF, 0xFFFF, 0xFFFF, 0xFFFF, 0xFFFF, 0xFFFF, 0xFFFF, 0xFFFF, 0xFFFF, 0xFFFF, 0xFFFF, 0xFFFF, 0xFFFF, 0xFFFF, 0xFFFF,
    0xFFFF, 0xFFFF, 0xFFFF, 0xFFFF, 0xFFFF, 0xFFFF, 0xFFFF, 0xFFFF, 0xFFFF, 0xFFFF, 0xFFFF, 0xFFFF, 0xFFFF, 0xFFFF, 0xFFFF, 0xFFFF,
    0xFFFF, 0xFFFF, 0xFFFF, 0xFFFF, 0xFFFF, 0xFFFF, 0xFFFF, 0xFFFF, 0xFFFF, 0xFFFF, 0xFFFF, 0xFFFF, 0xFFFF, 0xFFFF, 0xFFFF, 0xFFFF,
    0xFFFF, 0xFFFF, 0xFFFF, 0xFFFF, 0xFFFF, 0xFFFF, 0xFFFF, 0xFFFF, 0xFFFF, 0xFFFF, 0xFFFF, 0xFFFF, 0xFFFF, 0xFFFF, 0xFFFF, 0xFFFF,
    0xFFFF, 0xFFFF, 0xFFFF, 0xFFFF, 0xFFFF, 0xFFFF, 0xFFFF, 0xFFFF, 0xFFFF, 0xFFFF, 0xFFFF, 0xFFFF, 0xFFDF, 0xFFFF, 0xEF7D, 0x5ACB,
    0x0000, 0x0000, 0x0000, 0x0000, 0x0000, 0x0000, 0x0000, 0x0000, 0x0000, 0x0000, 0x0000, 0x0000, 0x0000, 0x0000, 0x0000, 0x0000,
    0x0000, 0x0000, 0x0000, 0x0000, 0x0001, 0x0021, 0x0021, 0x0021, 0x0021, 0x0042, 0x0062, 0x0062, 0x0083, 0x0083, 0x00A3, 0x00E4,
    0x0105, 0x0125, 0x0146, 0x0146, 0x0126, 0x0187, 0x0A8B, 0x2C52, 0x4639, 0x579E, 0x57FF, 0x57FF, 0x57FF, 0x4EFB, 0x3D96, 0x2431,
    0x12EC, 0x0209, 0x01A7, 0x0167, 0x0167, 0x0167, 0x0187, 0x0187, 0x0167, 0x0167, 0x0146, 0x0126, 0x0126, 0x0125, 0x0125, 0x0125,
    0x0125, 0x0125, 0x0105, 0x0105, 0x00E5, 0x00E4, 0x00C4, 0x00C4, 0x00A3, 0x00A3, 0x00A3, 0x08A3, 0x08A3, 0x08A3, 0x10A2, 0x10A2,
    0x18A2, 0x1882, 0x1882, 0x18A2, 0x18A2, 0x20A2, 0x20A2, 0x20A2, 0x28C2, 0x28C2, 0x28A2, 0x28A2, 0x28A1, 0x28A1, 0x38E1, 0x5162,
    0x7A24, 0xAB25, 0xD407, 0xFCA7, 0xFD08, 0xFD07, 0xEC67, 0xC385, 0x8244, 0x5122, 0x30A1, 0x2881, 0x28A2, 0x28C2, 0x20A1, 0x1881,
    0x1861, 0x1061, 0x0861, 0x0841, 0x0841, 0x0841, 0x0021, 0x0021, 0x0021, 0x0001, 0x0001, 0x0000, 0x0000, 0x0000, 0x0000, 0x0000,
    0x0000, 0x0000, 0x0000, 0x0000, 0x0000, 0x0000, 0x0000, 0x0000, 0x0000, 0x0000, 0x0000, 0x0000, 0x0000, 0x0000, 0x0000, 0x0000,
    0x5ACB, 0xEF7D, 0xFFFF, 0xFFDF, 0xFFFF, 0xFFFF, 0xFFFF, 0xFFFF, 0xFFFF, 0xFFFF, 0xFFFF, 0xFFFF, 0xFFFF, 0xFFFF, 0xFFFF, 0xFFFF,
    0xFFFF, 0xFFFF, 0xFFFF, 0xFFFF, 0xFFFF, 0xFFFF, 0xFFFF, 0xFFFF, 0xFFFF, 0xFFFF, 0xFFFF, 0xFFFF, 0xFFFF, 0xFFFF, 0xFFFF, 0xFFFF,
    0xFFFF, 0xFFFF, 0xFFFF, 0xFFFF, 0xFFFF, 0xFFFF, 0xFFFF, 0xFFFF, 0xFFFF, 0xFFFF, 0xFFFF, 0xFFFF, 0xFFFF, 0xFFFF, 0xFFFF, 0xFFFF,
    0xFFFF, 0xFFFF, 0xFFFF, 0xFFFF, 0xFFFF, 0xFFFF, 0xFFFF, 0xFFFF, 0xFFFF, 0xFFFF, 0xFFFF, 0xFFFF, 0xFFFF, 0xFFFF, 0xFFFF, 0xFFFF,
    0xFFFF, 0xFFFF, 0xFFFF, 0xFFFF, 0xFFFF, 0xFFFF, 0xFFFF, 0xFFFF, 0xFFFF, 0xFFFF, 0xFFFF, 0xFFFF, 0xFFFF, 0xFFFF, 0xFFFF, 0xFFFF,
    0xFFFF, 0xFFFF, 0xFFFF, 0xFFFF, 0xFFFF, 0xFFFF, 0xFFFF, 0xFFFF, 0xFFFF, 0xFFFF, 0xFFFF, 0xFFFF, 0xFFFF, 0xFFFF, 0xFFFF, 0xFFFF,
    0x9492, 0x0841, 0x0000, 0x0020, 0x0000, 0x0000, 0x0000, 0x0000, 0x0000, 0x0000, 0x0000, 0x0000, 0x0000, 0x0000, 0x0000, 0x0000,
    0x0000, 0x0000, 0x0001, 0x0000, 0x0001, 0x0001, 0x0000, 0x0021, 0x0021, 0x0021, 0x0021, 0x0042, 0x0062, 0x0062, 0x0083, 0x0083,
    0x00A3, 0x00C4, 0x00E4, 0x0105, 0x0146, 0x0146, 0x0146, 0x0126, 0x01A8, 0x0AAB, 0x2431, 0x3DD7, 0x4F3C, 0x57FF, 0x5FFF, 0x5FFF,
    0x57BE, 0x46DB, 0x3DB7, 0x2C92, 0x1B6E, 0x0A8B, 0x01E9, 0x0187, 0x0167, 0x0167, 0x0167, 0x0167, 0x0167, 0x0167, 0x0167, 0x0167,
    0x0167, 0x0167, 0x0166, 0x0146, 0x0146, 0x0126, 0x0125, 0x0105, 0x00E5, 0x00C4, 0x00A3, 0x08A3, 0x10A3, 0x10C3, 0x18C2, 0x20C2,
    0x20C2, 0x20C2, 0x28C2, 0x28C2, 0x28A2, 0x28A1, 0x2081, 0x2881, 0x2881, 0x38A1, 0x4902, 0x69A3, 0x8A44, 0xB325, 0xD406, 0xF4A7,
    0xFD08, 0xFD28, 0xFCE7, 0xE426, 0xB345, 0x8223, 0x5122, 0x30A1, 0x2881, 0x28A1, 0x28C2, 0x20A2, 0x2081, 0x1861, 0x1061, 0x1061,
    0x0841, 0x0841, 0x0841, 0x0021, 0x0021, 0x0021, 0x0001, 0x0001, 0x0001, 0x0000, 0x0000, 0x0000, 0x0000, 0x0000, 0x0000, 0x0000,
    0x0000, 0x0000, 0x0000, 0x0000, 0x0000, 0x0000, 0x0000, 0x0000, 0x0000, 0x0000, 0x0000, 0x0000, 0x0020, 0x0000, 0x0841, 0x9492,
    0xFFFF, 0xFFFF, 0xFFFF, 0xFFFF, 0xFFFF, 0xFFFF, 0xFFFF, 0xFFFF, 0xFFFF, 0xFFFF, 0xFFFF, 0xFFFF, 0xFFFF, 0xFFFF, 0xFFFF, 0xFFFF,
    0xFFFF, 0xFFFF, 0xFFFF, 0xFFFF, 0xFFFF, 0xFFFF, 0xFFFF, 0xFFFF, 0xFFFF, 0xFFFF, 0xFFFF, 0xFFFF, 0xFFFF, 0xFFFF, 0xFFFF, 0xFFFF,
    0xFFFF, 0xFFFF, 0xFFFF, 0xFFFF, 0xFFFF, 0xFFFF, 0xFFFF, 0xFFFF, 0xFFFF, 0xFFFF, 0xFFFF, 0xFFFF, 0xFFFF, 0xFFFF, 0xFFFF, 0xFFFF,
    0xFFFF, 0xFFFF, 0xFFFF, 0xFFFF, 0xFFFF, 0xFFFF, 0xFFFF, 0xFFFF, 0xFFFF, 0xFFFF, 0xFFFF, 0xFFFF, 0xFFFF, 0xFFFF, 0xFFFF, 0xFFFF,
    0xFFFF, 0xFFFF, 0xFFFF, 0xFFFF, 0xFFFF, 0xFFFF, 0xFFFF, 0xFFFF, 0xFFFF, 0xFFFF, 0xFFFF, 0xFFFF, 0xFFFF, 0xFFFF, 0xFFFF, 0xFFFF,
    0xFFFF, 0xFFFF, 0xFFFF, 0xFFFF, 0xFFFF, 0xFFFF, 0xFFFF, 0xFFFF, 0xFFFF, 0xFFFF, 0xFFFF, 0xFFFF, 0xFFFF, 0xFFFF, 0xFFFF, 0xFFFF,
    0xFFFF, 0xCE79, 0x31A6, 0x0000, 0x0000, 0x0000, 0x0000, 0x0000, 0x0000, 0x0000, 0x0000, 0x0000, 0x0000, 0x0000, 0x0000, 0x0000,
    0x0000, 0x0000, 0x0000, 0x0000, 0x0000, 0x0000, 0x0000, 0x0001, 0x0000, 0x0021, 0x0021, 0x0021, 0x0041, 0x0042, 0x0062, 0x0062,
    0x0062, 0x0083, 0x0083, 0x00A3, 0x00C4, 0x00E5, 0x0125, 0x0146, 0x0166, 0x0146, 0x0146, 0x0187, 0x0A4A, 0x1B8F, 0x3514, 0x467A,
    0x579D, 0x57FF, 0x57FF, 0x57FF, 0x57FF, 0x4F7D, 0x469A, 0x3DB7, 0x2CD3, 0x23F0, 0x132D, 0x0A8B, 0x0209, 0x01C8, 0x0187, 0x0187,
    0x0167, 0x0167, 0x0166, 0x0146, 0x0146, 0x0146, 0x0126, 0x0105, 0x00E4, 0x00E4, 0x08C4, 0x10A3, 0x10A2, 0x1061, 0x1861, 0x2081,
    0x2881, 0x28A1, 0x30C1, 0x40E1, 0x4921, 0x5962, 0x71E3, 0x9284, 0xAB05, 0xCBA6, 0xEC47, 0xFCC7, 0xFD07, 0xFD27, 0xFD07, 0xF487,
    0xCBC6, 0x9AC4, 0x71E3, 0x4901, 0x28A1, 0x2881, 0x28A1, 0x28C2, 0x20A2, 0x2081, 0x1881, 0x1061, 0x1061, 0x1041, 0x0841, 0x0841,
    0x0841, 0x0821, 0x0021, 0x0021, 0x0021, 0x0001, 0x0001, 0x0000, 0x0000, 0x0000, 0x0001, 0x0000, 0x0000, 0x0000, 0x0000, 0x0000,
    0x0000, 0x0000, 0x0000, 0x0000, 0x0000, 0x0000, 0x0000, 0x0000, 0x0000, 0x0000, 0x0000, 0x0000, 0x0000, 0x3186, 0xCE79, 0xFFFF,
    0xFFFF, 0xFFFF, 0xFFFF, 0xFFFF, 0xFFFF, 0xFFFF, 0xFFFF, 0xFFFF, 0xFFFF, 0xFFFF, 0xFFFF, 0xFFFF, 0xFFFF, 0xFFFF, 0xFFFF, 0xFFFF,
    0xFFFF, 0xFFFF, 0xFFFF, 0xFFFF, 0xFFFF, 0xFFFF, 0xFFFF, 0xFFFF, 0xFFFF, 0xFFFF, 0xFFFF, 0xFFFF, 0xFFFF, 0xFFFF, 0xFFFF, 0xFFFF,
    0xFFFF, 0xFFFF, 0xFFFF, 0xFFFF, 0xFFFF, 0xFFFF, 0xFFFF, 0xFFFF, 0xFFFF, 0xFFFF, 0xFFFF, 0xFFFF, 0xFFFF, 0xFFFF, 0xFFFF, 0xFFFF,
    0xFFFF, 0xFFFF, 0xFFFF, 0xFFFF, 0xFFFF, 0xFFFF, 0xFFFF, 0xFFFF, 0xFFFF, 0xFFFF, 0xFFFF, 0xFFFF, 0xFFFF, 0xFFFF, 0xFFFF, 0xFFFF,
    0xFFFF, 0xFFFF, 0xFFFF, 0xFFFF, 0xFFFF, 0xFFFF, 0xFFFF, 0xFFFF, 0xFFFF, 0xFFFF, 0xFFFF, 0xFFFF, 0xFFFF, 0xFFFF, 0xFFFF, 0xFFFF,
    0xFFFF, 0xFFFF, 0xFFFF, 0xFFFF, 0xFFFF, 0xFFFF, 0xFFFF, 0xFFFF, 0xFFFF, 0xFFFF, 0xFFFF, 0xFFFF, 0xFFFF, 0xFFFF, 0xFFFF, 0xFFFF,
    0xFFDF, 0xFFFF, 0xF7BE, 0x738E, 0x0000, 0x0000, 0x0020, 0x0000, 0x0000, 0x0000, 0x0000, 0x0000, 0x0000, 0x0000, 0x0000, 0x0000,
    0x0000, 0x0000, 0x0000, 0x0000, 0x0000, 0x0000, 0x0000, 0x0001, 0x0000, 0x0001, 0x0001, 0x0021, 0x0021, 0x0021, 0x0021, 0x0041,
    0x0062, 0x0062, 0x0062, 0x0083, 0x0083, 0x00A3, 0x00C4, 0x00E4, 0x0105, 0x0125, 0x0146, 0x0166, 0x0146, 0x0146, 0x0146, 0x01A8,
    0x0A8B, 0x1B8F, 0x2CF4, 0x3E38, 0x4F1C, 0x57DF, 0x57FF, 0x5FFF, 0x5FFF, 0x57FF, 0x57FF, 0x4F9E, 0x46FC, 0x3E7A, 0x3DF8, 0x3575,
    0x2CF4, 0x2493, 0x2431, 0x1BF0, 0x1BAF, 0x1B6E, 0x1B2D, 0x1B0D, 0x1ACC, 0x0966, 0x08E4, 0x10C3, 0x20C2, 0x6A04, 0x8244, 0x92A4,
    0xA2E5, 0xB345, 0xCBA6, 0xDC06, 0xEC67, 0xFCA7, 0xFCE7, 0xFD07, 0xFD07, 0xFCE7, 0xF4A7, 0xE426, 0xC365, 0x9AC4, 0x71E3, 0x5142,
    0x30C1, 0x2881, 0x28A1, 0x28C2, 0x28C2, 0x20A1, 0x2081, 0x1881, 0x1881, 0x1061, 0x1061, 0x0861, 0x0841, 0x0841, 0x0821, 0x0041,
    0x0021, 0x0021, 0x0021, 0x0001, 0x0001, 0x0000, 0x0000, 0x0000, 0x0000, 0x0000, 0x0000, 0x0000, 0x0000, 0x0000, 0x0000, 0x0000,
    0x0000, 0x0000, 0x0000, 0x0000, 0x0000, 0x0000, 0x0000, 0x0000, 0x0000, 0x0020, 0x0000, 0x0000, 0x6B6D, 0xF7BE, 0xFFFF, 0xFFDF,
    0xFFFF, 0xFFFF, 0xFFFF, 0xFFFF, 0xFFFF, 0xFFFF, 0xFFFF, 0xFFFF, 0xFFFF, 0xFFFF, 0xFFFF, 0xFFFF, 0xFFFF, 0xFFFF, 0xFFFF, 0xFFFF,
    0xFFFF, 0xFFFF, 0xFFFF, 0xFFFF, 0xFFFF, 0xFFFF, 0xFFFF, 0xFFFF, 0xFFFF, 0xFFFF, 0xFFFF, 0xFFFF, 0xFFFF, 0xFFFF, 0xFFFF, 0xFFFF,
    0xFFFF, 0xFFFF, 0xFFFF, 0xFFFF, 0xFFFF, 0xFFFF, 0xFFFF, 0xFFFF, 0xFFFF, 0xFFFF, 0xFFFF, 0xFFFF, 0xFFFF, 0xFFFF, 0xFFFF, 0xFFFF,
    0xFFFF, 0xFFFF, 0xFFFF, 0xFFFF, 0xFFFF, 0xFFFF, 0xFFFF, 0xFFFF, 0xFFFF, 0xFFFF, 0xFFFF, 0xFFFF, 0xFFFF, 0xFFFF, 0xFFFF, 0xFFFF,
    0xFFFF, 0xFFFF, 0xFFFF, 0xFFFF, 0xFFFF, 0xFFFF, 0xFFFF, 0xFFFF, 0xFFFF, 0xFFFF, 0xFFFF, 0xFFFF, 0xFFFF, 0xFFFF, 0xFFFF, 0xFFFF,
    0xFFFF, 0xFFFF, 0xFFFF, 0xFFFF, 0xFFFF, 0xFFFF, 0xFFFF, 0xFFFF, 0xFFFF, 0xFFFF, 0xFFFF, 0xFFFF, 0xFFFF, 0xFFFF, 0xFFFF, 0xFFFF,
    0xFFFF, 0xFFFF, 0xFFFF, 0xFFFF, 0xBDD7, 0x2945, 0x0000, 0x0000, 0x0000, 0x0000, 0x0000, 0x0000, 0x0000, 0x0000, 0x0000, 0x0000,
    0x0000, 0x0000, 0x0000, 0x0000, 0x0000, 0x0000, 0x0000, 0x0000, 0x0000, 0x0000, 0x0000, 0x0001, 0x0001, 0x0021, 0x0021, 0x0021,
    0x0021, 0x0041, 0x0042, 0x0042, 0x0062, 0x0062, 0x0083, 0x0083, 0x00A3, 0x00C4, 0x00C4, 0x00E5, 0x0105, 0x0126, 0x0146, 0x0146,
    0x0146, 0x0126, 0x0146, 0x0187, 0x022A, 0x12EC, 0x1BD0, 0x2CD4, 0x3DB7, 0x469A, 0x4F3C, 0x57BE, 0x57FF, 0x57FF, 0x57FF, 0x5FFF,
    0x57FF, 0x57FF, 0x57FF, 0x57FF, 0x57FF, 0x57FF, 0x57FF, 0x57FF, 0x67BE, 0x1229, 0x08C4, 0x10C3, 0x3902, 0xF4C9, 0xFD07, 0xFD08,
    0xFD08, 0xFD08, 0xFCE7, 0xFCC7, 0xF487, 0xE426, 0xCBA6, 0xB325, 0x9AA4, 0x7A03, 0x5962, 0x40E1, 0x30A1, 0x2881, 0x2081, 0x28A1,
    0x28C2, 0x20A2, 0x20A1, 0x2081, 0x1881, 0x1861, 0x1061, 0x1061, 0x0841, 0x0841, 0x0841, 0x0841, 0x0821, 0x0021, 0x0021, 0x0021,
    0x0021, 0x0001, 0x0000, 0x0000, 0x0000, 0x0000, 0x0000, 0x0000, 0x0000, 0x0000, 0x0000, 0x0000, 0x0000, 0x0000, 0x0000, 0x0000,
    0x0000, 0x0000, 0x0000, 0x0000, 0x0000, 0x0000, 0x0000, 0x0000, 0x0000, 0x0000, 0x2124, 0xB5B6, 0xFFFF, 0xFFFF, 0xFFFF, 0xFFFF,
    0xFFFF, 0xFFFF, 0xFFFF, 0xFFFF, 0xFFFF, 0xFFFF, 0xFFFF, 0xFFFF, 0xFFFF, 0xFFFF, 0xFFFF, 0xFFFF, 0xFFFF, 0xFFFF, 0xFFFF, 0xFFFF,
    0xFFFF, 0xFFFF, 0xFFFF, 0xFFFF, 0xFFFF, 0xFFFF, 0xFFFF, 0xFFFF, 0xFFFF, 0xFFFF, 0xFFFF, 0xFFFF, 0xFFFF, 0xFFFF, 0xFFFF, 0xFFFF,
    0xFFFF, 0xFFFF, 0xFFFF, 0xFFFF, 0xFFFF, 0xFFFF, 0xFFFF, 0xFFFF, 0xFFFF, 0xFFFF, 0xFFFF, 0xFFFF, 0xFFFF, 0xFFFF, 0xFFFF, 0xFFFF,
    0xFFFF, 0xFFFF, 0xFFFF, 0xFFFF, 0xFFFF, 0xFFFF, 0xFFFF, 0xFFFF, 0xFFFF, 0xFFFF, 0xFFFF, 0xFFFF, 0xFFFF, 0xFFFF, 0xFFFF, 0xFFFF,
    0xFFFF, 0xFFFF, 0xFFFF, 0xFFFF, 0xFFFF, 0xFFFF, 0xFFFF, 0xFFFF, 0xFFFF, 0xFFFF, 0xFFFF, 0xFFFF, 0xFFFF, 0xFFFF, 0xFFFF, 0xFFFF,
    0xFFFF, 0xFFFF, 0xFFFF, 0xFFFF, 0xFFFF, 0xFFFF, 0xFFFF, 0xFFFF, 0xFFFF, 0xFFFF, 0xFFFF, 0xFFFF, 0xFFFF, 0xFFFF, 0xFFFF, 0xFFFF,
    0xFFFF, 0xFFFF, 0xFFFF, 0xFFDF, 0xFFFF, 0xF79E, 0x6B6D, 0x0000, 0x0000, 0x0020, 0x0000, 0x0000, 0x0000, 0x0000, 0x0000, 0x0000,
    0x0000, 0x0000, 0x0000, 0x0000, 0x0000, 0x0000, 0x0000, 0x0000, 0x0000, 0x0000, 0x0000, 0x0000, 0x0000, 0x0000, 0x0001, 0x0001,
    0x0021, 0x0021, 0x0021, 0x0021, 0x0041, 0x0042, 0x0042, 0x0062, 0x0062, 0x0083, 0x0083, 0x00A3, 0x00A3, 0x00C4, 0x00E4, 0x00E4,
    0x0105, 0x0126, 0x0146, 0x0166, 0x0146, 0x0146, 0x0146, 0x0146, 0x0167, 0x01C8, 0x0229, 0x0AAB, 0x132D, 0x1BAF, 0x2451, 0x2CD3,
    0x3555, 0x35B6, 0x3E18, 0x3E59, 0x469A, 0x46BA, 0x46DB, 0x4EDB, 0x569A, 0x11E8, 0x08C4, 0x10C3, 0x28E2, 0xA326, 0xB305, 0xA2C4,
    0x9284, 0x8243, 0x79E3, 0x6982, 0x5942, 0x48E1, 0x38C1, 0x30A1, 0x2881, 0x2881, 0x28A1, 0x28A1, 0x28C2, 0x20A1, 0x20A1, 0x2081,
    0x1881, 0x1861, 0x1061, 0x1061, 0x1061, 0x0841, 0x0841, 0x0841, 0x0841, 0x0841, 0x0021, 0x0021, 0x0021, 0x0021, 0x0001, 0x0001,
    0x0000, 0x0000, 0x0000, 0x0000, 0x0000, 0x0000, 0x0000, 0x0000, 0x0000, 0x0000, 0x0000, 0x0000, 0x0000, 0x0000, 0x0000, 0x0000,
    0x0000, 0x0000, 0x0000, 0x0000, 0x0000, 0x0000, 0x0020, 0x0000, 0x0000, 0x6B6D, 0xEF7D, 0xFFFF, 0xFFDF, 0xFFFF, 0xFFFF, 0xFFFF,
    0xFFFF, 0xFFFF, 0xFFFF, 0xFFFF, 0xFFFF, 0xFFFF, 0xFFFF, 0xFFFF, 0xFFFF, 0xFFFF, 0xFFFF, 0xFFFF, 0xFFFF, 0xFFFF, 0xFFFF, 0xFFFF,
    0xFFFF, 0xFFFF, 0xFFFF, 0xFFFF, 0xFFFF, 0xFFFF, 0xFFFF, 0xFFFF, 0xFFFF, 0xFFFF, 0xFFFF, 0xFFFF, 0xFFFF, 0xFFFF, 0xFFFF, 0xFFFF,
    0xFFFF, 0xFFFF, 0xFFFF, 0xFFFF, 0xFFFF, 0xFFFF, 0xFFFF, 0xFFFF, 0xFFFF, 0xFFFF, 0xFFFF, 0xFFFF, 0xFFFF, 0xFFFF, 0xFFFF, 0xFFFF,
    0xFFFF, 0xFFFF, 0xFFFF, 0xFFFF, 0xFFFF, 0xFFFF, 0xFFFF, 0xFFFF, 0xFFFF, 0xFFFF, 0xFFFF, 0xFFFF, 0xFFFF, 0xFFFF, 0xFFFF, 0xFFFF,
    0xFFFF, 0xFFFF, 0xFFFF, 0xFFFF, 0xFFFF, 0xFFFF, 0xFFFF, 0xFFFF, 0xFFFF, 0xFFFF, 0xFFFF, 0xFFFF, 0xFFFF, 0xFFFF, 0xFFFF, 0xFFFF,
    0xFFFF, 0xFFFF, 0xFFFF, 0xFFFF, 0xFFFF, 0xFFFF, 0xFFFF, 0xFFFF, 0xFFFF, 0xFFFF, 0xFFFF, 0xFFFF, 0xFFFF, 0xFFFF, 0xFFFF, 0xFFFF,
    0xFFFF, 0xFFFF, 0xFFFF, 0xFFFF, 0xFFFF, 0xFFFF, 0xFFFF, 0xBDF7, 0x3186, 0x0000, 0x0000, 0x0020, 0x0000, 0x0000, 0x0000, 0x0000,
    0x0000, 0x0000, 0x0000, 0x0000, 0x0000, 0x0000, 0x0000, 0x0000, 0x0000, 0x0000, 0x0000, 0x0000, 0x0000, 0x0001, 0x0000, 0x0000,
    0x0001, 0x0001, 0x0021, 0x0021, 0x0021, 0x0021, 0x0021, 0x0042, 0x0042, 0x0062, 0x0062, 0x0062, 0x0083, 0x0083, 0x00A3, 0x00A3,
    0x00C4, 0x00C4, 0x00C4, 0x00E5, 0x0105, 0x0125, 0x0146, 0x0146, 0x0146, 0x0146, 0x0146, 0x0146, 0x0146, 0x0146, 0x0146, 0x0146,
    0x0167, 0x0167, 0x0187, 0x01A8, 0x01C8, 0x01C8, 0x01C8, 0x01C8, 0x0187, 0x0125, 0x08E4, 0x10A3, 0x18A2, 0x2061, 0x2061, 0x2081,
    0x2081, 0x2081, 0x2881, 0x2881, 0x28A1, 0x28A1, 0x28A1, 0x28C2, 0x28A2, 0x20A1, 0x20A1, 0x2081, 0x1881, 0x1881, 0x1061, 0x1061,
    0x1061, 0x0861, 0x0841, 0x0841, 0x0841, 0x0841, 0x0041, 0x0021, 0x0021, 0x0021, 0x0021, 0x0021, 0x0001, 0x0001, 0x0001, 0x0000,
    0x0000, 0x0000, 0x0000, 0x0001, 0x0000, 0x0000, 0x0000, 0x0000, 0x0000, 0x0000, 0x0000, 0x0000, 0x0000, 0x0000, 0x0000, 0x0000,
    0x0000, 0x0000, 0x0000, 0x0000, 0x0020, 0x0000, 0x0000, 0x3186, 0xBDD7, 0xFFFF, 0xFFFF, 0xFFFF, 0xFFFF, 0xFFFF, 0xFFFF, 0xFFFF,
    0xFFFF, 0xFFFF, 0xFFFF, 0xFFFF, 0xFFFF, 0xFFFF, 0xFFFF, 0xFFFF, 0xFFFF, 0xFFFF, 0xFFFF, 0xFFFF, 0xFFFF, 0xFFFF, 0xFFFF, 0xFFFF,
    0xFFFF, 0xFFFF, 0xFFFF, 0xFFFF, 0xFFFF, 0xFFFF, 0xFFFF, 0xFFFF, 0xFFFF, 0xFFFF, 0xFFFF, 0xFFFF, 0xFFFF, 0xFFFF, 0xFFFF, 0xFFFF,
    0xFFFF, 0xFFFF, 0xFFFF, 0xFFFF, 0xFFFF, 0xFFFF, 0xFFFF, 0xFFFF, 0xFFFF, 0xFFFF, 0xFFFF, 0xFFFF, 0xFFFF, 0xFFFF, 0xFFFF, 0xFFFF,
    0xFFFF, 0xFFFF, 0xFFFF, 0xFFFF, 0xFFFF, 0xFFFF, 0xFFFF, 0xFFFF, 0xFFFF, 0xFFFF, 0xFFFF, 0xFFFF, 0xFFFF, 0xFFFF, 0xFFFF, 0xFFFF,
    0xFFFF, 0xFFFF, 0xFFFF, 0xFFFF, 0xFFFF, 0xFFFF, 0xFFFF, 0xFFFF, 0xFFFF, 0xFFFF, 0xFFFF, 0xFFFF, 0xFFFF, 0xFFFF, 0xFFFF, 0xFFFF,
    0xFFFF, 0xFFFF, 0xFFFF, 0xFFFF, 0xFFFF, 0xFFFF, 0xFFFF, 0xFFFF, 0xFFFF, 0xFFFF, 0xFFFF, 0xFFFF, 0xFFFF, 0xFFFF, 0xFFFF, 0xFFFF,
    0xFFFF, 0xFFFF, 0xFFFF, 0xFFFF, 0xFFFF, 0xFFFF, 0xFFFF, 0xFFFF, 0xFFDF, 0x8410, 0x0861, 0x0000, 0x0000, 0x0000, 0x0000, 0x0000,
    0x0000, 0x0000, 0x0000, 0x0000, 0x0000, 0x0000, 0x0000, 0x0000, 0x0000, 0x0000, 0x0000, 0x0000, 0x0000, 0x0000, 0x0000, 0x0001,
    0x0001, 0x0001, 0x0001, 0x0001, 0x0001, 0x0021, 0x0021, 0x0021, 0x0021, 0x0021, 0x0042, 0x0042, 0x0042, 0x0062, 0x0062, 0x0062,
    0x0083, 0x0083, 0x0083, 0x00A3, 0x00A3, 0x00C4, 0x00C4, 0x00C4, 0x00E4, 0x0105, 0x0105, 0x0125, 0x0125, 0x0126, 0x0146, 0x0146,
    0x0146, 0x0146, 0x0147, 0x0166, 0x0146, 0x0146, 0x0126, 0x0125, 0x0105, 0x00C4, 0x08A3, 0x0882, 0x1082, 0x18A2, 0x18A2, 0x20A2,
    0x20A2, 0x20A1, 0x20A1, 0x20A1, 0x2081, 0x2081, 0x1881, 0x1881, 0x1861, 0x1861, 0x1061, 0x1061, 0x1061, 0x0861, 0x0841, 0x0841,
    0x0841, 0x0841, 0x0841, 0x0041, 0x0021, 0x0021, 0x0021, 0x0021, 0x0001, 0x0001, 0x0000, 0x0000, 0x0000, 0x0000, 0x0000, 0x0000,
    0x0000, 0x0000, 0x0000, 0x0000, 0x0000, 0x0000, 0x0000, 0x0000, 0x0000, 0x0000, 0x0000, 0x0000, 0x0000, 0x0000, 0x0000, 0x0000,
    0x0000, 0x0000, 0x0000, 0x0000, 0x0000, 0x0861, 0x8410, 0xF7BE, 0xFFFF, 0xFFFF, 0xFFFF, 0xFFFF, 0xFFFF, 0xFFFF, 0xFFFF, 0xFFFF,
    0xFFFF, 0xFFFF, 0xFFFF, 0xFFFF, 0xFFFF, 0xFFFF, 0xFFFF, 0xFFFF, 0xFFFF, 0xFFFF, 0xFFFF, 0xFFFF, 0xFFFF, 0xFFFF, 0xFFFF, 0xFFFF,
    0xFFFF, 0xFFFF, 0xFFFF, 0xFFFF, 0xFFFF, 0xFFFF, 0xFFFF, 0xFFFF, 0xFFFF, 0xFFFF, 0xFFFF, 0xFFFF, 0xFFFF, 0xFFFF, 0xFFFF, 0xFFFF,
    0xFFFF, 0xFFFF, 0xFFFF, 0xFFFF, 0xFFFF, 0xFFFF, 0xFFFF, 0xFFFF, 0xFFFF, 0xFFFF, 0xFFFF, 0xFFFF, 0xFFFF, 0xFFFF, 0xFFFF, 0xFFFF,
    0xFFFF, 0xFFFF, 0xFFFF, 0xFFFF, 0xFFFF, 0xFFFF, 0xFFFF, 0xFFFF, 0xFFFF, 0xFFFF, 0xFFFF, 0xFFFF, 0xFFFF, 0xFFFF, 0xFFFF, 0xFFFF,
    0xFFFF, 0xFFFF, 0xFFFF, 0xFFFF, 0xFFFF, 0xFFFF, 0xFFFF, 0xFFFF, 0xFFFF, 0xFFFF, 0xFFFF, 0xFFFF, 0xFFFF, 0xFFFF, 0xFFFF, 0xFFFF,
    0xFFFF, 0xFFFF, 0xFFFF, 0xFFFF, 0xFFFF, 0xFFFF, 0xFFFF, 0xFFFF, 0xFFFF, 0xFFFF, 0xFFFF, 0xFFFF, 0xFFFF, 0xFFFF, 0xFFFF, 0xFFFF,
    0xFFFF, 0xFFFF, 0xFFFF, 0xFFFF, 0xFFFF, 0xFFFF, 0xFFFF, 0xFFFF, 0xFFFF, 0xFFFF, 0xD6BA, 0x52AA, 0x0000, 0x0000, 0x0020, 0x0000,
    0x0000, 0x0000, 0x0000, 0x0000, 0x0000, 0x0000, 0x0000, 0x0000, 0x0000, 0x0000, 0x0000, 0x0000, 0x0000, 0x0000, 0x0000, 0x0000,
    0x0000, 0x0000, 0x0001, 0x0000, 0x0000, 0x0001, 0x0021, 0x0001, 0x0021, 0x0021, 0x0021, 0x0021, 0x0021, 0x0041, 0x0042, 0x0042,
    0x0042, 0x0062, 0x0062, 0x0062, 0x0062, 0x0083, 0x0083, 0x0083, 0x00A3, 0x00A3, 0x00A3, 0x00A4, 0x00C4, 0x00C4, 0x00C4, 0x00E4,
    0x00E4, 0x00E4, 0x00E5, 0x00E4, 0x00E5, 0x00E5, 0x00E4, 0x00C4, 0x00C4, 0x00A3, 0x0082, 0x0862, 0x0862, 0x1062, 0x1061, 0x1061,
    0x1061, 0x1061, 0x1061, 0x1061, 0x1061, 0x1061, 0x1061, 0x1061, 0x0861, 0x0841, 0x0841, 0x0841, 0x0841, 0x0841, 0x0041, 0x0021,
    0x0021, 0x0021, 0x0021, 0x0021, 0x0021, 0x0001, 0x0001, 0x0001, 0x0001, 0x0001, 0x0000, 0x0000, 0x0001, 0x0000, 0x0000, 0x0000,
    0x0000, 0x0000, 0x0000, 0x0000, 0x0000, 0x0000, 0x0000, 0x0000, 0x0000, 0x0000, 0x0000, 0x0000, 0x0000, 0x0000, 0x0000, 0x0000,
    0x0000, 0x0000, 0x0000, 0x0000, 0x52AA, 0xD6BA, 0xFFFF, 0xFFFF, 0xFFFF, 0xFFFF, 0xFFFF, 0xFFFF, 0xFFFF, 0xFFFF, 0xFFFF, 0xFFFF,
    0xFFFF, 0xFFFF, 0xFFFF, 0xFFFF, 0xFFFF, 0xFFFF, 0xFFFF, 0xFFFF, 0xFFFF, 0xFFFF, 0xFFFF, 0xFFFF, 0xFFFF, 0xFFFF, 0xFFFF, 0xFFFF,
    0xFFFF, 0xFFFF, 0xFFFF, 0xFFFF, 0xFFFF, 0xFFFF, 0xFFFF, 0xFFFF, 0xFFFF, 0xFFFF, 0xFFFF, 0xFFFF, 0xFFFF, 0xFFFF, 0xFFFF, 0xFFFF,
    0xFFFF, 0xFFFF, 0xFFFF, 0xFFFF, 0xFFFF, 0xFFFF, 0xFFFF, 0xFFFF, 0xFFFF, 0xFFFF, 0xFFFF, 0xFFFF, 0xFFFF, 0xFFFF, 0xFFFF, 0xFFFF,
    0xFFFF, 0xFFFF, 0xFFFF, 0xFFFF, 0xFFFF, 0xFFFF, 0xFFFF, 0xFFFF, 0xFFFF, 0xFFFF, 0xFFFF, 0xFFFF, 0xFFFF, 0xFFFF, 0xFFFF, 0xFFFF,
    0xFFFF, 0xFFFF, 0xFFFF, 0xFFFF, 0xFFFF, 0xFFFF, 0xFFFF, 0xFFFF, 0xFFFF, 0xFFFF, 0xFFFF, 0xFFFF, 0xFFFF, 0xFFFF, 0xFFFF, 0xFFFF,
    0xFFFF, 0xFFFF, 0xFFFF, 0xFFFF, 0xFFFF, 0xFFFF, 0xFFFF, 0xFFFF, 0xFFFF, 0xFFFF, 0xFFFF, 0xFFFF, 0xFFFF, 0xFFFF, 0xFFFF, 0xFFFF,
    0xFFFF, 0xFFFF, 0xFFFF, 0xFFFF, 0xFFFF, 0xFFFF, 0xFFFF, 0xFFFF, 0xFFFF, 0xFFFF, 0xFFFF, 0xFFFF, 0xBDD7, 0x39C7, 0x0000, 0x0000,
    0x0020, 0x0000, 0x0000, 0x0000, 0x0000, 0x0000, 0x0000, 0x0000, 0x0000, 0x0000, 0x0000, 0x0000, 0x0000, 0x0000, 0x0000, 0x0000,
    0x0000, 0x0000, 0x0000, 0x0000, 0x0000, 0x0000, 0x0000, 0x0000, 0x0001, 0x0001, 0x0000, 0x0021, 0x0021, 0x0021, 0x0021, 0x0021,
    0x0021, 0x0041, 0x0042, 0x0042, 0x0042, 0x0042, 0x0062, 0x0062, 0x0062, 0x0062, 0x0062, 0x0083, 0x0083, 0x0083, 0x0083, 0x0083,
    0x0083, 0x00A3, 0x00A3, 0x00A3, 0x00A3, 0x00A3, 0x0083, 0x0083, 0x0083, 0x0062, 0x0062, 0x0041, 0x0041, 0x0841, 0x0841, 0x0841,
    0x0841, 0x0841, 0x0841, 0x0841, 0x0841, 0x0841, 0x0841, 0x0841, 0x0841, 0x0841, 0x0021, 0x0021, 0x0021, 0x0021, 0x0021, 0x0021,
    0x0021, 0x0021, 0x0001, 0x0001, 0x0001, 0x0001, 0x0000, 0x0000, 0x0000, 0x0000, 0x0000, 0x0000, 0x0000, 0x0000, 0x0000, 0x0000,
    0x0000, 0x0000, 0x0000, 0x0000, 0x0000, 0x0000, 0x0000, 0x0000, 0x0000, 0x0000, 0x0000, 0x0000, 0x0000, 0x0000, 0x0000, 0x0020,
    0x0000, 0x0000, 0x31A6, 0xBDD7, 0xFFFF, 0xFFFF, 0xFFFF, 0xFFFF, 0xFFFF, 0xFFFF, 0xFFFF, 0xFFFF, 0xFFFF, 0xFFFF, 0xFFFF, 0xFFFF,
    0xFFFF, 0xFFFF, 0xFFFF, 0xFFFF, 0xFFFF, 0xFFFF, 0xFFFF, 0xFFFF, 0xFFFF, 0xFFFF, 0xFFFF, 0xFFFF, 0xFFFF, 0xFFFF, 0xFFFF, 0xFFFF,
    0xFFFF, 0xFFFF, 0xFFFF, 0xFFFF, 0xFFFF, 0xFFFF, 0xFFFF, 0xFFFF, 0xFFFF, 0xFFFF, 0xFFFF, 0xFFFF, 0xFFFF, 0xFFFF, 0xFFFF, 0xFFFF,
    0xFFFF, 0xFFFF, 0xFFFF, 0xFFFF, 0xFFFF, 0xFFFF, 0xFFFF, 0xFFFF, 0xFFFF, 0xFFFF, 0xFFFF, 0xFFFF, 0xFFFF, 0xFFFF, 0xFFFF, 0xFFFF,
    0xFFFF, 0xFFFF, 0xFFFF, 0xFFFF, 0xFFFF, 0xFFFF, 0xFFFF, 0xFFFF, 0xFFFF, 0xFFFF, 0xFFFF, 0xFFFF, 0xFFFF, 0xFFFF, 0xFFFF, 0xFFFF,
    0xFFFF, 0xFFFF, 0xFFFF, 0xFFFF, 0xFFFF, 0xFFFF, 0xFFFF, 0xFFFF, 0xFFFF, 0xFFFF, 0xFFFF, 0xFFFF, 0xFFFF, 0xFFFF, 0xFFFF, 0xFFFF,
    0xFFFF, 0xFFFF, 0xFFFF, 0xFFFF, 0xFFFF, 0xFFFF, 0xFFFF, 0xFFFF, 0xFFFF, 0xFFFF, 0xFFFF, 0xFFFF, 0xFFFF, 0xFFFF, 0xFFFF, 0xFFFF,
    0xFFFF, 0xFFFF, 0xFFFF, 0xFFFF, 0xFFFF, 0xFFFF, 0xFFFF, 0xFFFF, 0xFFFF, 0xFFFF, 0xFFFF, 0xFFFF, 0xFFFF, 0xFFFF, 0x9CF3, 0x2945,
    0x0000, 0x0000, 0x0020, 0x0000, 0x0000, 0x0000, 0x0000, 0x0000, 0x0000, 0x0000, 0x0000, 0x0000, 0x0000, 0x0000, 0x0000, 0x0000,
    0x0000, 0x0000, 0x0000, 0x0000, 0x0000, 0x0000, 0x0000, 0x0021, 0x0020, 0x0000, 0x0000, 0x0000, 0x0000, 0x0001, 0x0001, 0x0001,
    0x0021, 0x0021, 0x0021, 0x0021, 0x0021, 0x0021, 0x0041, 0x0041, 0x0042, 0x0042, 0x0042, 0x0042, 0x0062, 0x0062, 0x0062, 0x0062,
    0x0062, 0x0062, 0x0062, 0x0062, 0x0062, 0x0062, 0x0062, 0x0062, 0x0062, 0x0042, 0x0041, 0x0041, 0x0041, 0x0041, 0x0041, 0x0041,
    0x0041, 0x0841, 0x0841, 0x0841, 0x0021, 0x0021, 0x0021, 0x0021, 0x0021, 0x0021, 0x0021, 0x0021, 0x0021, 0x0001, 0x0001, 0x0001,
    0x0000, 0x0001, 0x0001, 0x0000, 0x0000, 0x0000, 0x0000, 0x0000, 0x0020, 0x0000, 0x0000, 0x0000, 0x0000, 0x0000, 0x0000, 0x0000,
    0x0000, 0x0000, 0x0000, 0x0000, 0x0000, 0x0000, 0x0000, 0x0000, 0x0000, 0x0000, 0x0000, 0x0000, 0x0000, 0x0020, 0x0000, 0x0000,
    0x2124, 0x9CF3, 0xFFDF, 0xFFFF, 0xFFFF, 0xFFFF, 0xFFFF, 0xFFFF, 0xFFFF, 0xFFFF, 0xFFFF, 0xFFFF, 0xFFFF, 0xFFFF, 0xFFFF, 0xFFFF,
    0xFFFF, 0xFFFF, 0xFFFF, 0xFFFF, 0xFFFF, 0xFFFF, 0xFFFF, 0xFFFF, 0xFFFF, 0xFFFF, 0xFFFF, 0xFFFF, 0xFFFF, 0xFFFF, 0xFFFF, 0xFFFF,
    0xFFFF, 0xFFFF, 0xFFFF, 0xFFFF, 0xFFFF, 0xFFFF, 0xFFFF, 0xFFFF, 0xFFFF, 0xFFFF, 0xFFFF, 0xFFFF, 0xFFFF, 0xFFFF, 0xFFFF, 0xFFFF,
    0xFFFF, 0xFFFF, 0xFFFF, 0xFFFF, 0xFFFF, 0xFFFF, 0xFFFF, 0xFFFF, 0xFFFF, 0xFFFF, 0xFFFF, 0xFFFF, 0xFFFF, 0xFFFF, 0xFFFF, 0xFFFF,
    0xFFFF, 0xFFFF, 0xFFFF, 0xFFFF, 0xFFFF, 0xFFFF, 0xFFFF, 0xFFFF, 0xFFFF, 0xFFFF, 0xFFFF, 0xFFFF, 0xFFFF, 0xFFFF, 0xFFFF, 0xFFFF,
    0xFFFF, 0xFFFF, 0xFFFF, 0xFFFF, 0xFFFF, 0xFFFF, 0xFFFF, 0xFFFF, 0xFFFF, 0xFFFF, 0xFFFF, 0xFFFF, 0xFFFF, 0xFFFF, 0xFFFF, 0xFFFF,
    0xFFFF, 0xFFFF, 0xFFFF, 0xFFFF, 0xFFFF, 0xFFFF, 0xFFFF, 0xFFFF, 0xFFFF, 0xFFFF, 0xFFFF, 0xFFFF, 0xFFFF, 0xFFFF, 0xFFFF, 0xFFFF,
    0xFFFF, 0xFFFF, 0xFFFF, 0xFFFF, 0xFFFF, 0xFFFF, 0xFFFF, 0xFFFF, 0xFFFF, 0xFFFF, 0xFFFF, 0xFFFF, 0xFFFF, 0xFFFF, 0xFFFF, 0xF7BE,
    0x9492, 0x18E3, 0x0000, 0x0000, 0x0020, 0x0000, 0x0000, 0x0000, 0x0000, 0x0000, 0x0000, 0x0000, 0x0000, 0x0000, 0x0000, 0x0000,
    0x0000, 0x0000, 0x0000, 0x0000, 0x0000, 0x0000, 0x0000, 0x0000, 0x0000, 0x0000, 0x0000, 0x0001, 0x0001, 0x0001, 0x0001, 0x0000,
    0x0000, 0x0000, 0x0021, 0x0021, 0x0021, 0x0021, 0x0021, 0x0021, 0x0021, 0x0021, 0x0021, 0x0021, 0x0021, 0x0021, 0x0021, 0x0041,
    0x0041, 0x0041, 0x0042, 0x0042, 0x0041, 0x0042, 0x0042, 0x0021, 0x0041, 0x0021, 0x0021, 0x0021, 0x0021, 0x0021, 0x0021, 0x0021,
    0x0021, 0x0021, 0x0021, 0x0021, 0x0021, 0x0021, 0x0021, 0x0021, 0x0001, 0x0021, 0x0001, 0x0000, 0x0001, 0x0001, 0x0000, 0x0000,
    0x0000, 0x0000, 0x0001, 0x0000, 0x0000, 0x0000, 0x0000, 0x0000, 0x0000, 0x0000, 0x0000, 0x0000, 0x0000, 0x0000, 0x0000, 0x0000,
    0x0000, 0x0000, 0x0000, 0x0000, 0x0000, 0x0000, 0x0000, 0x0000, 0x0000, 0x0000, 0x0000, 0x0020, 0x0000, 0x0000, 0x18E3, 0x8C71,
    0xF79E, 0xFFFF, 0xFFFF, 0xFFFF, 0xFFFF, 0xFFFF, 0xFFFF, 0xFFFF, 0xFFFF, 0xFFFF, 0xFFFF, 0xFFFF, 0xFFFF, 0xFFFF, 0xFFFF, 0xFFFF,
    0xFFFF, 0xFFFF, 0xFFFF, 0xFFFF, 0xFFFF, 0xFFFF, 0xFFFF, 0xFFFF, 0xFFFF, 0xFFFF, 0xFFFF, 0xFFFF, 0xFFFF, 0xFFFF, 0xFFFF, 0xFFFF,
    0xFFFF, 0xFFFF, 0xFFFF, 0xFFFF, 0xFFFF, 0xFFFF, 0xFFFF, 0xFFFF, 0xFFFF, 0xFFFF, 0xFFFF, 0xFFFF, 0xFFFF, 0xFFFF, 0xFFFF, 0xFFFF,
    0xFFFF, 0xFFFF, 0xFFFF, 0xFFFF, 0xFFFF, 0xFFFF, 0xFFFF, 0xFFFF, 0xFFFF, 0xFFFF, 0xFFFF, 0xFFFF, 0xFFFF, 0xFFFF, 0xFFFF, 0xFFFF,
    0xFFFF, 0xFFFF, 0xFFFF, 0xFFFF, 0xFFFF, 0xFFFF, 0xFFFF, 0xFFFF, 0xFFFF, 0xFFFF, 0xFFFF, 0xFFFF, 0xFFFF, 0xFFFF, 0xFFFF, 0xFFFF,
    0xFFFF, 0xFFFF, 0xFFFF, 0xFFFF, 0xFFFF, 0xFFFF, 0xFFFF, 0xFFFF, 0xFFFF, 0xFFFF, 0xFFFF, 0xFFFF, 0xFFFF, 0xFFFF, 0xFFFF, 0xFFFF,
    0xFFFF, 0xFFFF, 0xFFFF, 0xFFFF, 0xFFFF, 0xFFFF, 0xFFFF, 0xFFFF, 0xFFFF, 0xFFFF, 0xFFFF, 0xFFFF, 0xFFFF, 0xFFFF, 0xFFFF, 0xFFFF,
    0xFFFF, 0xFFFF, 0xFFFF, 0xFFFF, 0xFFFF, 0xFFFF, 0xFFFF, 0xFFFF, 0xFFFF, 0xFFFF, 0xFFFF, 0xFFFF, 0xFFFF, 0xFFFF, 0xFFFF, 0xFFFF,
    0xFFFF, 0xEF7D, 0x8C51, 0x2104, 0x0000, 0x0000, 0x0020, 0x0000, 0x0000, 0x0000, 0x0000, 0x0000, 0x0000, 0x0000, 0x0000, 0x0000,
    0x0000, 0x0000, 0x0000, 0x0000, 0x0000, 0x0000, 0x0000, 0x0000, 0x0000, 0x0000, 0x0000, 0x0000, 0x0000, 0x0000, 0x0000, 0x0000,
    0x0000, 0x0000, 0x0001, 0x0000, 0x0001, 0x0001, 0x0001, 0x0001, 0x0021, 0x0021, 0x0021, 0x0021, 0x0021, 0x0021, 0x0021, 0x0021,
    0x0021, 0x0021, 0x0021, 0x0021, 0x0021, 0x0021, 0x0021, 0x0021, 0x0021, 0x0021, 0x0021, 0x0021, 0x0021, 0x0001, 0x0001, 0x0001,
    0x0001, 0x0001, 0x0001, 0x0001, 0x0001, 0x0000, 0x0000, 0x0000, 0x0000, 0x0000, 0x0000, 0x0000, 0x0000, 0x0000, 0x0000, 0x0000,
    0x0001, 0x0000, 0x0000, 0x0000, 0x0000, 0x0000, 0x0000, 0x0000, 0x0000, 0x0000, 0x0000, 0x0000, 0x0000, 0x0000, 0x0000, 0x0000,
    0x0000, 0x0000, 0x0000, 0x0000, 0x0000, 0x0000, 0x0000, 0x0000, 0x0000, 0x0020, 0x0000, 0x0000, 0x2103, 0x8C51, 0xEF7D, 0xFFFF,
    0xFFFF, 0xFFFF, 0xFFFF, 0xFFFF, 0xFFFF, 0xFFFF, 0xFFFF, 0xFFFF, 0xFFFF, 0xFFFF, 0xFFFF, 0xFFFF, 0xFFFF, 0xFFFF, 0xFFFF, 0xFFFF,
    0xFFFF, 0xFFFF, 0xFFFF, 0xFFFF, 0xFFFF, 0xFFFF, 0xFFFF, 0xFFFF, 0xFFFF, 0xFFFF, 0xFFFF, 0xFFFF, 0xFFFF, 0xFFFF, 0xFFFF, 0xFFFF,
    0xFFFF, 0xFFFF, 0xFFFF, 0xFFFF, 0xFFFF, 0xFFFF, 0xFFFF, 0xFFFF, 0xFFFF, 0xFFFF, 0xFFFF, 0xFFFF, 0xFFFF, 0xFFFF, 0xFFFF, 0xFFFF,
    0xFFFF, 0xFFFF, 0xFFFF, 0xFFFF, 0xFFFF, 0xFFFF, 0xFFFF, 0xFFFF, 0xFFFF, 0xFFFF, 0xFFFF, 0xFFFF, 0xFFFF, 0xFFFF, 0xFFFF, 0xFFFF,
    0xFFFF, 0xFFFF, 0xFFFF, 0xFFFF, 0xFFFF, 0xFFFF, 0xFFFF, 0xFFFF, 0xFFFF, 0xFFFF, 0xFFFF, 0xFFFF, 0xFFFF, 0xFFFF, 0xFFFF, 0xFFFF,
    0xFFFF, 0xFFFF, 0xFFFF, 0xFFFF, 0xFFFF, 0xFFFF, 0xFFFF, 0xFFFF, 0xFFFF, 0xFFFF, 0xFFFF, 0xFFFF, 0xFFFF, 0xFFFF, 0xFFFF, 0xFFFF,
    0xFFFF, 0xFFFF, 0xFFFF, 0xFFFF, 0xFFFF, 0xFFFF, 0xFFFF, 0xFFFF, 0xFFFF, 0xFFFF, 0xFFFF, 0xFFFF, 0xFFFF, 0xFFFF, 0xFFFF, 0xFFFF,
    0xFFFF, 0xFFFF, 0xFFFF, 0xFFFF, 0xFFFF, 0xFFFF, 0xFFFF, 0xFFFF, 0xFFFF, 0xFFFF, 0xFFFF, 0xFFFF, 0xFFFF, 0xFFFF, 0xFFFF, 0xFFFF,
    0xFFDF, 0xFFFF, 0xFFFF, 0xEF7D, 0x8C71, 0x2124, 0x0000, 0x0000, 0x0000, 0x0020, 0x0000, 0x0000, 0x0000, 0x0000, 0x0000, 0x0000,
    0x0000, 0x0000, 0x0000, 0x0000, 0x0000, 0x0000, 0x0000, 0x0000, 0x0000, 0x0000, 0x0000, 0x0000, 0x0000, 0x0000, 0x0000, 0x0000,
    0x0000, 0x0000, 0x0001, 0x0000, 0x0001, 0x0000, 0x0000, 0x0001, 0x0001, 0x0001, 0x0001, 0x0001, 0x0000, 0x0000, 0x0001, 0x0001,
    0x0000, 0x0001, 0x0021, 0x0021, 0x0021, 0x0021, 0x0021, 0x0021, 0x0021, 0x0001, 0x0001, 0x0000, 0x0001, 0x0000, 0x0000, 0x0000,
    0x0001, 0x0000, 0x0000, 0x0001, 0x0000, 0x0000, 0x0000, 0x0000, 0x0000, 0x0000, 0x0000, 0x0000, 0x0000, 0x0000, 0x0000, 0x0000,
    0x0000, 0x0000, 0x0000, 0x0000, 0x0000, 0x0000, 0x0000, 0x0000, 0x0000, 0x0000, 0x0000, 0x0000, 0x0000, 0x0000, 0x0000, 0x0000,
    0x0000, 0x0000, 0x0000, 0x0000, 0x0000, 0x0000, 0x0020, 0x0000, 0x0000, 0x0000, 0x2124, 0x8C71, 0xEF7D, 0xFFFF, 0xFFFF, 0xFFDF,
    0xFFFF, 0xFFFF, 0xFFFF, 0xFFFF, 0xFFFF, 0xFFFF, 0xFFFF, 0xFFFF, 0xFFFF, 0xFFFF, 0xFFFF, 0xFFFF, 0xFFFF, 0xFFFF, 0xFFFF, 0xFFFF,
    0xFFFF, 0xFFFF, 0xFFFF, 0xFFFF, 0xFFFF, 0xFFFF, 0xFFFF, 0xFFFF, 0xFFFF, 0xFFFF, 0xFFFF, 0xFFFF, 0xFFFF, 0xFFFF, 0xFFFF, 0xFFFF,
    0xFFFF, 0xFFFF, 0xFFFF, 0xFFFF, 0xFFFF, 0xFFFF, 0xFFFF, 0xFFFF, 0xFFFF, 0xFFFF, 0xFFFF, 0xFFFF, 0xFFFF, 0xFFFF, 0xFFFF, 0xFFFF,
    0xFFFF, 0xFFFF, 0xFFFF, 0xFFFF, 0xFFFF, 0xFFFF, 0xFFFF, 0xFFFF, 0xFFFF, 0xFFFF, 0xFFFF, 0xFFFF, 0xFFFF, 0xFFFF, 0xFFFF, 0xFFFF,
    0xFFFF, 0xFFFF, 0xFFFF, 0xFFFF, 0xFFFF, 0xFFFF, 0xFFFF, 0xFFFF, 0xFFFF, 0xFFFF, 0xFFFF, 0xFFFF, 0xFFFF, 0xFFFF, 0xFFFF, 0xFFFF,
    0xFFFF, 0xFFFF, 0xFFFF, 0xFFFF, 0xFFFF, 0xFFFF, 0xFFFF, 0xFFFF, 0xFFFF, 0xFFFF, 0xFFFF, 0xFFFF, 0xFFFF, 0xFFFF, 0xFFFF, 0xFFFF,
    0xFFFF, 0xFFFF, 0xFFFF, 0xFFFF, 0xFFFF, 0xFFFF, 0xFFFF, 0xFFFF, 0xFFFF, 0xFFFF, 0xFFFF, 0xFFFF, 0xFFFF, 0xFFFF, 0xFFFF, 0xFFFF,
    0xFFFF, 0xFFFF, 0xFFFF, 0xFFFF, 0xFFFF, 0xFFFF, 0xFFFF, 0xFFFF, 0xFFFF, 0xFFFF, 0xFFFF, 0xFFFF, 0xFFFF, 0xFFFF, 0xFFFF, 0xFFFF,
    0xFFFF, 0xFFFF, 0xFFFF, 0xFFFF, 0xFFFF, 0xF79E, 0x9CF3, 0x39C7, 0x0000, 0x0000, 0x0000, 0x0020, 0x0000, 0x0000, 0x0000, 0x0000,
    0x0000, 0x0000, 0x0000, 0x0000, 0x0000, 0x0000, 0x0000, 0x0000, 0x0000, 0x0000, 0x0000, 0x0000, 0x0000, 0x0000, 0x0000, 0x0000,
    0x0000, 0x0000, 0x0000, 0x0000, 0x0020, 0x0000, 0x0000, 0x0000, 0x0001, 0x0001, 0x0001, 0x0001, 0x0000, 0x0000, 0x0000, 0x0000,
    0x0000, 0x0001, 0x0001, 0x0000, 0x0001, 0x0000, 0x0000, 0x0000, 0x0001, 0x0000, 0x0001, 0x0001, 0x0001, 0x0000, 0x0000, 0x0001,
    0x0000, 0x0000, 0x0020, 0x0000, 0x0000, 0x0000, 0x0000, 0x0000, 0x0000, 0x0000, 0x0000, 0x0000, 0x0000, 0x0000, 0x0000, 0x0000,
    0x0000, 0x0000, 0x0000, 0x0000, 0x0000, 0x0000, 0x0000, 0x0000, 0x0000, 0x0000, 0x0000, 0x0000, 0x0000, 0x0000, 0x0000, 0x0000,
    0x0000, 0x0000, 0x0000, 0x0000, 0x0020, 0x0000, 0x0000, 0x0000, 0x39C7, 0x9CF3, 0xF79E, 0xFFFF, 0xFFFF, 0xFFFF, 0xFFFF, 0xFFFF,
    0xFFFF, 0xFFFF, 0xFFFF, 0xFFFF, 0xFFFF, 0xFFFF, 0xFFFF, 0xFFFF, 0xFFFF, 0xFFFF, 0xFFFF, 0xFFFF, 0xFFFF, 0xFFFF, 0xFFFF, 0xFFFF,
    0xFFFF, 0xFFFF, 0xFFFF, 0xFFFF, 0xFFFF, 0xFFFF, 0xFFFF, 0xFFFF, 0xFFFF, 0xFFFF, 0xFFFF, 0xFFFF, 0xFFFF, 0xFFFF, 0xFFFF, 0xFFFF,
    0xFFFF, 0xFFFF, 0xFFFF, 0xFFFF, 0xFFFF, 0xFFFF, 0xFFFF, 0xFFFF, 0xFFFF, 0xFFFF, 0xFFFF, 0xFFFF, 0xFFFF, 0xFFFF, 0xFFFF, 0xFFFF,
    0xFFFF, 0xFFFF, 0xFFFF, 0xFFFF, 0xFFFF, 0xFFFF, 0xFFFF, 0xFFFF, 0xFFFF, 0xFFFF, 0xFFFF, 0xFFFF, 0xFFFF, 0xFFFF, 0xFFFF, 0xFFFF,
    0xFFFF, 0xFFFF, 0xFFFF, 0xFFFF, 0xFFFF, 0xFFFF, 0xFFFF, 0xFFFF, 0xFFFF, 0xFFFF, 0xFFFF, 0xFFFF, 0xFFFF, 0xFFFF, 0xFFFF, 0xFFFF,
    0xFFFF, 0xFFFF, 0xFFFF, 0xFFFF, 0xFFFF, 0xFFFF, 0xFFFF, 0xFFFF, 0xFFFF, 0xFFFF, 0xFFFF, 0xFFFF, 0xFFFF, 0xFFFF, 0xFFFF, 0xFFFF,
    0xFFFF, 0xFFFF, 0xFFFF, 0xFFFF, 0xFFFF, 0xFFFF, 0xFFFF, 0xFFFF, 0xFFFF, 0xFFFF, 0xFFFF, 0xFFFF, 0xFFFF, 0xFFFF, 0xFFFF, 0xFFFF,
    0xFFFF, 0xFFFF, 0xFFFF, 0xFFFF, 0xFFFF, 0xFFFF, 0xFFFF, 0xFFFF, 0xFFFF, 0xFFFF, 0xFFFF, 0xFFFF, 0xFFFF, 0xFFFF, 0xFFFF, 0xFFFF,
    0xFFFF, 0xFFFF, 0xFFFF, 0xFFFF, 0xFFFF, 0xFFFF, 0xFFFF, 0xFFFF, 0xBDD7, 0x52AA, 0x0841, 0x0000, 0x0000, 0x0000, 0x0020, 0x0000,
    0x0000, 0x0000, 0x0000, 0x0000, 0x0000, 0x0000, 0x0000, 0x0000, 0x0000, 0x0000, 0x0000, 0x0000, 0x0000, 0x0000, 0x0000, 0x0000,
    0x0000, 0x0000, 0x0000, 0x0000, 0x0000, 0x0000, 0x0000, 0x0000, 0x0000, 0x0000, 0x0000, 0x0000, 0x0000, 0x0000, 0x0000, 0x0000,
    0x0000, 0x0001, 0x0001, 0x0000, 0x0020, 0x0020, 0x0020, 0x0000, 0x0021, 0x0001, 0x0000, 0x0000, 0x0000, 0x0000, 0x0000, 0x0000,
    0x0000, 0x0000, 0x0000, 0x0000, 0x0000, 0x0000, 0x0000, 0x0000, 0x0000, 0x0000, 0x0000, 0x0000, 0x0000, 0x0000, 0x0000, 0x0000,
    0x0000, 0x0000, 0x0000, 0x0000, 0x0000, 0x0000, 0x0000, 0x0000, 0x0000, 0x0000, 0x0000, 0x0000, 0x0000, 0x0000, 0x0000, 0x0000,
    0x0000, 0x0020, 0x0000, 0x0000, 0x0000, 0x0841, 0x52AA, 0xBDD7, 0xFFFF, 0xFFFF, 0xFFFF, 0xFFDF, 0xFFFF, 0xFFFF, 0xFFFF, 0xFFFF,
    0xFFFF, 0xFFFF, 0xFFFF, 0xFFFF, 0xFFFF, 0xFFFF, 0xFFFF, 0xFFFF, 0xFFFF, 0xFFFF, 0xFFFF, 0xFFFF, 0xFFFF, 0xFFFF, 0xFFFF, 0xFFFF,
    0xFFFF, 0xFFFF, 0xFFFF, 0xFFFF, 0xFFFF, 0xFFFF, 0xFFFF, 0xFFFF, 0xFFFF, 0xFFFF, 0xFFFF, 0xFFFF, 0xFFFF, 0xFFFF, 0xFFFF, 0xFFFF,
    0xFFFF, 0xFFFF, 0xFFFF, 0xFFFF, 0xFFFF, 0xFFFF, 0xFFFF, 0xFFFF, 0xFFFF, 0xFFFF, 0xFFFF, 0xFFFF, 0xFFFF, 0xFFFF, 0xFFFF, 0xFFFF,
    0xFFFF, 0xFFFF, 0xFFFF, 0xFFFF, 0xFFFF, 0xFFFF, 0xFFFF, 0xFFFF, 0xFFFF, 0xFFFF, 0xFFFF, 0xFFFF, 0xFFFF, 0xFFFF, 0xFFFF, 0xFFFF,
    0xFFFF, 0xFFFF, 0xFFFF, 0xFFFF, 0xFFFF, 0xFFFF, 0xFFFF, 0xFFFF, 0xFFFF, 0xFFFF, 0xFFFF, 0xFFFF, 0xFFFF, 0xFFFF, 0xFFFF, 0xFFFF,
    0xFFFF, 0xFFFF, 0xFFFF, 0xFFFF, 0xFFFF, 0xFFFF, 0xFFFF, 0xFFFF, 0xFFFF, 0xFFFF, 0xFFFF, 0xFFFF, 0xFFFF, 0xFFFF, 0xFFFF, 0xFFFF,
    0xFFFF, 0xFFFF, 0xFFFF, 0xFFFF, 0xFFFF, 0xFFFF, 0xFFFF, 0xFFFF, 0xFFFF, 0xFFFF, 0xFFFF, 0xFFFF, 0xFFFF, 0xFFFF, 0xFFFF, 0xFFFF,
    0xFFFF, 0xFFFF, 0xFFFF, 0xFFFF, 0xFFFF, 0xFFFF, 0xFFFF, 0xFFFF, 0xFFFF, 0xFFFF, 0xFFFF, 0xFFFF, 0xFFFF, 0xFFFF, 0xFFFF, 0xFFFF,
    0xFFFF, 0xFFFF, 0xFFFF, 0xFFFF, 0xFFFF, 0xFFFF, 0xFFDF, 0xFFFF, 0xFFFF, 0xFFFF, 0xD6BA, 0x7BEF, 0x2945, 0x0000, 0x0000, 0x0000,
    0x0020, 0x0000, 0x0000, 0x0000, 0x0000, 0x0000, 0x0000, 0x0000, 0x0000, 0x0000, 0x0000, 0x0000, 0x0000, 0x0000, 0x0000, 0x0000,
    0x0000, 0x0000, 0x0000, 0x0000, 0x0000, 0x0000, 0x0000, 0x0000, 0x0000, 0x0000, 0x0000, 0x0000, 0x0000, 0x0000, 0x0000, 0x0000,
    0x0000, 0x0000, 0x0000, 0x0000, 0x0000, 0x0000, 0x0000, 0x0000, 0x0000, 0x0000, 0x0000, 0x0000, 0x0000, 0x0000, 0x0000, 0x0000,
    0x0000, 0x0000, 0x0000, 0x0000, 0x0000, 0x0000, 0x0000, 0x0000, 0x0000, 0x0000, 0x0000, 0x0000, 0x0000, 0x0000, 0x0000, 0x0000,
    0x0000, 0x0000, 0x0000, 0x0000, 0x0000, 0x0000, 0x0000, 0x0000, 0x0000, 0x0000, 0x0000, 0x0000, 0x0000, 0x0000, 0x0000, 0x0020,
    0x0000, 0x0000, 0x0000, 0x2945, 0x8410, 0xDEDB, 0xFFFF, 0xFFFF, 0xFFFF, 0xFFFF, 0xFFFF, 0xFFFF, 0xFFFF, 0xFFFF, 0xFFFF, 0xFFFF,
    0xFFFF, 0xFFFF, 0xFFFF, 0xFFFF, 0xFFFF, 0xFFFF, 0xFFFF, 0xFFFF, 0xFFFF, 0xFFFF, 0xFFFF, 0xFFFF, 0xFFFF, 0xFFFF, 0xFFFF, 0xFFFF,
    0xFFFF, 0xFFFF, 0xFFFF, 0xFFFF, 0xFFFF, 0xFFFF, 0xFFFF, 0xFFFF, 0xFFFF, 0xFFFF, 0xFFFF, 0xFFFF, 0xFFFF, 0xFFFF, 0xFFFF, 0xFFFF,
    0xFFFF, 0xFFFF, 0xFFFF, 0xFFFF, 0xFFFF, 0xFFFF, 0xFFFF, 0xFFFF, 0xFFFF, 0xFFFF, 0xFFFF, 0xFFFF, 0xFFFF, 0xFFFF, 0xFFFF, 0xFFFF,
    0xFFFF, 0xFFFF, 0xFFFF, 0xFFFF, 0xFFFF, 0xFFFF, 0xFFFF, 0xFFFF, 0xFFFF, 0xFFFF, 0xFFFF, 0xFFFF, 0xFFFF, 0xFFFF, 0xFFFF, 0xFFFF,
    0xFFFF, 0xFFFF, 0xFFFF, 0xFFFF, 0xFFFF, 0xFFFF, 0xFFFF, 0xFFFF, 0xFFFF, 0xFFFF, 0xFFFF, 0xFFFF, 0xFFFF, 0xFFFF, 0xFFFF, 0xFFFF,
    0xFFFF, 0xFFFF, 0xFFFF, 0xFFFF, 0xFFFF, 0xFFFF, 0xFFFF, 0xFFFF, 0xFFFF, 0xFFFF, 0xFFFF, 0xFFFF, 0xFFFF, 0xFFFF, 0xFFFF, 0xFFFF,
    0xFFFF, 0xFFFF, 0xFFFF, 0xFFFF, 0xFFFF, 0xFFFF, 0xFFFF, 0xFFFF, 0xFFFF, 0xFFFF, 0xFFFF, 0xFFFF, 0xFFFF, 0xFFFF, 0xFFFF, 0xFFFF,
    0xFFFF, 0xFFFF, 0xFFFF, 0xFFFF, 0xFFFF, 0xFFFF, 0xFFFF, 0xFFFF, 0xFFFF, 0xFFFF, 0xFFFF, 0xFFFF, 0xFFFF, 0xFFFF, 0xFFFF, 0xFFFF,
    0xFFFF, 0xFFFF, 0xFFFF, 0xFFFF, 0xFFFF, 0xFFFF, 0xFFFF, 0xFFFF, 0xFFFF, 0xFFFF, 0xFFFF, 0xFFFF, 0xF7BE, 0xB596, 0x528A, 0x0861,
    0x0000, 0x0000, 0x0000, 0x0000, 0x0000, 0x0000, 0x0000, 0x0000, 0x0000, 0x0000, 0x0000, 0x0000, 0x0000, 0x0000, 0x0000, 0x0000,
    0x0000, 0x0000, 0x0000, 0x0000, 0x0000, 0x0000, 0x0000, 0x0000, 0x0000, 0x0000, 0x0000, 0x0000, 0x0000, 0x0000, 0x0000, 0x0000,
    0x0000, 0x0000, 0x0000, 0x0000, 0x0000, 0x0000, 0x0000, 0x0000, 0x0000, 0x0000, 0x0000, 0x0000, 0x0000, 0x0000, 0x0000, 0x0000,
    0x0000, 0x0000, 0x0000, 0x0000, 0x0000, 0x0000, 0x0000, 0x0000, 0x0000, 0x0000, 0x0000, 0x0000, 0x0000, 0x0000, 0x0000, 0x0000,
    0x0000, 0x0000, 0x0000, 0x0000, 0x0000, 0x0000, 0x0000, 0x0000, 0x0000, 0x0000, 0x0000, 0x0020, 0x0020, 0x0000, 0x0000, 0x0000,
    0x1082, 0x52AA, 0xB596, 0xF7BE, 0xFFFF, 0xFFFF, 0xFFFF, 0xFFFF, 0xFFFF, 0xFFFF, 0xFFFF, 0xFFFF, 0xFFFF, 0xFFFF, 0xFFFF, 0xFFFF,
    0xFFFF, 0xFFFF, 0xFFFF, 0xFFFF, 0xFFFF, 0xFFFF, 0xFFFF, 0xFFFF, 0xFFFF, 0xFFFF, 0xFFFF, 0xFFFF, 0xFFFF, 0xFFFF, 0xFFFF, 0xFFFF,
    0xFFFF, 0xFFFF, 0xFFFF, 0xFFFF, 0xFFFF, 0xFFFF, 0xFFFF, 0xFFFF, 0xFFFF, 0xFFFF, 0xFFFF, 0xFFFF, 0xFFFF, 0xFFFF, 0xFFFF, 0xFFFF,
    0xFFFF, 0xFFFF, 0xFFFF, 0xFFFF, 0xFFFF, 0xFFFF, 0xFFFF, 0xFFFF, 0xFFFF, 0xFFFF, 0xFFFF, 0xFFFF, 0xFFFF, 0xFFFF, 0xFFFF, 0xFFFF,
    0xFFFF, 0xFFFF, 0xFFFF, 0xFFFF, 0xFFFF, 0xFFFF, 0xFFFF, 0xFFFF, 0xFFFF, 0xFFFF, 0xFFFF, 0xFFFF, 0xFFFF, 0xFFFF, 0xFFFF, 0xFFFF,
    0xFFFF, 0xFFFF, 0xFFFF, 0xFFFF, 0xFFFF, 0xFFFF, 0xFFFF, 0xFFFF, 0xFFFF, 0xFFFF, 0xFFFF, 0xFFFF, 0xFFFF, 0xFFFF, 0xFFFF, 0xFFFF,
    0xFFFF, 0xFFFF, 0xFFFF, 0xFFFF, 0xFFFF, 0xFFFF, 0xFFFF, 0xFFFF, 0xFFFF, 0xFFFF, 0xFFFF, 0xFFFF, 0xFFFF, 0xFFFF, 0xFFFF, 0xFFFF,
    0xFFFF, 0xFFFF, 0xFFFF, 0xFFFF, 0xFFFF, 0xFFFF, 0xFFFF, 0xFFFF, 0xFFFF, 0xFFFF, 0xFFFF, 0xFFFF, 0xFFFF, 0xFFFF, 0xFFFF, 0xFFFF,
    0xFFFF, 0xFFFF, 0xFFFF, 0xFFFF, 0xFFFF, 0xFFFF, 0xFFFF, 0xFFFF, 0xFFFF, 0xFFFF, 0xFFFF, 0xFFFF, 0xFFFF, 0xFFFF, 0xFFFF, 0xFFFF,
    0xFFFF, 0xFFFF, 0xFFFF, 0xFFFF, 0xFFFF, 0xFFFF, 0xFFFF, 0xFFFF, 0xFFFF, 0xFFFF, 0xFFFF, 0xFFFF, 0xFFFF, 0xFFFF, 0xFFFF, 0xE71C,
    0x94B2, 0x4228, 0x0841, 0x0000, 0x0000, 0x0000, 0x0000, 0x0020, 0x0000, 0x0000, 0x0000, 0x0000, 0x0000, 0x0000, 0x0000, 0x0000,
    0x0000, 0x0000, 0x0000, 0x0000, 0x0000, 0x0000, 0x0000, 0x0000, 0x0000, 0x0000, 0x0000, 0x0000, 0x0000, 0x0000, 0x0000, 0x0000,
    0x0000, 0x0000, 0x0000, 0x0000, 0x0000, 0x0000, 0x0000, 0x0000, 0x0000, 0x0000, 0x0000, 0x0000, 0x0000, 0x0000, 0x0000, 0x0000,
    0x0000, 0x0000, 0x0000, 0x0000, 0x0000, 0x0000, 0x0000, 0x0000, 0x0000, 0x0000, 0x0000, 0x0000, 0x0000, 0x0000, 0x0000, 0x0000,
    0x0000, 0x0000, 0x0000, 0x0000, 0x0000, 0x0000, 0x0000, 0x0000, 0x0020, 0x0000, 0x0000, 0x0000, 0x0000, 0x0841, 0x4A49, 0x94B2,
    0xE71C, 0xFFFF, 0xFFFF, 0xFFFF, 0xFFDF, 0xFFFF, 0xFFFF, 0xFFFF, 0xFFFF, 0xFFFF, 0xFFFF, 0xFFFF, 0xFFFF, 0xFFFF, 0xFFFF, 0xFFFF,
    0xFFFF, 0xFFFF, 0xFFFF, 0xFFFF, 0xFFFF, 0xFFFF, 0xFFFF, 0xFFFF, 0xFFFF, 0xFFFF, 0xFFFF, 0xFFFF, 0xFFFF, 0xFFFF, 0xFFFF, 0xFFFF,
    0xFFFF, 0xFFFF, 0xFFFF, 0xFFFF, 0xFFFF, 0xFFFF, 0xFFFF, 0xFFFF, 0xFFFF, 0xFFFF, 0xFFFF, 0xFFFF, 0xFFFF, 0xFFFF, 0xFFFF, 0xFFFF,
    0xFFFF, 0xFFFF, 0xFFFF, 0xFFFF, 0xFFFF, 0xFFFF, 0xFFFF, 0xFFFF, 0xFFFF, 0xFFFF, 0xFFFF, 0xFFFF, 0xFFFF, 0xFFFF, 0xFFFF, 0xFFFF,
    0xFFFF, 0xFFFF, 0xFFFF, 0xFFFF, 0xFFFF, 0xFFFF, 0xFFFF, 0xFFFF, 0xFFFF, 0xFFFF, 0xFFFF, 0xFFFF, 0xFFFF, 0xFFFF, 0xFFFF, 0xFFFF,
    0xFFFF, 0xFFFF, 0xFFFF, 0xFFFF, 0xFFFF, 0xFFFF, 0xFFFF, 0xFFFF, 0xFFFF, 0xFFFF, 0xFFFF, 0xFFFF, 0xFFFF, 0xFFFF, 0xFFFF, 0xFFFF,
    0xFFFF, 0xFFFF, 0xFFFF, 0xFFFF, 0xFFFF, 0xFFFF, 0xFFFF, 0xFFFF, 0xFFFF, 0xFFFF, 0xFFFF, 0xFFFF, 0xFFFF, 0xFFFF, 0xFFFF, 0xFFFF,
    0xFFFF, 0xFFFF, 0xFFFF, 0xFFFF, 0xFFFF, 0xFFFF, 0xFFFF, 0xFFFF, 0xFFFF, 0xFFFF, 0xFFFF, 0xFFFF, 0xFFFF, 0xFFFF, 0xFFFF, 0xFFFF,
    0xFFFF, 0xFFFF, 0xFFFF, 0xFFFF, 0xFFFF, 0xFFFF, 0xFFFF, 0xFFFF, 0xFFFF, 0xFFFF, 0xFFFF, 0xFFFF, 0xFFFF, 0xFFFF, 0xFFFF, 0xFFFF,
    0xFFFF, 0xFFFF, 0xFFFF, 0xFFFF, 0xFFFF, 0xFFFF, 0xFFFF, 0xFFFF, 0xFFFF, 0xFFFF, 0xFFFF, 0xFFFF, 0xFFFF, 0xFFFF, 0xFFFF, 0xFFFF,
    0xFFFF, 0xFFFF, 0xDEFB, 0x94D2, 0x4A69, 0x10A2, 0x0000, 0x0000, 0x0000, 0x0000, 0x0020, 0x0020, 0x0000, 0x0000, 0x0000, 0x0000,
    0x0000, 0x0000, 0x0000, 0x0000, 0x0000, 0x0000, 0x0000, 0x0000, 0x0000, 0x0000, 0x0000, 0x0000, 0x0000, 0x0000, 0x0000, 0x0000,
    0x0000, 0x0000, 0x0000, 0x0000, 0x0000, 0x0000, 0x0000, 0x0000, 0x0000, 0x0000, 0x0000, 0x0000, 0x0000, 0x0000, 0x0000, 0x0000,
    0x0000, 0x0000, 0x0000, 0x0000, 0x0000, 0x0000, 0x0000, 0x0000, 0x0000, 0x0000, 0x0000, 0x0000, 0x0000, 0x0000, 0x0000, 0x0000,
    0x0000, 0x0000, 0x0000, 0x0000, 0x0000, 0x0020, 0x0000, 0x0000, 0x0000, 0x0000, 0x10A2, 0x4A89, 0x9CD3, 0xDEFB, 0xFFFF, 0xFFFF,
    0xFFFF, 0xFFFF, 0xFFFF, 0xFFFF, 0xFFFF, 0xFFFF, 0xFFFF, 0xFFFF, 0xFFFF, 0xFFFF, 0xFFFF, 0xFFFF, 0xFFFF, 0xFFFF, 0xFFFF, 0xFFFF,
    0xFFFF, 0xFFFF, 0xFFFF, 0xFFFF, 0xFFFF, 0xFFFF, 0xFFFF, 0xFFFF, 0xFFFF, 0xFFFF, 0xFFFF, 0xFFFF, 0xFFFF, 0xFFFF, 0xFFFF, 0xFFFF,
    0xFFFF, 0xFFFF, 0xFFFF, 0xFFFF, 0xFFFF, 0xFFFF, 0xFFFF, 0xFFFF, 0xFFFF, 0xFFFF, 0xFFFF, 0xFFFF, 0xFFFF, 0xFFFF, 0xFFFF, 0xFFFF,
    0xFFFF, 0xFFFF, 0xFFFF, 0xFFFF, 0xFFFF, 0xFFFF, 0xFFFF, 0xFFFF, 0xFFFF, 0xFFFF, 0xFFFF, 0xFFFF, 0xFFFF, 0xFFFF, 0xFFFF, 0xFFFF,
    0xFFFF, 0xFFFF, 0xFFFF, 0xFFFF, 0xFFFF, 0xFFFF, 0xFFFF, 0xFFFF, 0xFFFF, 0xFFFF, 0xFFFF, 0xFFFF, 0xFFFF, 0xFFFF, 0xFFFF, 0xFFFF,
    0xFFFF, 0xFFFF, 0xFFFF, 0xFFFF, 0xFFFF, 0xFFFF, 0xFFFF, 0xFFFF, 0xFFFF, 0xFFFF, 0xFFFF, 0xFFFF, 0xFFFF, 0xFFFF, 0xFFFF, 0xFFFF,
    0xFFFF, 0xFFFF, 0xFFFF, 0xFFFF, 0xFFFF, 0xFFFF, 0xFFFF, 0xFFFF, 0xFFFF, 0xFFFF, 0xFFFF, 0xFFFF, 0xFFFF, 0xFFFF, 0xFFFF, 0xFFFF,
    0xFFFF, 0xFFFF, 0xFFFF, 0xFFFF, 0xFFFF, 0xFFFF, 0xFFFF, 0xFFFF, 0xFFFF, 0xFFFF, 0xFFFF, 0xFFFF, 0xFFFF, 0xFFFF, 0xFFFF, 0xFFFF,
    0xFFFF, 0xFFFF, 0xFFFF, 0xFFFF, 0xFFFF, 0xFFFF, 0xFFFF, 0xFFFF, 0xFFFF, 0xFFFF, 0xFFFF, 0xFFFF, 0xFFFF, 0xFFFF, 0xFFFF, 0xFFFF,
    0xFFFF, 0xFFFF, 0xFFFF, 0xFFFF, 0xFFFF, 0xFFFF, 0xFFFF, 0xFFFF, 0xFFFF, 0xFFFF, 0xFFFF, 0xFFFF, 0xFFFF, 0xFFFF, 0xFFFF, 0xFFFF,
    0xFFFF, 0xFFFF, 0xFFFF, 0xFFFF, 0xFFFF, 0xEF5D, 0xAD75, 0x6B6D, 0x2965, 0x0020, 0x0000, 0x0000, 0x0000, 0x0000, 0x0000, 0x0020,
    0x0020, 0x0000, 0x0000, 0x0000, 0x0000, 0x0000, 0x0000, 0x0000, 0x0000, 0x0000, 0x0000, 0x0000, 0x0000, 0x0000, 0x0000, 0x0000,
    0x0000, 0x0000, 0x0000, 0x0000, 0x0000, 0x0000, 0x0000, 0x0000, 0x0000, 0x0000, 0x0000, 0x0000, 0x0000, 0x0000, 0x0000, 0x0000,
    0x0000, 0x0000, 0x0000, 0x0000, 0x0000, 0x0000, 0x0000, 0x0000, 0x0000, 0x0000, 0x0000, 0x0000, 0x0000, 0x0000, 0x0000, 0x0000,
    0x0020, 0x0020, 0x0000, 0x0000, 0x0000, 0x0000, 0x0000, 0x2945, 0x6B4D, 0xAD75, 0xE75C, 0xFFFF, 0xFFFF, 0xFFFF, 0xFFFF, 0xFFFF,
    0xFFFF, 0xFFFF, 0xFFFF, 0xFFFF, 0xFFFF, 0xFFFF, 0xFFFF, 0xFFFF, 0xFFFF, 0xFFFF, 0xFFFF, 0xFFFF, 0xFFFF, 0xFFFF, 0xFFFF, 0xFFFF,
    0xFFFF, 0xFFFF, 0xFFFF, 0xFFFF, 0xFFFF, 0xFFFF, 0xFFFF, 0xFFFF, 0xFFFF, 0xFFFF, 0xFFFF, 0xFFFF, 0xFFFF, 0xFFFF, 0xFFFF, 0xFFFF,
    0xFFFF, 0xFFFF, 0xFFFF, 0xFFFF, 0xFFFF, 0xFFFF, 0xFFFF, 0xFFFF, 0xFFFF, 0xFFFF, 0xFFFF, 0xFFFF, 0xFFFF, 0xFFFF, 0xFFFF, 0xFFFF,
    0xFFFF, 0xFFFF, 0xFFFF, 0xFFFF, 0xFFFF, 0xFFFF, 0xFFFF, 0xFFFF, 0xFFFF, 0xFFFF, 0xFFFF, 0xFFFF, 0xFFFF, 0xFFFF, 0xFFFF, 0xFFFF,
    0xFFFF, 0xFFFF, 0xFFFF, 0xFFFF, 0xFFFF, 0xFFFF, 0xFFFF, 0xFFFF, 0xFFFF, 0xFFFF, 0xFFFF, 0xFFFF, 0xFFFF, 0xFFFF, 0xFFFF, 0xFFFF,
    0xFFFF, 0xFFFF, 0xFFFF, 0xFFFF, 0xFFFF, 0xFFFF, 0xFFFF, 0xFFFF, 0xFFFF, 0xFFFF, 0xFFFF, 0xFFFF, 0xFFFF, 0xFFFF, 0xFFFF, 0xFFFF,
    0xFFFF, 0xFFFF, 0xFFFF, 0xFFFF, 0xFFFF, 0xFFFF, 0xFFFF, 0xFFFF, 0xFFFF, 0xFFFF, 0xFFFF, 0xFFFF, 0xFFFF, 0xFFFF, 0xFFFF, 0xFFFF,
    0xFFFF, 0xFFFF, 0xFFFF, 0xFFFF, 0xFFFF, 0xFFFF, 0xFFFF, 0xFFFF, 0xFFFF, 0xFFFF, 0xFFFF, 0xFFFF, 0xFFFF, 0xFFFF, 0xFFFF, 0xFFFF,
    0xFFFF, 0xFFFF, 0xFFFF, 0xFFFF, 0xFFFF, 0xFFFF, 0xFFFF, 0xFFFF, 0xFFFF, 0xFFFF, 0xFFFF, 0xFFFF, 0xFFFF, 0xFFFF, 0xFFFF, 0xFFFF,
    0xFFFF, 0xFFFF, 0xFFFF, 0xFFFF, 0xFFFF, 0xFFFF, 0xFFFF, 0xFFFF, 0xFFFF, 0xFFFF, 0xFFFF, 0xFFFF, 0xFFFF, 0xFFFF, 0xFFFF, 0xFFFF,
    0xFFFF, 0xFFFF, 0xFFFF, 0xFFFF, 0xFFFF, 0xFFFF, 0xFFFF, 0xFFFF, 0xFFFF, 0xD6BA, 0x94B2, 0x5ACB, 0x2124, 0x0020, 0x0000, 0x0000,
    0x0000, 0x0000, 0x0000, 0x0000, 0x0020, 0x0020, 0x0020, 0x0000, 0x0000, 0x0000, 0x0000, 0x0000, 0x0000, 0x0000, 0x0000, 0x0000,
    0x0000, 0x0000, 0x0000, 0x0000, 0x0000, 0x0000, 0x0000, 0x0000, 0x0000, 0x0000, 0x0000, 0x0000, 0x0000, 0x0000, 0x0000, 0x0000,
    0x0000, 0x0000, 0x0000, 0x0000, 0x0000, 0x0000, 0x0000, 0x0000, 0x0000, 0x0000, 0x0020, 0x0020, 0x0000, 0x0000, 0x0000, 0x0000,
    0x0000, 0x0000, 0x0020, 0x2124, 0x5ACB, 0x94B2, 0xD69A, 0xFFDF, 0xFFFF, 0xFFFF, 0xFFFF, 0xFFFF, 0xFFFF, 0xFFFF, 0xFFFF, 0xFFFF,
    0xFFFF, 0xFFFF, 0xFFFF, 0xFFFF, 0xFFFF, 0xFFFF, 0xFFFF, 0xFFFF, 0xFFFF, 0xFFFF, 0xFFFF, 0xFFFF, 0xFFFF, 0xFFFF, 0xFFFF, 0xFFFF,
    0xFFFF, 0xFFFF, 0xFFFF, 0xFFFF, 0xFFFF, 0xFFFF, 0xFFFF, 0xFFFF, 0xFFFF, 0xFFFF, 0xFFFF, 0xFFFF, 0xFFFF, 0xFFFF, 0xFFFF, 0xFFFF,
    0xFFFF, 0xFFFF, 0xFFFF, 0xFFFF, 0xFFFF, 0xFFFF, 0xFFFF, 0xFFFF, 0xFFFF, 0xFFFF, 0xFFFF, 0xFFFF, 0xFFFF, 0xFFFF, 0xFFFF, 0xFFFF,
    0xFFFF, 0xFFFF, 0xFFFF, 0xFFFF, 0xFFFF, 0xFFFF, 0xFFFF, 0xFFFF, 0xFFFF, 0xFFFF, 0xFFFF, 0xFFFF, 0xFFFF, 0xFFFF, 0xFFFF, 0xFFFF,
    0xFFFF, 0xFFFF, 0xFFFF, 0xFFFF, 0xFFFF, 0xFFFF, 0xFFFF, 0xFFFF, 0xFFFF, 0xFFFF, 0xFFFF, 0xFFFF, 0xFFFF, 0xFFFF, 0xFFFF, 0xFFFF,
    0xFFFF, 0xFFFF, 0xFFFF, 0xFFFF, 0xFFFF, 0xFFFF, 0xFFFF, 0xFFFF, 0xFFFF, 0xFFFF, 0xFFFF, 0xFFFF, 0xFFFF, 0xFFFF, 0xFFFF, 0xFFFF,
    0xFFFF, 0xFFFF, 0xFFFF, 0xFFFF, 0xFFFF, 0xFFFF, 0xFFFF, 0xFFFF, 0xFFFF, 0xFFFF, 0xFFFF, 0xFFFF, 0xFFFF, 0xFFFF, 0xFFFF, 0xFFFF,
    0xFFFF, 0xFFFF, 0xFFFF, 0xFFFF, 0xFFFF, 0xFFFF, 0xFFFF, 0xFFFF, 0xFFFF, 0xFFFF, 0xFFFF, 0xFFFF, 0xFFFF, 0xFFFF, 0xFFFF, 0xFFFF,
    0xFFFF, 0xFFFF, 0xFFFF, 0xFFFF, 0xFFFF, 0xFFFF, 0xFFFF, 0xFFFF, 0xFFFF, 0xFFFF, 0xFFFF, 0xFFFF, 0xFFFF, 0xFFFF, 0xFFFF, 0xFFFF,
    0xFFFF, 0xFFFF, 0xFFFF, 0xFFFF, 0xFFFF, 0xFFFF, 0xFFFF, 0xFFFF, 0xFFFF, 0xFFFF, 0xFFFF, 0xFFFF, 0xFFFF, 0xFFFF, 0xFFFF, 0xFFFF,
    0xFFFF, 0xFFFF, 0xFFFF, 0xFFFF, 0xFFFF, 0xFFFF, 0xFFFF, 0xFFFF, 0xFFFF, 0xFFFF, 0xFFFF, 0xFFFF, 0xFFDF, 0xD6BA, 0xAD55, 0x73AE,
    0x4228, 0x2104, 0x0020, 0x0000, 0x0000, 0x0000, 0x0000, 0x0000, 0x0000, 0x0000, 0x0000, 0x0000, 0x0000, 0x0000, 0x0000, 0x0000,
    0x0000, 0x0000, 0x0000, 0x0000, 0x0000, 0x0000, 0x0000, 0x0000, 0x0000, 0x0000, 0x0000, 0x0000, 0x0000, 0x0000, 0x0000, 0x0000,
    0x0000, 0x0000, 0x0000, 0x0000, 0x0000, 0x0000, 0x0000, 0x0000, 0x0000, 0x0000, 0x0000, 0x0000, 0x0000, 0x0020, 0x18E3, 0x4208,
    0x73AE, 0xAD55, 0xD6BA, 0xF7BE, 0xFFFF, 0xFFFF, 0xFFFF, 0xFFFF, 0xFFDF, 0xFFFF, 0xFFFF, 0xFFFF, 0xFFFF, 0xFFFF, 0xFFFF, 0xFFFF,
    0xFFFF, 0xFFFF, 0xFFFF, 0xFFFF, 0xFFFF, 0xFFFF, 0xFFFF, 0xFFFF, 0xFFFF, 0xFFFF, 0xFFFF, 0xFFFF, 0xFFFF, 0xFFFF, 0xFFFF, 0xFFFF,
    0xFFFF, 0xFFFF, 0xFFFF, 0xFFFF, 0xFFFF, 0xFFFF, 0xFFFF, 0xFFFF, 0xFFFF, 0xFFFF, 0xFFFF, 0xFFFF, 0xFFFF, 0xFFFF, 0xFFFF, 0xFFFF,
    0xFFFF, 0xFFFF, 0xFFFF, 0xFFFF, 0xFFFF, 0xFFFF, 0xFFFF, 0xFFFF, 0xFFFF, 0xFFFF, 0xFFFF, 0xFFFF, 0xFFFF, 0xFFFF, 0xFFFF, 0xFFFF,
    0xFFFF, 0xFFFF, 0xFFFF, 0xFFFF, 0xFFFF, 0xFFFF, 0xFFFF, 0xFFFF, 0xFFFF, 0xFFFF, 0xFFFF, 0xFFFF, 0xFFFF, 0xFFFF, 0xFFFF, 0xFFFF,
    0xFFFF, 0xFFFF, 0xFFFF, 0xFFFF, 0xFFFF, 0xFFFF, 0xFFFF, 0xFFFF, 0xFFFF, 0xFFFF, 0xFFFF, 0xFFFF, 0xFFFF, 0xFFFF, 0xFFFF, 0xFFFF,
    0xFFFF, 0xFFFF, 0xFFFF, 0xFFFF, 0xFFFF, 0xFFFF, 0xFFFF, 0xFFFF, 0xFFFF, 0xFFFF, 0xFFFF, 0xFFFF, 0xFFFF, 0xFFFF, 0xFFFF, 0xFFFF,
    0xFFFF, 0xFFFF, 0xFFFF, 0xFFFF, 0xFFFF, 0xFFFF, 0xFFFF, 0xFFFF, 0xFFFF, 0xFFFF, 0xFFFF, 0xFFFF, 0xFFFF, 0xFFFF, 0xFFFF, 0xFFFF,
    0xFFFF, 0xFFFF, 0xFFFF, 0xFFFF, 0xFFFF, 0xFFFF, 0xFFFF, 0xFFFF, 0xFFFF, 0xFFFF, 0xFFFF, 0xFFFF, 0xFFFF, 0xFFFF, 0xFFFF, 0xFFFF,
    0xFFFF, 0xFFFF, 0xFFFF, 0xFFFF, 0xFFFF, 0xFFFF, 0xFFFF, 0xFFFF, 0xFFFF, 0xFFFF, 0xFFFF, 0xFFFF, 0xFFFF, 0xFFFF, 0xFFFF, 0xFFFF,
    0xFFFF, 0xFFFF, 0xFFFF, 0xFFFF, 0xFFFF, 0xFFFF, 0xFFFF, 0xFFFF, 0xFFFF, 0xFFFF, 0xFFFF, 0xFFFF, 0xFFFF, 0xFFFF, 0xFFFF, 0xFFFF,
    0xFFFF, 0xFFFF, 0xFFFF, 0xFFFF, 0xFFFF, 0xFFFF, 0xFFFF, 0xFFFF, 0xFFFF, 0xFFFF, 0xFFDF, 0xFFFF, 0xFFFF, 0xFFFF, 0xFFFF, 0xFFFF,
    0xFFFF, 0xF7BE, 0xDEDB, 0xB5B6, 0x8C71, 0x632C, 0x4228, 0x2124, 0x1082, 0x0020, 0x0000, 0x0000, 0x0000, 0x0000, 0x0000, 0x0000,
    0x0000, 0x0000, 0x0000, 0x0000, 0x0000, 0x0000, 0x0000, 0x0000, 0x0000, 0x0000, 0x0000, 0x0000, 0x0000, 0x0000, 0x0000, 0x0000,
    0x0000, 0x0000, 0x0000, 0x0000, 0x0000, 0x0000, 0x0000, 0x0861, 0x2124, 0x3A08, 0x632C, 0x8C71, 0xB5B6, 0xDEDB, 0xF7BE, 0xFFFF,
    0xFFFF, 0xFFFF, 0xFFFF, 0xFFFF, 0xFFFF, 0xFFFF, 0xFFFF, 0xFFFF, 0xFFFF, 0xFFFF, 0xFFFF, 0xFFFF, 0xFFFF, 0xFFFF, 0xFFFF, 0xFFFF,
    0xFFFF, 0xFFFF, 0xFFFF, 0xFFFF, 0xFFFF, 0xFFFF, 0xFFFF, 0xFFFF, 0xFFFF, 0xFFFF, 0xFFFF, 0xFFFF, 0xFFFF, 0xFFFF, 0xFFFF, 0xFFFF,
    0xFFFF, 0xFFFF, 0xFFFF, 0xFFFF, 0xFFFF, 0xFFFF, 0xFFFF, 0xFFFF, 0xFFFF, 0xFFFF, 0xFFFF, 0xFFFF, 0xFFFF, 0xFFFF, 0xFFFF, 0xFFFF,
    0xFFFF, 0xFFFF, 0xFFFF, 0xFFFF, 0xFFFF, 0xFFFF, 0xFFFF, 0xFFFF, 0xFFFF, 0xFFFF, 0xFFFF, 0xFFFF, 0xFFFF, 0xFFFF, 0xFFFF, 0xFFFF,
    0xFFFF, 0xFFFF, 0xFFFF, 0xFFFF, 0xFFFF, 0xFFFF, 0xFFFF, 0xFFFF, 0xFFFF, 0xFFFF, 0xFFFF, 0xFFFF, 0xFFFF, 0xFFFF, 0xFFFF, 0xFFFF,
    0xFFFF, 0xFFFF, 0xFFFF, 0xFFFF, 0xFFFF, 0xFFFF, 0xFFFF, 0xFFFF, 0xFFFF, 0xFFFF, 0xFFFF, 0xFFFF, 0xFFFF, 0xFFFF, 0xFFFF, 0xFFFF,
    0xFFFF, 0xFFFF, 0xFFFF, 0xFFFF, 0xFFFF, 0xFFFF, 0xFFFF, 0xFFFF, 0xFFFF, 0xFFFF, 0xFFFF, 0xFFFF, 0xFFFF, 0xFFFF, 0xFFFF, 0xFFFF,
    0xFFFF, 0xFFFF, 0xFFFF, 0xFFFF, 0xFFFF, 0xFFFF, 0xFFFF, 0xFFFF, 0xFFFF, 0xFFFF, 0xFFFF, 0xFFFF, 0xFFFF, 0xFFFF, 0xFFFF, 0xFFFF,
    0xFFFF, 0xFFFF, 0xFFFF, 0xFFFF, 0xFFFF, 0xFFFF, 0xFFFF, 0xFFFF, 0xFFFF, 0xFFFF, 0xFFFF, 0xFFFF, 0xFFFF, 0xFFFF, 0xFFFF, 0xFFFF,
    0xFFFF, 0xFFFF, 0xFFFF, 0xFFFF, 0xFFFF, 0xFFFF, 0xFFFF, 0xFFFF, 0xFFFF, 0xFFFF, 0xFFFF, 0xFFFF, 0xFFFF, 0xFFFF, 0xFFFF, 0xFFFF,
    0xFFFF, 0xFFFF, 0xFFFF, 0xFFFF, 0xFFFF, 0xFFFF, 0xFFFF, 0xFFFF, 0xFFFF, 0xFFFF, 0xFFFF, 0xFFFF, 0xFFFF, 0xFFFF, 0xFFFF, 0xFFFF,
    0xFFFF, 0xFFFF, 0xFFFF, 0xFFFF, 0xFFFF, 0xFFFF, 0xFFFF, 0xFFFF, 0xFFFF, 0xFFFF, 0xFFFF, 0xFFFF, 0xFFFF, 0xFFFF, 0xFFDF, 0xFFDF,
    0xFFFF, 0xFFFF, 0xFFFF, 0xFFFF, 0xFFFF, 0xFFFF, 0xFFFF, 0xF7BE, 0xE71C, 0xCE59, 0xAD75, 0x9492, 0x7BCF, 0x5AEC, 0x4A49, 0x39E7,
    0x2965, 0x2104, 0x10A2, 0x0881, 0x0841, 0x0020, 0x0000, 0x0000, 0x0000, 0x0000, 0x0020, 0x0841, 0x1082, 0x10C2, 0x2124, 0x2965,
    0x39C7, 0x4A49, 0x5B0C, 0x73CF, 0x8C92, 0xAD75, 0xCE59, 0xDEFB, 0xF7BE, 0xFFFF, 0xFFFF, 0xFFFF, 0xFFFF, 0xFFFF, 0xFFFF, 0xFFFF,
    0xFFDF, 0xFFDF, 0xFFFF, 0xFFFF, 0xFFFF, 0xFFFF, 0xFFFF, 0xFFFF, 0xFFFF, 0xFFFF, 0xFFFF, 0xFFFF, 0xFFFF, 0xFFFF, 0xFFFF, 0xFFFF,
    0xFFFF, 0xFFFF, 0xFFFF, 0xFFFF, 0xFFFF, 0xFFFF, 0xFFFF, 0xFFFF, 0xFFFF, 0xFFFF, 0xFFFF, 0xFFFF, 0xFFFF, 0xFFFF, 0xFFFF, 0xFFFF,
    0xFFFF, 0xFFFF, 0xFFFF, 0xFFFF, 0xFFFF, 0xFFFF, 0xFFFF, 0xFFFF, 0xFFFF, 0xFFFF, 0xFFFF, 0xFFFF, 0xFFFF, 0xFFFF, 0xFFFF, 0xFFFF,
    0xFFFF, 0xFFFF, 0xFFFF, 0xFFFF, 0xFFFF, 0xFFFF, 0xFFFF, 0xFFFF, 0xFFFF, 0xFFFF, 0xFFFF, 0xFFFF, 0xFFFF, 0xFFFF, 0xFFFF, 0xFFFF,
    0xFFFF, 0xFFFF, 0xFFFF, 0xFFFF, 0xFFFF, 0xFFFF, 0xFFFF, 0xFFFF, 0xFFFF, 0xFFFF, 0xFFFF, 0xFFFF, 0xFFFF, 0xFFFF, 0xFFFF, 0xFFFF,
    0xFFFF, 0xFFFF, 0xFFFF, 0xFFFF, 0xFFFF, 0xFFFF, 0xFFFF, 0xFFFF, 0xFFFF, 0xFFFF, 0xFFFF, 0xFFFF, 0xFFFF, 0xFFFF, 0xFFFF, 0xFFFF
};

